mtllib materials.mtl
v -0.01972395 -0.006971657 0.002899647
v -0.01892363 -0.00931567 0.001772404
v -0.03083219 -0.01325637 0.001511812
v -0.03163251 -0.01091236 0.002639174
v -0.01838323 -0.01080227 -0.000442028
v -0.03029178 -0.01474303 -0.0007025003
v -0.01824757 -0.01103324 -0.003150225
v -0.03015614 -0.014974 -0.003410697
v -0.018553 -0.009946585 -0.00562644
v -0.03046156 -0.01388735 -0.005886912
v -0.01921767 -0.007833481 -0.007207274
v -0.03112623 -0.01177424 -0.007467747
v -0.0200635 -0.005260229 -0.007469058
v -0.03197205 -0.009200931 -0.00772953
v -0.02086383 -0.002916217 -0.006341696
v -0.03277239 -0.006856918 -0.006602168
v -0.02140422 -0.001429558 -0.004127264
v -0.03331278 -0.005370259 -0.004387736
v -0.02153988 -0.00119859 -0.001419187
v -0.03344844 -0.005139351 -0.001679659
v -0.02123445 -0.002285242 0.001057029
v -0.03314301 -0.006226003 0.0007965565
v -0.02056979 -0.004398346 0.002637863
v -0.03247833 -0.008339107 0.002377391
v -0.02110039 -0.002668321 0.0007228851
v -0.02050218 -0.004570067 0.002145648
v -0.03084095 -0.01357263 0.001870871
v -0.03171252 -0.01102 0.003098488
v -0.02137527 -0.001690328 -0.001505733
v -0.02125317 -0.00189817 -0.003943086
v -0.02076682 -0.003236175 -0.005936027
v -0.02004652 -0.005345762 -0.006950617
v -0.01928528 -0.00766176 -0.006715059
v -0.01868707 -0.009563506 -0.005292296
v -0.01841219 -0.0105415 -0.003063679
v -0.01853429 -0.01033366 -0.0006263256
v -0.01902063 -0.008995652 0.001366615
v -0.01974094 -0.006886065 0.002381206
v 0.005318105 0.006074011 0.001300812
v 0.005916312 0.004172266 0.002723455
v 0.005043224 0.007052004 -0.0009278059
v 0.005165309 0.006844163 -0.003365159
v 0.005651668 0.005506158 -0.005358219
v 0.006371975 0.003396571 -0.006372809
v 0.007133216 0.001080573 -0.006137133
v 0.007731408 -0.0008211732 -0.00471437
v 0.008006305 -0.001799166 -0.002485752
v 0.007884204 -0.001591325 -4.851818E-05
v 0.007397845 -0.0002533197 0.001944542
v 0.006677553 0.001856267 0.002959132
v 0.00529255 0.006450236 0.001603603
v 0.00595057 0.004358292 0.003168583
v 0.004990175 0.00752604 -0.0008478165
v 0.00512448 0.007297397 -0.003528953
v 0.005659461 0.005825639 -0.005721211
v 0.0064518 0.003505051 -0.006837308
v 0.007289171 0.000957489 -0.006578088
v 0.007947192 -0.001134455 -0.005013108
v 0.008244067 -0.002373457 0.0001592636
v 0.008378357 -0.0026021 -0.002521753
v 0.007580265 -0.0005097985 0.002311707
v 0.007847756 -0.001245737 0.001215577
v 0.006787941 0.00181073 0.003427744
v 0.01202253 0.008677304 0.001750827
v 0.01177724 0.006286442 0.003296018
v 0.02239427 0.01328534 -0.0004671812
v 0.02269664 0.01220959 0.001984358
v 0.015064 0.009683788 0.001817346
v 0.02252857 0.01305676 -0.003148198
v 0.02306358 0.01158494 -0.005340576
v 0.02385591 0.00926441 -0.006456614
v 0.02469328 0.006716788 -0.006197453
v 0.0253513 0.004624844 -0.004632354
v 0.02578246 0.003157258 -0.002141118
v 0.01324944 -0.0007171035 0.0002688169
v 0.0149962 -0.0001390576 0.0003069639
v 0.02564816 0.003385842 0.0005400181
v 0.007879615 -0.001612484 0.0004671812
v 0.01288596 4.416704E-05 0.0005767345
v 0.01211613 0.003573954 0.003544331
v 0.01258954 0.001147807 0.00242126
v 0.02335468 0.01011765 0.003549337
v 0.02265933 0.01262039 0.00231719
v 0.02338319 0.01031923 0.004038692
v -0.03025246 -0.01519161 -0.0005406141
v -0.03010473 -0.01544309 -0.003489852
v -0.03043734 -0.01425976 -0.006186485
v -0.03116117 -0.0119586 -0.007907927
v -0.03208227 -0.009156287 -0.008193076
v -0.03295383 -0.006603658 -0.006965399
v -0.03354234 -0.004984677 -0.004553914
v -0.03369007 -0.004733205 -0.001604676
v -0.03335744 -0.005916536 0.001091957
v -0.03263362 -0.008217692 0.002813458
v -0.03274304 -0.01420206 0.001829267
v -0.03361461 -0.01164943 0.003056884
v -0.03215455 -0.01582104 -0.0005822182
v -0.03200682 -0.01607251 -0.003531456
v -0.03233942 -0.01488918 -0.006228089
v -0.03306326 -0.01258802 -0.007949531
v -0.03398436 -0.009785712 -0.00823468
v -0.03485592 -0.007233083 -0.007007003
v -0.03544441 -0.005614102 -0.004595518
v -0.03559215 -0.00536263 -0.00164628
v -0.03525953 -0.006545961 0.001050353
v -0.03453571 -0.008847117 0.002771854
v -0.03295329 -0.01385373 0.001345634
v -0.03372987 -0.01157933 0.002439499
v -0.03242895 -0.01529622 -0.0008029938
v -0.03229733 -0.01552033 -0.003430724
v -0.03259368 -0.01446593 -0.005833507
v -0.0332386 -0.01241559 -0.007367313
v -0.03405932 -0.009918749 -0.007621348
v -0.03483588 -0.007644355 -0.006527543
v -0.03536022 -0.006201863 -0.004378796
v -0.03549185 -0.005977809 -0.001751065
v -0.03519548 -0.007032156 0.000651598
v -0.03455056 -0.009082496 0.002185464
v -0.03314351 -0.01391667 0.001341462
v -0.03392006 -0.01164228 0.002435327
v -0.03261916 -0.01535916 -0.0008071661
v -0.03248753 -0.01558328 -0.003434896
v -0.03278388 -0.01452887 -0.00583756
v -0.03342882 -0.01247853 -0.007371485
v -0.03424953 -0.009981692 -0.00762552
v -0.03502609 -0.007707298 -0.006531596
v -0.03555043 -0.006264806 -0.004382968
v -0.03568205 -0.006040752 -0.001755238
v -0.03561625 -0.006152749 -0.003069162
v -0.0353857 -0.007095098 0.0006474257
v -0.03553388 -0.006567895 -0.0005539656
v -0.03474076 -0.009145439 0.002181292
v -0.03430344 -0.01354241 0.0004470348
v -0.03490767 -0.01177275 0.001298189
v -0.03389546 -0.01466477 -0.001224756
v -0.03379305 -0.01483911 -0.003269315
v -0.03384425 -0.01475197 -0.002247095
v -0.03402363 -0.01401877 -0.005138874
v -0.03390834 -0.01442891 -0.004204154
v -0.03452544 -0.01242346 -0.006332278
v -0.03516401 -0.01048064 -0.006529927
v -0.03576824 -0.00871098 -0.005678892
v -0.03617623 -0.007588625 -0.004006982
v -0.03592184 -0.006827116 -0.003026962
v -0.03622743 -0.007501423 -0.002984762
v -0.03584862 -0.007196188 -0.0007908344
v -0.03554624 -0.009829998 0.00110054
v -0.03604805 -0.00823468 -9.298325E-05
v 0.01165092 0.006959617 0.001067996
v 0.01174344 0.005543232 0.0007770061
v 0.01217666 0.002781928 0.0002558231
v 0.0123307 0.001001358 1.096725E-05
v 0.0128551 0.000411272 0.00132513
v 0.01510863 0.001981437 0.002476454
v 0.02498437 0.0052495 0.002692461
v 0.02525187 0.004513621 0.001596332
v 0.01498802 0.00111711 0.001371741
v 0.01558426 0.004721582 0.003620148
v 0.02419204 0.007570088 0.003808498
v 0.01576443 0.00760591 0.003383279
v 0.01440287 0.004314005 2.574921E-05
v 0.01451215 0.006166577 0.0006406307
v 0.01436244 0.002117157 -0.0003292561
v 0.01192698 0.004060388 0.0004208088
v -0.03442402 -0.0130201 -0.001942277
v -0.03616334 -0.007824481 -0.001027703
v -0.03448811 -0.01269704 -0.003899217
v -0.03445607 -0.01285857 -0.002920747
v -0.03418803 -0.01256323 -0.003870249
v -0.0341126 -0.01292586 -0.001933098
v -0.03414488 -0.01276654 -0.002915859
v -0.03598452 -0.006903231 -0.002012253
v 0.02232674 0.01380378 -0.0003794432
v 0.02247447 0.01355225 -0.003328562
v 0.02306296 0.01193333 -0.005740047
v 0.02393453 0.009380698 -0.006967783
v 0.02485564 0.006578386 -0.006682634
v 0.02557945 0.004277229 -0.004961133
v 0.02591206 0.003093839 -0.0022645
v 0.02576433 0.00334537 0.0006846189
v 0.02517583 0.004964292 0.003096104
v 0.02430427 0.007516921 0.00432384
v 0.02409048 0.01309401 0.002348542
v 0.02481432 0.01079285 0.004070044
v 0.02375787 0.01427734 -0.0003480911
v 0.02390561 0.01402587 -0.00329721
v 0.0244941 0.01240689 -0.005708814
v 0.02536567 0.009854257 -0.006936431
v 0.02628678 0.007051945 -0.006651282
v 0.0270106 0.004750788 -0.0049299
v 0.0273432 0.003567457 -0.002233267
v 0.02719547 0.003818929 0.000715971
v 0.02660698 0.005437911 0.003127456
v 0.02573542 0.007990539 0.004355192
v 0.02423649 0.01267684 0.001984596
v 0.02488793 0.01060581 0.003533959
v 0.02393714 0.01374185 -0.0004423857
v 0.0240701 0.01351553 -0.003096581
v 0.02459975 0.01205844 -0.005266905
v 0.02538416 0.009761095 -0.006371856
v 0.02621315 0.007238984 -0.006115317
v 0.02686459 0.005167961 -0.004565954
v 0.02716394 0.004102945 -0.002138972
v 0.02703097 0.004329264 0.0005153418
v 0.02650134 0.005786359 0.002685666
v 0.02571693 0.008083701 0.003790617
v 0.02452274 0.01277155 0.001990914
v 0.02517419 0.01070052 0.003540277
v 0.02422339 0.01383656 -0.0004360676
v 0.02435635 0.01361024 -0.003090382
v 0.02488599 0.01215315 -0.005260706
v 0.02567039 0.009855807 -0.006365657
v 0.02649941 0.007333696 -0.006108999
v 0.02715084 0.005262673 -0.004559636
v 0.02745019 0.004197657 -0.002132654
v 0.02731723 0.004424036 0.0005215406
v 0.02678759 0.005881071 0.002691865
v 0.02600318 0.008178413 0.003796816
v 0.02528372 0.004146814 0.0008478165
v 0.01482579 0.0006861091 0.0006190538
v 0.02184066 0.001214385 0.001009464
v 0.0201728 0.0007433891 0.000513196
v 0.01660368 0.01140487 0.002389789
v 0.01827154 0.01187587 0.002886057
v 0.01892172 0.0005505085 -0.0007703304
v 0.01535259 0.01121199 0.001106381
v 0.01842262 0.0006873608 -0.002497196
v 0.01485349 0.01134884 -0.0006204844
v 0.01880924 0.001117349 -0.004204631
v 0.01524012 0.01177883 -0.002328038
v 0.019978 0.001725197 -0.005435228
v 0.01640888 0.01238668 -0.003558636
v 0.02161573 0.002348065 -0.005859137
v 0.0180466 0.01300961 -0.003982544
v 0.02328359 0.002819061 -0.005362868
v 0.01971446 0.01348054 -0.003486276
v 0.02453467 0.003012002 -0.004079342
v 0.02096555 0.01367348 -0.002202749
v 0.02503376 0.00287509 -0.002352595
v 0.02146465 0.01353657 -0.0004758835
v 0.02464714 0.002445161 -0.0006450415
v 0.02107801 0.01310664 0.001231551
v 0.02347838 0.001837254 0.000585556
v 0.01990925 0.01249874 0.002462149
v 0.02496853 0.002423406 -0.0004825592
v 0.02368289 0.001754761 0.0008710623
v 0.01657417 0.01149297 0.002405405
v 0.01824203 0.01196396 0.002901673
v 0.01532309 0.01130009 0.001121879
v 0.01482399 0.01143694 -0.0006049871
v 0.01521063 0.01186693 -0.002312541
v 0.01637939 0.01247483 -0.003543139
v 0.01801711 0.0130977 -0.003967047
v 0.01968496 0.0135687 -0.003470778
v 0.02093604 0.01376158 -0.002187252
v 0.02143514 0.01362473 -0.0004603863
v 0.02104852 0.01319474 0.001247048
v 0.01987976 0.01258689 0.002477646
v 0.01638915 0.01147729 0.002714634
v 0.01822378 0.01199543 0.003260612
v 0.01501295 0.0112651 0.001302838
v 0.01446393 0.01141566 -0.0005967617
v 0.01488923 0.01188868 -0.002475023
v 0.01617487 0.01255733 -0.003828645
v 0.01797636 0.01324248 -0.004294991
v 0.019811 0.01376057 -0.003749132
v 0.0211872 0.01397276 -0.002337217
v 0.0217362 0.0138222 -0.0004376173
v 0.02131091 0.01334924 0.001440525
v 0.02002527 0.01268059 0.002794147
v 0.01624165 0.01191789 0.002792239
v 0.0180763 0.01243597 0.003338099
v 0.01486546 0.0117057 0.001380324
v 0.01431645 0.01185626 -0.0005191565
v 0.01474175 0.01232922 -0.002397418
v 0.01602739 0.01299787 -0.00375104
v 0.01782888 0.01368302 -0.004217386
v 0.01966351 0.01420116 -0.003671527
v 0.02103971 0.01441336 -0.002259612
v 0.02158873 0.0142628 -0.0003601313
v 0.02116342 0.01378977 0.00151813
v 0.01987779 0.01312113 0.002871752
v 0.01639865 0.01213044 0.002455473
v 0.01803331 0.01259202 0.002941847
v 0.01517245 0.01194137 0.001197457
v 0.01468329 0.01207554 -0.000494957
v 0.01506223 0.01249695 -0.002168536
v 0.01620774 0.0130927 -0.003374577
v 0.01781286 0.01370317 -0.00379014
v 0.01944754 0.01416481 -0.003303766
v 0.02067372 0.01435387 -0.002045751
v 0.02116288 0.0142197 -0.0003533363
v 0.02078395 0.0137983 0.001320243
v 0.01963845 0.01320255 0.002526283
v 0.01508477 0.01605517 0.003146291
v 0.01671945 0.0165168 0.003632665
v 0.01385859 0.0158661 0.001888275
v 0.01336941 0.01600027 0.0001958609
v 0.01374836 0.01642168 -0.001477718
v 0.01489386 0.01701742 -0.002683759
v 0.01649898 0.01762795 -0.003099322
v 0.01813366 0.01808953 -0.002612948
v 0.01935984 0.0182786 -0.001354933
v 0.01984902 0.01814449 0.0003374815
v 0.01947007 0.01772302 0.002011061
v 0.01832457 0.01712728 0.003217101
v 0.02539382 0.002896369 -0.002360821
v 0.02484482 0.00304693 -0.004260302
v 0.02346862 0.002834737 -0.005672216
v 0.02163398 0.002316654 -0.006218076
v 0.01983249 0.001631498 -0.005751729
v 0.01854685 0.0009628534 -0.004398108
v 0.01812156 0.0004898906 -0.002519846
v 0.01867056 0.0003393292 -0.0006203651
v 0.02004676 0.0005514622 0.0007915497
v 0.0218814 0.001069605 0.001337409
v 0.02511601 0.001982868 -0.0005601645
v 0.02383038 0.001314223 0.000793457
v 0.02554131 0.002455831 -0.002438307
v 0.0249923 0.002606392 -0.004337907
v 0.02361611 0.002394199 -0.005749822
v 0.02178146 0.001876116 -0.006295681
v 0.01997997 0.00119096 -0.005829334
v 0.01869434 0.0005222559 -0.004475713
v 0.01826905 4.929304E-05 -0.002597451
v 0.01881805 -0.0001012683 -0.0006978512
v 0.02019425 0.0001109242 0.0007139444
v 0.02202888 0.0006290078 0.001259923
v 0.02479553 0.00181514 -0.0007890463
v 0.02365003 0.001219392 0.0004171133
v 0.02517447 0.002236545 -0.002462506
v 0.02468531 0.002370715 -0.00415504
v 0.02345911 0.002181649 -0.005413055
v 0.02182445 0.001720011 -0.005899429
v 0.02021931 0.00110954 -0.005483866
v 0.01907381 0.000513792 -0.004277825
v 0.01869488 9.232759E-05 -0.002604246
v 0.01918404 -4.178286E-05 -0.0009118319
v 0.02041024 0.0001472831 0.0003461838
v 0.0220449 0.0006088614 0.0008325577
v 0.02614286 -0.002209544 -0.001497507
v 0.02499735 -0.002805293 -0.0002913475
v 0.02652179 -0.00178808 -0.003170967
v 0.02603263 -0.001653969 -0.004863501
v 0.02480644 -0.001843035 -0.006121397
v 0.02317178 -0.002304673 -0.006607771
v 0.02156664 -0.002915144 -0.006192327
v 0.02042115 -0.003510892 -0.004986167
v 0.0200422 -0.003932297 -0.003312707
v 0.02053137 -0.004066467 -0.001620173
v 0.02175756 -0.003877401 -0.000362277
v 0.02339223 -0.003415823 0.0001242161
v 0.01824379 0.01196253 0.00292933
v 0.01656902 0.01148963 0.002431035
v 0.01469187 0.01709688 0.003417969
v 0.01674207 0.01644838 0.003718972
v 0.01531273 0.01129591 0.001142144
v 0.01324788 0.01746392 0.002227902
v 0.01481158 0.01143336 -0.0005918741
v 0.01268414 0.01778829 0.0005267859
v 0.01519981 0.01186508 -0.002306342
v 0.01313494 0.01803315 -0.001220703
v 0.01637341 0.01247549 -0.003542066
v 0.01449627 0.0180828 -0.002555132
v 0.01801793 0.01310098 -0.003967762
v 0.01651621 0.01758683 -0.003178239
v 0.01816195 0.01253337 -0.000469327
v 0.01467109 0.01714253 0.003119111
v 0.0165538 0.01644677 0.003370166
v 0.01335272 0.01752895 0.002057791
v 0.01283909 0.01783955 0.0005301237
v 0.01325108 0.01804125 -0.001045823
v 0.01449504 0.01802987 -0.002256751
v 0.01635054 0.01747131 -0.002837181
v 0.0163485 0.01213193 0.002237082
v 0.01785579 0.01255763 0.002685547
v 0.01521784 0.01195759 0.001077175
v 0.0147668 0.01208133 -0.0004835129
v 0.01511621 0.01246989 -0.002026558
v 0.01617245 0.01301926 -0.003138661
v 0.01765253 0.01358217 -0.0035218
v 0.02338422 -0.003393054 0.0002266169
v 0.02208488 -0.004987419 -0.0004690886
v 0.02020773 0.0006198287 0.0005178452
v 0.0218825 0.001092792 0.00101614
v 0.02101631 -0.005741894 -0.001856685
v 0.01895146 0.0004261732 -0.0007709265
v 0.02057773 -0.005791366 -0.003623605
v 0.01845029 0.0005636215 -0.002504945
v 0.02090339 -0.00517267 -0.00530529
v 0.01883852 0.000995338 -0.004219532
v 0.02188928 -0.004001558 -0.006442189
v 0.02001214 0.001605749 -0.005455256
v 0.02315836 -0.002254605 -0.006670594
v 0.02165665 0.00223124 -0.005880952
v 0.02180067 0.001663625 -0.002382517
v 0.02319597 -0.003394663 -0.0001221895
v 0.0220641 -0.004941761 -0.0007680655
v 0.02112116 -0.005676866 -0.002026677
v 0.02073269 -0.005740047 -0.003620148
v 0.02101953 -0.005164564 -0.00513041
v 0.02188806 -0.004054487 -0.006143808
v 0.02299269 -0.002370119 -0.006329536
v 0.02189401 0.0004944801 0.0005624294
v 0.02038671 6.884336E-05 0.0001139641
v 0.01925606 -0.0001055002 -0.001046062
v 0.01880501 1.823902E-05 -0.00260663
v 0.01915443 0.0004068017 -0.004149795
v 0.02021067 0.0009561777 -0.005261898
v 0.02169074 0.001519084 -0.005645037
v 0.006473616 0.002040267 0.001778245
v 0.006999269 0.0005007386 0.001037836
v 0.007157341 -6.16312E-05 0.002319336
v 0.006631687 0.001477897 0.003059745
v 0.0073542 -0.0004757047 -0.0004166365
v 0.007693306 -0.001553714 0.0003898144
v 0.007338375 -0.000577271 0.001844287
v 0.007443309 -0.0006273389 -0.002195358
v 0.007877052 -0.001946986 -0.002061129
v 0.007787958 -0.001795352 -0.0002824068
v 0.007242694 8.636713E-05 -0.003821731
v 0.007659286 -0.00113374 -0.004408479
v 0.007859901 -0.001847446 -0.002782106
v 0.006806135 0.001474202 -0.004859924
v 0.007091343 0.0006896257 -0.006028652
v 0.007527903 -0.0006982684 -0.004990458
v 0.006250605 0.003164351 -0.005031943
v 0.006320342 0.003045619 -0.006424189
v 0.006875888 0.001355469 -0.00625217
v 0.005724952 0.004703879 -0.004291534
v 0.005574226 0.005240142 -0.005513549
v 0.00609988 0.003700614 -0.006253958
v 0.005370021 0.005680323 -0.002837062
v 0.005042613 0.006721139 -0.003615737
v 0.005397543 0.005744755 -0.00507021
v 0.005280927 0.005831957 -0.00105834
v 0.004863501 0.007101893 -0.001187563
v 0.00495261 0.006950259 -0.002966285
v 0.005481526 0.005118251 0.0005680323
v 0.005093098 0.006255925 0.001115203
v 0.004892498 0.006969631 -0.0005111694
v 0.005918086 0.003730416 0.001606226
v 0.005651891 0.004462719 0.00269711
v 0.005215347 0.005850554 0.001658797
v 0.00640516 0.002156854 0.003144979
v 0.00584963 0.003846943 0.00297296
v -0.01903746 -0.006401777 0.001220226
v -0.01851182 -0.007941306 0.0004798174
v -0.01815687 -0.008917749 -0.0009746552
v -0.01806778 -0.009069443 -0.002753377
v -0.01826838 -0.008355737 -0.00437963
v -0.01870494 -0.006967843 -0.005417943
v -0.01926047 -0.005277693 -0.005589962
v -0.01978612 -0.003738165 -0.004849434
v -0.02014105 -0.002761781 -0.003395081
v -0.02023016 -0.002610087 -0.001616359
v -0.02002954 -0.003323793 1.001358E-05
v -0.019593 -0.004711628 0.001048326
v -0.01841974 -0.007752478 -0.006586671
v -0.01798318 -0.009140313 -0.005548358
v -0.01919073 -0.005396426 -0.006982148
v -0.0186352 -0.007086575 -0.006810248
v -0.01993686 -0.003201902 -0.006071568
v -0.01941121 -0.00474143 -0.006811976
v -0.02046846 -0.001720905 -0.004173756
v -0.02011354 -0.002697349 -0.005628109
v -0.02064757 -0.001340151 -0.001745582
v -0.02055848 -0.001491845 -0.003524303
v -0.02041799 -0.00218612 0.0005571842
v -0.02061859 -0.001472414 -0.001069188
v -0.01985918 -0.003979385 0.002139091
v -0.02029574 -0.002591491 0.001100779
v -0.01910593 -0.00628525 0.002586961
v -0.01966146 -0.004595101 0.002414942
v -0.01835373 -0.008503675 0.001761317
v -0.0188794 -0.006964147 0.002501726
v -0.01781778 -0.009995759 -0.0001680851
v -0.01817271 -0.009019315 0.001286268
v -0.01763402 -0.01038909 -0.002619028
v -0.01772311 -0.0102374 -0.0008404255
v -0.01785178 -0.009575844 -0.004966497
v -0.01765119 -0.01028955 -0.003340125
v 0.01589993 0.006171465 -0.004434109
v 0.01532193 0.007864296 -0.003619909
v 0.008114338 0.005479217 -0.003777623
v 0.008692339 0.003786325 -0.004591823
v 0.01493165 0.008937955 -0.002020717
v 0.007724062 0.006552875 -0.002178311
v 0.01483369 0.009104788 -6.484985E-05
v 0.007626086 0.006719649 -0.0002225637
v 0.01505427 0.008319974 0.001723528
v 0.007846668 0.005934834 0.001565814
v 0.0155343 0.006793916 0.002865076
v 0.008326709 0.004408777 0.002707481
v 0.01614515 0.004935503 0.003054261
v 0.01434326 0.004339218 0.003014803
v 0.01254137 0.003742933 0.002975345
v 0.008937567 0.002550364 0.002896547
v 0.01672316 0.003242612 0.002240062
v 0.01492126 0.002646327 0.002200603
v 0.01711343 0.002168953 0.0006407499
v 0.009905845 -0.0002161264 0.0004831553
v 0.009515569 0.000857532 0.002082348
v 0.01311937 0.002050042 0.002161264
v 0.01721141 0.00200218 -0.001314998
v 0.01000381 -0.0003829598 -0.001472712
v 0.01699083 0.002786994 -0.003103375
v 0.009783223 0.0004018545 -0.003261089
v 0.01651078 0.004313052 -0.004245043
v 0.009303197 0.001927912 -0.004402637
v 0.01307118 0.002221525 0.001770616
v 0.01487307 0.00281781 0.001809955
v 0.01249318 0.003914356 0.002584696
v 0.01429507 0.004510641 0.002624154
v -0.01943749 -0.009229362 -0.002889752
v -0.01962067 -0.008577645 -0.004374862
v -0.01896657 -0.0104934 -0.00529623
v -0.01878339 -0.01114511 -0.003811121
v -0.02001931 -0.007310331 -0.005322933
v -0.01957521 -0.008532107 -0.007142782
v -0.01917657 -0.009799361 -0.006194711
v -0.02052659 -0.005767047 -0.005479932
v -0.02041762 -0.005952537 -0.007655501
v -0.01991034 -0.00749588 -0.007498503
v -0.02100657 -0.004361212 -0.004803896
v -0.02124886 -0.003499269 -0.006768107
v -0.02076887 -0.004905045 -0.007444263
v -0.02133067 -0.003469646 -0.003475785
v -0.0218609 -0.001784027 -0.004736781
v -0.0215368 -0.002675593 -0.006064892
v -0.02141203 -0.003331125 -0.001851559
v -0.02209121 -0.001264811 -0.002061844
v -0.02200985 -0.001403332 -0.00368607
v -0.02122885 -0.003982842 -0.0003665686
v -0.02187234 -0.002098143 0.0005398989
v -0.02205552 -0.001446486 -0.0009452105
v -0.02083021 -0.005250156 0.0005816221
v -0.02127294 -0.004032195 0.002395749
v -0.02167158 -0.002764881 0.001447678
v -0.02032293 -0.006793439 0.0007386208
v -0.02043211 -0.006607592 0.002918243
v -0.02093939 -0.005064249 0.002761245
v -0.01984295 -0.008199215 6.246567E-05
v -0.01960124 -0.009059191 0.002022147
v -0.02008122 -0.007653415 0.002698183
v -0.01951885 -0.009090841 -0.001265645
v -0.0189743 -0.010822 2.944469E-05
v -0.0192984 -0.009930372 0.001357555
v -0.0187453 -0.01133525 -0.002675533
v -0.01882666 -0.01119673 -0.001051307
v -0.02722481 -0.01180631 -0.003060102
v -0.02740799 -0.01115459 -0.004545212
v -0.02780662 -0.009887278 -0.005493283
v -0.02831391 -0.008343995 -0.005650282
v -0.0287939 -0.006938219 -0.004974246
v -0.02911799 -0.006046593 -0.003646135
v -0.02919935 -0.005908072 -0.002021909
v -0.02901617 -0.006559789 -0.0005367994
v -0.02861753 -0.007827103 0.000411272
v -0.02811027 -0.009370387 0.0005682707
v -0.02763027 -0.01077622 -0.0001078844
v -0.02730617 -0.01166779 -0.001435995
v -0.02987853 -0.003841758 -0.002232194
v -0.02979717 -0.003980279 -0.003856301
v -0.02965966 -0.00467515 0.0003695488
v -0.02984284 -0.004023433 -0.001115561
v -0.02906026 -0.006609142 0.002225399
v -0.0294589 -0.005341828 0.001277328
v -0.02964821 -0.004360974 -0.004907131
v -0.02932411 -0.00525254 -0.006235242
v -0.02903618 -0.006076217 -0.006938457
v -0.02855618 -0.007481992 -0.007614553
v -0.02820493 -0.008529484 -0.007825792
v -0.02769765 -0.01007283 -0.007668793
v -0.02736253 -0.01110905 -0.007313132
v -0.02696389 -0.01237637 -0.006365061
v -0.02675389 -0.01307034 -0.00546658
v -0.02657069 -0.01372206 -0.003981471
v -0.02653262 -0.0139122 -0.002845883
v -0.02661398 -0.01377368 -0.001221657
v -0.02676162 -0.01339895 -0.0001409054
v -0.02708572 -0.01250738 0.001187205
v -0.02738856 -0.01163614 0.001851797
v -0.02786855 -0.01023036 0.002527952
v -0.02821945 -0.009184539 0.002747893
v -0.02872671 -0.007641196 0.002590895
v -0.01196086 -0.006722391 0.001341105
v -0.01203501 -0.006505191 0.001445532
v -0.01450077 -0.007321179 0.001391649
v -0.01442662 -0.007538378 0.001287103
v -0.01208508 -0.006367505 0.001650691
v -0.01455083 -0.007183433 0.001596808
v -0.01209764 -0.006346107 0.001901627
v -0.0145634 -0.007162035 0.001847744
v -0.01206934 -0.006446779 0.002130985
v -0.0145351 -0.007262707 0.002077103
v -0.01200776 -0.00664252 0.002277493
v -0.01447351 -0.007458508 0.002223611
v -0.01192939 -0.006880939 0.002301812
v -0.01439515 -0.007696927 0.00224781
v -0.01185524 -0.007098138 0.002197266
v -0.014321 -0.007914126 0.002143383
v -0.01180518 -0.007235885 0.001992106
v -0.01427093 -0.008051813 0.001938224
v -0.01179262 -0.007257283 0.001741171
v -0.01425837 -0.008073211 0.001687288
v -0.01182091 -0.00715661 0.001511812
v -0.01428667 -0.007972538 0.00145793
v -0.0118825 -0.006960809 0.001365304
v -0.01434825 -0.007776797 0.001311421
v -0.0312321 -0.008975267 0.002064943
v -0.03102498 -0.009594023 0.001956105
v -0.03042325 -0.009394884 0.001969218
v -0.02982153 -0.009195805 0.00198245
v -0.02861808 -0.008797526 0.002008677
v -0.02882522 -0.00817883 0.002117634
v -0.0311965 -0.009154737 0.003152251
v -0.02878961 -0.00835824 0.003204823
v -0.02858248 -0.008976996 0.003095984
v -0.02978593 -0.009375215 0.003069639
v -0.03038764 -0.009574354 0.003056526
v -0.03098936 -0.009773493 0.003043294
v -0.03019536 -0.01214528 0.002625823
v -0.03023095 -0.01196587 0.001538634
v -0.0297835 -0.011379 0.002738833
v -0.02959363 -0.0119462 0.002639055
v -0.02981912 -0.01119953 0.001651645
v -0.02962925 -0.01176673 0.001551747
v -0.02785024 -0.01117802 0.00159061
v -0.02804011 -0.01061082 0.001690507
v -0.02781463 -0.01135749 0.002677917
v -0.02800451 -0.01079029 0.002777696
v 0.01612689 0.0080024 0.002345681
v 0.01607527 0.008153617 0.002418399
v 0.009514153 0.005982399 0.002274871
v 0.009565771 0.005831182 0.002202153
v 0.01604041 0.008249462 0.002561212
v 0.009479284 0.006078303 0.002417684
v 0.01603167 0.008264363 0.002735853
v 0.009470537 0.006093204 0.002592444
v 0.01605137 0.008194268 0.002895594
v 0.009490237 0.006023109 0.002752066
v 0.01609424 0.008058012 0.002997637
v 0.009533122 0.005886793 0.002854109
v 0.01614879 0.007892013 0.003014445
v 0.009587675 0.005720794 0.002870917
v 0.01620042 0.007740796 0.002941728
v 0.009639293 0.005569637 0.0027982
v 0.01623528 0.007644892 0.002798915
v 0.009674147 0.005473733 0.002655387
v 0.01624402 0.00763005 0.002624273
v 0.009682909 0.005458832 0.002480745
v 0.01622432 0.007700145 0.002464533
v 0.009663194 0.005528927 0.002321005
v 0.01618145 0.007836401 0.002362609
v 0.009620324 0.005665243 0.002219081
v -0.02914132 -0.008688331 0.003050208
v -0.02916624 -0.008562744 0.002289057
v -0.0272826 -0.007939398 0.002330303
v -0.02725767 -0.008064985 0.003091335
v -0.02827826 -0.01126641 0.002596378
v -0.02639461 -0.01064306 0.002637506
v -0.02641954 -0.01051748 0.001876473
v -0.02830319 -0.01114076 0.001835346
v -0.02245829 -0.008135855 -0.002679467
v -0.02252753 -0.007889509 -0.003240943
v -0.02044113 -0.007199049 -0.003195286
v -0.02037187 -0.007445455 -0.00263381
v -0.02267826 -0.007410347 -0.003599405
v -0.02059184 -0.006719947 -0.003553748
v -0.02044113 -0.007199049 -0.003195286
v -0.02287003 -0.006826878 -0.003658772
v -0.02078363 -0.006136417 -0.003613114
v -0.02059184 -0.006719947 -0.003553748
v -0.02305152 -0.006295383 -0.003403068
v -0.0209651 -0.005604923 -0.00335741
v -0.02078363 -0.006136417 -0.003613114
v -0.02317405 -0.005958319 -0.002900958
v -0.02108763 -0.005267859 -0.002855301
v -0.0209651 -0.005604923 -0.00335741
v -0.0232048 -0.005905926 -0.002286911
v -0.02111839 -0.005215466 -0.002241254
v -0.02108763 -0.005267859 -0.002855301
v -0.02313554 -0.006152332 -0.001725435
v -0.02104914 -0.005461872 -0.001679778
v -0.02111839 -0.005215526 -0.002241254
v -0.02298483 -0.006631434 -0.001366973
v -0.02089842 -0.005941033 -0.001321316
v -0.02104914 -0.005461872 -0.001679778
v -0.02279304 -0.007214904 -0.001307607
v -0.02070664 -0.006524503 -0.00126195
v -0.02089842 -0.005941033 -0.001321316
v -0.02261157 -0.007746398 -0.001563311
v -0.02052516 -0.007055998 -0.001517653
v -0.02070664 -0.006524503 -0.00126195
v -0.02248904 -0.008083522 -0.00206542
v -0.02040263 -0.007393062 -0.002019763
v -0.02052516 -0.007055998 -0.001517653
v -0.02037187 -0.007445455 -0.00263381
v -0.02040264 -0.007393062 -0.002019763
v -0.02052516 -0.007055998 -0.001517653
v -0.02040264 -0.007393122 -0.002019763
v -0.02472121 -0.008884728 -0.002728939
v -0.02479047 -0.008638322 -0.003290415
v -0.02494118 -0.00815922 -0.003648877
v -0.02513297 -0.00757575 -0.003708243
v -0.02531444 -0.007044256 -0.003452539
v -0.02543697 -0.006707132 -0.00295043
v -0.02546772 -0.006654799 -0.002336383
v -0.02539848 -0.006901145 -0.001774907
v -0.02524775 -0.007380307 -0.001416445
v -0.02505597 -0.007963777 -0.001357079
v -0.02487449 -0.008495271 -0.001612782
v -0.02475196 -0.008832335 -0.002114892
v -0.02611257 -0.005001187 0.00212729
v -0.0258297 -0.004907548 0.002133489
v -0.02554683 -0.004813969 0.002139688
v -0.02526397 -0.00472033 0.002145886
v -0.02498111 -0.004626751 0.002152085
v -0.02384964 -0.004252315 0.002176762
v -0.02626328 -0.004522026 0.001768827
v -0.02400036 -0.003773212 0.001818299
v -0.02513182 -0.004147589 0.001793623
v -0.02541469 -0.004241228 0.001787424
v -0.02569754 -0.004334807 0.001781225
v -0.02598041 -0.004428446 0.001775026
v -0.02665485 -0.003221512 -5.245209E-06
v -0.02637199 -0.003127873 9.536743E-07
v -0.02608912 -0.003034294 7.152557E-06
v -0.02580625 -0.002940655 1.335144E-05
v -0.02552338 -0.002847075 1.955032E-05
v -0.02439192 -0.002472639 4.422665E-05
v -0.0267241 -0.002975106 -0.000566721
v -0.02446118 -0.002226233 -0.0005172491
v -0.02559264 -0.00260067 -0.0005419254
v -0.02587551 -0.002694309 -0.0005481243
v -0.02615838 -0.002787888 -0.0005543232
v -0.02644125 -0.002881527 -0.0005605221
v -0.02412336 -0.007237434 0.002768755
v -0.02299847 -0.006865203 0.002793312
v -0.02431515 -0.006653965 0.002709389
v -0.02319026 -0.006281734 0.002733946
v -0.02328089 -0.009739459 0.002105594
v -0.02215602 -0.009367228 0.002130151
v -0.02346237 -0.009207964 0.002361178
v -0.02233748 -0.008835733 0.002385855
v -0.02367111 -0.01226848 0.0004557371
v -0.02338824 -0.0121749 0.000461936
v -0.02310538 -0.01208133 0.0004681349
v -0.02282251 -0.01198769 0.0004743338
v -0.02253965 -0.01189411 0.0004805326
v -0.02140819 -0.01151967 0.000505209
v -0.02379364 -0.01193142 0.0009578466
v -0.02153072 -0.01118255 0.001007318
v -0.02266218 -0.01155698 0.0009826422
v -0.02294505 -0.01165062 0.0009764433
v -0.02322792 -0.0117442 0.0009702444
v -0.02351077 -0.01183784 0.0009640455
v -0.02335618 -0.01303762 -0.002306461
v -0.02307332 -0.01294404 -0.002300262
v -0.02279045 -0.0128504 -0.002294064
v -0.02250758 -0.01275682 -0.002287865
v -0.02222471 -0.01266319 -0.002281666
v -0.02109325 -0.01228881 -0.00225687
v -0.02338694 -0.01298529 -0.001692295
v -0.02112401 -0.01223642 -0.001642823
v -0.02225547 -0.01261085 -0.001667619
v -0.02253833 -0.01270443 -0.001673818
v -0.0228212 -0.01279807 -0.001680017
v -0.02310407 -0.01289165 -0.001686215
v -0.02350992 -0.01238877 -0.005094171
v -0.02322705 -0.01229519 -0.005087972
v -0.02294418 -0.01220155 -0.005081773
v -0.02266133 -0.01210797 -0.005075574
v -0.02237846 -0.01201439 -0.005069375
v -0.021247 -0.01163995 -0.005044699
v -0.02344066 -0.01263517 -0.004532695
v -0.02117774 -0.0118863 -0.004483223
v -0.0223092 -0.01226074 -0.004507899
v -0.02259207 -0.01235437 -0.004514098
v -0.02287494 -0.01244795 -0.004520297
v -0.02315779 -0.01254159 -0.004526496
v -0.02407636 -0.01053834 -0.007192612
v -0.0237935 -0.01044476 -0.007186472
v -0.02351063 -0.01035112 -0.007180274
v -0.02322777 -0.01025754 -0.007174075
v -0.0229449 -0.0101639 -0.007167876
v -0.02181344 -0.009789526 -0.00714314
v -0.02392565 -0.0110175 -0.006834209
v -0.02166273 -0.01026863 -0.006784678
v -0.02279419 -0.01064306 -0.006809473
v -0.02307706 -0.01073664 -0.006815612
v -0.02335992 -0.01083028 -0.006821811
v -0.02364278 -0.01092386 -0.00682801
v -0.02492198 -0.007934868 -0.007920206
v -0.02463911 -0.007841289 -0.007914007
v -0.02435625 -0.00774765 -0.007907808
v -0.02407339 -0.007654071 -0.007901669
v -0.02379052 -0.007560492 -0.00789547
v -0.02265906 -0.007186055 -0.007870734
v -0.02473019 -0.008518398 -0.007860839
v -0.02246727 -0.007769525 -0.007811368
v -0.02359873 -0.008143961 -0.007836103
v -0.0238816 -0.008237541 -0.007842302
v -0.02416447 -0.00833118 -0.007848442
v -0.02444734 -0.008424759 -0.00785464
v -0.02579235 -0.005343914 -0.007327259
v -0.02550949 -0.005250335 -0.007321119
v -0.02522662 -0.005156696 -0.00731492
v -0.02494375 -0.005063117 -0.007308722
v -0.02466089 -0.004969478 -0.007302523
v -0.02352943 -0.004595101 -0.007277787
v -0.02561088 -0.005875409 -0.007582903
v -0.02334796 -0.005126595 -0.007533371
v -0.02447942 -0.005500972 -0.007558167
v -0.02476229 -0.005594611 -0.007564366
v -0.02504514 -0.00568819 -0.007570505
v -0.02532801 -0.005781829 -0.007576704
v -0.0264492 -0.003489137 -0.005357862
v -0.02616633 -0.003395557 -0.005351663
v -0.02588347 -0.003301919 -0.005345464
v -0.0256006 -0.003208339 -0.005339265
v -0.02531774 -0.00311476 -0.005333185
v -0.02418627 -0.002740324 -0.00530839
v -0.02632667 -0.003826261 -0.005859971
v -0.02406374 -0.003077388 -0.005810499
v -0.02519521 -0.003451824 -0.005835295
v -0.02547807 -0.003545403 -0.005841374
v -0.02576093 -0.003639042 -0.005847573
v -0.0260438 -0.003732622 -0.005853772
v -0.02679123 -0.002628207 -0.002746105
v -0.02650838 -0.002534568 -0.002739906
v -0.02622551 -0.002440989 -0.002733707
v -0.02594264 -0.00234741 -0.002727509
v -0.02565977 -0.002253771 -0.00272131
v -0.02452831 -0.001879334 -0.002696633
v -0.02676047 -0.00268054 -0.003360152
v -0.02449755 -0.001931727 -0.00331068
v -0.02562901 -0.002306163 -0.003335357
v -0.02591188 -0.002399743 -0.003341556
v -0.02619475 -0.002493322 -0.003347754
v -0.02647761 -0.002586961 -0.003353953
v -0.02070664 -0.006524503 -0.00126195
v -0.02089843 -0.005941033 -0.001321316
v -0.02104914 -0.005461872 -0.001679778
v -0.02111839 -0.005215526 -0.002241254
v -0.02108763 -0.005267859 -0.002855301
v -0.0209651 -0.005604982 -0.00335741
v -0.02078363 -0.006136477 -0.003612995
v -0.02059184 -0.006719947 -0.003553629
v -0.02044113 -0.007199049 -0.003195286
v -0.02037187 -0.007445455 -0.00263381
v -0.02091207 -0.006174803 0.002838969
v -0.02110384 -0.005591273 0.002779603
v -0.0200696 -0.008676767 0.002175808
v -0.02025107 -0.008145273 0.002431393
v -0.01932177 -0.01082921 0.0005508661
v -0.0194443 -0.01049215 0.001052976
v -0.01900685 -0.01159835 -0.002211213
v -0.0190376 -0.01154602 -0.001597166
v -0.01916058 -0.01094949 -0.004999042
v -0.01909132 -0.0111959 -0.004437566
v -0.01972702 -0.009099066 -0.007097483
v -0.01957631 -0.009578168 -0.00673902
v -0.02057265 -0.006495595 -0.007825077
v -0.02038085 -0.007079065 -0.00776571
v -0.02144301 -0.003904641 -0.00723213
v -0.02126154 -0.004436135 -0.007487774
v -0.02209987 -0.002049863 -0.005262733
v -0.02197734 -0.002386987 -0.005764842
v -0.02244189 -0.001188934 -0.002650976
v -0.02241114 -0.001241267 -0.003265023
v -0.02230552 -0.001782238 8.98838E-05
v -0.02237476 -0.001535833 -0.0004715919
v -0.02176324 -0.003561914 0.002222419
v -0.02191395 -0.003082752 0.001863956
v -0.01792374 -0.009879112 -0.0007371902
v -0.01906282 -0.006624639 0.002102017
v -0.02034612 -0.002643168 0.0005364418
v -0.02049035 -0.00191617 -0.003868103
v -0.01935129 -0.005170643 -0.006707191
v -0.01806799 -0.009152114 -0.005141735
v -0.03259075 -0.01310945 -0.006168604
v -0.03294365 -0.01201451 -0.006599069
v -0.03329657 -0.01091963 -0.007029593
v -0.03396271 -0.008929729 -0.006679296
v -0.03427596 -0.008034766 -0.005898595
v -0.0345892 -0.007139742 -0.005117774
v -0.03486279 -0.006444693 -0.003125787
v -0.03482312 -0.006644607 -0.001914501
v -0.03478345 -0.006844521 -0.0007033348
v -0.03439088 -0.008139372 0.0009385347
v -0.03403798 -0.009234309 0.001368999
v -0.03368506 -0.01032919 0.001799464
v -0.03301892 -0.01231909 0.001449227
v -0.03270566 -0.01321405 0.0006685257
v -0.03239243 -0.01410902 -0.0001122952
v -0.03211884 -0.01480412 -0.002104282
v -0.03215851 -0.01460415 -0.003315568
v -0.03219818 -0.01440424 -0.004526854
v -0.03042078 -0.01457721 -0.007969916
v -0.02058156 -0.01095659 -0.00591433
v -0.02974519 -0.01675922 -0.001085639
v -0.02039886 -0.01187754 -0.0003347397
v -0.02851948 -0.01066637 0.002232552
v -0.02538845 -0.009476066 0.002433538
v -0.03347126 -0.005443037 0.003000021
v -0.02346741 -0.002711296 0.001278639
v -0.03426018 -0.003230691 -0.004107237
v -0.02365012 -0.001790345 -0.004300952
v -0.03260279 -0.007887363 -0.009407997
v -0.02220719 -0.005913019 -0.007897437
v -0.03193665 -0.009877205 -0.009758294
v -0.03002821 -0.015872 -0.006328106
v -0.03001878 -0.01606417 0.0009063482
v -0.03212602 -0.01023668 0.004238963
v -0.03145987 -0.01222652 0.003888726
v -0.03007036 -0.0112744 0.002333403
v -0.02572154 -0.008481145 0.002608657
v -0.03386383 -0.004148185 0.001358271
v -0.0339866 -0.0039258 -0.006099343
v -0.0290191 -0.00917393 0.002495289
v -0.03061162 -0.009657621 0.002617955
v -0.03047353 -0.0115546 0.002754688
v -0.03105642 -0.009813428 0.003061175
v 0.0002640933 -0.002677023 0.001608491
v 0.0001899451 -0.002459824 0.001712918
v -0.00227581 -0.003275812 0.001659036
v -0.002201661 -0.003493011 0.001554489
v 0.0001398772 -0.002322137 0.001918077
v -0.002325878 -0.003138065 0.001864195
v 0.0001273155 -0.002300739 0.002169013
v -0.002338439 -0.003116667 0.00211513
v 0.0001556128 -0.002401412 0.002398372
v -0.002310142 -0.00321734 0.002344489
v 0.0002171993 -0.002597153 0.00254488
v -0.002248555 -0.003413141 0.002490997
v 0.0002955645 -0.002835572 0.002569199
v -0.00217019 -0.003651559 0.002515197
v 0.0003697127 -0.003052771 0.002464652
v -0.002096042 -0.003868759 0.002410769
v 0.0004197806 -0.003190517 0.002259493
v -0.002045974 -0.004006445 0.00220561
v 0.0004323423 -0.003211915 0.002008557
v -0.002033412 -0.004027843 0.001954675
v 0.000404045 -0.003111243 0.001779199
v -0.00206171 -0.003927171 0.001725316
v 0.0003424585 -0.002915442 0.00163269
v -0.002123296 -0.00373143 0.001578808
v 0.01135655 0.0009829402 0.001959205
v 0.01130004 0.001148403 0.002038717
v -0.01761162 -0.008418977 0.001406312
v -0.01755513 -0.00858444 0.001326799
v 0.0112619 0.001253366 0.002195001
v -0.01764977 -0.008314073 0.001562715
v 0.01125231 0.001269639 0.002386212
v -0.01765935 -0.008297741 0.001753807
v 0.01127388 0.001192927 0.002560973
v -0.01763779 -0.008374453 0.001928687
v 0.0113208 0.001043797 0.002672672
v -0.01759087 -0.008523643 0.002040267
v 0.01138051 0.0008621216 0.00269115
v -0.01753116 -0.008705258 0.002058744
v 0.01143701 0.0006966591 0.002611518
v -0.01747467 -0.008870721 0.001979113
v 0.01147516 0.0005916953 0.002455235
v -0.01743652 -0.008975685 0.001822829
v 0.01148473 0.0005754232 0.002264023
v -0.01742694 -0.008991957 0.001631618
v 0.01146317 0.0006521344 0.002089262
v -0.0174485 -0.008915305 0.001456857
v 0.01141624 0.0008012652 0.001977682
v -0.01749542 -0.008766115 0.001345277
v 0.01271132 0.001039624 0.002185583
v -0.01900715 -0.009332836 0.001433015
v 0.01271971 0.000941813 0.002350807
v 0.01269603 0.0009346604 0.002541304
v 0.01264663 0.001020074 0.002706051
v 0.01258473 0.001175165 0.002801061
v 0.01252694 0.00135833 0.002800822
v 0.01248872 0.001520574 0.002705216
v 0.01248032 0.001618385 0.002540112
v 0.012504 0.001625538 0.002349615
v 0.01255341 0.001540124 0.002184749
v 0.01261529 0.001385033 0.002089858
v 0.01267309 0.001201868 0.002090096
v 0.01308259 0.001515508 0.002253652
v 0.0131651 0.00146687 0.002420187
v 0.01315832 0.001454175 0.002611756
v 0.01306406 0.001480758 0.00277698
v 0.01290759 0.001539528 0.002871633
v 0.01273082 0.001614749 0.00287044
v 0.01258112 0.001686215 0.002773523
v 0.01249863 0.001734853 0.002606988
v 0.01250541 0.001747549 0.002415419
v 0.01259966 0.001720965 0.002250195
v 0.01275614 0.001662195 0.002155542
v 0.01293291 0.001586974 0.002156734
v 0.01296577 0.002104402 0.002263188
v 0.01308206 0.002179503 0.002396345
v 0.01311712 0.002226174 0.002579331
v 0.01306157 0.002231836 0.002763152
v 0.01293029 0.00219506 0.002898574
v 0.01275846 0.00212568 0.002949119
v 0.01259212 0.002042234 0.002901435
v 0.01247585 0.001967132 0.002768278
v 0.01244079 0.001920462 0.002585292
v 0.01249634 0.00191474 0.002401471
v 0.0126276 0.001951516 0.002266049
v 0.01279943 0.002020955 0.002215505
v 0.01262829 0.002390504 0.002104282
v 0.01272106 0.002533197 0.002193332
v 0.01275565 0.002635598 0.002352118
v 0.01272279 0.002670228 0.002538204
v 0.01263125 0.00262773 0.002701759
v 0.01250561 0.002519608 0.002798796
v 0.0123795 0.002374768 0.002803445
v 0.01228671 0.002232015 0.002714396
v 0.01225212 0.002129674 0.002555609
v 0.01228499 0.002095044 0.002369523
v 0.01237652 0.002137542 0.002206087
v 0.01250216 0.002245665 0.002108932
v 0.01240776 0.002469778 0.00180459
v 0.01251309 0.002610147 0.001882792
v 0.0125536 0.002724588 0.002031684
v 0.01251847 0.002782345 0.002211452
v 0.01241708 0.00276798 0.002374053
v 0.0122766 0.002685368 0.002475739
v 0.0121347 0.002556622 0.002489328
v 0.01202936 0.002416193 0.002411246
v 0.01198885 0.002301812 0.002262354
v 0.01202399 0.002244055 0.002082586
v 0.01212537 0.00225836 0.001919985
v 0.01226585 0.002341032 0.001818299
v -0.01904744 -0.009220779 0.001583695
v -0.01905102 -0.009192348 0.001773715
v -0.01901694 -0.00925523 0.001951933
v -0.01895431 -0.00939256 0.002070785
v -0.01887992 -0.009567559 0.002098322
v -0.01881373 -0.00973326 0.002027273
v -0.01877345 -0.009845316 0.001876473
v -0.01876988 -0.009873748 0.001686573
v -0.01880397 -0.009810865 0.001508236
v -0.01886658 -0.009673536 0.001389384
v -0.01894096 -0.009498537 0.001361847
v -0.02764633 -0.01203841 0.001205444
v -0.0275888 -0.01220477 0.001128435
v -0.02768902 -0.01193261 0.001360059
v -0.02770539 -0.01191562 0.001550674
v -0.02769104 -0.01199204 0.00172627
v -0.02764985 -0.01214135 0.001839995
v -0.02759284 -0.01232356 0.001861095
v -0.02753527 -0.01248986 0.001784086
v -0.0274926 -0.01259571 0.001629472
v -0.02747625 -0.0126127 0.001438856
v -0.02749059 -0.01253629 0.001263142
v -0.02753177 -0.01238698 0.001149535
v 0.01079987 0.0008095503 0.001838803
v 0.01072572 0.00102675 0.001943231
v 0.008259967 0.000210762 0.001889348
v 0.008334115 -6.437302E-06 0.001784801
v 0.01067565 0.001164436 0.00214839
v 0.008209899 0.0003485084 0.002094507
v 0.01066309 0.001185834 0.002399325
v 0.008197337 0.0003699064 0.002345443
v 0.01069139 0.001085162 0.002628684
v 0.008225635 0.0002692342 0.002574801
v 0.01075298 0.0008894205 0.002775192
v 0.008287221 7.343292E-05 0.00272131
v 0.01083134 0.0006510019 0.002799511
v 0.008365586 -0.0001649857 0.002745509
v 0.01090549 0.0004338026 0.002694964
v 0.008439735 -0.000382185 0.002641082
v 0.01095556 0.0002960563 0.002489805
v 0.008489802 -0.0005198717 0.002435923
v 0.01096812 0.0002746582 0.00223887
v 0.008502364 -0.0005412698 0.002184987
v 0.01093982 0.0003753304 0.002009511
v 0.008474067 -0.0004405975 0.001955628
v 0.01087824 0.0005711317 0.001863003
v 0.00841248 -0.0002448559 0.00180912
v 0.004728124 -0.0003541708 -0.001453996
v 0.004683331 -0.0001613498 -0.002624393
v 0.005413145 8.010864E-05 -0.002612472
v 0.005457938 -0.0001127124 -0.001442194
v 0.004459262 0.0005608201 -0.003539443
v 0.006915793 0.001373589 -0.003499508
v 0.007139862 0.0006514192 -0.002584457
v 0.004115939 0.001618803 -0.003953815
v 0.004845753 0.001860261 -0.003942013
v 0.005189076 0.0008022785 -0.003527522
v 0.003745362 0.002729118 -0.003756762
v 0.006201893 0.003541887 -0.003716826
v 0.00657247 0.002431571 -0.003913999
v 0.003446832 0.00359422 -0.003000855
v 0.004176646 0.003835738 -0.002988935
v 0.004475176 0.002970576 -0.003744841
v 0.003300339 0.003982365 -0.001888752
v 0.00575687 0.004795194 -0.001848817
v 0.005903363 0.004407048 -0.00296092
v 0.003345117 0.003789544 -0.0007183552
v 0.004074931 0.004031003 -0.0007064342
v 0.004030153 0.004223883 -0.001876831
v 0.003569201 0.003067374 0.0001966953
v 0.006025717 0.003880203 0.0002366304
v 0.005801648 0.004602373 -0.0006784201
v 0.003912508 0.002009392 0.000611186
v 0.004642323 0.00225091 0.0006229877
v 0.004299 0.003308892 0.000208497
v 0.004283085 0.0008990765 0.0004140139
v 0.006739616 0.001711905 0.000453949
v 0.006369039 0.00282222 0.0006511211
v 0.004581615 3.397465E-05 -0.0003418922
v 0.00531143 0.0002754331 -0.0003299713
v 0.0050129 0.001140594 0.0004259348
v 0.007184654 0.0004585981 -0.001414061
v 0.007038146 0.0008467436 -0.0003019571
v 0.006739616 0.001711905 0.0004540682
v 0.007038146 0.0008467436 -0.0003018379
v 0.0001028329 -0.0008717179 -0.003594995
v -0.0002404898 0.0001862645 -0.004009485
v -0.001071706 0.002597451 -0.001952291
v -0.001026928 0.00240463 -0.0007818937
v -0.0008128583 0.001714528 9.560585E-05
v -0.0004695356 0.0006565452 0.0005100965
v -0.001528323 0.003782868 0.00200963
v -0.0009841174 0.003962934 0.002018452
v -0.000439927 0.004143 0.002027273
v 0.0001042634 0.004323065 0.002036214
v 0.0006484538 0.004503131 0.002045035
v 0.002825245 0.005223334 0.002080441
v -0.001752391 0.004505038 0.00109458
v 0.002601162 0.005945504 0.00116539
v 0.0004243851 0.005225241 0.001129985
v -0.0001198053 0.005045176 0.001121163
v -0.0006639957 0.00486517 0.001112342
v -0.001208201 0.004685104 0.00110352
v -7.678568E-05 -0.001008093 0.003333569
v 0.0004674047 -0.0008280277 0.00334239
v 0.00101161 -0.0006479621 0.003351212
v 0.0015558 -0.0004678965 0.003360033
v 0.002099991 -0.0002878308 0.003368855
v 0.004276767 0.0004323721 0.00340426
v -0.0004473627 0.000102222 0.003530622
v 0.003906205 0.001542687 0.003601432
v 0.001729414 0.0008224845 0.003566027
v 0.001185223 0.0006424189 0.003557205
v 0.0006410331 0.0004623532 0.003548384
v 9.684265E-05 0.0002822876 0.003539443
v 0.00112614 -0.004452288 -0.0005643368
v 0.001670331 -0.004272223 -0.0005555153
v 0.002214536 -0.004092157 -0.0005465746
v 0.002758726 -0.003912091 -0.0005377531
v 0.003302917 -0.003732026 -0.0005289316
v 0.005479693 -0.003011823 -0.0004935265
v 0.0003793985 -0.001817346 -0.001576424
v 0.000979647 -0.004064143 0.0005478859
v 0.0053332 -0.002623677 0.000618577
v 0.003156424 -0.00334388 0.0005831718
v 0.002612218 -0.003523946 0.0005743504
v 0.002068028 -0.003704011 0.0005655289
v 0.001523837 -0.003884077 0.0005567074
v 0.0007486045 -0.003069043 -0.005495429
v 0.00129281 -0.002888978 -0.005486608
v 0.001837 -0.002708912 -0.005477786
v 0.002381191 -0.002528906 -0.005468965
v 0.002925396 -0.00234884 -0.005460024
v 0.005102172 -0.001628578 -0.005424738
v 0.0003346056 -0.001624525 -0.00274682
v 0.0009726882 -0.003791213 -0.004580379
v 0.005326241 -0.002350748 -0.004509687
v 0.003149465 -0.00307101 -0.004545093
v 0.002605274 -0.003251016 -0.004553914
v 0.002061069 -0.003431082 -0.004562736
v 0.001516879 -0.003611147 -0.004571557
v -0.0007794648 0.001619101 -0.006882966
v -0.0002352744 0.001799166 -0.006874144
v 0.000308916 0.001979232 -0.006865263
v 0.0008531064 0.002159297 -0.006856441
v 0.001397312 0.002339363 -0.00684756
v 0.003574088 0.003059566 -0.006812215
v -0.0006345958 0.001339972 -0.003896713
v -0.0004089028 0.0005087852 -0.007080078
v 0.001767874 0.001229048 -0.007044733
v 0.001223683 0.001048982 -0.007053554
v 0.000679493 0.0008689165 -0.007062376
v 0.0001353025 0.0006888509 -0.007071257
v 0.003944665 0.001949251 -0.007009327
v -0.00192149 0.00522089 -0.003073931
v -0.001377299 0.005400956 -0.003065109
v -0.000833109 0.005580962 -0.003056288
v -0.0002889186 0.005761027 -0.003047466
v 0.0002552867 0.005941093 -0.003038645
v 0.002432063 0.006661355 -0.00300324
v -0.0009331256 0.002205133 -0.003140807
v -0.001774997 0.004832685 -0.004186153
v 0.002578557 0.00627315 -0.004115343
v 0.00040178 0.005552948 -0.004150748
v -0.0001424104 0.005372882 -0.00415957
v -0.0006866157 0.005192816 -0.004168391
v -0.001230806 0.005012751 -0.004177213
v 0.006369039 0.00282222 0.0006511211
v 0.006025717 0.003880203 0.0002366304
v 0.005801648 0.004602373 -0.0006783009
v 0.005756855 0.004795194 -0.001848698
v 0.005903363 0.004407048 -0.00296092
v 0.006201893 0.003541887 -0.003716707
v 0.00657247 0.002431571 -0.003913879
v 0.006915778 0.001373589 -0.003499389
v 0.007139862 0.0006514192 -0.002584338
v 0.00718464 0.0004585981 -0.001414061
v 0.006828144 0.001276553 0.003446221
v 0.006457567 0.002386868 0.003643394
v 0.0002736002 -0.001438081 -0.0003584623
v -2.492964E-05 -0.0005729198 0.0003974438
v 0.008031055 -0.002167642 -0.0004515648
v 0.007884562 -0.001779497 0.0006605387
v 0.007653534 -0.0007843971 -0.005382776
v 0.007877603 -0.001506567 -0.004467726
v 0.00612545 0.003903747 -0.006770253
v 0.006496027 0.002793431 -0.006967366
v 0.004888579 0.007474124 -0.002963305
v 0.005035087 0.007085979 -0.004075408
v 0.005281761 0.006036162 0.002120256
v 0.005057693 0.006758273 0.001205325
v -0.02392718 -0.007385552 0.003042102
v -0.02394877 -0.007276654 0.002382517
v -0.02398007 -0.007183194 0.002398968
v -0.02395847 -0.007292092 0.003058553
v -0.02371776 -0.008011103 0.002931952
v -0.02125931 -0.007197559 0.002985716
v -0.0212809 -0.007088721 0.00232625
v -0.02373937 -0.007902265 0.002272487
v -0.01734479 -0.0052073 0.003186107
v -0.01736639 -0.005098462 0.002526522
v -0.01715697 -0.005724013 0.002416372
v -0.01713537 -0.005832851 0.003075957
v -0.02221902 -0.007027864 0.003045201
v -0.0206047 -0.006389856 0.003097653
v -0.02003008 -0.006790757 0.003012657
v -0.02005167 -0.006681919 0.002353072
v -0.02062631 -0.006281018 0.002438068
v -0.02224061 -0.006919026 0.002385616
v -0.01673557 -0.007027149 0.002865791
v -0.01963028 -0.007985055 0.002802372
v -0.01983018 -0.007387936 0.002907515
v -0.01675718 -0.006918252 0.002206206
v -0.01985177 -0.007279038 0.002248049
v -0.01965187 -0.007876158 0.002142906
v -0.02678826 -0.01035374 0.00264585
v -0.02698816 -0.009756625 0.002750993
v -0.02398531 -0.008762896 0.002816677
v -0.02260026 -0.008304596 0.002846956
v -0.02680987 -0.01024491 0.001986384
v -0.02262187 -0.008195698 0.002187371
v -0.02400692 -0.008654058 0.002157092
v -0.02700977 -0.009647787 0.002091408
v -0.02740319 -0.008516848 0.002969146
v -0.02440035 -0.007523179 0.00303483
v -0.0274248 -0.00840801 0.00230968
v -0.02442195 -0.007414281 0.002375364
v -0.02233447 -0.006638646 0.002434969
v -0.02231286 -0.006747544 0.003094554
v -0.02190857 -0.01036906 0.001166344
v -0.02198271 -0.01015186 0.001270771
v -0.02444847 -0.01096785 0.001216888
v -0.02437432 -0.01118505 0.001112342
v -0.02203278 -0.01001418 0.00147593
v -0.02449854 -0.0108301 0.001422048
v -0.02204534 -0.009992778 0.001726866
v -0.0245111 -0.01080871 0.001672983
v -0.02201705 -0.01009345 0.001956224
v -0.0244828 -0.01090938 0.001902342
v -0.02195546 -0.01028919 0.002102733
v -0.02442122 -0.01110518 0.00204885
v -0.0218771 -0.01052761 0.002127051
v -0.02434285 -0.0113436 0.00207305
v -0.02180295 -0.01074481 0.002022505
v -0.0242687 -0.0115608 0.001968622
v -0.02175288 -0.01088256 0.001817346
v -0.02421863 -0.01169848 0.001763463
v -0.02174032 -0.01090395 0.00156641
v -0.02420607 -0.01171988 0.001512527
v -0.02176861 -0.01080328 0.001337051
v -0.02423437 -0.01161921 0.001283169
v -0.0218302 -0.01060748 0.001190543
v -0.02429596 -0.01142347 0.001136661
v -0.02886114 -0.008173048 -0.007767677
v -0.0296749 -0.005789697 -0.00662148
v -0.03308901 -0.006919503 -0.006696105
v -0.03227526 -0.009302855 -0.007842362
v -0.03022437 -0.004278064 -0.004369855
v -0.03363848 -0.00540787 -0.00444448
v -0.03036229 -0.004043281 -0.00161624
v -0.03377642 -0.005173087 -0.001690865
v -0.03005174 -0.005148172 0.0009015799
v -0.03346585 -0.006277978 0.0008268356
v -0.0293759 -0.007296681 0.002508879
v -0.03279002 -0.008426487 0.002434254
v -0.02851588 -0.009913206 0.002775073
v -0.03193 -0.01104295 0.002700448
v -0.02770211 -0.01229656 0.001628876
v -0.03111623 -0.0134263 0.001554132
v -0.02715264 -0.01380813 -0.0006227493
v -0.03056677 -0.01493794 -0.0006973743
v -0.02701472 -0.01404297 -0.003376365
v -0.03042884 -0.01517272 -0.00345099
v -0.02732527 -0.01293808 -0.005894184
v -0.0307394 -0.01406783 -0.005968809
v -0.02800111 -0.01078951 -0.007501483
v -0.03141522 -0.01191932 -0.007576168
v -0.02618991 -0.01174039 0.001080155
v -0.02626121 -0.01153159 0.001180649
v -0.02863213 -0.01231617 0.001128793
v -0.02856083 -0.01252502 0.001028299
v -0.02630936 -0.01139915 0.001377821
v -0.02868028 -0.01218373 0.001325965
v -0.02632144 -0.01137859 0.001619101
v -0.02869236 -0.01216316 0.001567245
v -0.02629423 -0.01147538 0.001839757
v -0.02866516 -0.01225996 0.001787901
v -0.02623501 -0.01166362 0.001980543
v -0.02860594 -0.01244819 0.001928687
v -0.02615966 -0.01189286 0.002003908
v -0.02853058 -0.01267749 0.001952052
v -0.02608836 -0.01210171 0.001903415
v -0.02845928 -0.01288629 0.001851559
v -0.02604021 -0.01223415 0.001706243
v -0.02841114 -0.01301873 0.001654387
v -0.02602813 -0.01225471 0.001464963
v -0.02839905 -0.01303929 0.001413107
v -0.02605534 -0.01215792 0.001244307
v -0.02842626 -0.01294249 0.001192451
v -0.02611455 -0.01196969 0.00110352
v -0.02848548 -0.01275426 0.001051664
v -0.01794842 -0.006409764 0.003082752
v -0.01809016 -0.006197155 0.003122449
v -0.01809339 -0.006180882 0.003023982
v -0.01795165 -0.006393492 0.002984166
v -0.01832099 -0.006083548 0.003148794
v -0.01832421 -0.006067276 0.003050208
v -0.01857904 -0.006099403 0.003154635
v -0.01858225 -0.006083131 0.003056049
v -0.01879516 -0.006240487 0.003138423
v -0.0187984 -0.006224215 0.003039837
v -0.01891148 -0.006468952 0.003104448
v -0.0189147 -0.00645268 0.003005981
v -0.01889679 -0.006723583 0.00306201
v -0.01890002 -0.006707311 0.002963424
v -0.01875505 -0.006936193 0.003022313
v -0.01875827 -0.00691992 0.002923727
v -0.01852423 -0.007049799 0.002995968
v -0.01852745 -0.007033527 0.002897382
v -0.01826617 -0.007033944 0.002990127
v -0.0182694 -0.007017672 0.002891541
v -0.01805004 -0.00689292 0.003006339
v -0.01805326 -0.006876647 0.002907753
v -0.01793374 -0.006664395 0.003040195
v -0.01793696 -0.006648183 0.002941728
v -0.0351824 -0.009592175 -0.0004998446
v -0.03525846 -0.009369433 -0.0003926754
v -0.03535329 -0.009400845 -0.000394702
v -0.03527723 -0.009623587 -0.0005018711
v -0.03530981 -0.00922817 -0.000182271
v -0.03540464 -0.009259582 -0.0001842976
v -0.0353227 -0.009206235 7.510185E-05
v -0.03541753 -0.009237587 7.307529E-05
v -0.03529367 -0.009309471 0.000310421
v -0.0353885 -0.009340882 0.0003082752
v -0.0352305 -0.009510279 0.0004606247
v -0.03532535 -0.00954169 0.0004585981
v -0.03515013 -0.009754837 0.0004855394
v -0.03524497 -0.009786189 0.0004833937
v -0.03507408 -0.009977579 0.0003783703
v -0.03516892 -0.01000893 0.0003763437
v -0.03502272 -0.01011884 0.0001679659
v -0.03511757 -0.01015019 0.0001658201
v -0.03500983 -0.01014078 -8.940697E-05
v -0.03510468 -0.01017213 -9.143353E-05
v -0.03503886 -0.01003754 -0.0003247261
v -0.03513369 -0.01006889 -0.0003267527
v -0.03510202 -0.009836733 -0.0004749298
v -0.03519686 -0.009868085 -0.0004769564
v -0.03382072 -0.01350081 -0.003621221
v -0.03389677 -0.01327807 -0.003514051
v -0.03399161 -0.01330948 -0.003516078
v -0.03391555 -0.01353222 -0.003623247
v -0.03394812 -0.0131368 -0.003303647
v -0.03404295 -0.01316822 -0.003305674
v -0.03396101 -0.01311487 -0.003046274
v -0.03405584 -0.01314622 -0.003048301
v -0.03393199 -0.0132181 -0.002810955
v -0.03402682 -0.01324952 -0.002813101
v -0.03386882 -0.01341891 -0.002660751
v -0.03396367 -0.01345032 -0.002662778
v -0.03378844 -0.01366347 -0.002635837
v -0.03388329 -0.01369482 -0.002637982
v -0.0337124 -0.01388621 -0.002743006
v -0.03380723 -0.01391757 -0.002745032
v -0.03366104 -0.01402748 -0.00295341
v -0.03375588 -0.01405883 -0.002955556
v -0.03364815 -0.01404941 -0.003210783
v -0.03374299 -0.01408076 -0.00321281
v -0.03367718 -0.01394618 -0.003446102
v -0.03377201 -0.01397753 -0.003448129
v -0.03374034 -0.01374537 -0.003596306
v -0.03383517 -0.01377672 -0.003598332
v -0.0342126 -0.0124892 -0.001009941
v -0.03428866 -0.01226646 -0.0009027719
v -0.03438349 -0.01229787 -0.0009047985
v -0.03430744 -0.01252061 -0.001011968
v -0.03434001 -0.01212519 -0.0006923676
v -0.03443484 -0.01215661 -0.0006943941
v -0.0343529 -0.01210326 -0.0004349947
v -0.03444773 -0.01213461 -0.0004370213
v -0.03432387 -0.01220649 -0.0001996756
v -0.0344187 -0.01223791 -0.0002018213
v -0.03426071 -0.0124073 -4.947186E-05
v -0.03435555 -0.01243871 -5.149841E-05
v -0.03418033 -0.01265186 -2.455711E-05
v -0.03427517 -0.01268321 -2.670288E-05
v -0.03410429 -0.0128746 -0.0001317263
v -0.03419912 -0.01290596 -0.0001337528
v -0.03405292 -0.01301587 -0.0003421307
v -0.03414777 -0.01304722 -0.0003442764
v -0.03404003 -0.0130378 -0.0005995035
v -0.03413488 -0.01306915 -0.0006015301
v -0.03406906 -0.01293457 -0.0008348227
v -0.03416389 -0.01296592 -0.0008368492
v -0.03413223 -0.01273376 -0.0009850264
v -0.03422706 -0.01276511 -0.0009870529
v -0.0353059 -0.008905053 -0.005245805
v -0.03538196 -0.008682311 -0.005138636
v -0.03547679 -0.008713722 -0.005140662
v -0.03540073 -0.008936465 -0.005247831
v -0.03543331 -0.008541048 -0.004928231
v -0.03552814 -0.008572459 -0.004930258
v -0.0354462 -0.008519113 -0.004670858
v -0.03554103 -0.008550465 -0.004672885
v -0.03541717 -0.008622348 -0.004435539
v -0.035512 -0.00865376 -0.004437685
v -0.035354 -0.008823156 -0.004285336
v -0.03544885 -0.008854568 -0.004287362
v -0.03527363 -0.009067714 -0.004260421
v -0.03536847 -0.009099066 -0.004262567
v -0.03519759 -0.009290457 -0.00436759
v -0.03529242 -0.009321809 -0.004369617
v -0.03514622 -0.00943172 -0.004577994
v -0.03524107 -0.009463072 -0.00458014
v -0.03513333 -0.009453654 -0.004835367
v -0.03522818 -0.009485006 -0.004837394
v -0.03516236 -0.009350419 -0.005070686
v -0.03525719 -0.009381771 -0.005072713
v -0.03522553 -0.009149611 -0.00522089
v -0.03532036 -0.009180963 -0.005222917
v -0.03443007 -0.0115217 -0.005706429
v -0.03450613 -0.01129895 -0.00559926
v -0.03460096 -0.01133037 -0.005601287
v -0.0345249 -0.01155311 -0.005708456
v -0.03455748 -0.01115769 -0.005388856
v -0.03465231 -0.0111891 -0.005390882
v -0.03457037 -0.01113576 -0.005131483
v -0.0346652 -0.01116711 -0.00513351
v -0.03454134 -0.01123899 -0.004896164
v -0.03463617 -0.0112704 -0.00489831
v -0.03447817 -0.0114398 -0.00474596
v -0.03457302 -0.01147121 -0.004747987
v -0.0343978 -0.01168436 -0.004721045
v -0.03449264 -0.01171571 -0.004723191
v -0.03432176 -0.0119071 -0.004828215
v -0.03441659 -0.01193845 -0.004830241
v -0.03427039 -0.01204836 -0.005038619
v -0.03436524 -0.01207972 -0.005040765
v -0.0342575 -0.0120703 -0.005295992
v -0.03435235 -0.01210165 -0.005298018
v -0.03428653 -0.01196706 -0.005531311
v -0.03438136 -0.01199841 -0.005533338
v -0.03434969 -0.01176625 -0.005681515
v -0.03444453 -0.01179761 -0.005683541
v -0.03089871 -0.009720266 0.002913237
v -0.03090283 -0.009699464 0.002787352
v -0.02872159 -0.008977652 0.002835035
v -0.02871746 -0.008998454 0.00296092
v -0.03017913 -0.01186973 0.002534866
v -0.02799788 -0.01114792 0.00258255
v -0.02800201 -0.01112711 0.002456665
v -0.03018326 -0.01184893 0.002408981
v 0.01292475 0.003587782 0.002634168
v 0.0128848 0.003754318 0.002257109
v 0.01449433 0.004282296 0.002319813
v 0.01453428 0.00411582 0.002696872
v 0.01307136 0.003164828 0.00243187
v 0.01468089 0.003692865 0.002494574
v 0.01464096 0.003859401 0.002117515
v 0.01303142 0.003331363 0.002054811
v 0.01289482 0.005055904 0.003031611
v 0.01291393 0.005024016 0.002621293
v 0.01376203 0.005293906 0.002639771
v 0.01374292 0.005325794 0.003050208
v 0.01312286 0.004334688 0.003098369
v 0.01397097 0.004604578 0.003116846
v 0.01399007 0.00457269 0.002706528
v 0.01314196 0.0043028 0.002687931
v 0.01312642 0.003003538 0.002375722
v 0.01308647 0.003170073 0.001998663
v 0.014696 0.003698051 0.002061367
v 0.01473595 0.003531575 0.002438426
v 0.01327303 0.002580583 0.002173424
v 0.01488256 0.003108621 0.002236128
v 0.01484263 0.003275156 0.001859069
v 0.0132331 0.002747118 0.001796365
v 0.01241042 0.001048803 0.001690507
v 0.0122218 0.001670063 0.001224399
v 0.01355512 0.002091408 0.001246333
v 0.01374376 0.001470089 0.001712561
v 0.01256064 0.0006073117 0.001041412
v 0.01389398 0.001028597 0.001063347
v 0.01370534 0.001649916 0.0005972385
v 0.01237202 0.001228571 0.0005751848
v 0.01390477 0.005378008 0.003024817
v 0.01392387 0.005346119 0.002614498
v 0.01466613 0.005582273 0.002630711
v 0.01464702 0.005614221 0.003041029
v 0.0141328 0.004656792 0.003091574
v 0.01487507 0.004893005 0.003107786
v 0.01489417 0.004861116 0.002697349
v 0.0141519 0.004624903 0.002681136
v 0.01242247 0.0052858 0.002941251
v 0.01244158 0.005253911 0.002530932
v 0.01265459 0.005321681 0.002535582
v 0.01263548 0.00535357 0.0029459
v 0.01282874 0.004000902 0.003060102
v 0.01304176 0.004068673 0.003064752
v 0.01306087 0.004036784 0.002654433
v 0.01284784 0.003969014 0.002649784
v 0.01274048 0.00536865 0.002948761
v 0.01275958 0.005336761 0.002538443
v 0.01456052 0.00590986 0.002577782
v 0.01454142 0.005941749 0.0029881
v 0.01279865 0.00518465 0.002965808
v 0.01459959 0.005757749 0.003005147
v 0.01461869 0.005725861 0.002594709
v 0.01281776 0.005152762 0.00255549
v 0.01143467 0.006868243 0.002147198
v 0.01157106 0.00644958 0.001480103
v 0.01574822 0.007731497 0.001529694
v 0.01561183 0.00815016 0.002196789
v 0.01179428 0.005664349 0.002976298
v 0.01388286 0.006305277 0.003001094
v 0.01401927 0.005886674 0.002333879
v 0.01193069 0.005245686 0.002309084
v 0.01610783 0.006527603 0.002358675
v 0.01597144 0.006946266 0.003025889
v 0.01492715 0.006625772 0.003013492
v 0.01506355 0.006207108 0.002346277
v 0.0161982 0.006197333 0.003092051
v 0.01515359 0.005878448 0.003070712
v 0.01621845 0.006184638 0.00229311
v 0.01517382 0.005865753 0.002271652
v 0.0264642 0.009956956 -0.005896688
v 0.02573343 0.01209724 -0.004867315
v 0.024905 0.01182312 -0.004885435
v 0.02563578 0.009682775 -0.005914807
v 0.02524 0.01345468 -0.002845407
v 0.02441157 0.01318055 -0.002863526
v 0.02511614 0.01366556 -0.000372529
v 0.02428772 0.01339144 -0.0003906488
v 0.02539502 0.01267332 0.001888394
v 0.0245666 0.0123992 0.001870275
v 0.02600194 0.01074392 0.0033319
v 0.02517352 0.01046979 0.00331378
v 0.02677425 0.008394241 0.003570914
v 0.02594583 0.00812012 0.003552794
v 0.02750503 0.006253958 0.002541542
v 0.0266766 0.005979836 0.002523422
v 0.02799845 0.004896522 0.0005196333
v 0.02717003 0.0046224 0.0005015135
v 0.02812232 0.00468564 -0.001953244
v 0.0272939 0.004411519 -0.001971364
v 0.02784343 0.005677879 -0.004214168
v 0.02701501 0.005403697 -0.004232287
v 0.02723652 0.007607281 -0.005657673
v 0.0264081 0.007333159 -0.005675793
v 0.02772101 0.006027639 -0.003909111
v 0.02717479 0.007764101 -0.005208135
v 0.02797201 0.005134642 -0.001874208
v 0.02786053 0.005324423 0.0003513098
v 0.02741645 0.00654614 0.002171159
v 0.02675875 0.008472383 0.003097534
v 0.02606367 0.0105871 0.002882361
v 0.02551744 0.01232356 0.001583338
v 0.02526645 0.01321656 -0.0004515648
v 0.02537792 0.01302677 -0.002677083
v 0.02582201 0.01180506 -0.004496932
v 0.02647971 0.009878814 -0.005423307
v 0.02697543 0.005780935 -0.003925443
v 0.02642921 0.007517397 -0.005224466
v 0.02722643 0.004887938 -0.001890421
v 0.02711495 0.00507772 0.0003349781
v 0.02667087 0.006299376 0.002154827
v 0.02601317 0.008225679 0.003081203
v 0.02531809 0.01034033 0.002866149
v 0.02477186 0.01207685 0.001567006
v 0.02452086 0.01296985 -0.0004678965
v 0.02463234 0.01278007 -0.002693415
v 0.02507643 0.01155835 -0.004513144
v 0.02573413 0.009632111 -0.005439639
v 0.01636249 0.007080078 0.003878593
v 0.0161884 0.007957458 -0.001437068
v 0.02363051 0.0104202 -0.001274347
v 0.02380459 0.009542823 0.004041433
v 0.01554212 0.002565801 0.003160357
v 0.02508328 0.005723178 0.003369093
v 0.0249092 0.006600559 -0.001946688
v 0.01614296 0.00485456 0.004007816
v 0.0244785 0.007491052 0.004271865
v 0.01669957 0.003587961 -0.002277017
v 0.02113165 0.009279191 0.004348159
v 0.02093786 0.01019126 -0.0005917549
v 0.0229415 0.0108543 -0.0005478859
v 0.02313529 0.009942234 0.004392028
v 0.02283132 0.004202008 0.003454447
v 0.02483497 0.00486505 0.003498316
v 0.02467265 0.005683124 -0.001458049
v 0.022669 0.005020082 -0.001501918
v 0.02198197 0.006705821 0.00440526
v 0.02398562 0.007368863 0.00444901
v 0.02295735 0.009695947 0.004275918
v 0.02290709 0.009889364 0.003647804
v 0.02533748 0.01069361 0.003700972
v 0.02538774 0.01050019 0.004329085
v 0.02453341 0.004988015 0.003447175
v 0.02696381 0.00579232 0.003500342
v 0.02694273 0.005898535 0.00285697
v 0.02451234 0.00509423 0.002803802
v 0.02335159 0.008502841 0.004302382
v 0.02354871 0.007906318 0.004315615
v 0.02374583 0.007309735 0.004328847
v 0.02394273 0.006729305 0.004108429
v 0.02413963 0.006148875 0.003888011
v 0.02411103 0.006292999 0.003014803
v 0.02391037 0.006892383 0.003120303
v 0.02370971 0.007491767 0.003225803
v 0.02350906 0.008091152 0.003331304
v 0.0233084 0.008690596 0.003436804
v 0.0257388 0.009494841 0.003489971
v 0.02593945 0.008895457 0.003384471
v 0.02597911 0.008710563 0.004368782
v 0.02578199 0.009307086 0.00435555
v 0.02447768 0.008213699 0.00433588
v 0.02657002 0.00695318 0.003941178
v 0.02637313 0.00753355 0.004161596
v 0.02487169 0.007036746 0.004128695
v 0.02483933 0.007199824 0.003140569
v 0.02443802 0.008398592 0.003351569
v 0.02654142 0.007097304 0.00306797
v 0.02634076 0.007696688 0.00317347
v 0.02468118 0.007592499 0.004430532
v 0.02336244 0.004459918 0.001341462
v 0.02344135 0.004598677 9.62019E-05
v 0.02423829 0.002218127 -0.0003228188
v 0.02415937 0.002079368 0.0009224415
v 0.0186137 0.002888441 0.001237631
v 0.01941064 0.0005078912 0.0008186102
v 0.01937355 0.0006947517 -0.0003136396
v 0.01857662 0.003075361 0.000105381
v 0.02220471 0.004036605 0.001544356
v 0.02162586 0.003824949 0.001645923
v 0.021047 0.003613353 0.00174737
v 0.02043867 0.003432095 0.001619935
v 0.01983035 0.003250897 0.0014925
v 0.01980193 0.003394127 0.0006245375
v 0.02040651 0.00359422 0.0006377697
v 0.02101108 0.003794312 0.0006510019
v 0.02161567 0.003994346 0.0006642342
v 0.02222025 0.004194438 0.0006773472
v 0.02301719 0.001813889 0.0002583265
v 0.02241261 0.001613796 0.0002452135
v 0.02242279 0.001444399 0.001226902
v 0.02300165 0.001656055 0.001125336
v 0.02193047 0.002915084 0.001485705
v 0.02062728 0.000870347 0.00107348
v 0.0212356 0.001051545 0.001200914
v 0.02074328 0.002522171 0.001459718
v 0.02071112 0.002684295 0.0004775524
v 0.02192028 0.003084421 0.0005040169
v 0.02059886 0.001013577 0.0002055168
v 0.02120344 0.00121367 0.000218749
v 0.02134332 0.002686083 0.001669765
v 0.02062932 0.01262999 0.002681375
v 0.02064568 0.01295573 0.001469016
v 0.02144261 0.01057518 0.001049995
v 0.02142626 0.01024944 0.002262354
v 0.01664045 0.00886488 0.001026273
v 0.01584351 0.01124543 0.001445293
v 0.01588058 0.01105857 0.002577543
v 0.01667753 0.008678019 0.002158523
v 0.02028409 0.009983957 0.001598239
v 0.0196795 0.009783924 0.001585007
v 0.01907492 0.009583831 0.001571894
v 0.01847033 0.009383798 0.001558661
v 0.01786575 0.009183705 0.001545429
v 0.01789416 0.009040475 0.002413392
v 0.01850249 0.009221673 0.002540827
v 0.01911081 0.009402871 0.002668262
v 0.01968968 0.009614527 0.002566695
v 0.02026854 0.009826183 0.002465248
v 0.0194716 0.01220673 0.002884269
v 0.01889275 0.01199508 0.002985716
v 0.01888257 0.01216447 0.002004027
v 0.01948716 0.01236451 0.00201726
v 0.01938507 0.01052445 0.002726912
v 0.01709723 0.01142102 0.002832413
v 0.01819788 0.0101316 0.002700925
v 0.01770556 0.01160222 0.002959847
v 0.01816572 0.01029366 0.00171876
v 0.01937489 0.01069385 0.001745224
v 0.01706882 0.01156425 0.00196445
v 0.0176734 0.01176435 0.001977682
v 0.01879793 0.01029551 0.002910972
v 0.02119336 0.007642269 0.004227281
v 0.02117848 0.007717311 0.003772855
v 0.02161589 0.007862031 0.003782392
v 0.02163076 0.007787049 0.004236817
v 0.02191484 0.005487144 0.003847957
v 0.02235225 0.005631864 0.003857493
v 0.02233738 0.005706906 0.003403068
v 0.02189997 0.005562127 0.003393531
v 0.02156058 0.006532073 0.004235148
v 0.02199799 0.006676853 0.004244804
v 0.02117954 0.01142865 -0.004299045
v 0.0212765 0.01134807 -0.00304997
v 0.02047957 0.01372862 -0.002630949
v 0.02038261 0.0138092 -0.003880024
v 0.01643081 0.009857178 -0.004402876
v 0.01563388 0.01223773 -0.003983855
v 0.01567096 0.01205087 -0.002851725
v 0.01646788 0.009670317 -0.003270745
v 0.02000687 0.01108074 -0.00455296
v 0.01942052 0.01090682 -0.004679918
v 0.01883419 0.01073283 -0.004806876
v 0.01823334 0.01051396 -0.004705906
v 0.0176325 0.01029503 -0.004604936
v 0.01766093 0.01015174 -0.003736854
v 0.01826552 0.01035184 -0.003723741
v 0.0188701 0.01055187 -0.003710508
v 0.01947467 0.01075196 -0.003697276
v 0.02007926 0.01095206 -0.003684044
v 0.01928233 0.01333261 -0.003265023
v 0.01867774 0.01313251 -0.003278255
v 0.01862359 0.01328737 -0.004260898
v 0.01920994 0.01346129 -0.00413394
v 0.01911591 0.01181674 -0.004519701
v 0.01683557 0.01267558 -0.004185796
v 0.01743641 0.01289451 -0.004286885
v 0.01792873 0.01142383 -0.004545689
v 0.01796091 0.01126176 -0.003563523
v 0.01917006 0.01166189 -0.003537059
v 0.01686399 0.01253229 -0.003317833
v 0.01746857 0.01273239 -0.00330472
v 0.01851587 0.01165283 -0.004729748
v 0.02391264 0.003258526 -0.005638838
v 0.02407217 0.002991021 -0.004422665
v 0.02327523 0.005371571 -0.004003644
v 0.02311571 0.005639076 -0.005219817
v 0.01840405 0.003880739 -0.004191518
v 0.01920098 0.001500189 -0.004610538
v 0.01916391 0.00168705 -0.005742669
v 0.01836698 0.0040676 -0.005323648
v 0.02201542 0.005162477 -0.004604816
v 0.02141084 0.004962385 -0.004618049
v 0.02080625 0.004762352 -0.004631281
v 0.02020167 0.004562259 -0.004644394
v 0.01959708 0.004362226 -0.004657626
v 0.01956867 0.004505455 -0.005525589
v 0.02016951 0.004724383 -0.005626678
v 0.02077036 0.004943311 -0.005727649
v 0.02135669 0.005117238 -0.005600691
v 0.02194303 0.005291164 -0.005473733
v 0.02273996 0.002910614 -0.005892754
v 0.02215362 0.002736688 -0.006019711
v 0.02220777 0.002581835 -0.005037069
v 0.02281235 0.002781928 -0.005023837
v 0.0216613 0.004207313 -0.005760789
v 0.0203656 0.002124906 -0.00594461
v 0.02047412 0.003814459 -0.005786777
v 0.02096644 0.002343833 -0.00604558
v 0.02050628 0.003652334 -0.004804611
v 0.02171545 0.00405252 -0.004778147
v 0.02039401 0.001981676 -0.005076647
v 0.0209986 0.002181709 -0.005063415
v 0.02106126 0.0040434 -0.005970836
v 0.02416141 0.006803215 -0.007006288
v 0.02421166 0.006609857 -0.006378174
v 0.02664205 0.007414103 -0.006325006
v 0.0265918 0.00760752 -0.00695312
v 0.02258535 0.01151115 -0.006177664
v 0.02501574 0.01231539 -0.006124496
v 0.0250368 0.01220924 -0.005481005
v 0.02260642 0.01140493 -0.005534172
v 0.02376716 0.007996321 -0.007032752
v 0.02357004 0.008592904 -0.007045984
v 0.02337292 0.009189487 -0.007059216
v 0.02317602 0.009769857 -0.006838799
v 0.02297913 0.01035029 -0.006618381
v 0.02300772 0.01020616 -0.005745173
v 0.02320838 0.009606779 -0.005850673
v 0.02340903 0.009007394 -0.005956173
v 0.02360969 0.00840801 -0.006061673
v 0.02381034 0.007808626 -0.006167173
v 0.02624074 0.008612871 -0.006114006
v 0.02604008 0.009212255 -0.006008506
v 0.02600043 0.009397149 -0.006992817
v 0.02619755 0.008800626 -0.006979585
v 0.024499 0.008900344 -0.007025659
v 0.02540953 0.01115459 -0.006565213
v 0.02560642 0.01057416 -0.006785691
v 0.02410498 0.0100773 -0.006818533
v 0.02413734 0.009914219 -0.005830407
v 0.02453865 0.008715451 -0.006041408
v 0.02543812 0.01101041 -0.005692005
v 0.02563877 0.01041102 -0.005797505
v 0.0242955 0.009521544 -0.007120371
v 0.02245179 0.006049991 -0.007155597
v 0.02264558 0.00513792 -0.002215743
v 0.02464923 0.005800962 -0.002171874
v 0.02445544 0.006713033 -0.007111788
v 0.02075212 0.01112717 -0.006261945
v 0.02275576 0.01179022 -0.006218076
v 0.02291808 0.01097214 -0.001261711
v 0.02091442 0.0103091 -0.001305461
v 0.02160147 0.008623362 -0.007212698
v 0.02360511 0.009286404 -0.007168829
v 0.02175628 0.007414639 -0.007034898
v 0.02177112 0.007339776 -0.006581664
v 0.02220736 0.007484138 -0.006572127
v 0.02219252 0.007559001 -0.007025361
v 0.0210367 0.009564102 -0.006656528
v 0.02147295 0.009708464 -0.006646991
v 0.02148779 0.009633601 -0.006193757
v 0.02105154 0.009489238 -0.006203294
v 0.02139004 0.008521855 -0.007042766
v 0.02182628 0.008666217 -0.007033229
v 0.007546544 0.001677573 -0.006928682
v 0.007565901 0.00158 -0.006337523
v 0.02245528 0.006507158 -0.006011844
v 0.0224359 0.006604731 -0.006603003
v 0.006263822 0.005509257 -0.006254315
v 0.0211532 0.01043642 -0.005928636
v 0.02117255 0.01033884 -0.005337477
v 0.006283179 0.005411625 -0.005663037
v 0.006889045 0.003674746 -0.007084131
v 0.02177842 0.008601904 -0.006758451
v -0.02506731 -0.008795083 0.00290525
v -0.02520905 -0.008582473 0.002944946
v -0.02521229 -0.008566201 0.002846479
v -0.02507055 -0.008778811 0.002806664
v -0.02543989 -0.008468866 0.002971292
v -0.02544311 -0.008452594 0.002872705
v -0.02569793 -0.008484721 0.002977133
v -0.02570115 -0.008468449 0.002878547
v -0.02591406 -0.008625805 0.00296092
v -0.02591729 -0.008609533 0.002862334
v -0.02603038 -0.00885427 0.002926946
v -0.0260336 -0.008837998 0.002828479
v -0.02601568 -0.009108901 0.002884507
v -0.02601892 -0.009092629 0.002785921
v -0.02587394 -0.009321511 0.00284481
v -0.02587716 -0.009305239 0.002746224
v -0.02564313 -0.009435117 0.002818465
v -0.02564634 -0.009418845 0.002719879
v -0.02538507 -0.009419262 0.002812624
v -0.0253883 -0.00940299 0.002714038
v -0.02516894 -0.009278238 0.002828836
v -0.02517216 -0.009261966 0.00273025
v -0.02505264 -0.009049714 0.002862692
v -0.02505586 -0.009033501 0.002764225
vn 0.1122335 -0.3993034 0.9099234
vn 0.2442432 -0.7764753 0.5808885
vn 0.3108082 -0.9455914 0.09620395
vn 0.2940925 -0.8613369 -0.4142563
vn 0.1985749 -0.5462878 -0.8137184
vn 0.04984908 -0.08486085 -0.9951451
vn -0.1122333 0.3993032 -0.9099234
vn -0.2442431 0.7764751 -0.5808886
vn -0.3108082 0.9455914 -0.09620342
vn -0.2940926 0.8613374 0.4142554
vn -0.1985749 0.546288 0.8137183
vn -0.04984873 0.08486023 0.9951452
vn 0.9491645 0.314095 0.02076136
vn 0.9509562 0.22022 0.2172219
vn 0.9491645 0.314095 0.02076147
vn 0.9491645 0.314095 0.02076144
vn 0.9491645 0.3140951 0.02076113
vn 0.9491645 0.314095 0.0207616
vn 0.9491645 0.314095 0.02076147
vn 0.9491645 0.3140951 0.02076115
vn 0.9491645 0.3140951 0.02076131
vn 0.9491645 0.314095 0.02076135
vn 0.9491645 0.314095 0.0207617
vn 0.9491645 0.3140951 0.02076113
vn 0.9491645 0.3140951 0.0207613
vn -0.1985751 0.5462878 0.8137184
vn -0.2940927 0.8613367 0.4142566
vn -0.3108085 0.9455912 -0.09620463
vn -0.2442434 0.7764755 -0.5808882
vn -0.1122334 0.3993036 -0.9099233
vn 0.04984944 -0.08486143 -0.995145
vn 0.1985751 -0.5462877 -0.8137185
vn 0.2940928 -0.8613369 -0.4142562
vn 0.3108086 -0.9455913 0.09620414
vn 0.2442433 -0.7764753 0.5808885
vn 0.1122335 -0.3993038 0.9099232
vn -0.04984946 0.08486153 0.995145
vn -0.9696696 -0.1898188 0.1539792
vn -0.9901249 -0.1223501 0.06843406
vn -0.9937042 -0.1043109 -0.04088047
vn -0.9794493 -0.140525 -0.1446782
vn -0.9511782 -0.2212924 -0.2151505
vn -0.9164649 -0.324983 -0.2334054
vn -0.8846164 -0.4237971 -0.1945504
vn -0.8641639 -0.4912651 -0.1089931
vn -0.9074486 -0.4200528 -0.009635126
vn -0.8748347 -0.4730995 0.1041211
vn -0.9031047 -0.3923244 0.1745953
vn -0.9378196 -0.2886322 0.1928363
vn -0.1985756 0.546288 0.8137181
vn -0.2940929 0.8613367 0.4142565
vn -0.3108084 0.9455913 -0.09620444
vn -0.2442432 0.7764758 -0.5808879
vn -0.1122332 0.399304 -0.9099231
vn 0.04984996 -0.08486165 -0.995145
vn 0.1985752 -0.5462868 -0.813719
vn 0.2780908 -0.8058037 -0.5228249
vn 0.3108084 -0.9455913 0.09620488
vn 0.09064302 -0.3358864 0.9375309
vn 0.1122331 -0.3993037 0.9099233
vn -0.04984993 0.08486172 0.995145
vn -0.9696757 -0.2008692 0.1392141
vn 0.9795294 0.1385834 0.1460024
vn 0.9939374 0.1019804 0.04109075
vn 0.9903192 0.120218 -0.06939397
vn 0.969645 0.1884072 -0.1558568
vn 0.9374534 0.2882802 -0.1951298
vn 0.9023695 0.3930793 -0.1766859
vn 0.8737965 0.474718 -0.1054637
vn 0.8593902 0.51132 -0.0005535248
vn 0.8630081 0.4930841 0.1099318
vn 0.8836831 0.4248916 0.1963959
vn 0.9158745 0.3250158 0.2356665
vn 0.1122334 -0.3993036 0.9099233
vn 0.2442432 -0.7764758 0.5808879
vn 0.3108082 -0.9455913 0.09620478
vn 0.2940924 -0.8613368 -0.4142566
vn 0.1985747 -0.5462881 -0.8137183
vn 0.049849 -0.08486073 -0.9951451
vn -0.1122332 0.3993031 -0.9099235
vn -0.2442431 0.7764753 -0.5808885
vn -0.3108083 0.9455914 -0.09620398
vn -0.2940927 0.8613372 0.4142558
vn -0.1985752 0.546288 0.8137183
vn -0.04984922 0.0848607 0.9951451
vn -0.917913 -0.3753206 0.1287257
vn -0.8962666 -0.4371676 0.07477064
vn -0.8853509 -0.4648995 -0.004703073
vn -0.8880913 -0.4510848 -0.0884102
vn -0.9037555 -0.3994211 -0.1539116
vn -0.928143 -0.3237579 -0.1836611
vn -0.9547201 -0.244367 -0.1696887
vn -0.9763669 -0.1825199 -0.1157336
vn -0.9872823 -0.1547879 -0.03625591
vn -0.9845409 -0.1686052 0.04745021
vn -0.9688786 -0.220265 0.112949
vn -0.9444913 -0.2959269 0.1427009
vn 0.1122267 -0.3993053 0.9099233
vn 0.2442368 -0.7764786 0.5808867
vn 0.3108055 -0.9455924 0.09620345
vn 0.2940929 -0.8613372 -0.4142553
vn 0.1985763 -0.5462865 -0.8137189
vn 0.04985351 -0.08485761 -0.9951451
vn -0.1122242 0.399306 -0.9099233
vn -0.2442343 0.7764784 -0.5808881
vn -0.3108088 0.9455912 -0.09620342
vn -0.2940943 0.8613367 0.4142555
vn -0.1985795 0.5462863 0.8137184
vn -0.04985501 0.08485825 0.995145
vn -0.6239684 -0.501341 0.5994337
vn -0.5347826 -0.7561575 0.3771383
vn -0.4898113 -0.8704115 0.04968894
vn -0.5011042 -0.8134897 -0.2951767
vn -0.5656347 -0.6006438 -0.5650527
vn -0.6661131 -0.2889039 -0.6876248
vn -0.7756156 0.03819477 -0.630049
vn -0.8648013 0.2930113 -0.4077535
vn -0.9097726 0.4072658 -0.08030188
vn -0.8984796 0.3503431 0.264564
vn -0.8339491 0.1374965 0.5344377
vn -0.7334708 -0.1742421 0.6570086
vn -0.9491646 -0.3140948 -0.02076185
vn 0.979729 -0.1695134 -0.1067537
vn 0.9916524 0.1194524 -0.04854462
vn 0.9781643 0.2054366 -0.03147138
vn 0.8614572 0.492846 -0.1224514
vn 0.244243 -0.7764754 0.5808885
vn 0.112233 -0.3993039 0.9099232
vn -0.04984995 0.08486147 0.995145
vn -0.1985756 0.5462878 0.8137183
vn -0.9505924 0.03630679 0.3083114
vn -0.9228204 0.08844161 0.3749409
vn -0.1016669 0.2434725 0.9645647
vn -0.9527844 -0.1797833 0.2447037
vn -0.9105579 0.004575338 0.4133565
vn 0.08811627 -0.3284412 0.9404052
vn 0.2096311 -0.1597392 0.9646441
vn -0.9664196 -0.02356432 0.2558865
vn 0.1181355 -0.3191017 0.9403287
vn -0.9471766 -0.04931595 0.3168982
vn 0.2244976 -0.1136562 0.9678239
vn 0.9803361 0.1951975 -0.02896716
vn 0.9967845 0.07223367 -0.03468366
vn 0.1749677 -0.2094196 0.9620445
vn 0.9904578 0.1320607 -0.03941195
vn 0.1662839 -0.09421101 0.9815671
vn 0.06452805 0.1817251 0.98123
vn 0.9885336 0.1009565 -0.1122899
vn 0.09189755 -0.1946331 0.9765618
vn 0.03421065 -0.3755911 0.9261539
vn -0.9491646 -0.314095 -0.02076126
vn -0.9491645 -0.314095 -0.02076155
vn -0.9491648 -0.3140942 -0.02076142
vn -0.9491645 -0.3140953 -0.02076027
vn -0.4149128 0.8954344 0.1613834
vn -0.9097725 0.4072662 -0.08030153
vn -0.8984799 0.3503428 0.2645632
vn -0.02150099 0.1663273 -0.9858361
vn 0.2668572 -0.06075127 0.9618194
vn -0.2802353 0.9362103 0.2120813
vn -0.9521495 -0.3038384 0.03307044
vn -0.9400845 0.339379 -0.03260566
vn -0.9444591 0.2798897 0.1722171
vn -0.01545935 -0.17835 0.9838457
vn -0.2899871 0.9426836 0.165091
vn -0.9573589 -0.2776133 -0.07996795
vn -0.9577593 -0.2871737 -0.01511098
vn 0.2088581 0.2516835 -0.9450046
vn -0.2821945 0.9454823 0.1625718
vn -0.9548233 -0.2965024 -0.01997653
vn -0.9884076 -0.1390848 0.06087615
vn -0.9916866 -0.122553 -0.03922365
vn -0.9786312 -0.1557292 -0.1342734
vn -0.9527452 -0.2296967 -0.1987865
vn -0.9209576 -0.3246401 -0.2155132
vn -0.8917942 -0.4151216 -0.1799362
vn -0.8730677 -0.4768988 -0.1015893
vn -0.3929496 -0.9176928 0.05857113
vn -0.8828393 -0.4602641 0.09355108
vn -0.9087287 -0.3862973 0.1580717
vn -0.9405116 -0.2913528 0.1747898
vn -0.1985809 0.5462869 0.8137176
vn -0.2940984 0.861335 0.414256
vn -0.3108128 0.9455898 -0.09620402
vn -0.2442457 0.776475 -0.5808879
vn -0.1122325 0.3993042 -0.9099231
vn 0.04985307 -0.08486096 -0.9951449
vn 0.1985797 -0.5462849 -0.8137193
vn 0.2940975 -0.8613356 -0.4142556
vn 0.3108121 -0.9455901 0.0962043
vn 0.2442454 -0.7764749 0.5808882
vn 0.1122321 -0.3993038 0.9099234
vn -0.04985298 0.08485974 0.995145
vn 0.9491645 0.3140951 0.0207612
vn 0.9491645 0.3140951 0.02076132
vn 0.9491645 0.3140951 0.02076099
vn 0.9491641 0.314096 0.02076623
vn 0.9491645 0.3140956 0.02075824
vn 0.9491629 0.3141001 0.02076077
vn 0.9491658 0.3140908 0.02076518
vn 0.9491649 0.3140938 0.02076465
vn 0.9491646 0.3140948 0.02076253
vn 0.9491644 0.3140958 0.02075666
vn 0.9491646 0.3140949 0.02076209
vn 0.9491644 0.3140958 0.02075687
vn -0.19858 0.5462872 0.8137177
vn -0.2940978 0.8613355 0.4142558
vn -0.3108118 0.9455906 -0.0962004
vn -0.2442435 0.7764762 -0.5808872
vn -0.1122317 0.3993061 -0.9099224
vn 0.04985408 -0.08486203 -0.9951447
vn 0.1985793 -0.5462811 -0.8137219
vn 0.2941002 -0.8613338 -0.4142571
vn 0.3108162 -0.9455886 0.09620474
vn 0.2442458 -0.7764758 0.5808865
vn 0.1122315 -0.3993014 0.9099244
vn -0.04985177 0.08486211 0.9951448
vn 0.9491645 0.3140951 0.02076208
vn 0.2747098 -0.8587381 0.4325546
vn 0.09064344 -0.3358876 0.9375305
vn 0.244243 -0.7764758 0.580888
vn 0.2747096 -0.8587378 0.4325551
vn -0.905296 -0.4155417 -0.08811546
vn -0.9055805 -0.4234075 -0.02549479
vn 0.8838288 0.4588494 -0.09112625
vn -0.9645956 -0.2403008 0.108678
vn -0.7288495 -0.5262605 0.437982
vn -0.6374381 -0.7070459 -0.306201
vn -0.952735 -0.124968 0.2769098
vn -0.8140702 -0.534452 0.2272679
vn 0.8925817 0.418277 -0.1683519
vn -0.9979366 -0.06316899 -0.01150356
vn -0.2144686 -0.2385148 0.9471611
vn -0.6483262 -0.3371929 0.682623
vn -0.9084645 -0.3455203 0.2351769
vn -0.9251806 -0.261266 -0.2752837
vn -0.6939954 -0.1070055 -0.7119834
vn -0.2768542 0.07592703 -0.9579076
vn 0.2144691 0.2385149 -0.9471609
vn 0.6483263 0.337193 -0.6826228
vn 0.9084644 0.3455204 -0.2351769
vn 0.9251805 0.2612661 0.2752835
vn 0.6939954 0.1070056 0.7119833
vn 0.2768535 -0.07592741 0.9579077
vn -0.1143748 0.9295402 0.3505331
vn -0.2144702 -0.2385101 0.9471618
vn -0.648326 -0.3371905 0.6826245
vn -0.9084637 -0.3455216 0.2351777
vn -0.9251787 -0.2612702 -0.275286
vn -0.6939936 -0.107003 -0.7119855
vn -0.2768572 0.0759334 -0.9579062
vn 0.2144694 0.2385143 -0.9471609
vn 0.6483259 0.337194 -0.6826227
vn 0.9084662 0.3455133 -0.2351801
vn 0.9251831 0.2612576 0.2752831
vn 0.6939952 0.1070083 0.7119831
vn 0.2768546 -0.07592715 0.9579074
vn 0.2436842 -0.9650037 0.09688155
vn 0.1266849 -0.991614 0.02554761
vn 0.05653328 -0.9938596 -0.09511576
vn 0.05202553 -0.9711387 -0.2327724
vn 0.1143695 -0.9295389 -0.3505384
vn 0.2268608 -0.8802086 -0.4168539
vn 0.3593562 -0.836364 -0.4139547
vn 0.4763547 -0.8097519 -0.3426194
vn 0.5465065 -0.8075059 -0.2219571
vn 0.5510145 -0.8302269 -0.08429993
vn 0.4886704 -0.8718265 0.03346466
vn 0.3761794 -0.9211584 0.09978041
vn -0.2144694 -0.2385138 0.9471611
vn -0.6483265 -0.3371918 0.6826232
vn -0.9084639 -0.3455209 0.2351783
vn -0.9251799 -0.2612673 -0.2752844
vn -0.6939945 -0.107006 -0.7119841
vn -0.2768539 0.07592642 -0.9579077
vn 0.2144687 0.2385141 -0.9471611
vn 0.6483266 0.3371931 -0.6826226
vn 0.9084641 0.3455201 -0.2351787
vn 0.92518 0.2612665 0.2752851
vn 0.6939952 0.1070065 0.7119833
vn 0.276854 -0.07592688 0.9579076
vn -0.3536927 0.8565724 0.3757463
vn -0.4523707 0.8341284 0.3155796
vn -0.5115378 0.8322344 0.2138107
vn -0.5153397 0.8513976 0.09770902
vn -0.4627579 0.8864832 -0.001614852
vn -0.3678818 0.92809 -0.0575494
vn -0.2561347 0.9650692 -0.05510456
vn -0.1574563 0.9875129 0.005063094
vn -0.09828996 0.989407 0.106831
vn -0.09448795 0.9702439 0.2229323
vn -0.1470692 0.9351584 0.3222565
vn -0.2419457 0.8935515 0.3781907
vn -0.2144695 -0.2385144 0.9471609
vn -0.6483257 -0.3371923 0.6826237
vn -0.9084639 -0.3455202 0.2351789
vn -0.9251802 -0.2612655 -0.2752852
vn -0.6939948 -0.1070054 -0.7119839
vn -0.276854 0.07592678 -0.9579076
vn 0.2144688 0.2385143 -0.9471611
vn 0.648327 0.3371924 -0.6826226
vn 0.9084641 0.3455199 -0.235179
vn 0.9251802 0.2612653 0.2752853
vn 0.693996 0.107006 0.7119827
vn 0.276854 -0.07592683 0.9579076
vn -0.31312 0.9353348 0.1646355
vn -0.05203351 0.9711386 0.2327709
vn -0.05654144 0.993859 0.09511841
vn -0.1266906 0.9916134 -0.02554224
vn -0.2436848 0.9650037 -0.09687887
vn -0.3761792 0.921159 -0.09977628
vn -0.4886664 0.8718289 -0.03346123
vn -0.5510086 0.8302305 0.08430286
vn -0.5465012 0.80751 0.2219553
vn -0.4763511 0.8097553 0.3426167
vn -0.359356 0.8363655 0.4139518
vn -0.2268619 0.8802099 0.4168506
vn 0.6939951 0.107006 0.7119835
vn 0.9251804 0.2612666 0.2752836
vn 0.9084642 0.3455211 -0.2351763
vn 0.6483257 0.3371931 -0.6826234
vn 0.214469 0.2385149 -0.9471609
vn -0.2768546 0.07592683 -0.9579074
vn -0.6939949 -0.1070055 -0.7119839
vn -0.9251811 -0.2612646 -0.2752832
vn -0.9084649 -0.3455189 0.2351772
vn -0.6483256 -0.3371931 0.6826235
vn -0.2144687 -0.238515 0.9471609
vn 0.2768537 -0.07592707 0.9579077
vn 0.4627573 -0.8864835 0.001614354
vn 0.5153383 -0.8513984 -0.09771001
vn 0.5115363 -0.8322356 -0.2138098
vn 0.4523701 -0.8341292 -0.3155784
vn 0.3536927 -0.8565735 -0.3757437
vn 0.2419461 -0.8935525 -0.3781879
vn 0.1470706 -0.9351587 -0.3222553
vn 0.09448882 -0.9702439 -0.2229322
vn 0.09829057 -0.9894069 -0.1068317
vn 0.1574576 -0.9875128 -0.005064078
vn 0.2561351 -0.9650693 0.05510153
vn 0.3678816 -0.9280904 0.05754562
vn 0.6939952 0.1070054 0.7119836
vn 0.9251805 0.2612661 0.2752839
vn 0.9084643 0.3455204 -0.2351772
vn 0.6483259 0.3371929 -0.6826233
vn 0.2144693 0.238515 -0.9471608
vn -0.2768549 0.07592706 -0.9579074
vn -0.6939949 -0.107005 -0.7119839
vn -0.9251804 -0.2612654 -0.2752849
vn -0.908464 -0.3455202 0.2351783
vn -0.6483255 -0.3371927 0.6826238
vn -0.2144692 -0.238515 0.9471608
vn 0.2768536 -0.07592747 0.9579077
vn 0.3131203 -0.9353345 -0.1646359
vn -0.2144708 -0.2385139 0.9471608
vn -0.648326 -0.3371922 0.6826236
vn -0.9084645 -0.3455204 0.2351763
vn -0.92518 -0.2612663 -0.2752852
vn -0.6939939 -0.1070059 -0.7119847
vn -0.2768538 0.07592598 -0.9579078
vn 0.948845 0.3155093 0.01212536
vn 0.9494167 0.3126163 0.02964678
vn 0.3131199 -0.9353349 -0.1646346
vn 0.3300222 0.9363061 0.1200675
vn 0.9471164 0.3201472 0.02182739
vn 0.3129921 -0.9353772 -0.1646374
vn -0.009255535 0.9358637 0.3522406
vn -0.1787526 0.9507053 0.2533908
vn -0.1845195 0.9797967 0.07714292
vn -0.02183353 0.9992551 -0.03182027
vn 0.3315329 0.928706 0.1661053
vn -0.3131184 0.9353355 0.1646343
vn 0.2144701 0.2385233 -0.9471585
vn 0.6483237 0.3371987 -0.6826226
vn 0.9084635 0.345524 -0.2351749
vn 0.9251797 0.2612665 0.2752863
vn 0.6939952 0.1070032 0.7119839
vn 0.2768525 -0.07593407 0.9579075
vn -0.9491628 -0.3141001 -0.02076231
vn -0.3131199 0.9353349 0.1646345
vn 0.3407861 0.8276802 0.4458816
vn 0.3203754 0.9305444 -0.1773325
vn 0.1345853 0.9755745 0.1736123
vn 0.1335001 0.98103 0.1405629
vn -0.3074436 0.9107978 0.2755462
vn -0.3147759 0.9477629 0.05159158
vn -0.2144695 -0.238517 0.9471602
vn -0.6483254 -0.3371944 0.6826229
vn -0.9084644 -0.3455208 0.2351762
vn -0.9251803 -0.2612657 -0.2752847
vn -0.6939942 -0.1070041 -0.7119847
vn -0.2768536 0.07592882 -0.9579076
vn 0.9488451 0.3155089 0.01212603
vn 0.9494166 0.3126167 0.02964696
vn -0.3131213 0.935334 0.1646373
vn 0.8261243 -0.5456186 -0.1407804
vn 0.9511722 0.3080317 0.01969514
vn -0.3132237 0.9353001 0.1646349
vn 0.5770566 -0.8155202 0.04396031
vn 0.4393004 -0.8954844 -0.0715745
vn 0.4335209 -0.866397 -0.2478224
vn 0.5644731 -0.7521316 -0.3401003
vn 0.8276328 -0.5532162 -0.0947407
vn 0.313123 -0.9353334 -0.1646377
vn 0.2144749 0.2385088 -0.9471611
vn 0.6483274 0.3371876 -0.6826245
vn 0.9084657 0.3455171 -0.2351765
vn 0.92518 0.2612647 0.2752868
vn 0.6939938 0.1070073 0.7119846
vn 0.276848 -0.07592339 0.9579096
vn -0.9491656 -0.3140917 -0.02076109
vn 0.3131212 -0.935334 -0.1646374
vn 0.804741 -0.5582231 0.2019378
vn 0.7843322 -0.4553569 -0.4212757
vn 0.6975318 -0.7060256 -0.1223815
vn 0.6964493 -0.7005705 -0.1554331
vn 0.3147514 -0.9477708 -0.05159626
vn 0.3074188 -0.910805 -0.2755502
vn 0.9491644 0.3140954 0.0207606
vn 0.9491645 0.314095 0.02076121
vn 0.9491642 0.3140961 0.02076139
vn 0.9491646 0.3140947 0.02076104
vn 0.9491644 0.3140954 0.02076127
vn 0.9491645 0.314095 0.02076155
vn 0.9491644 0.3140955 0.02076148
vn 0.9491646 0.3140948 0.02076115
vn 0.9491645 0.3140953 0.0207613
vn 0.9491648 0.3140943 0.02076133
vn 0.9491645 0.3140952 0.02076086
vn 0.9491646 0.3140951 0.02076099
vn 0.9491645 0.3140951 0.0207613
vn -0.9491646 -0.314095 -0.02076152
vn -0.2442446 0.7764757 -0.5808874
vn -0.949164 -0.3140969 -0.02075693
vn 0.2442444 -0.7764748 0.5808886
vn 0.1985741 -0.546288 -0.8137186
vn -0.310808 0.9455913 -0.09620518
vn -0.9491647 -0.3140942 -0.0207626
vn 0.3108088 -0.9455919 0.0961969
vn 0.04984942 -0.08486093 -0.9951451
vn -0.2940927 0.861338 0.414254
vn -0.9491645 -0.314095 -0.02076177
vn 0.2940925 -0.8613365 -0.4142573
vn -0.1122332 0.399305 -0.9099227
vn -0.1985721 0.5462801 0.8137243
vn -0.9491642 -0.3140966 -0.02075666
vn 0.1985743 -0.5462884 -0.8137182
vn -0.2442441 0.7764763 -0.5808868
vn -0.04984931 0.08486202 0.995145
vn -0.949164 -0.3140964 -0.02076281
vn 0.04984878 -0.0848603 -0.9951451
vn -0.3108086 0.9455911 -0.09620569
vn 0.1122325 -0.3993001 0.9099249
vn -0.9491646 -0.314095 -0.02076193
vn -0.1122338 0.3993044 -0.9099228
vn -0.2940922 0.8613369 0.4142566
vn 0.2442452 -0.77648 0.5808814
vn -0.9491645 -0.3140953 -0.02075889
vn -0.2442435 0.7764744 -0.5808895
vn -0.1985747 0.5462866 0.8137193
vn 0.310808 -0.945591 0.09620828
vn -0.9491645 -0.314095 -0.020762
vn -0.3108081 0.9455914 -0.09620401
vn -0.04984887 0.08486133 0.9951451
vn 0.294092 -0.8613357 -0.4142593
vn -0.9491645 -0.314095 -0.0207616
vn -0.2940925 0.8613369 0.4142565
vn 0.1122334 -0.3993029 0.9099236
vn 0.1985754 -0.5462905 -0.8137165
vn -0.9491645 -0.3140954 -0.02076044
vn -0.1985745 0.5462884 0.8137181
vn 0.2442434 -0.7764754 0.5808882
vn 0.04984965 -0.08486333 -0.9951448
vn -0.9491645 -0.314095 -0.02076197
vn -0.04984844 0.08486003 0.9951452
vn 0.3108086 -0.9455912 0.09620484
vn -0.1122379 0.3993139 -0.9099182
vn -0.9491645 -0.314095 -0.02076182
vn 0.1122338 -0.3993039 0.9099231
vn 0.2940926 -0.8613366 -0.4142569
vn -0.1122353 0.399303 -0.9099233
vn -0.2442451 0.7764748 -0.5808883
vn -0.3108097 0.9455908 -0.09620488
vn -0.294093 0.8613366 0.4142568
vn -0.1985743 0.5462878 0.8137185
vn -0.04984783 0.0848615 0.9951451
vn 0.1122355 -0.3993034 0.9099231
vn 0.2442451 -0.7764748 0.5808885
vn 0.3108097 -0.9455908 0.09620488
vn 0.294093 -0.8613365 -0.4142569
vn 0.1985743 -0.5462877 -0.8137187
vn 0.04984793 -0.08486184 -0.995145
vn 0.9491642 0.314096 0.02075985
vn -0.9491642 -0.314096 -0.02075984
vn 0.1122354 -0.3993032 0.9099232
vn -0.2940933 0.861337 0.4142557
vn 0.9491644 0.3140955 0.02075981
vn 0.2940933 -0.8613371 -0.4142554
vn -0.9491646 -0.3140947 -0.02075971
vn 0.112235 -0.399303 0.9099233
vn 0.9491642 0.314096 0.02076042
vn 0.9491641 0.3140965 0.02075976
vn 0.9491643 0.3140959 0.0207604
vn 0.9491643 0.314096 0.02076042
vn 0.949164 0.3140965 0.02076059
vn 0.9491642 0.314096 0.02076043
vn 0.9491642 0.314096 0.02076042
vn 0.9491643 0.314096 0.02076042
vn 0.9491642 0.314096 0.02076022
vn 0.9491642 0.314096 0.02076043
vn 0.9491643 0.3140959 0.02076041
vn 0.9491643 0.314096 0.02076041
vn 0.9491642 0.314096 0.02076042
vn -0.9491643 -0.3140959 -0.02076027
vn -0.04984836 0.08486132 0.9951451
vn -0.9491642 -0.314096 -0.02076154
vn 0.04984886 -0.08486175 -0.995145
vn -0.3108088 0.9455909 -0.09620664
vn 0.1122345 -0.3993025 0.9099236
vn -0.9491642 -0.3140961 -0.02076015
vn -0.1122342 0.3993021 -0.9099239
vn -0.2940924 0.8613365 0.4142573
vn 0.2442447 -0.7764753 0.580888
vn -0.9491642 -0.3140962 -0.02075992
vn -0.2442446 0.7764753 -0.580888
vn -0.198574 0.5462875 0.8137188
vn -0.1985742 0.5462862 0.8137197
vn -0.9491642 -0.3140961 -0.02075936
vn 0.1985743 -0.5462879 -0.8137186
vn -0.2442443 0.776475 -0.5808885
vn -0.2940931 0.8613374 0.4142552
vn -0.9491641 -0.3140963 -0.02076091
vn 0.2940933 -0.8613367 -0.4142563
vn -0.1122334 0.3993007 -0.9099245
vn -0.3108093 0.945591 -0.09620432
vn -0.9491644 -0.3140956 -0.02076077
vn 0.3108095 -0.945591 0.09620345
vn 0.04984712 -0.08485615 -0.9951456
vn -0.2442451 0.7764755 -0.5808874
vn -0.9491641 -0.3140965 -0.02075927
vn 0.2442451 -0.7764748 0.5808883
vn 0.1985746 -0.5462871 -0.813719
vn -0.1122352 0.3993039 -0.9099229
vn -0.9491642 -0.3140962 -0.0207599
vn 0.1122344 -0.3993017 0.909924
vn 0.2940927 -0.8613336 -0.4142632
vn 0.0498478 -0.08486005 -0.9951452
vn -0.9491642 -0.314096 -0.02076015
vn -0.04984836 0.08486208 0.995145
vn 0.3108093 -0.9455904 0.09621044
vn 0.1985747 -0.5462878 -0.8137184
vn -0.9491643 -0.3140959 -0.02075987
vn -0.1985744 0.5462878 0.8137186
vn 0.2442451 -0.7764754 0.5808876
vn 0.2940933 -0.8613375 -0.4142547
vn -0.9491642 -0.3140959 -0.02076104
vn -0.2940933 0.8613379 0.4142539
vn 0.1122356 -0.399305 0.9099224
vn 0.3108095 -0.9455912 0.0962023
vn -0.9491643 -0.3140959 -0.02076103
vn -0.3108092 0.945591 -0.09620415
vn -0.04984871 0.08486357 0.9951448
vn -0.112235 0.3993022 -0.9099237
vn -0.2442451 0.7764747 -0.5808885
vn -0.3108097 0.9455909 -0.09620371
vn -0.2940931 0.8613369 0.4142561
vn -0.1985744 0.5462879 0.8137186
vn -0.04984763 0.08486089 0.9951452
vn 0.1122351 -0.3993024 0.9099236
vn 0.2442451 -0.7764748 0.5808885
vn 0.3108097 -0.9455909 0.09620371
vn 0.2940932 -0.861337 -0.4142558
vn 0.1985745 -0.5462881 -0.8137184
vn 0.04984742 -0.0848603 -0.9951452
vn 0.9491642 0.314096 0.02075991
vn -0.9491642 -0.314096 -0.02075983
vn -0.03229418 0.1627667 -0.986136
vn 0.03229381 -0.1627663 0.986136
vn -0.9491643 -0.3140958 -0.02075995
vn 0.949164 0.3140966 0.02076007
vn -0.3131204 0.9353346 0.1646357
vn -0.9491643 -0.3140961 -0.02075999
vn 0.3131206 -0.9353345 -0.1646357
vn 0.3131208 -0.9353345 -0.1646357
vn 0.03229393 -0.1627664 0.986136
vn 0.9491643 0.3140959 0.02075996
vn -0.03229402 0.1627664 -0.986136
vn 0.3131203 -0.9353346 -0.1646356
vn -0.0322994 0.1627646 -0.9861361
vn 0.3131194 -0.9353349 -0.1646358
vn 0.03229924 -0.1627646 0.9861361
vn -0.31312 0.9353349 0.164635
vn 0.9491643 0.3140958 0.02075994
vn -0.1122366 0.3993054 -0.9099221
vn -0.244245 0.776473 -0.5808908
vn -0.3108102 0.9455909 -0.09620263
vn -0.2940935 0.8613374 0.4142548
vn -0.1985747 0.5462889 0.8137177
vn -0.04984706 0.08485992 0.9951453
vn 0.1122351 -0.3993011 0.9099241
vn 0.2442459 -0.7764757 0.5808869
vn 0.31081 -0.9455907 0.09620509
vn 0.2940931 -0.8613364 -0.4142571
vn 0.1985739 -0.5462866 -0.8137195
vn 0.04984824 -0.08486384 -0.9951448
vn 0.9491642 0.3140959 0.02075991
vn -0.9491643 -0.3140959 -0.02076068
vn -0.3131207 0.9353345 0.1646352
vn 0.3131208 -0.9353347 -0.1646346
vn -0.9491642 -0.314096 -0.02076006
vn 0.9491642 0.3140961 0.02075927
vn 0.0322939 -0.1627669 0.9861359
vn -0.03229399 0.1627668 -0.9861359
vn -0.2940915 0.8613375 0.4142559
vn -0.1985741 0.546288 0.8137186
vn -0.04984745 0.08486187 0.9951451
vn 0.1122345 -0.3993026 0.9099236
vn 0.2442458 -0.7764744 0.5808885
vn 0.3108101 -0.9455909 0.09620348
vn 0.2940922 -0.8613367 -0.4142571
vn 0.1985756 -0.5462875 -0.8137185
vn 0.04984817 -0.08486138 -0.9951451
vn -0.1122346 0.3993025 -0.9099236
vn -0.2442444 0.7764753 -0.580888
vn -0.3108084 0.9455914 -0.09620342
vn 0.2442351 -0.7764782 0.5808879
vn -0.9491643 -0.3140959 -0.02076054
vn 0.244244 -0.7764741 0.5808898
vn -0.9491642 -0.3140961 -0.02076043
vn -0.244244 0.7764735 -0.5808905
vn -0.1985752 0.5462914 0.8137161
vn 0.1122352 -0.3993034 0.9099231
vn -0.9491643 -0.3140958 -0.02076019
vn -0.112235 0.3993034 -0.9099231
vn -0.2940919 0.8613358 0.4142592
vn 0.3108096 -0.9455907 0.09620621
vn -0.9252998 -0.2778831 0.2580723
vn -0.3108091 0.9455909 -0.09620649
vn -0.04984532 0.08486123 0.9951452
vn 0.2940935 -0.861338 -0.4142536
vn -0.8784883 -0.4143451 0.2378578
vn -0.2940935 0.861338 0.4142535
vn 0.1122366 -0.3992994 0.9099247
vn 0.1985746 -0.5462873 -0.8137189
vn -0.9491643 -0.3140957 -0.02076041
vn -0.1985746 0.5462874 0.8137189
vn 0.2442453 -0.7764743 0.5808889
vn 0.04984817 -0.08486184 -0.995145
vn -0.9491642 -0.314096 -0.02076023
vn -0.04984818 0.0848619 0.995145
vn 0.3108105 -0.9455905 0.09620561
vn -0.1122348 0.3993025 -0.9099236
vn -0.9491643 -0.3140959 -0.02076045
vn 0.1122348 -0.3993026 0.9099235
vn 0.2940946 -0.8613369 -0.414255
vn -0.2442438 0.7764725 -0.5808918
vn -0.9491642 -0.3140962 -0.02076078
vn 0.2442437 -0.7764725 0.5808921
vn 0.1985759 -0.5462885 -0.8137177
vn -0.3108096 0.9455913 -0.09620059
vn -0.9491643 -0.3140959 -0.02076065
vn 0.3108096 -0.9455913 0.09620052
vn 0.04984781 -0.08485885 -0.9951453
vn -0.2940936 0.861339 0.4142514
vn -0.9491643 -0.3140959 -0.02076064
vn 0.2940936 -0.861339 -0.4142514
vn -0.1122334 0.3993008 -0.9099246
vn -0.1985746 0.5462878 0.8137186
vn -0.9491644 -0.3140955 -0.02076067
vn 0.1985748 -0.5462879 -0.8137184
vn -0.2442436 0.7764759 -0.5808875
vn -0.04984817 0.08486111 0.9951451
vn -0.9491643 -0.3140957 -0.02076054
vn 0.04984817 -0.08486118 -0.9951451
vn -0.310809 0.9455912 -0.09620301
vn -0.1985714 0.5462939 0.8137152
vn -0.1985757 0.5462913 0.8137159
vn -0.1985793 0.5462908 0.8137153
vn -0.1985826 0.5462884 0.8137162
vn -0.2940891 0.8613371 0.4142585
vn -0.294092 0.8613361 0.4142586
vn -0.2940933 0.8613356 0.4142586
vn -0.2940989 0.8613337 0.4142586
vn -0.3108035 0.9455929 -0.09620348
vn -0.3108082 0.9455915 -0.09620374
vn -0.310811 0.9455906 -0.09620372
vn -0.3108168 0.9455886 -0.09620351
vn -0.2442409 0.7764766 -0.5808876
vn -0.2442443 0.7764757 -0.5808874
vn -0.2442467 0.7764747 -0.5808877
vn -0.2442513 0.7764735 -0.5808874
vn -0.1122278 0.3993028 -0.9099243
vn -0.1122325 0.3993 -0.909925
vn -0.1122353 0.3992995 -0.9099249
vn -0.112241 0.399297 -0.9099252
vn 0.04985464 -0.08485582 -0.9951452
vn 0.0498476 -0.08485862 -0.9951454
vn 0.04984285 -0.08485974 -0.9951455
vn 0.04984184 -0.08486088 -0.9951454
vn 0.1985811 -0.5462868 -0.8137177
vn 0.1985768 -0.5462872 -0.8137183
vn 0.1985707 -0.5462897 -0.8137182
vn 0.1985667 -0.5462911 -0.8137183
vn 0.2940995 -0.8613347 -0.4142562
vn 0.2940927 -0.8613362 -0.4142579
vn 0.2940899 -0.8613375 -0.4142571
vn 0.2940836 -0.8613399 -0.4142565
vn 0.3108167 -0.9455886 0.09620415
vn 0.3108094 -0.9455909 0.09620514
vn 0.3108045 -0.9455926 0.09620447
vn 0.3108029 -0.9455929 0.09620531
vn 0.244248 -0.7764733 0.5808891
vn 0.2442445 -0.7764747 0.5808887
vn 0.244241 -0.7764757 0.5808887
vn 0.2442387 -0.7764767 0.5808885
vn 0.1122216 -0.3993072 0.9099231
vn -0.04986137 0.0848573 0.9951448
vn -0.1985841 0.5462847 0.8137183
vn -0.2940964 0.8613356 0.4142564
vn -0.3108061 0.9455921 -0.09620324
vn -0.2442355 0.7764779 -0.5808882
vn -0.112222 0.399307 -0.9099232
vn 0.04986089 -0.08485735 -0.9951448
vn 0.1985837 -0.5462847 -0.8137183
vn 0.2940964 -0.861336 -0.4142556
vn 0.3108059 -0.9455922 0.09620349
vn 0.9491643 0.3140957 0.02076126
vn 0.3108093 -0.9455908 0.09620636
vn -0.04984757 0.08485753 0.9951454
vn -0.3108095 0.9455907 -0.09620634
vn 0.9491643 0.3140956 0.02076071
vn 0.294093 -0.8613381 -0.4142535
vn 0.112233 -0.3993008 0.9099245
vn -0.2940933 0.8613381 0.4142535
vn 0.9491643 0.3140956 0.02076072
vn 0.1985738 -0.5462877 -0.8137188
vn 0.2442439 -0.7764744 0.5808893
vn -0.1985739 0.5462878 0.8137187
vn 0.9491645 0.3140953 0.02076017
vn 0.04985375 -0.08485994 -0.995145
vn 0.3108079 -0.9455913 0.09620559
vn -0.04985384 0.08486011 0.995145
vn 0.9491642 0.3140959 0.02076279
vn -0.1122381 0.3993016 -0.9099236
vn 0.2940907 -0.861338 -0.4142555
vn 0.112238 -0.3993017 0.9099236
vn 0.9491644 0.3140955 0.02075974
vn -0.2442443 0.7764723 -0.580892
vn 0.1985741 -0.5462893 -0.8137177
vn 0.2442445 -0.7764721 0.5808921
vn 0.9491642 0.3140962 0.02076049
vn -0.3108099 0.9455912 -0.09620055
vn 0.04984608 -0.08485912 -0.9951454
vn 0.3108098 -0.9455913 0.09620038
vn 0.9491649 0.3140941 0.02076045
vn -0.294094 0.8613389 0.4142514
vn -0.1122341 0.3993004 -0.9099246
vn 0.2940936 -0.861339 -0.4142515
vn 0.9491637 0.3140975 0.02076105
vn -0.1985732 0.5462882 0.8137186
vn -0.2442464 0.7764752 -0.5808873
vn 0.198573 -0.5462885 -0.8137184
vn 0.9491644 0.3140954 0.02076035
vn -0.04984607 0.08486184 0.9951452
vn -0.3108108 0.9455906 -0.09620451
vn 0.04984602 -0.08486179 -0.9951452
vn 0.9491643 0.3140959 0.02075996
vn 0.1122339 -0.3993037 0.9099232
vn -0.2940922 0.8613361 0.4142584
vn -0.112234 0.3993038 -0.9099231
vn 0.9491645 0.3140952 0.0207619
vn 0.2442443 -0.776474 0.5808897
vn -0.1985769 0.5462907 0.8137161
vn -0.244244 0.7764735 -0.5808905
vn 0.9491639 0.3140971 0.02076036
vn 0.9491643 0.314096 0.02076148
vn -0.9491643 -0.314096 -0.02076117
vn 0.1529406 -0.3185295 -0.9354935
vn 0.1529408 -0.3185299 -0.9354934
vn 0.3374065 -0.9269552 -0.1640459
vn 0.3374064 -0.926955 -0.1640468
vn -0.1600767 0.6164966 -0.7709134
vn -0.1600767 0.6164965 -0.7709135
vn -0.2886283 0.9430967 0.1651134
vn -0.2886282 0.9430968 0.1651128
vn -0.1041627 0.3346713 0.9365603
vn -0.104163 0.334673 0.9365597
vn 0.2088547 -0.6003549 0.7719804
vn 0.2088548 -0.6003551 0.7719801
vn -0.1107397 0.7009483 -0.7045625
vn 0.1529408 -0.3185297 -0.9354935
vn 0.3374065 -0.9269549 -0.1640474
vn 0.2043875 -0.2455645 -0.9475884
vn 0.2088551 -0.6003554 0.7719798
vn 0.3593256 -0.9269026 -0.1083369
vn -0.1041623 0.3346704 0.9365608
vn 0.2969248 -0.6418356 0.7070239
vn -0.288628 0.9430966 0.1651145
vn -0.02273683 0.2958844 0.9549532
vn -0.1600766 0.616496 -0.7709138
vn -0.2158462 0.943156 0.2527194
vn -0.8457808 -0.1957816 -0.4963109
vn 0.3973124 -0.9056765 -0.1479622
vn 0.1023821 0.2055855 -0.973269
vn -0.7014263 -0.6315507 -0.3303707
vn 0.2620045 -0.5691372 0.7793822
vn 0.3810208 -0.6794798 -0.6270012
vn -0.6678408 -0.7265103 0.161776
vn -0.05835412 0.4046363 0.9126139
vn 0.4114079 -0.8415193 0.350127
vn -0.78247 -0.3523193 0.5134314
vn 0.3578886 -0.9288101 -0.0960598
vn 0.1126942 -0.1355341 0.9843428
vn -0.9490653 0.09369063 0.3008274
vn -0.09224646 0.6244535 -0.7755955
vn -0.1014768 0.7691911 0.63091
vn -0.9754925 0.128315 -0.1787448
vn 0.2266074 -0.323083 -0.9188398
vn -0.1325123 0.9300477 -0.3427124
vn 0.2461659 -0.4749868 -0.8448608
vn -0.02392799 0.225719 0.9738985
vn 0.212691 -0.4813051 0.8503575
vn -0.1664683 0.7581007 -0.6305329
vn -0.1017473 0.4669073 0.8784333
vn 0.1302683 -0.1160248 -0.9846667
vn -0.2491628 0.9684419 -0.00618988
vn 0.3656207 -0.8680522 -0.3358675
vn -0.06528174 0.4682267 -0.8811935
vn 0.2830834 -0.6827331 0.6736018
vn 0.002388693 -0.1725755 0.9849934
vn 0.1165739 -0.1341875 0.9840753
vn 0.3659414 -0.8546364 -0.3683526
vn -0.2427899 0.9381669 0.2467712
vn -0.1857431 0.9340111 -0.3051604
vn 0.3772089 -0.9027374 -0.20683
vn 0.7138052 0.1174332 0.6904286
vn 0.3849544 -0.8946716 -0.2266556
vn -0.2468573 0.9614306 0.1212961
vn 0.6840157 0.1018475 0.7223224
vn -0.2662397 0.935547 0.2320957
vn -0.23795 0.9660265 0.1008594
vn -0.112235 0.3993021 -0.9099238
vn -0.2442451 0.7764746 -0.5808886
vn -0.3108097 0.945591 -0.09620376
vn -0.2940931 0.8613369 0.4142561
vn -0.1985743 0.5462879 0.8137186
vn -0.04984757 0.08486095 0.9951452
vn 0.1122351 -0.3993024 0.9099237
vn 0.2442451 -0.7764747 0.5808885
vn 0.3108097 -0.945591 0.09620376
vn 0.2940931 -0.861337 -0.4142558
vn 0.1985744 -0.5462881 -0.8137184
vn 0.04984737 -0.08486036 -0.9951453
vn 0.9491643 0.3140959 0.02075982
vn -0.9491643 -0.3140959 -0.02075975
vn -0.1122334 0.399301 -0.9099244
vn -0.2442442 0.7764747 -0.5808889
vn -0.3108093 0.945591 -0.09620486
vn -0.2940932 0.8613362 0.4142574
vn -0.1985746 0.5462857 0.8137199
vn -0.04985007 0.08486442 0.9951448
vn 0.1122351 -0.3993064 0.9099218
vn 0.2442438 -0.7764737 0.5808904
vn 0.3108094 -0.9455909 0.09620478
vn 0.2940931 -0.8613358 -0.4142582
vn 0.1985756 -0.5462888 -0.8137176
vn 0.04984814 -0.08485866 -0.9951453
vn 0.2291304 -0.5358605 -0.812621
vn -0.2466481 0.3503462 -0.9035609
vn 0.2854919 -0.8641428 -0.4144292
vn 0.262996 -0.9601036 0.09504882
vn 0.1684394 -0.7988768 0.5774289
vn 0.02797691 -0.425484 0.9045334
vn -0.1211889 0.06096962 0.9907553
vn -0.2399105 0.5320224 0.8120315
vn -0.296315 0.860598 0.4142084
vn -0.2748218 0.9567552 -0.09535414
vn -0.1812265 0.7954692 -0.578261
vn -0.04070275 0.4217415 -0.9058021
vn 0.122197 -0.06062098 -0.9906529
vn 0.5533419 -0.3219499 -0.7682194
vn 0.2222563 -0.4552607 -0.8621717
vn 0.0815079 0.02405515 -0.9963824
vn 0.2919375 -0.8163702 -0.4983094
vn 0.2844757 -0.9586831 -0.0006356498
vn 0.2018802 -0.8435791 0.497613
vn 0.06668498 -0.5016703 0.8624849
vn -0.08449318 -0.02499107 0.9961107
vn -0.2113083 0.458457 0.86323
vn -0.2803796 0.8196035 0.4996373
vn -0.2734317 0.9618891 0.002129172
vn -0.1919503 0.8466937 -0.4962509
vn -0.05735605 0.50471 -0.8613816
vn 0.7308143 -0.5703768 -0.3749411
vn 0.7408378 -0.6683357 0.06698406
vn 0.6172881 -0.6232504 0.4801193
vn 0.2816372 -0.4169344 0.8642027
vn -0.2382069 -0.07353064 0.968427
vn -0.7710612 0.1782713 0.6112971
vn -0.9898324 0.09451236 0.1062982
vn -0.9898255 0.07621448 -0.1201536
vn -0.8209773 0.3678553 -0.4366679
vn -0.3569379 0.3888304 -0.8493564
vn 0.2772294 0.08586732 -0.9569591
vn 0.5813169 0.1283184 -0.8034955
vn 0.4760642 -0.1719359 -0.862439
vn 0.06211981 0.1293157 -0.9896558
vn 0.7168968 -0.4882081 -0.4977067
vn 0.7635229 -0.6455872 -0.01580776
vn 0.3401358 -0.4363755 0.832997
vn -0.06434289 -0.134525 0.9888191
vn -0.484937 0.151764 0.8612804
vn -0.8318936 0.2626674 0.4888344
vn -0.9854246 0.1684512 -0.02371713
vn -0.8125325 0.2838899 -0.5091145
vn 0.9026555 0.09114704 -0.4206012
vn 0.9977313 0.0548875 0.03898241
vn 0.8694177 0.0119665 0.4939331
vn 0.5024056 -0.05275565 0.8630211
vn -0.07015626 -0.1482273 0.9864618
vn -0.6077359 -0.2518985 0.7531297
vn -0.8819001 -0.3241784 0.3422871
vn -0.9515151 -0.3028606 -0.05380099
vn -0.8713066 -0.08774193 -0.4828315
vn -0.4811694 0.1182848 -0.8686109
vn 0.1858363 0.4217934 -0.8874431
vn 0.3318648 -0.1274553 -0.9346769
vn 0.182934 0.1868788 -0.9652002
vn -0.2964259 0.03796907 -0.9543009
vn 0.7011945 0.150376 -0.6969314
vn 0.9712536 0.1060741 -0.2131075
vn 0.9558816 0.06304263 0.2869075
vn 0.7156614 0.01521098 0.6982817
vn 0.3005194 -0.04942905 0.952494
vn -0.2083539 -0.1379486 0.9682762
vn -0.6626574 -0.2350867 0.7110693
vn -0.9332691 -0.2620836 0.2456035
vn -0.9551315 -0.07583942 -0.2863082
vn -0.7293192 0.1346925 -0.6707841
vn 0.6521208 0.2559248 -0.7136112
vn 0.7915683 0.5384688 -0.2889132
vn 0.7237014 0.661042 0.1981912
vn 0.4759311 0.6149482 0.6287515
vn 0.101005 0.4106927 0.906162
vn -0.3115146 0.0799354 0.9468733
vn -0.6272832 -0.301928 0.7178825
vn -0.7296929 -0.6159911 0.2968219
vn -0.6255207 -0.7624745 -0.1653982
vn -0.3930805 -0.716705 -0.5760397
vn -0.09580712 -0.4206508 -0.9021496
vn 0.6015685 -0.5426247 -0.5862371
vn 0.1935063 -0.1993443 -0.9606338
vn -0.1383621 -0.5677055 -0.8115211
vn 0.5337545 0.1696819 -0.8284408
vn 0.7380459 0.4824484 -0.4717327
vn 0.7473065 0.6644256 0.008462866
vn 0.5533134 0.6768217 0.485548
vn 0.1990076 0.5164195 0.8328907
vn -0.2195637 0.2216941 0.9500756
vn -0.5752314 -0.1297313 0.8076378
vn -0.7647396 -0.4527912 0.458425
vn -0.7421482 -0.6702045 -0.006493595
vn -0.5273209 -0.7026572 -0.4777087
vn 0.8010956 -0.1612896 -0.5763953
vn 0.8286245 0.3707358 -0.4194477
vn 0.5498261 0.8332757 -0.05781789
vn 0.1302633 0.9394694 0.3169051
vn -0.2359316 0.786505 0.5707418
vn -0.5312475 0.4848884 0.694737
vn -0.7409969 0.06487478 0.6683674
vn -0.7823207 -0.4319189 0.4487988
vn -0.5434945 -0.8372896 0.05966558
vn -0.1071431 -0.9460857 -0.3056835
vn 0.2520887 -0.792042 -0.5559865
vn -0.6487064 0.678469 -0.3447604
vn 0.5002593 -0.6158086 -0.608704
vn 0.193133 -0.8749521 -0.4440255
vn 0.7555649 -0.2245091 -0.6154003
vn 0.8217046 0.3214547 -0.4706043
vn 0.5809654 0.8011144 -0.143857
vn 0.1956266 0.9586547 0.2066674
vn -0.1632263 0.8639477 0.4763944
vn -0.4786291 0.5958049 0.6449269
vn -0.7254397 0.173785 0.6659851
vn -0.8087835 -0.338997 0.4805729
vn -0.6343277 -0.7634866 0.121312
vn -0.2621859 -0.9331536 -0.2459331
vn -0.4481056 0.6720932 -0.5894846
vn -0.5400108 0.8335725 -0.1163842
vn -0.4934343 0.7794617 0.3859563
vn -0.3152906 0.5186542 0.7947263
vn -0.04524845 0.1111346 0.9927747
vn 0.2557313 -0.3467095 0.9024379
vn 0.454971 -0.6682956 0.5885428
vn 0.5466626 -0.8292642 0.1161078
vn 0.4968579 -0.7774158 -0.3856902
vn 0.3151527 -0.5187212 -0.7947372
vn 0.04496565 -0.1112384 -0.992776
vn -0.09328569 0.3764852 -0.921714
vn -0.2256857 0.3066779 -0.9246701
vn 0.2237758 -0.3075272 0.9248522
vn -0.2235621 0.7635781 -0.6057793
vn -0.2942914 0.9470602 -0.1283346
vn -0.2864585 0.877539 0.3845345
vn -0.2015078 0.5718977 0.7951904
vn -0.06217439 0.1122917 0.9917283
vn 0.09360663 -0.3763724 0.9217275
vn 0.2240286 -0.7634233 0.6058021
vn 0.2946592 -0.9469452 0.1283388
vn 0.2865791 -0.8774996 -0.3845345
vn 0.2014838 -0.5719061 -0.7951905
vn 0.06225194 -0.1122664 -0.9917262
vn -0.9511416 -0.3039002 -0.05453678
vn -0.112235 0.3993022 -0.9099237
vn -0.2442451 0.7764747 -0.5808885
vn -0.3108097 0.9455909 -0.09620371
vn -0.2940931 0.8613369 0.4142561
vn -0.1985744 0.5462879 0.8137186
vn -0.04984763 0.08486089 0.9951452
vn 0.1122351 -0.3993024 0.9099236
vn 0.2442451 -0.7764748 0.5808885
vn 0.3108097 -0.9455909 0.09620371
vn 0.2940932 -0.861337 -0.4142558
vn 0.1985745 -0.5462881 -0.8137184
vn 0.04984742 -0.0848603 -0.9951452
vn 0.9491642 0.314096 0.02075991
vn -0.9491642 -0.314096 -0.02075983
vn -0.3121848 0.9353944 0.1660662
vn -0.2515007 0.7288444 0.6368149
vn -0.1234135 0.3270057 0.9369293
vn 0.03773156 -0.1624586 0.9859937
vn 0.1887783 -0.6083862 0.7708625
vn 0.2892338 -0.8913015 0.3491783
vn 0.3121876 -0.9353933 -0.1660672
vn 0.2515037 -0.7288428 -0.6368157
vn 0.1234212 -0.3270035 -0.936929
vn -0.03772904 0.1624572 -0.985994
vn -0.1887701 0.6083888 -0.7708625
vn -0.2892302 0.8913028 -0.349178
vn 0.1887565 -0.6083944 0.7708614
vn -0.9492691 -0.3140863 -0.01542866
vn 0.1887705 -0.6083844 0.7708658
vn -0.9492701 -0.3140833 -0.01542715
vn -0.1887703 0.6083825 -0.7708675
vn -0.2515012 0.7288472 0.6368116
vn 0.3129005 -0.9385247 -0.1458245
vn -0.9500065 -0.3082664 -0.04959213
vn -0.3129007 0.9385247 0.1458238
vn 0.03773019 -0.1624564 0.9859941
vn 0.1172611 -0.3080334 -0.9441214
vn -0.9588924 -0.2824102 -0.02774804
vn -0.11726 0.3080328 0.9441218
vn 0.2892338 -0.8913026 0.3491755
vn -0.1896865 0.6089519 -0.7701927
vn -0.9576995 -0.2876866 0.006946453
vn 0.1887688 -0.6083786 0.7708709
vn 0.2515034 -0.7288439 -0.6368144
vn -0.3136227 0.9420019 0.1194702
vn -0.946578 -0.3220281 0.01697339
vn 0.3122709 -0.9427291 -0.1172552
vn -0.03772897 0.1624554 -0.9859943
vn -0.1292245 0.344899 0.9297019
vn -0.9502751 -0.311173 -0.01219627
vn 0.1292246 -0.3448996 -0.9297017
vn -0.2892308 0.8913025 -0.3491782
vn -0.2514983 0.7288488 0.6368108
vn -0.2515026 0.7288474 0.6368108
vn -0.251506 0.7288462 0.6368108
vn -0.2515103 0.7288443 0.6368114
vn -0.2892283 0.891303 -0.3491791
vn -0.2892303 0.8913028 -0.3491779
vn -0.2892348 0.8913012 -0.3491785
vn -0.2892434 0.8912988 -0.3491773
vn -0.0377203 0.1624576 -0.9859943
vn -0.03772926 0.1624548 -0.9859945
vn -0.03773024 0.1624546 -0.9859944
vn -0.0377406 0.1624516 -0.9859945
vn 0.2515079 -0.728842 -0.6368148
vn 0.2515038 -0.7288429 -0.6368154
vn 0.2514968 -0.7288457 -0.6368151
vn 0.2514921 -0.7288465 -0.6368159
vn 0.2892365 -0.8913006 0.3491783
vn 0.2892341 -0.8913025 0.3491754
vn 0.2892297 -0.8913035 0.3491767
vn 0.2892258 -0.891305 0.3491759
vn 0.03773545 -0.1624531 0.9859945
vn 0.03773147 -0.1624584 0.9859937
vn 0.03772688 -0.1624573 0.9859941
vn 0.0377208 -0.1624598 0.9859939
vn 0.03770858 -0.1624632 0.9859938
vn -0.1234414 0.3269967 0.9369287
vn -0.251517 0.7288382 0.6368157
vn -0.3121988 0.9353896 0.166067
vn -0.2892275 0.8913035 -0.3491784
vn -0.1887574 0.6083931 -0.7708622
vn -0.03771027 0.1624643 -0.9859936
vn 0.123441 -0.3269965 -0.9369288
vn 0.2515159 -0.7288393 -0.6368148
vn 0.3121976 -0.9353901 -0.1660665
vn 0.2892262 -0.8913038 0.3491786
vn 0.9492692 0.314086 0.01542581
vn -0.112188 0.2924274 0.9496843
vn 0.1121556 -0.2923273 -0.9497189
vn -0.122757 0.3272191 0.936941
vn 0.312915 -0.938522 -0.1458101
vn 0.03754199 -0.1625178 0.9859912
vn -0.3129158 0.9385219 0.1458098
vn 0.9493486 0.3137341 0.01755743
vn 0.2514487 -0.7286821 -0.6370212
vn -0.2514684 0.7287436 0.636943
vn 0.2011499 -0.6042362 0.7709976
vn 0.1173865 -0.3080795 -0.9440908
vn 0.289164 -0.8913261 0.3491732
vn -0.1173871 0.3080793 0.9440908
vn 0.949914 0.3120907 0.01620856
vn -0.2809398 0.8690786 -0.4071552
vn 0.2809889 -0.8692049 0.4068514
vn 0.3177324 -0.9335415 -0.1659713
vn -0.1886785 0.6083515 -0.7709143
vn 0.2516191 -0.7288064 -0.6368117
vn 0.1886784 -0.608351 0.7709148
vn 0.9498227 0.3124745 0.01401905
vn 0.2664119 -0.8292695 0.4912606
vn -0.2664956 0.8295056 -0.4908163
vn 0.1203871 -0.3280051 -0.9369737
vn -0.3136341 0.9419968 0.1194812
vn -0.03754745 0.1625146 -0.9859915
vn 0.3136338 -0.9419969 -0.1194812
vn 0.9491931 0.3144047 0.01349662
vn -0.2515383 0.7289761 0.6366494
vn 0.2515734 -0.7291018 -0.6364915
vn -0.1728965 0.6135474 -0.7704976
vn -0.1292234 0.3448996 0.9297019
vn -0.2892376 0.8913003 -0.3491783
vn 0.1292236 -0.3448998 -0.9297018
vn 0.9492692 0.314086 0.01542617
vn 0.02381448 -0.12071 0.9924021
vn -0.02383288 0.1207666 -0.9923948
vn -0.3017334 0.93879 0.1662238
vn 0.1887702 -0.6083847 0.7708657
vn -0.251507 0.7288453 0.6368114
vn -0.1887688 0.6083831 -0.7708673
vn 0.949269 0.3140867 0.01542562
vn -0.1848206 0.6184883 -0.7637497
vn -0.1259903 0.355232 0.9262487
vn -0.294139 0.9396799 0.1745968
vn 0.1784868 -0.634318 0.7521856
vn -0.965465 -0.2605184 -0.002736529
vn -0.9375968 -0.3467112 0.02652566
vn -0.9394665 -0.3418623 0.02308558
vn -0.9402616 -0.3339737 -0.06610386
vn -0.1057958 0.2988868 0.948406
vn 0.3209125 -0.9376803 -0.1333073
vn 0.1346702 -0.3218262 -0.9371723
vn -0.9496228 -0.3130248 -0.01523694
vn -0.9501777 -0.3112661 -0.01660571
vn 0.1812369 -0.6036467 0.7763787
vn -0.9462634 -0.3233769 -0.003603831
vn 0.1341772 -0.3288861 -0.934789
vn -0.3036907 0.9471582 0.1032639
vn -0.9464238 -0.3229032 -0.003945932
vn 0.3136222 -0.9420022 -0.1194702
vn -0.9491646 -0.3140951 -0.02075994
vn 0.3131205 -0.9353345 -0.1646358
vn -0.9491643 -0.3140959 -0.02076024
vn 0.9491643 0.3140959 0.02076041
vn 0.03229373 -0.162766 0.9861361
vn -0.03229367 0.1627665 -0.986136
vn 0.3131205 -0.9353345 -0.1646358
vn 0.03229371 -0.162766 0.9861361
vn 0.9491641 0.3140966 0.02075884
vn -0.0322932 0.1627662 -0.9861361
vn -0.9491643 -0.3140959 -0.02076005
vn 0.3131206 -0.9353346 -0.1646349
vn 0.03229362 -0.1627672 0.986136
vn 0.3131205 -0.9353346 -0.1646349
vn -0.03229362 0.1627665 -0.9861361
vn -0.3131205 0.9353346 0.1646355
vn -0.9491643 -0.3140959 -0.0207604
vn -0.3131205 0.9353346 0.1646355
vn 0.03229351 -0.1627669 0.9861359
vn -0.9491643 -0.3140959 -0.02076035
vn -0.03229367 0.1627663 -0.986136
vn 0.9491643 0.3140959 0.02076028
vn -0.3131205 0.9353345 0.1646357
vn -0.3403297 0.9258995 0.1639693
vn -0.3672121 0.9157135 0.1631685
vn -0.03229415 0.1627677 -0.9861358
vn 0.9491642 0.3140963 0.02076002
vn 0.03229402 -0.1627669 0.9861359
vn -0.3131205 0.9353345 0.1646358
vn -0.112235 0.3993022 -0.9099237
vn -0.2442451 0.7764747 -0.5808885
vn -0.3108097 0.9455909 -0.09620371
vn -0.2940931 0.8613369 0.4142561
vn -0.1985744 0.5462879 0.8137186
vn -0.04984763 0.08486089 0.9951452
vn 0.1122351 -0.3993024 0.9099236
vn 0.2442451 -0.7764748 0.5808885
vn 0.3108097 -0.9455909 0.09620371
vn 0.2940932 -0.861337 -0.4142558
vn 0.1985745 -0.5462881 -0.8137184
vn 0.04984742 -0.0848603 -0.9951452
vn 0.9491642 0.314096 0.02075991
vn -0.9491642 -0.314096 -0.02075983
vn -0.1122356 0.3993024 -0.9099235
vn -0.2442454 0.7764746 -0.5808885
vn -0.3108097 0.9455909 -0.09620399
vn -0.2940932 0.8613368 0.4142562
vn -0.1985742 0.5462877 0.8137187
vn -0.04984717 0.08486112 0.9951451
vn 0.1122356 -0.3993023 0.9099236
vn 0.2442454 -0.7764747 0.5808883
vn 0.3108098 -0.9455909 0.09620402
vn 0.2940931 -0.8613369 -0.4142561
vn 0.1985742 -0.5462877 -0.8137187
vn 0.04984744 -0.08486135 -0.9951451
vn 0.9491642 0.314096 0.02075999
vn -0.9491642 -0.314096 -0.02075987
vn -0.1122352 0.3993028 -0.9099234
vn -0.244245 0.7764746 -0.5808886
vn -0.3108097 0.9455909 -0.09620415
vn -0.2940931 0.8613366 0.4142566
vn -0.1985744 0.5462878 0.8137186
vn -0.04984786 0.08486159 0.9951451
vn 0.1122352 -0.3993028 0.9099234
vn 0.244245 -0.7764747 0.5808886
vn 0.3108097 -0.9455909 0.09620415
vn 0.2940931 -0.8613368 -0.4142562
vn 0.1985744 -0.546288 -0.8137185
vn 0.04984765 -0.08486098 -0.9951452
vn 0.9491642 0.314096 0.02075992
vn -0.9491642 -0.314096 -0.02075982
vn 0.8357809 0.5454754 0.06266538
vn 0.4497508 0.883481 0.1310937
vn -0.05678899 0.9847582 0.1643969
vn -0.5481135 0.8221697 0.1536513
vn -0.89257 0.4392821 0.101736
vn -0.9978637 -0.06131159 0.02256072
vn -0.8357807 -0.5454763 -0.06266028
vn -0.4497511 -0.883481 -0.1310929
vn 0.05678885 -0.9847577 -0.1644
vn 0.5481134 -0.8221693 -0.1536532
vn 0.8925702 -0.439282 -0.101734
vn 0.9978639 0.06131054 -0.02255556
vn 0.03229409 -0.1627669 0.986136
vn -0.03229403 0.1627667 -0.986136
vn -0.112238 0.399302 -0.9099234
vn -0.2442466 0.7764744 -0.5808883
vn -0.3108101 0.9455906 -0.09620532
vn -0.294093 0.8613363 0.4142573
vn -0.1985753 0.5462877 0.8137184
vn -0.04984998 0.08486088 0.9951451
vn 0.1122331 -0.3993035 0.9099234
vn 0.2442444 -0.7764754 0.580888
vn 0.3108094 -0.9455908 0.09620537
vn 0.2940928 -0.8613364 -0.4142573
vn 0.1985733 -0.5462881 -0.8137187
vn 0.04984552 -0.08486258 -0.9951451
vn 0.9491642 0.314096 0.02075985
vn -0.9491642 -0.314096 -0.02076001
vn -0.112238 0.399302 -0.9099234
vn -0.2442466 0.7764744 -0.5808883
vn -0.3108101 0.9455906 -0.09620532
vn -0.294093 0.8613363 0.4142573
vn -0.1985753 0.5462877 0.8137184
vn -0.04984998 0.08486088 0.9951451
vn 0.1122331 -0.3993035 0.9099234
vn 0.2442444 -0.7764754 0.580888
vn 0.3108094 -0.9455908 0.09620537
vn 0.2940928 -0.8613364 -0.4142573
vn 0.1985733 -0.5462881 -0.8137187
vn 0.04984552 -0.08486258 -0.9951451
vn 0.9491642 0.314096 0.02075985
vn -0.9491642 -0.314096 -0.02076001
vn -0.112238 0.399302 -0.9099234
vn -0.2442466 0.7764744 -0.5808883
vn -0.3108101 0.9455906 -0.09620532
vn -0.294093 0.8613363 0.4142573
vn -0.1985753 0.5462877 0.8137184
vn -0.04984998 0.08486088 0.9951451
vn 0.1122331 -0.3993035 0.9099234
vn 0.2442444 -0.7764754 0.580888
vn 0.3108094 -0.9455908 0.09620537
vn 0.2940928 -0.8613364 -0.4142573
vn 0.1985733 -0.5462881 -0.8137187
vn 0.04984552 -0.08486258 -0.9951451
vn 0.9491642 0.314096 0.02075985
vn -0.9491642 -0.314096 -0.02076001
vn -0.112238 0.399302 -0.9099234
vn -0.2442466 0.7764744 -0.5808883
vn -0.3108101 0.9455906 -0.09620532
vn -0.294093 0.8613363 0.4142573
vn -0.1985753 0.5462877 0.8137184
vn -0.04984998 0.08486088 0.9951451
vn 0.1122331 -0.3993035 0.9099234
vn 0.2442444 -0.7764754 0.580888
vn 0.3108094 -0.9455908 0.09620537
vn 0.2940928 -0.8613364 -0.4142573
vn 0.1985733 -0.5462881 -0.8137187
vn 0.04984552 -0.08486258 -0.9951451
vn 0.9491642 0.314096 0.02075985
vn -0.9491642 -0.314096 -0.02076001
vn -0.112238 0.399302 -0.9099234
vn -0.2442466 0.7764744 -0.5808883
vn -0.3108101 0.9455906 -0.09620532
vn -0.294093 0.8613363 0.4142573
vn -0.1985753 0.5462877 0.8137184
vn -0.04984998 0.08486088 0.9951451
vn 0.1122331 -0.3993035 0.9099234
vn 0.2442444 -0.7764754 0.580888
vn 0.3108094 -0.9455908 0.09620537
vn 0.2940928 -0.8613364 -0.4142573
vn 0.1985733 -0.5462881 -0.8137187
vn 0.04984552 -0.08486258 -0.9951451
vn 0.9491642 0.314096 0.02075985
vn -0.9491642 -0.314096 -0.02076001
vn -0.3131207 0.9353344 0.1646358
vn 0.3131207 -0.9353344 -0.1646358
vn -0.9491639 -0.3140974 -0.02075139
vn 0.9491645 0.314095 0.0207661
vn 0.03229396 -0.1627669 0.9861359
vn -0.03229408 0.1627667 -0.9861359
vn -0.2984837 0.8609841 0.4118422
vn 0.2984836 -0.8609838 -0.4118429
vn -0.9495291 -0.3114919 -0.03697735
vn 0.9495281 0.311495 0.03697748
vn 0.09644908 -0.4020921 0.9105051
vn -0.0964486 0.4020914 -0.9105055
vn -0.3003179 0.9497886 -0.08781185
vn 0.3003179 -0.9497887 0.08781072
vn -0.9527113 -0.3031653 -0.02078518
vn 0.9527105 0.3031678 0.02078365
vn -0.04635939 0.07741948 0.9959202
vn 0.04635889 -0.07741815 -0.9959204
vn -0.2984836 0.860984 0.4118424
vn 0.2984837 -0.8609839 -0.4118426
vn -0.9495291 -0.3114919 -0.03697735
vn 0.9495281 0.3114951 0.03697736
vn 0.0964491 -0.4020922 0.9105051
vn -0.09644851 0.4020913 -0.9105055
vn -0.1879312 0.5523433 0.8121569
vn 0.1879311 -0.5523433 -0.8121569
vn -0.9534109 -0.3012645 -0.01572883
vn 0.9534111 0.3012637 0.01572944
vn 0.2359863 -0.777275 0.5832273
vn -0.2359858 0.7772752 -0.5832273
vn -0.3003171 0.9497889 -0.08781155
vn 0.300317 -0.9497889 0.08781127
vn -0.9527113 -0.3031654 -0.0207847
vn 0.9527105 0.3031678 0.02078355
vn -0.04635869 0.0774199 0.9959202
vn 0.04635833 -0.07741839 -0.9959204
vn -0.3003126 0.9497902 -0.08781169
vn 0.3003125 -0.9497904 0.08781061
vn -0.9527121 -0.3031628 -0.02078547
vn 0.9527117 0.303164 0.02078396
vn -0.04634422 0.07742263 0.9959207
vn 0.04634403 -0.07742163 -0.9959208
vn -0.3003267 0.9497858 -0.08781169
vn 0.3003268 -0.9497858 0.08781092
vn -0.9527095 -0.3031709 -0.02078456
vn 0.9527071 0.3031787 0.0207825
vn -0.04636235 0.07742339 0.9959198
vn 0.04636082 -0.07741798 -0.9959202
vn -0.2388971 0.7997647 -0.550731
vn 0.238897 -0.7997651 0.5507305
vn -0.9559348 -0.2933597 -0.01134597
vn 0.955935 0.2933592 0.01134685
vn -0.1706363 0.5237524 0.8346058
vn 0.1706361 -0.5237519 -0.8346061
vn 0.238897 -0.799765 0.5507306
vn -0.03777934 0.07077724 0.9967765
vn 0.9518467 0.3065665 0.002223318
vn -0.04159263 0.1877321 -0.9813393
vn -0.9553115 -0.2952102 -0.01520215
vn 0.2914632 -0.9563149 0.0226095
vn 0.9564185 0.2913415 0.01958871
vn -0.112235 0.3993029 -0.9099234
vn -0.2442447 0.776475 -0.5808882
vn -0.3108096 0.9455909 -0.09620453
vn -0.2940927 0.8613366 0.4142569
vn -0.1985741 0.5462878 0.8137186
vn -0.04984811 0.08486141 0.9951451
vn 0.1122348 -0.3993033 0.9099233
vn 0.244245 -0.776475 0.5808882
vn 0.3108093 -0.945591 0.09620456
vn 0.294093 -0.8613365 -0.414257
vn 0.1985746 -0.5462879 -0.8137185
vn 0.04984782 -0.08486103 -0.9951451
vn 0.9491643 0.3140959 0.02076001
vn -0.9491643 -0.3140959 -0.02075999
vn 0.9491643 0.3140959 0.02076011
vn 0.9491643 0.3140959 0.02075986
vn 0.9491643 0.3140959 0.02075968
vn 0.9491643 0.314096 0.02075946
vn 0.9491643 0.3140959 0.02076015
vn 0.9491643 0.3140959 0.02075999
vn 0.9491643 0.3140959 0.02075991
vn 0.9491643 0.3140959 0.02076016
vn 0.9491643 0.3140958 0.02076033
vn 0.9491643 0.3140958 0.02076053
vn 0.9491643 0.3140959 0.02075984
vn -0.1985742 0.546288 0.8137186
vn -0.2940925 0.8613365 0.4142573
vn -0.3108093 0.945591 -0.09620515
vn -0.2442449 0.7764753 -0.5808878
vn -0.1122351 0.3993034 -0.9099231
vn 0.04984809 -0.08486199 -0.995145
vn 0.1985741 -0.5462875 -0.8137188
vn 0.2940927 -0.8613365 -0.4142572
vn 0.310809 -0.945591 0.09620488
vn 0.2442447 -0.776475 0.5808883
vn 0.1122351 -0.3993033 0.9099231
vn -0.04984788 0.08486145 0.9951451
vn 0.9491643 0.3140959 0.02076005
vn -0.3131207 0.9353345 0.1646359
vn 0.3131207 -0.9353344 -0.1646358
vn -0.993683 0.1008686 0.04919029
vn 0.9491642 0.314096 0.02075959
vn -0.05294815 0.09429827 0.994135
vn -0.03229415 0.1627665 -0.986136
vn 0.1189655 -0.4189957 0.900161
vn -0.9427196 0.3008466 -0.1441212
vn 0.3463142 -0.9326012 -0.1015949
vn -0.9923955 -0.1031991 -0.06709135
vn -0.02853503 0.1854625 -0.9822369
vn -0.0514827 0.06291585 0.9966901
vn 0.08632477 -0.3657609 0.9266969
vn -0.3124124 0.9318928 0.1843216
vn 0.3131207 -0.9353345 -0.1646359
vn -0.9491642 -0.314096 -0.02075958
vn 0.9491642 0.314096 0.02075964
vn -0.02632094 0.01347319 0.9995628
vn -0.03229394 0.1627669 -0.9861359
vn 0.08778564 -0.3274587 0.9407787
vn -0.3054062 0.9029153 0.3024417
vn 0.3131207 -0.9353343 -0.1646367
vn -0.949164 -0.3140968 -0.02075504
vn 0.9491642 0.3140965 0.02075397
vn -0.02631967 0.01347329 0.9995629
vn -0.03229479 0.1627658 -0.9861361
vn -0.02632036 0.01347533 0.9995628
vn 0.08778672 -0.327458 0.9407789
vn 0.08778761 -0.3274607 0.9407778
vn -0.03229204 0.1627674 -0.986136
vn -0.03229399 0.1627648 -0.9861363
vn -0.03229216 0.1627676 -0.9861358
vn -0.03229455 0.1627666 -0.986136
vn -0.03229516 0.1627686 -0.9861357
vn -0.02632141 0.01347459 0.9995627
vn 0.08778597 -0.3274599 0.9407782
vn -0.3131209 0.9353344 0.1646361
vn 0.3122851 -0.9312972 -0.1875193
vn 0.949164 0.3140974 0.02075446
vn 0.9491641 0.3140967 0.02075557
vn -0.313121 0.9353343 0.1646363
vn -0.1387638 0.1046225 0.9847836
vn 0.9491641 0.3140966 0.02075644
vn 0.3122849 -0.9312974 -0.187519
vn 0.04437754 -0.4650021 0.8841967
vn 0.9489504 0.3011839 0.0937093
vn -0.9491642 -0.3140961 -0.02076093
vn -0.3131206 0.9353337 0.1646403
vn 0.3131197 -0.9353338 -0.1646411
vn 0.207716 -0.1017104 0.972887
vn -0.4333713 0.01353449 -0.9011138
vn 0.2077186 -0.1017095 0.9728865
vn -0.1380175 -0.2163297 0.9665157
vn -0.1380206 -0.2163306 0.9665151
vn -0.03229329 0.1627654 -0.9861362
vn -0.03229588 0.162767 -0.9861358
vn -0.0322932 0.1627654 -0.9861362
vn 0.3164621 0.2662048 -0.9104871
vn -0.03229221 0.1627682 -0.9861358
vn 0.2077165 -0.1017089 0.972887
vn -0.1380187 -0.2163287 0.9665158
vn 0.9491642 0.3140963 0.02076034
vn -0.9496585 -0.3102268 -0.04368234
vn 0.3131215 -0.9353334 -0.16464
vn 0.3131203 -0.9353338 -0.1646404
vn 0.9491642 0.3140963 0.02076045
vn 0.2941287 0.01407591 0.9556623
vn 0.3131204 -0.9353339 -0.1646395
vn -0.9496586 -0.3102266 -0.04368193
vn -0.2839887 -0.1696831 0.9436939
vn -0.274463 0.9574406 0.08931708
vn 0.2744629 -0.9574407 -0.0893169
vn 0.9489502 0.3011841 0.09371024
vn -0.9491643 -0.314096 -0.0207608
vn 0.3131203 -0.9353353 -0.1646316
vn -0.3131213 0.9353352 0.1646301
vn 0.2077151 -0.1017078 0.9728875
vn -0.4333704 0.01353263 -0.9011143
vn 0.2077174 -0.1017069 0.972887
vn -0.1380184 -0.216327 0.9665162
vn -0.1380215 -0.2163283 0.9665155
vn -0.03229485 0.1627685 -0.9861357
vn -0.03229563 0.1627657 -0.9861361
vn -0.03229456 0.1627688 -0.9861357
vn 0.3164635 0.2662031 -0.9104871
vn -0.03229129 0.1627666 -0.9861361
vn 0.2077159 -0.1017089 0.9728872
vn -0.13802 -0.2163299 0.9665154
vn 0.9491644 0.3140957 0.02076008
vn -0.9496581 -0.3102281 -0.04368152
vn -0.3131194 0.9353356 0.1646317
vn -0.3131208 0.9353352 0.1646314
vn 0.9491643 0.3140958 0.02076009
vn 0.3432289 -0.1325924 0.9298459
vn -0.3131207 0.935335 0.1646325
vn -0.9496586 -0.3102263 -0.04368361
vn -0.2303961 -0.3297718 0.9155152
vn 0.3493807 -0.9060674 -0.2386942
vn -0.3493813 0.9060671 0.2386948
vn -0.3131205 0.9353347 0.1646352
vn 0.3131205 -0.9353347 -0.1646352
vn -0.9491643 -0.314096 -0.02075959
vn 0.9491643 0.314096 0.02075949
vn -0.02183381 -9.78152E-05 0.9997616
vn -0.0322942 0.1627661 -0.986136
vn 0.08546696 -0.3206203 0.9433441
vn 0.9441686 0.3252847 -0.05230338
vn -0.9491641 -0.3140965 -0.02075893
vn 0.3131203 -0.9353338 -0.1646403
vn -0.3131212 0.9353333 0.164641
vn 0.144247 0.2181816 -0.9651889
vn -0.3749302 -0.2810166 0.8834348
vn 0.1442496 0.2181824 -0.9651883
vn -0.2015646 0.1039556 -0.973943
vn -0.2015677 0.1039545 -0.9739425
vn 0.03229373 -0.1627652 0.9861362
vn 0.03229266 -0.1627681 0.9861358
vn 0.03229383 -0.1627652 0.9861362
vn 0.3765925 -0.03685998 0.9256455
vn 0.03229631 -0.1627668 0.9861358
vn 0.1442483 0.2181807 -0.9651889
vn -0.2015649 0.1039541 -0.9739431
vn 0.9491642 0.3140962 0.02075952
vn -0.9481567 -0.3177959 0.002173704
vn -0.3131194 0.9353341 0.1646401
vn -0.3131206 0.9353337 0.1646403
vn 0.9491642 0.3140962 0.0207594
vn 0.2818945 0.176541 -0.9430635
vn -0.3131206 0.9353338 0.1646395
vn -0.9481566 -0.3177961 0.002173301
vn -0.2916939 -0.02082115 -0.9562851
vn 0.35433 -0.9310111 -0.08757024
vn -0.3543301 0.9310111 0.08757006
vn 0.9441686 0.3252845 -0.05230428
vn -0.9491642 -0.3140965 -0.02075908
vn -0.3131212 0.935335 0.1646316
vn 0.3131203 -0.9353356 -0.1646302
vn 0.1442479 0.218179 -0.9651894
vn -0.3749305 -0.2810146 0.8834353
vn 0.1442502 0.2181797 -0.9651889
vn -0.2015637 0.103953 -0.9739435
vn -0.2015671 0.1039522 -0.9739429
vn 0.03229441 -0.1627688 0.9861356
vn 0.03229206 -0.1627669 0.986136
vn 0.03229481 -0.1627688 0.9861356
vn 0.3765926 -0.03685792 0.9256455
vn 0.03229612 -0.1627651 0.9861361
vn 0.1442478 0.2181804 -0.9651891
vn -0.2015668 0.1039544 -0.9739427
vn 0.949164 0.3140968 0.0207598
vn -0.9481571 -0.3177946 0.002172861
vn 0.3131222 -0.9353347 -0.1646316
vn 0.3131208 -0.9353352 -0.1646315
vn 0.949164 0.3140967 0.02075979
vn 0.2327948 0.3232095 -0.9172471
vn 0.3131208 -0.935335 -0.1646325
vn -0.9481565 -0.3177964 0.002174949
vn -0.3452869 0.1392677 -0.9281065
vn -0.2695144 0.9324967 0.2404411
vn 0.2695136 -0.9324968 -0.2404417
vn 0.305407 -0.9029152 -0.3024411
vn -0.3131205 0.9353344 0.1646361
vn -0.9491643 -0.3140953 -0.02076527
vn 0.9491642 0.3140957 0.02076635
vn 0.02632235 -0.01347305 -0.9995627
vn 0.03229217 -0.162766 0.9861361
vn 0.02632301 -0.0134751 -0.9995627
vn -0.08778388 0.3274584 -0.940779
vn -0.08778483 0.3274611 -0.9407779
vn 0.03229534 -0.1627657 0.9861361
vn 0.03229219 -0.1627647 0.9861363
vn 0.03229538 -0.1627659 0.986136
vn 0.03229283 -0.1627665 0.986136
vn 0.03229353 -0.1627685 0.9861357
vn 0.02632173 -0.01347514 -0.9995627
vn -0.08778565 0.3274595 -0.9407784
vn 0.3131204 -0.9353346 -0.1646355
vn -0.3122852 0.9312973 0.1875187
vn 0.9491645 0.3140948 0.02076586
vn 0.9491643 0.3140954 0.02076475
vn 0.3131203 -0.9353346 -0.1646357
vn -0.01007225 -0.1538758 -0.9880389
vn 0.9491643 0.3140956 0.02076388
vn -0.3122855 0.9312973 0.1875184
vn -0.2068321 0.4112423 -0.8877501
vn 0.3124123 -0.9318929 -0.184321
vn -0.3131206 0.9353346 0.1646352
vn -0.9491642 -0.3140961 -0.02076074
vn 0.9491642 0.3140961 0.02076068
vn 0.02632127 -0.01347373 -0.9995627
vn 0.03229349 -0.1627664 0.986136
vn -0.08778518 0.3274583 -0.9407789
vn 0.3131208 -0.9353345 -0.1646352
vn -0.3131208 0.9353345 0.1646352
vn -0.9491642 -0.3140962 -0.02076036
vn 0.9491642 0.3140962 0.0207604
vn 0.02183458 9.809208E-05 -0.9997616
vn 0.03229331 -0.1627664 0.986136
vn -0.08546627 0.3206206 -0.9433441
vn 0.3131202 -0.9353348 -0.1646348
vn -0.3131203 0.9353347 0.1646348
vn -0.9491644 -0.3140956 -0.02076086
vn 0.9491643 0.3140959 0.02075969
vn 0.04282248 -0.06350329 -0.9970625
vn 0.03229306 -0.1627658 0.9861361
vn -0.1055692 0.3797639 -0.91904
vn 0.8357809 0.5454754 0.06266538
vn 0.4497508 0.883481 0.1310937
vn -0.05678899 0.9847582 0.1643969
vn -0.5481135 0.8221697 0.1536513
vn -0.89257 0.4392821 0.101736
vn -0.9978637 -0.06131159 0.02256072
vn -0.8357807 -0.5454763 -0.06266028
vn -0.4497511 -0.883481 -0.1310929
vn 0.05678885 -0.9847577 -0.1644
vn 0.5481134 -0.8221693 -0.1536532
vn 0.8925702 -0.439282 -0.101734
vn 0.9978639 0.06131054 -0.02255556
vn 0.03229409 -0.1627669 0.986136
vn -0.03229403 0.1627667 -0.986136
vt 0.1112092 0.008523591
vt 0.1109371 0.008526406
vt 0.1109241 0.007271839
vt 0.1111962 0.007269023
vt 0.125568 -0.01482974
vt 0.125301 -0.01477724
vt 0.125059 -0.0160083
vt 0.125326 -0.0160608
vt 0.1049044 -0.02445201
vt 0.104646 -0.02436668
vt 0.1042526 -0.02555805
vt 0.104511 -0.02564337
vt 0.05937007 -0.01194922
vt 0.05911528 -0.0118536
vt 0.05867444 -0.01302823
vt 0.05892922 -0.01312385
vt -0.0005747402 0.01034078
vt -0.0008339436 0.01042369
vt -0.001216167 0.009228689
vt -0.0009569633 0.00914578
vt -0.06341796 0.02115964
vt -0.06368585 0.02120751
vt -0.06390655 0.01997244
vt -0.06363865 0.01992457
vt -0.1109371 0.008526425
vt -0.1112092 0.008523609
vt -0.1111962 0.007269042
vt -0.1109241 0.007271859
vt -0.125301 -0.01477723
vt -0.1255681 -0.01482973
vt -0.125326 -0.0160608
vt -0.125059 -0.01600829
vt -0.104646 -0.02436668
vt -0.1049044 -0.02445201
vt -0.104511 -0.02564338
vt -0.1042526 -0.02555805
vt -0.05911539 -0.01185365
vt -0.05937017 -0.01194927
vt -0.05892932 -0.0131239
vt -0.05867454 -0.01302828
vt 0.0008339245 0.01042367
vt 0.0005747211 0.01034076
vt 0.0009569435 0.009145764
vt 0.001216148 0.009228671
vt 0.06368593 0.02120749
vt 0.06341804 0.02115962
vt 0.06363874 0.01992455
vt 0.06390662 0.01997242
vt 0.1096538 -0.06306542
vt 0.1097963 -0.06283358
vt 0.109746 -0.06281859
vt 0.1096177 -0.06302724
vt 0.1100871 -0.0588701
vt 0.109815 -0.05886526
vt 0.1098021 -0.05891133
vt 0.1100984 -0.05891659
vt 0.1097963 -0.06283359
vt 0.1098038 -0.06256156
vt 0.1097527 -0.06257376
vt 0.1097459 -0.06281859
vt 0.1098038 -0.06256156
vt 0.1096743 -0.06232223
vt 0.1096361 -0.06235836
vt 0.1097527 -0.06257376
vt 0.1096743 -0.06232221
vt 0.1094425 -0.0621797
vt 0.1094275 -0.06223008
vt 0.1096362 -0.06235834
vt 0.1094425 -0.06217973
vt 0.1091705 -0.06217222
vt 0.1091826 -0.06222336
vt 0.1094275 -0.06223011
vt 0.1091704 -0.06217221
vt 0.1089311 -0.06230173
vt 0.1089672 -0.06233991
vt 0.1091826 -0.06222335
vt 0.1089311 -0.06230171
vt 0.1087886 -0.06253355
vt 0.108839 -0.06254855
vt 0.1089673 -0.06233989
vt 0.1087886 -0.06253356
vt 0.1087811 -0.06280559
vt 0.1088322 -0.06279339
vt 0.108839 -0.06254856
vt 0.1087811 -0.06280559
vt 0.1089106 -0.06304493
vt 0.1089488 -0.06300879
vt 0.1088322 -0.06279339
vt 0.1089106 -0.06304495
vt 0.1091424 -0.06318747
vt 0.1091574 -0.06313707
vt 0.1089488 -0.06300881
vt 0.1091425 -0.06318744
vt 0.1094145 -0.06319493
vt 0.1094023 -0.06314379
vt 0.1091575 -0.06313704
vt 0.1094145 -0.06319494
vt 0.1096538 -0.06306542
vt 0.1096177 -0.06302724
vt 0.1094023 -0.0631438
vt 0.0005876866 0.01034495
vt 0.0008209677 0.01041956
vt -2.698023E-05 0.0130706
vt -0.0002602545 0.01299598
vt -0.05935731 -0.0119444
vt -0.05912801 -0.01185834
vt -0.06010602 -0.009252486
vt -0.06033532 -0.009338547
vt -0.1048915 -0.02444772
vt -0.104659 -0.02437093
vt -0.1055317 -0.02172795
vt -0.1057643 -0.02180474
vt -0.1255547 -0.01482713
vt -0.1253144 -0.01477988
vt -0.1258513 -0.01204883
vt -0.1260917 -0.01209608
vt -0.1111956 0.00852373
vt -0.1109507 0.008526266
vt -0.1109795 0.01130946
vt -0.1112244 0.01130692
vt -0.06367238 0.02120513
vt -0.06343127 0.02116205
vt -0.06294166 0.02390199
vt -0.06318277 0.02394507
vt -0.0008209785 0.01041957
vt -0.0005876976 0.01034496
vt 0.0002602494 0.01299599
vt 2.696922E-05 0.01307061
vt 0.05912804 -0.01185835
vt 0.05935735 -0.01194441
vt 0.06033536 -0.009338559
vt 0.06010606 -0.009252498
vt 0.1046589 -0.02437092
vt 0.1048915 -0.02444772
vt 0.1057642 -0.02180474
vt 0.1055317 -0.02172795
vt 0.1253144 -0.01477986
vt 0.1255547 -0.01482711
vt 0.1260917 -0.01209606
vt 0.1258513 -0.01204881
vt 0.1109507 0.008526261
vt 0.1111956 0.008523725
vt 0.1112244 0.01130692
vt 0.1109795 0.01130945
vt 0.06343126 0.02116205
vt 0.06367237 0.02120513
vt 0.06318276 0.02394507
vt 0.06294166 0.02390199
vt -0.125571 0.01239411
vt -0.1255541 0.01263845
vt -0.1256 0.01265389
vt -0.1256185 0.01238512
vt -0.1265234 0.0007547173
vt -0.1264064 0.0009698969
vt -0.1264417 0.001003004
vt -0.1265704 0.0007663087
vt -0.1256881 -0.01772844
vt -0.1255015 -0.01756986
vt -0.1255224 -0.01752627
vt -0.1257278 -0.01770071
vt -0.1204922 -0.03766851
vt -0.1202627 -0.03758283
vt -0.1202676 -0.03753472
vt -0.12052 -0.03762896
vt -0.110101 -0.05711962
vt -0.1098562 -0.05711526
vt -0.1098447 -0.05706826
vt -0.1101141 -0.05707306
vt -0.09508611 -0.07536705
vt -0.09485374 -0.07544442
vt -0.09482734 -0.07540389
vt -0.09508295 -0.07531878
vt -0.07728238 -0.09175274
vt -0.07708995 -0.09190426
vt -0.07705138 -0.09187507
vt -0.07726305 -0.0917084
vt -0.05985116 -0.1051047
vt -0.05972553 -0.1053149
vt -0.05981728 -0.1050702
vt -0.08297978 -0.09306546
vt -0.08302589 -0.09330599
vt -0.08294205 -0.09333453
vt -0.08289133 -0.09306994
vt -0.05681086 -0.1122562
vt -0.05692036 -0.1124753
vt -0.05688398 -0.1125072
vt -0.05682375 -0.1123867
vt -0.106444 -0.06874596
vt -0.1066883 -0.06876256
vt -0.1066974 -0.06881006
vt -0.1064286 -0.06879181
vt -0.1264613 0.0006792317
vt -0.1265883 0.0008886486
vt -0.1266346 0.0008748512
vt -0.1264949 0.0006445
vt -0.0002750378 0.01300183
vt -1.843091E-05 0.01308391
vt -0.0002344411 0.01375924
vt -0.0004620529 0.01358652
vt -0.06035032 -0.009333453
vt -0.06009809 -0.009238787
vt -0.06074238 -0.007522088
vt -0.06099462 -0.007616755
vt -0.06071206 -0.00836962
vt -0.06059946 -0.008669624
vt -0.105779 -0.02179908
vt -0.1055232 -0.0217146
vt -0.1060981 -0.01997345
vt -0.106354 -0.02005792
vt -0.1261056 -0.01208862
vt -0.1258412 -0.01203665
vt -0.126195 -0.01023747
vt -0.1264594 -0.01028945
vt -0.1112368 0.01131683
vt -0.1109674 0.01131962
vt -0.1109864 0.01315315
vt -0.1112558 0.01315036
vt -0.06319302 0.02395714
vt -0.0629278 0.02390975
vt -0.06260525 0.02571478
vt -0.06287047 0.02576217
vt 1.825001E-05 0.01308396
vt 0.0002748569 0.01300188
vt 0.0008334747 0.01474834
vt 0.0005768611 0.01483042
vt 0.04699473 -0.004145751
vt 0.04726881 -0.004247489
vt 0.0479069 -0.002528474
vt 0.04763284 -0.002426741
vt 0.1055232 -0.0217146
vt 0.105779 -0.02179907
vt 0.1059444 -0.02129832
vt 0.1060021 -0.02112357
vt 0.106354 -0.02005792
vt 0.1060982 -0.01997344
vt 0.1057125 0.01425088
vt 0.1058019 0.01424233
vt 0.105793 0.01476971
vt 0.1057036 0.01477815
vt 0.1109674 0.01131962
vt 0.1112368 0.01131684
vt 0.1112426 0.01187816
vt 0.1109728 0.01184735
vt 0.0629278 0.02390974
vt 0.06319301 0.02395713
vt 0.06308503 0.02456143
vt 0.06282905 0.02446235
vt -0.1267414 0.005007065
vt -0.1267386 0.005276464
vt -0.1267897 0.005290467
vt -0.1267928 0.004994124
vt 0.1199309 -0.03919122
vt 0.1196758 -0.03909638
vt 0.1196483 -0.03913555
vt 0.1199261 -0.03923884
vt 0.1245723 -0.01877754
vt 0.1243644 -0.01860193
vt 0.1243253 -0.01862948
vt 0.1245517 -0.01882072
vt 0.1249094 0.0004506097
vt 0.1247783 0.0006890811
vt 0.1247319 0.0006773942
vt 0.1248746 0.0004176994
vt 0.1236304 0.0131736
vt 0.1236096 0.01344494
vt 0.1235625 0.01345348
vt 0.1235851 0.01315799
vt 0.1248566 0.002887133
vt 0.1249954 0.003121229
vt 0.1249617 0.003155253
vt 0.1248106 0.00290032
vt 0.1064787 -0.06705049
vt 0.1067502 -0.06706923
vt 0.1067654 -0.06702387
vt 0.1064698 -0.06700347
vt 0.05728232 -0.1120254
vt 0.05740154 -0.1122701
vt 0.05744846 -0.1122607
vt 0.05731863 -0.1119943
vt 0.04938337 -0.1141508
vt 0.04934904 -0.1144208
vt 0.04939343 -0.1144387
vt 0.04943082 -0.1141447
vt 0.06086825 -0.1062554
vt 0.06072761 -0.1064883
vt 0.06076099 -0.1065226
vt 0.06091414 -0.1062689
vt 0.07811592 -0.09330377
vt 0.07790166 -0.09347157
vt 0.07792068 -0.09351549
vt 0.07815399 -0.09333275
vt 0.09555642 -0.07711995
vt 0.09529813 -0.07720561
vt 0.0953012 -0.07725336
vt 0.0955825 -0.07716008
vt 0.1112082 0.007258879
vt 0.1109119 0.007261947
vt 0.1109098 0.007061561
vt 0.1112062 0.007058494
vt 0.1253359 -0.016073
vt 0.1250452 -0.01601583
vt 0.1250065 -0.01621246
vt 0.1252973 -0.01626964
vt 0.1045194 -0.02565669
vt 0.104238 -0.02556377
vt 0.1041752 -0.02575405
vt 0.1044566 -0.02584698
vt 0.05893699 -0.01313748
vt 0.05865953 -0.01303335
vt 0.05858912 -0.01322097
vt 0.05886658 -0.0133251
vt -0.0009484693 0.009132508
vt -0.001230737 0.009222792
vt -0.001291788 0.009031923
vt -0.00100952 0.008941638
vt -0.06362851 0.01991256
vt -0.06392024 0.01996469
vt -0.0639555 0.01976742
vt -0.06366377 0.01971529
vt -0.1109118 0.007261972
vt -0.1112082 0.007258906
vt -0.1112061 0.007058521
vt -0.1109098 0.007061587
vt -0.1250452 -0.0160158
vt -0.1253359 -0.01607297
vt -0.1252973 -0.0162696
vt -0.1250065 -0.01621243
vt -0.104238 -0.02556376
vt -0.1045194 -0.02565668
vt -0.1044565 -0.02584697
vt -0.1041751 -0.02575404
vt -0.05865964 -0.01303338
vt -0.0589371 -0.01313751
vt -0.05886669 -0.01332512
vt -0.05858923 -0.01322099
vt 0.0012307 0.009222859
vt 0.00094843 0.009132572
vt 0.001009481 0.008941702
vt 0.001291751 0.009031989
vt 0.06392024 0.01996472
vt 0.0636285 0.01991259
vt 0.06366376 0.01971532
vt 0.06395549 0.01976745
vt -0.1079435 -0.06622469
vt -0.1076475 -0.06620985
vt -0.1076667 -0.06614963
vt -0.1079304 -0.06616287
vt -0.07846712 -0.09870766
vt -0.07828619 -0.09847294
vt -0.07834445 -0.09844843
vt -0.07850565 -0.09865756
vt -0.06744663 -0.1048563
vt -0.06743561 -0.1045602
vt -0.06749727 -0.104574
vt -0.0675071 -0.1048379
vt -0.07241382 -0.09953005
vt -0.07253858 -0.09926123
vt -0.07258721 -0.0993016
vt -0.07247604 -0.09954113
vt -0.08426549 -0.08876623
vt -0.08448647 -0.08856876
vt -0.08451515 -0.08862509
vt -0.08431825 -0.08880103
vt -0.09771423 -0.07484259
vt -0.09799263 -0.074741
vt -0.0979984 -0.07480393
vt -0.09775035 -0.07489445
vt -0.1097067 -0.05908425
vt -0.110003 -0.05908999
vt -0.1099857 -0.05915077
vt -0.1097217 -0.05914565
vt -0.118534 -0.04247303
vt -0.1188082 -0.04258546
vt -0.1187701 -0.04263588
vt -0.1185257 -0.04253569
vt -0.1236404 -0.02623353
vt -0.1238531 -0.02643993
vt -0.123799 -0.02647253
vt -0.1236095 -0.02628863
vt -0.1256116 -0.01283481
vt -0.1257239 -0.01310904
vt -0.1256613 -0.01311726
vt -0.1255612 -0.01287293
vt -0.1259422 -0.007806058
vt -0.1259145 -0.008101122
vt -0.1258552 -0.008079341
vt -0.1258799 -0.007816437
vt -0.1243458 -0.02294846
vt -0.1241469 -0.02316816
vt -0.1241124 -0.02311518
vt -0.1242896 -0.02291943
vt 0.1111899 0.007049079
vt 0.1109258 0.007051813
vt 0.1109256 0.007031774
vt 0.1111897 0.007029042
vt 0.1252795 -0.01627647
vt 0.1250204 -0.01622553
vt 0.1250165 -0.01624519
vt 0.1252756 -0.01629614
vt 0.104438 -0.02585163
vt 0.1041872 -0.02576884
vt 0.1041809 -0.02578786
vt 0.1044317 -0.02587066
vt 0.0588481 -0.01332883
vt 0.05860088 -0.01323605
vt 0.05859385 -0.01325481
vt 0.05884106 -0.01334759
vt -0.001028023 0.008937301
vt -0.001279523 0.009017746
vt -0.001285629 0.008998659
vt -0.001034121 0.008918213
vt -0.0636815 0.01970884
vt -0.06394143 0.01975529
vt -0.06394495 0.01973556
vt -0.06368501 0.01968911
vt -0.1109258 0.007051963
vt -0.1111899 0.00704923
vt -0.1111897 0.007029192
vt -0.1109256 0.007031924
vt -0.1250204 -0.0162255
vt -0.1252795 -0.01627644
vt -0.1252756 -0.0162961
vt -0.1250165 -0.01624516
vt -0.1041873 -0.02576859
vt -0.104438 -0.02585138
vt -0.1044317 -0.02587041
vt -0.1043064 -0.02582901
vt -0.104181 -0.02578762
vt -0.05860092 -0.01323589
vt -0.05884814 -0.01332867
vt -0.05884109 -0.01334743
vt -0.05871748 -0.01330104
vt -0.05859388 -0.01325465
vt 0.001279286 0.009018091
vt 0.001027782 0.008937645
vt 0.001033887 0.008918559
vt 0.001285392 0.008999004
vt 0.06394129 0.01975543
vt 0.06368135 0.01970898
vt 0.06368487 0.01968925
vt 0.0639448 0.0197357
vt 0.112367 0.04696614
vt 0.112103 0.04697299
vt 0.1121285 0.04682396
vt 0.1123339 0.04681864
vt 0.1163372 -0.04865874
vt 0.1160962 -0.04855096
vt 0.1160624 -0.04869832
vt 0.1162499 -0.04878218
vt 0.06939109 -0.09241636
vt 0.06916538 -0.09227931
vt 0.06911345 -0.0924213
vt 0.06920125 -0.09247461
vt 0.06928907 -0.09252793
vt 0.01583561 -0.09533372
vt 0.01560417 -0.09520659
vt 0.01555844 -0.09535068
vt 0.01564847 -0.09540014
vt 0.01573852 -0.0954496
vt -0.03503089 -0.07967633
vt -0.03527691 -0.07958043
vt -0.03530348 -0.07972925
vt -0.03511205 -0.07980387
vt -0.07889204 -0.05913579
vt -0.07915123 -0.0590854
vt -0.07915078 -0.05923658
vt -0.0789491 -0.05927579
vt -0.1104264 -0.03928934
vt -0.1106905 -0.03929222
vt -0.1106595 -0.03944019
vt -0.1104541 -0.03943797
vt -0.1248109 -0.01800934
vt -0.125069 -0.01806502
vt -0.1250091 -0.01820382
vt -0.1248083 -0.01816049
vt -0.119779 0.01017403
vt -0.1199012 0.01012405
vt -0.1198732 0.01005541
vt -0.1198451 0.009986779
vt -0.11975 0.01002566
vt -0.09485016 0.04731391
vt -0.09496526 0.04724925
vt -0.09492894 0.04718459
vt -0.04757571 0.0866095
vt -0.04780186 0.08647318
vt -0.0477002 0.08636128
vt -0.04752424 0.08646735
vt 0.02894294 0.1038227
vt 0.02869893 0.1037218
vt 0.02878268 0.1035959
vt 0.02897254 0.1036744
vt -0.1093846 -0.06306965
vt -0.1091792 -0.06306398
vt -0.1090042 -0.06295639
vt -0.1096729 -0.06279683
vt -0.1095653 -0.06297187
vt 0.1172885 0.0324116
vt 0.1171607 0.03227303
vt 0.1173461 0.03213172
vt 0.1267764 -0.003511255
vt 0.1265343 -0.003409384
vt 0.1266235 -0.003739219
vt 0.1245092 -0.02511316
vt 0.1242328 -0.024918
vt 0.1242493 -0.02519191
vt 0.0409252 -0.1192619
vt 0.04099243 -0.1190285
vt 0.0408816 -0.1191344
vt 0.1262586 -0.01131034
vt 0.1264594 -0.01028942
vt 0.1263272 -0.01026343
vt 0.1261186 -0.01132447
vt 0.1112464 0.01224353
vt 0.1112558 0.01315036
vt 0.1109864 0.01315315
vt 0.1109756 0.01211274
vt 0.06301115 0.02497496
vt 0.06287049 0.02576217
vt 0.06260528 0.02571478
vt 0.0627648 0.02482204
vt -0.0003320393 0.01406447
vt -0.0005770226 0.01483038
vt -0.0008336302 0.01474831
vt -0.0005900067 0.01398664
vt -0.09579783 0.06878656
vt -0.09617791 0.06880537
vt -0.09603878 0.06853878
vt -0.08258764 0.07786208
vt -0.08287689 0.07802927
vt -0.08291422 0.07774172
vt 0.04271372 0.02344506
vt 0.04247946 0.02338109
vt 0.04252104 0.02320182
vt -0.1145265 0.04845644
vt -0.1147986 0.04835433
vt -0.114667 0.04830441
vt -0.07196926 0.08986489
vt -0.072174 0.08968971
vt -0.07190175 0.08949605
vt 0.1060052 0.0152985
vt 0.1059988 0.01561888
vt 0.1056656 0.01544688
vt 0.0963333 0.005453943
vt 0.09612875 0.005366234
vt 0.0962826 0.005187501
vt -0.1066839 0.05779468
vt -0.106401 0.05786166
vt -0.1064764 0.05807109
vt 0.105769 0.01323485
vt 0.1055878 0.01316144
vt 0.1058072 0.01295331
vt -0.09525186 0.07353048
vt -0.09487198 0.07350782
vt -0.09494256 0.07369013
vt 0.09301953 0.003285017
vt 0.09300299 0.003051321
vt 0.0931745 0.003107246
vt 0.1248742 -0.02320267
vt 0.1247025 -0.02293657
vt 0.1245949 -0.02301179
vt 0.1266362 0.0008275426
vt 0.126499 0.001016009
vt 0.1263904 0.0009201365
vt 0.09901998 0.008877781
vt 0.09909561 0.008637397
vt 0.09924451 0.008675129
vt 0.1263511 -0.007707695
vt 0.126554 -0.007950814
vt 0.1264759 -0.007618175
vt 0.08951859 0.007876996
vt 0.08943708 0.008115451
vt 0.08939047 0.007848264
vt 0.05903028 0.00867601
vt 0.05903398 0.008910262
vt 0.05883374 0.008673197
vt 0.1245895 0.01447307
vt 0.1248036 0.01435852
vt 0.1247025 0.01461363
vt 0.09542532 0.01575391
vt 0.09523752 0.01598781
vt 0.09528784 0.01570817
vt 0.1081829 0.01842166
vt 0.1078452 0.01857419
vt 0.1080185 0.01832937
vt -0.1090042 -0.06295636
vt -0.1089553 -0.06286602
vt -0.1091354 -0.06282303
vt -0.1096757 -0.06269412
vt -0.1096729 -0.0627968
vt -0.1089121 -0.06257032
vt -0.1090197 -0.06239529
vt -0.1092004 -0.0622975
vt -0.1094057 -0.06230316
vt -0.1095808 -0.06241076
vt -0.1089554 -0.06286581
vt -0.1089065 -0.06277546
vt -0.1089094 -0.06267277
vt -0.1090895 -0.0626298
vt -0.1091125 -0.06272632
vt -0.1091355 -0.06282283
vt -0.1089093 -0.06267296
vt -0.1089121 -0.06257027
vt -0.1095808 -0.06241072
vt -0.1096297 -0.06250106
vt -0.1090894 -0.06262999
vt -0.08720578 -0.01254647
vt -0.0872186 -0.01251607
vt -0.08729903 -0.0125804
vt -0.1199012 0.01012409
vt -0.1200234 0.0100741
vt -0.1198731 0.01005545
vt -0.09496535 0.04724918
vt -0.09508046 0.04718451
vt -0.09498227 0.04706956
vt -0.09489271 0.04711988
vt -0.09492903 0.04718453
vt -0.09098942 0.01705786
vt -0.09043605 0.01700944
vt -0.09043243 0.01704178
vt 0.09144195 -0.006490154
vt 0.09149023 -0.006433873
vt 0.0908893 -0.006505148
vt -0.07842634 -0.02368121
vt -0.07851784 -0.0237154
vt -0.07850654 -0.02374582
vt -0.1152691 -0.05222407
vt -0.1152987 -0.05234688
vt -0.114685 -0.05243552
vt -0.1194735 0.01455976
vt -0.1194113 0.01448807
vt -0.1193234 0.01453979
vt -0.1067664 0.03937522
vt -0.1066533 0.03943162
vt -0.1067028 0.03951265
vt 0.09011681 0.02046235
vt 0.09067012 0.02051153
vt 0.0901175 0.02049532
vt -0.08318132 -0.02421791
vt -0.08308814 -0.0241838
vt -0.08319287 -0.02418747
vt -0.1107132 -0.05922004
vt -0.1112937 -0.05904919
vt -0.1113308 -0.05914417
vt -0.1142432 -0.05437826
vt -0.1136584 -0.05454987
vt -0.1136279 -0.05445503
vt -0.09027886 0.03836175
vt -0.09023092 0.03830519
vt -0.089674 0.03828683
vt -0.0831642 -0.02498295
vt -0.08305949 -0.02497927
vt -0.08307064 -0.02494879
vt -0.1119644 -0.05766979
vt -0.111942 -0.05757473
vt -0.1125579 -0.05748666
vt -0.1270068 -0.00379001
vt -0.1268872 -0.003548599
vt -0.1269271 -0.003513762
vt -0.1270587 -0.003779315
vt -0.1255525 -0.02025065
vt -0.1253512 -0.02007163
vt -0.1253752 -0.02002436
vt -0.1255967 -0.02022129
vt -0.1201615 -0.03878564
vt -0.1199101 -0.03868868
vt -0.119916 -0.03863601
vt -0.1201925 -0.03874266
vt -0.1100825 -0.05722051
vt -0.1098132 -0.05721557
vt -0.1098007 -0.05716407
vt -0.110097 -0.05716951
vt -0.09589339 -0.07465164
vt -0.0956386 -0.0747392
vt -0.0956092 -0.0746951
vt -0.09588946 -0.07459877
vt -0.07941233 -0.09030706
vt -0.07920425 -0.0904782
vt -0.07916128 -0.09044716
vt -0.07939017 -0.09025891
vt -0.06382219 -0.1029776
vt -0.06364103 -0.1032008
vt -0.06378376 -0.1029411
vt 0.07979465 -0.0784208
vt 0.08003354 -0.07854535
vt 0.08005168 -0.07853971
vt 0.07978889 -0.07840271
vt -0.06501567 -0.1078543
vt -0.06508479 -0.1079699
vt -0.0650477 -0.1080078
vt -0.06489563 -0.1077534
vt -0.1069313 -0.06833501
vt -0.1072002 -0.06835119
vt -0.1072106 -0.06840318
vt -0.1069148 -0.06838538
vt -0.1266265 -0.009178936
vt -0.1267831 -0.008959739
vt -0.1268327 -0.008978585
vt -0.1266604 -0.009219707
vt -0.0008498564 0.01475438
vt -0.0005675848 0.01484467
vt -0.0006135211 0.01498828
vt -0.000895792 0.01489799
vt -0.06101102 -0.007611491
vt -0.06073356 -0.007507354
vt -0.06078655 -0.007366193
vt -0.061064 -0.007470326
vt -0.10637 -0.02005227
vt -0.1060886 -0.01995935
vt -0.1061358 -0.01981618
vt -0.1064173 -0.0199091
vt -0.1264745 -0.01028215
vt -0.1261837 -0.01022498
vt -0.1262128 -0.01007703
vt -0.1265036 -0.01013421
vt -0.1112693 0.01316031
vt -0.110973 0.01316338
vt -0.1109746 0.01331415
vt -0.1112709 0.01331108
vt -0.06288186 0.02577478
vt -0.06259013 0.02572265
vt -0.0625636 0.02587108
vt -0.06285534 0.02592321
vt 0.0005672105 0.01484471
vt 0.0008494799 0.01475442
vt 0.0008954129 0.01489804
vt 0.0006131498 0.01498832
vt 0.06073358 -0.007507491
vt 0.06101104 -0.007611626
vt 0.06106402 -0.007470459
vt 0.06078656 -0.007366326
vt 0.1060886 -0.01995941
vt 0.10637 -0.02005232
vt 0.1064173 -0.01990915
vt 0.1061358 -0.01981623
vt 0.1261837 -0.01022497
vt 0.1264745 -0.01028215
vt 0.1265036 -0.0101342
vt 0.1262128 -0.01007702
vt 0.110973 0.01316341
vt 0.1112693 0.01316035
vt 0.1112709 0.01331112
vt 0.1109745 0.01331418
vt 0.06259026 0.02572268
vt 0.06288198 0.02577482
vt 0.06285547 0.02592324
vt 0.06256373 0.02587111
vt 0.109686 -0.0630994
vt 0.1098412 -0.06284693
vt 0.1097863 -0.06283059
vt 0.1096466 -0.06305782
vt 0.1098412 -0.06284694
vt 0.1098494 -0.06255069
vt 0.1097937 -0.06256398
vt 0.1097863 -0.0628306
vt 0.1098494 -0.06255067
vt 0.1097083 -0.06229004
vt 0.1096667 -0.06232939
vt 0.1097937 -0.06256396
vt 0.1097078 -0.06229085
vt 0.1094553 -0.06213564
vt 0.109439 -0.06219052
vt 0.1096662 -0.0623302
vt 0.109456 -0.06213469
vt 0.1091597 -0.06212653
vt 0.109173 -0.06218221
vt 0.1094396 -0.06218957
vt 0.1091588 -0.06212808
vt 0.1088981 -0.06226913
vt 0.1089375 -0.0623107
vt 0.109172 -0.06218377
vt 0.1088994 -0.06226691
vt 0.1087442 -0.06251937
vt 0.1087991 -0.06253571
vt 0.1089388 -0.06230848
vt 0.1087437 -0.06252019
vt 0.1087356 -0.06281643
vt 0.1087913 -0.06280315
vt 0.1087986 -0.06253652
vt 0.1087355 -0.06281652
vt 0.1088766 -0.06307716
vt 0.1089182 -0.06303781
vt 0.1087912 -0.06280322
vt 0.1088768 -0.06307684
vt 0.1091293 -0.06323203
vt 0.1091456 -0.06317715
vt 0.1089184 -0.06303748
vt 0.1091291 -0.06323233
vt 0.1094253 -0.0632405
vt 0.109412 -0.06318481
vt 0.1091454 -0.06317745
vt 0.1094255 -0.06324022
vt 0.1096862 -0.06309916
vt 0.1096468 -0.06305758
vt 0.1094123 -0.06318453
vt -0.0008816296 0.01490239
vt -0.000627587 0.01498365
vt -0.0006367784 0.01501237
vt -0.0008908214 0.01493112
vt -0.06105013 -0.007465207
vt -0.06080041 -0.007371487
vt -0.06081102 -0.007343254
vt -0.06106073 -0.007436975
vt -0.1064029 -0.01990453
vt -0.1061496 -0.0198209
vt -0.1061591 -0.01979226
vt -0.1064124 -0.01987589
vt -0.1264891 -0.01013141
vt -0.1262274 -0.01007995
vt -0.1262332 -0.01005036
vt -0.1264949 -0.01010181
vt -0.1112562 0.01331124
vt -0.1109895 0.01331401
vt -0.1109898 0.01334416
vt -0.1112565 0.0133414
vt -0.06284059 0.02592067
vt -0.06257802 0.02587375
vt -0.06257272 0.02590344
vt -0.06283528 0.02595036
vt 0.0006267336 0.01498407
vt 0.000880776 0.01490281
vt 0.0008899677 0.01493153
vt 0.0006359254 0.01501279
vt 0.06080036 -0.00737114
vt 0.06105008 -0.007464861
vt 0.06106068 -0.007436628
vt 0.06081096 -0.007342907
vt 0.10615 -0.01982059
vt 0.1064033 -0.01990422
vt 0.1064128 -0.01987558
vt 0.1061595 -0.01979195
vt 0.1262273 -0.01007996
vt 0.1264891 -0.01013141
vt 0.1264949 -0.01010182
vt 0.1262332 -0.01005036
vt 0.1109892 0.01331413
vt 0.1112559 0.01331137
vt 0.1112562 0.01334153
vt 0.1109895 0.01334429
vt 0.06257813 0.02587351
vt 0.0628407 0.02592043
vt 0.0628354 0.02595012
vt 0.06257283 0.0259032
vt 0.1096466 -0.06305793
vt 0.1097862 -0.0628307
vt 0.1097936 -0.06256409
vt 0.1096667 -0.06232951
vt 0.1094394 -0.06218983
vt 0.1091728 -0.06218247
vt 0.1089382 -0.06230942
vt 0.1087986 -0.06253664
vt 0.1087912 -0.06280327
vt 0.1089182 -0.06303784
vt 0.1091454 -0.06317751
vt 0.109412 -0.06318487
vt 0.1232943 -0.01591644
vt 0.1232115 -0.01590621
vt 0.1229457 -0.01697547
vt 0.1230334 -0.01696585
vt 0.1057711 0.01607564
vt 0.1056817 0.01608419
vt 0.1057006 0.0149621
vt 0.1057897 0.014974
vt 0.1259734 -0.01206263
vt 0.1261056 -0.01208862
vt 0.1262074 -0.01157078
vt 0.1260752 -0.01154499
vt 0.1227691 -0.01768566
vt 0.1228519 -0.01769588
vt 0.1229792 -0.01718391
vt 0.1228964 -0.01717379
vt -0.08200578 -0.09199578
vt -0.08191729 -0.09199942
vt -0.08204772 -0.09173777
vt -0.08150373 -0.09427828
vt -0.08141726 -0.09425398
vt -0.08150152 -0.09422671
vt 0.06626099 -0.107005
vt 0.06606485 -0.1070178
vt 0.0661469 -0.1070543
vt -0.1255289 -0.01532375
vt -0.1254478 -0.01536227
vt -0.1255651 -0.01514964
vt 0.1243894 0.01980224
vt 0.1243842 0.01978398
vt 0.1244652 0.01974523
vt -0.008466496 -0.1001057
vt -0.008217948 -0.1002596
vt -0.008212976 -0.1002413
vt -0.1055461 0.06274251
vt -0.1054629 0.062713
vt -0.1053855 0.06287305
vt 0.04375382 -0.1185939
vt 0.04371233 -0.1186792
vt 0.04375532 -0.1187507
vt 0.09056763 -0.08839776
vt 0.09046882 -0.08847316
vt 0.09051584 -0.08854206
vt -0.1261345 -0.007163781
vt -0.1260536 -0.00714351
vt -0.1260156 -0.007108598
vt 0.08717468 0.04472979
vt 0.08719262 0.04455041
vt 0.08832682 0.04466383
vt 0.08830889 0.04484321
vt 0.07600151 0.08702265
vt 0.07603587 0.08684568
vt 0.07715483 0.08706291
vt 0.07712048 0.08723987
vt -0.1260707 -0.001815562
vt -0.1259481 -0.001683397
vt -0.1267838 -0.0009082108
vt -0.1269064 -0.001040376
vt -0.1015499 -0.06622566
vt -0.1015244 -0.0660472
vt -0.1026529 -0.06588641
vt -0.1026783 -0.06606489
vt -0.09543778 -0.04291903
vt -0.09542157 -0.04273949
vt -0.09655681 -0.04263701
vt -0.09657302 -0.04281656
vt -0.09162631 -0.00153545
vt -0.09161155 -0.001355783
vt -0.09274758 -0.00126243
vt -0.09276234 -0.001442099
vt -0.08719261 0.04455046
vt -0.08717467 0.04472984
vt -0.08830887 0.04484325
vt -0.08832681 0.04466388
vt -0.07603587 0.08684568
vt -0.07600152 0.08702265
vt -0.07712048 0.08723988
vt -0.07715484 0.08706291
vt 0.1259481 -0.001683421
vt 0.1260707 -0.001815582
vt 0.1269064 -0.001040397
vt 0.1267838 -0.0009082278
vt 0.1015244 -0.06604721
vt 0.1015499 -0.06622569
vt 0.1026783 -0.06606489
vt 0.1026529 -0.06588642
vt 0.09542156 -0.04273949
vt 0.09543777 -0.04291904
vt 0.09657301 -0.04281656
vt 0.0965568 -0.04263701
vt 0.09161156 -0.001355709
vt 0.09162632 -0.001535375
vt 0.09276234 -0.001442025
vt 0.09274758 -0.001262359
vt -0.06049421 -0.03012226
vt -0.06042392 -0.02995626
vt -0.06045258 -0.02993434
vt -0.0605299 -0.03011694
vt 0.08830832 0.04484348
vt 0.08832626 0.04466411
vt 0.08833563 0.04466505
vt 0.0883177 0.04484442
vt 0.07711998 0.08724011
vt 0.07715435 0.08706315
vt 0.07716359 0.08706494
vt 0.07712923 0.08724192
vt -0.1269064 -0.001040557
vt -0.1267838 -0.0009083921
vt -0.1267907 -0.0009019856
vt -0.1269133 -0.001034151
vt -0.1026777 -0.06606559
vt -0.1026523 -0.06588711
vt -0.1026616 -0.06588577
vt -0.102687 -0.06606425
vt -0.09657312 -0.04281624
vt -0.09655692 -0.0426367
vt -0.0965663 -0.04263585
vt -0.0965825 -0.04281539
vt -0.09276296 -0.00144218
vt -0.09274821 -0.00126251
vt -0.0927576 -0.001261739
vt -0.09277236 -0.001441405
vt -0.08832675 0.04466392
vt -0.0883088 0.0448433
vt -0.08831818 0.04484424
vt -0.08833613 0.04466486
vt -0.0771551 0.08706273
vt -0.07712074 0.08723971
vt -0.07712999 0.08724149
vt -0.07716434 0.08706453
vt 0.1267838 -0.0009009154
vt 0.1269064 -0.001033077
vt 0.1269133 -0.001026666
vt 0.1267907 -0.0008945084
vt 0.102654 -0.0658851
vt 0.1026795 -0.06606356
vt 0.1026888 -0.06606223
vt 0.1026634 -0.06588376
vt 0.09655659 -0.04263721
vt 0.09657279 -0.04281675
vt 0.09658218 -0.0428159
vt 0.09656597 -0.04263636
vt 0.0927476 -0.001262461
vt 0.09276237 -0.001442127
vt 0.09277175 -0.001441359
vt 0.09275699 -0.001261687
vt 0.105127 -0.0254967
vt 0.1050289 -0.02564792
vt 0.1050533 -0.0256745
vt 0.1051612 -0.02550815
vt 0.09667017 -0.0353208
vt 0.09650863 -0.03540083
vt 0.09651606 -0.03543613
vt 0.09669374 -0.0353481
vt 0.08351336 -0.04185175
vt 0.08333388 -0.04183485
vt 0.08332162 -0.04186878
vt 0.08351906 -0.04188737
vt 0.06943099 -0.04057033
vt 0.06928676 -0.04046217
vt 0.06925859 -0.04048472
vt 0.06941725 -0.04060368
vt 0.0596114 -0.03049605
vt 0.05954111 -0.03033004
vt 0.05950543 -0.03033537
vt 0.05958274 -0.03051797
vt 0.05723049 -0.01523628
vt 0.05724976 -0.01505704
vt 0.05721599 -0.01504435
vt 0.0571948 -0.01524151
vt 0.06273066 -0.000508801
vt 0.06283432 -0.00036131
vt 0.06281091 -0.0003338481
vt 0.06269689 -0.0004960901
vt 0.07429221 0.008337931
vt 0.07445531 0.00841474
vt 0.07444857 0.008450185
vt 0.07426916 0.008365694
vt 0.08802735 0.008764664
vt 0.0882069 0.00874852
vt 0.08821901 0.008782504
vt 0.0880215 0.008800265
vt 0.09952061 0.002557124
vt 0.09966767 0.002452861
vt 0.09969523 0.002476145
vt 0.09953346 0.002590833
vt 0.106345 -0.006352486
vt 0.1064219 -0.006515504
vt 0.1064574 -0.006508742
vt 0.1063727 -0.006329421
vt 0.1082076 -0.01570399
vt 0.1081962 -0.01588391
vt 0.1082305 -0.0158951
vt 0.108243 -0.0156972
vt 0.08832661 0.04485415
vt 0.08834634 0.04465683
vt 0.0883932 0.04466152
vt 0.08837347 0.04485884
vt 0.077137 0.08725247
vt 0.07717479 0.08705781
vt 0.07722103 0.08706678
vt 0.07718324 0.08726145
vt -0.1269263 -0.001033472
vt -0.1267915 -0.0008880859
vt -0.126826 -0.000856054
vt -0.1269609 -0.001001432
vt -0.1026981 -0.06607135
vt -0.1026701 -0.06587504
vt -0.1027167 -0.06586839
vt -0.1027447 -0.06606472
vt -0.09659251 -0.04282381
vt -0.09657468 -0.04262631
vt -0.0966216 -0.04262208
vt -0.09663942 -0.04281958
vt -0.0927818 -0.001449526
vt -0.09276555 -0.001251892
vt -0.0928125 -0.001248036
vt -0.09282874 -0.00144567
vt -0.08834639 0.04465676
vt -0.08832666 0.04485408
vt -0.08837353 0.04485877
vt -0.08839326 0.04466145
vt -0.07717505 0.08705766
vt -0.07713726 0.08725233
vt -0.0771835 0.0872613
vt -0.0772213 0.08706664
vt 0.1267915 -0.0008871973
vt 0.1269263 -0.001032581
vt 0.1269609 -0.001000542
vt 0.126826 -0.0008551645
vt 0.1026702 -0.06587495
vt 0.1026981 -0.06607126
vt 0.1027448 -0.06606462
vt 0.1027168 -0.0658683
vt 0.09657468 -0.0426264
vt 0.0965925 -0.0428239
vt 0.09663941 -0.04281967
vt 0.09662159 -0.04262217
vt 0.09276559 -0.001251889
vt 0.09278184 -0.001449526
vt 0.09282878 -0.001445667
vt 0.09281254 -0.001248033
vt -0.06727831 -0.00363149
vt -0.06716392 -0.003793474
vt -0.06713632 -0.003760753
vt -0.06723824 -0.003616428
vt -0.07665747 0.00357198
vt -0.07647784 0.00348798
vt -0.07647009 0.003530076
vt -0.07663014 0.003604922
vt -0.08779508 0.004156867
vt -0.08759756 0.004174495
vt -0.08761202 0.004214789
vt -0.087788 0.004199082
vt -0.09725804 -0.0006597707
vt -0.09709591 -0.0005455884
vt -0.09712858 -0.0005179464
vt -0.09727306 -0.0006196839
vt -0.102995 -0.008043819
vt -0.1029102 -0.007864582
vt -0.1029522 -0.007856632
vt -0.1030278 -0.008016329
vt -0.1045049 -0.01612549
vt -0.1045183 -0.01592764
vt -0.1045589 -0.01594122
vt -0.104547 -0.0161175
vt -0.1017162 -0.02448129
vt -0.1018256 -0.02431584
vt -0.1018541 -0.02434769
vt -0.1017568 -0.02449511
vt -0.09452117 -0.03238686
vt -0.0946994 -0.03229992
vt -0.09470784 -0.03234189
vt -0.09454904 -0.03241935
vt -0.08379653 -0.03726266
vt -0.08399398 -0.03728096
vt -0.08397939 -0.03732121
vt -0.08380346 -0.03730489
vt -0.07253089 -0.03593641
vt -0.07269045 -0.03605416
vt -0.07265716 -0.03608107
vt -0.07251499 -0.03597615
vt -0.06466343 -0.02775712
vt -0.06474211 -0.02793914
vt -0.06469981 -0.02794566
vt -0.0646297 -0.02778348
vt -0.06277104 -0.0154813
vt -0.06275035 -0.01567851
vt -0.06271028 -0.01566344
vt -0.06272872 -0.01548772
vt 0.08838398 0.04484902
vt 0.08840156 0.04467321
vt 0.08881909 0.04471496
vt 0.08880151 0.04489077
vt 0.07719473 0.08725248
vt 0.0772284 0.08707903
vt 0.07764031 0.08715899
vt 0.07760664 0.08733244
vt -0.1269604 -0.0009860655
vt -0.1268403 -0.0008565347
vt -0.1271479 -0.0005711648
vt -0.127268 -0.0007006961
vt -0.1027527 -0.06605244
vt -0.1027277 -0.06587752
vt -0.1031432 -0.06581832
vt -0.1031681 -0.06599326
vt -0.0966479 -0.04280795
vt -0.09663201 -0.04263198
vt -0.09704992 -0.04259426
vt -0.09706581 -0.04277022
vt -0.09283728 -0.001434128
vt -0.09282281 -0.001258036
vt -0.09324101 -0.00122367
vt -0.09325548 -0.001399764
vt -0.08840157 0.04467314
vt -0.08838399 0.04484896
vt -0.08880152 0.04489071
vt -0.0888191 0.0447149
vt -0.07722829 0.08707918
vt -0.07719462 0.08725263
vt -0.07760654 0.08733259
vt -0.07764021 0.08715914
vt 0.1268403 -0.0008562612
vt 0.1269604 -0.0009857917
vt 0.127268 -0.0007004176
vt 0.1271479 -0.0005708906
vt 0.1027278 -0.06587748
vt 0.1027527 -0.06605241
vt 0.1031681 -0.06599322
vt 0.1031432 -0.06581829
vt 0.09663203 -0.0426321
vt 0.09664791 -0.04280806
vt 0.09706582 -0.04277034
vt 0.09704994 -0.04259437
vt 0.09282281 -0.001258032
vt 0.09283728 -0.001434128
vt 0.09325548 -0.00139976
vt 0.09324101 -0.001223668
vt -0.08617095 -0.01670109
vt -0.08606945 -0.01684572
vt -0.08590923 -0.01692021
vt -0.08573324 -0.01690463
vt -0.08558862 -0.01680312
vt -0.08551412 -0.01664291
vt -0.08552971 -0.01646692
vt -0.08563121 -0.01632229
vt -0.08579142 -0.0162478
vt -0.08596741 -0.01626338
vt -0.08611204 -0.01636489
vt -0.08618654 -0.0165251
vt -0.07000609 -0.03980327
vt -0.06986186 -0.03969513
vt -0.06987561 -0.03966177
vt -0.07003427 -0.03978074
vt -0.08360318 -0.04089743
vt -0.08342371 -0.04088053
vt -0.08341801 -0.04084491
vt -0.08361544 -0.04086349
vt -0.09624471 -0.03446213
vt -0.09608317 -0.03454216
vt -0.09605958 -0.03451486
vt -0.09623728 -0.03442683
vt -0.1043234 -0.02497532
vt -0.1042252 -0.02512655
vt -0.104191 -0.0251151
vt -0.104299 -0.02494875
vt -0.1072514 -0.01564362
vt -0.1072401 -0.01582354
vt -0.1072047 -0.01583033
vt -0.1072171 -0.01563242
vt -0.1054785 -0.006761604
vt -0.1055555 -0.006924623
vt -0.1055277 -0.006947688
vt -0.1054431 -0.006768367
vt -0.09896628 0.001775399
vt -0.09911333 0.001671137
vt -0.09910049 0.001637424
vt -0.09893872 0.001752115
vt -0.08794156 0.007810105
vt -0.08812111 0.007793961
vt -0.08812696 0.007758359
vt -0.08792946 0.007776117
vt -0.07470047 0.007470858
vt -0.07486356 0.007547668
vt -0.07488661 0.0075199
vt -0.0747072 0.007435414
vt -0.06351459 -0.001059725
vt -0.06361825 -0.0009122329
vt -0.06365202 -0.0009249451
vt -0.063538 -0.00108719
vt -0.05818321 -0.01533868
vt -0.05820248 -0.01515944
vt -0.05823817 -0.01515421
vt -0.05821698 -0.01535137
vt 0.09542914 -0.04292887
vt 0.09541132 -0.04273138
vt 0.09536441 -0.04273561
vt 0.09538224 -0.0429331
vt 0.1015418 -0.066236
vt 0.1015138 -0.06603969
vt 0.1014672 -0.06604634
vt 0.1014951 -0.06624265
vt 0.1260699 -0.001829552
vt 0.1259351 -0.001684172
vt 0.1259005 -0.0017162
vt 0.1260354 -0.001861586
vt -0.07599063 0.08702961
vt -0.07602842 0.08683494
vt -0.07598218 0.08682596
vt -0.07594439 0.08702063
vt -0.08716442 0.04473786
vt -0.08718415 0.04454054
vt -0.08713728 0.04453585
vt -0.08711755 0.04473317
vt -0.09160142 -0.001347606
vt -0.09161766 -0.00154524
vt -0.09157072 -0.001549096
vt -0.09155448 -0.001351462
vt -0.09541136 -0.04273131
vt -0.09542919 -0.04292881
vt -0.09538227 -0.04293304
vt -0.09536444 -0.04273555
vt -0.1015141 -0.06603937
vt -0.101542 -0.06623569
vt -0.1014954 -0.06624233
vt -0.1014674 -0.06604601
vt -0.1259351 -0.00168201
vt -0.1260699 -0.001827387
vt -0.1260354 -0.001859427
vt -0.1259005 -0.001714043
vt 0.07602844 0.08683492
vt 0.07599065 0.08702959
vt 0.07594441 0.08702061
vt 0.0759822 0.08682594
vt 0.08718416 0.04454051
vt 0.08716443 0.04473783
vt 0.08711757 0.04473314
vt 0.0871373 0.04453583
vt 0.09161764 -0.001545154
vt 0.09160141 -0.00134752
vt 0.09155446 -0.001351376
vt 0.0915707 -0.001549015
vt 0.1033868 -0.007858355
vt 0.103302 -0.00767912
vt 0.1032692 -0.00770661
vt 0.1033448 -0.00786631
vt 0.09750756 -0.0003053767
vt 0.09734544 -0.000191198
vt 0.09733043 -0.0002312848
vt 0.09747488 -0.0003330187
vt 0.08783366 0.004588514
vt 0.08763614 0.004606145
vt 0.08764322 0.004563929
vt 0.08781921 0.004548219
vt 0.07647391 0.003964588
vt 0.07629427 0.003880587
vt 0.07632161 0.003847646
vt 0.07648166 0.003922491
vt 0.06692441 -0.003381533
vt 0.06681003 -0.003543517
vt 0.0668501 -0.003558582
vt 0.06695201 -0.003414253
vt 0.06234016 -0.01543613
vt 0.06231946 -0.01563335
vt 0.06236179 -0.01562693
vt 0.06238023 -0.0154512
vt 0.06426565 -0.02792906
vt 0.06434432 -0.02811108
vt 0.06437805 -0.02808472
vt 0.06430795 -0.02792254
vt 0.07227349 -0.03628519
vt 0.07243305 -0.03640294
vt 0.07244895 -0.0363632
vt 0.07230678 -0.03625828
vt 0.08375643 -0.03769431
vt 0.08395389 -0.03771262
vt 0.08394695 -0.03767038
vt 0.08377103 -0.03765406
vt 0.09471121 -0.03277643
vt 0.09488943 -0.03268949
vt 0.09486156 -0.032657
vt 0.09470276 -0.03273446
vt 0.1020778 -0.02472026
vt 0.1021871 -0.02455482
vt 0.1021466 -0.024541
vt 0.1020492 -0.02468842
vt 0.1049373 -0.01615471
vt 0.1049506 -0.01595685
vt 0.1049086 -0.01596485
vt 0.1048966 -0.01614113
vt 0.09537195 -0.04292316
vt 0.09535605 -0.04274718
vt 0.0949275 -0.04278586
vt 0.09494339 -0.04296184
vt 0.1014843 -0.0662332
vt 0.1014594 -0.06605829
vt 0.1010334 -0.06611899
vt 0.1010583 -0.0662939
vt 0.1260211 -0.001858932
vt 0.125901 -0.001729392
vt 0.1255855 -0.002022023
vt 0.1257057 -0.002151558
vt -0.07593716 0.08700828
vt -0.07597083 0.08683483
vt -0.07554843 0.08675282
vt -0.07551475 0.08692627
vt -0.08710925 0.04472151
vt -0.08712683 0.0445457
vt -0.08669867 0.04450288
vt -0.08668109 0.04467869
vt -0.091546 -0.001363022
vt -0.09156047 -0.001539116
vt -0.09113162 -0.001574354
vt -0.09111716 -0.001398264
vt -0.09535608 -0.04274713
vt -0.09537196 -0.04292309
vt -0.09494342 -0.04296178
vt -0.09492753 -0.04278581
vt -0.1014594 -0.0660582
vt -0.1014844 -0.06623314
vt -0.1010584 -0.06629382
vt -0.1010334 -0.06611891
vt -0.125901 -0.001728354
vt -0.1260211 -0.001857881
vt -0.1257057 -0.002150521
vt -0.1255855 -0.002020982
vt 0.07597082 0.08683479
vt 0.07593715 0.08700824
vt 0.07551475 0.08692624
vt 0.07554842 0.08675279
vt 0.08712684 0.04454569
vt 0.08710925 0.04472149
vt 0.08668109 0.04467868
vt 0.08669867 0.04450287
vt 0.09156045 -0.001538996
vt 0.09154599 -0.001362903
vt 0.09111714 -0.001398143
vt 0.09113161 -0.001574237
vt 0.08618651 -0.01652506
vt 0.08611201 -0.01636484
vt 0.08596738 -0.01626334
vt 0.08579139 -0.01624775
vt 0.08563118 -0.01632225
vt 0.08552969 -0.01646687
vt 0.08551408 -0.01664287
vt 0.08558859 -0.01680308
vt 0.08573321 -0.01690458
vt 0.0859092 -0.01692017
vt 0.08606941 -0.01684568
vt 0.08617093 -0.01670106
vt 0.08831825 0.0448453
vt 0.08833627 0.04466518
vt 0.08893279 0.04472483
vt 0.08879547 0.04489302
vt 0.07712959 0.08724318
vt 0.07716409 0.08706547
vt 0.07781144 0.08719115
vt 0.07771809 0.08735742
vt -0.1269146 -0.001035582
vt -0.1267915 -0.0009028676
vt -0.1272897 -0.00044081
vt -0.1273981 -0.0005871157
vt -0.102688 -0.06606518
vt -0.1026625 -0.06588598
vt -0.1033154 -0.06579296
vt -0.1033607 -0.06596936
vt -0.09658267 -0.0428168
vt -0.09656639 -0.04263651
vt -0.09716345 -0.04258261
vt -0.09723944 -0.04275751
vt -0.09277194 -0.001441839
vt -0.09275712 -0.001261425
vt -0.09323511 -0.001222147
vt -0.09336942 -0.001392741
vt 0.1101478 -0.06170689
vt 0.110232 -0.06205146
vt 0.1106136 -0.06159299
vt 0.109488 -0.06301789
vt 0.1095662 -0.06335363
vt 0.1100333 -0.06324486
vt 0.08552323 -0.01646436
vt 0.08550725 -0.01664467
vt 0.08558358 -0.01680882
vt 0.08573174 -0.0169128
vt 0.08591206 -0.01692878
vt 0.08607621 -0.01685245
vt 0.0861802 -0.01670428
vt -0.06046005 -0.0792618
vt -0.06043227 -0.07924969
vt -0.06055491 -0.07908884
vt 0.1086995 -0.06440896
vt 0.1092422 -0.06464212
vt 0.1090914 -0.06395917
vt 0.08617587 -0.01671629
vt 0.08585314 -0.01659512
vt 0.0855189 -0.01647636
vt -0.05429194 -0.0415911
vt -0.05428046 -0.04157349
vt -0.05444091 -0.0415072
vt -0.07273947 -0.02750769
vt -0.07256398 -0.02747433
vt -0.07272732 -0.02749054
vt -0.08918772 -0.03036393
vt -0.0892081 -0.03035887
vt -0.08934243 -0.0304532
vt -0.09377503 -0.04413181
vt -0.09372039 -0.0439698
vt -0.09379533 -0.0441264
vt -0.05375068 -0.0792678
vt -0.05383033 -0.07908732
vt -0.05377719 -0.07928249
vt -0.0855232 -0.01646451
vt -0.08618017 -0.01670444
vt -0.08614092 -0.01670996
vt -0.08554966 -0.01649402
vt -0.08879919 0.04486579
vt -0.0889347 0.04471561
vt -0.08840165 0.04466231
vt -0.08838545 0.04482442
vt -0.07772395 0.08733453
vt -0.07781385 0.08718602
vt -0.0772291 0.08707251
vt -0.07719807 0.08723244
vt 0.1273887 -0.0005804434
vt 0.1272925 -0.0004474108
vt 0.1268412 -0.0008660707
vt 0.126952 -0.0009855236
vt 0.10336 -0.06596523
vt 0.1033172 -0.06580676
vt 0.1027275 -0.06589077
vt 0.1027505 -0.06605206
vt 0.0972401 -0.0427615
vt 0.09716574 -0.04260462
vt 0.09663221 -0.04265279
vt 0.09664685 -0.04281504
vt 0.09337075 -0.001401333
vt 0.09323791 -0.001248783
vt 0.0928235 -0.001282832
vt 0.09283684 -0.001445204
vt -0.1102501 -0.06212603
vt -0.1103962 -0.06273831
vt -0.1099918 -0.0628348
vt -0.1098457 -0.06222252
vt -0.08614095 -0.01670979
vt -0.08604736 -0.01684315
vt -0.08589964 -0.01691184
vt -0.08573734 -0.01689746
vt -0.085604 -0.01680387
vt -0.0855353 -0.01665614
vt -0.08554968 -0.01649386
vt -0.01508867 -0.0717629
vt -0.01517957 -0.07156572
vt -0.01519972 -0.07159986
vt -0.09805926 -0.06511229
vt -0.09809809 -0.06510433
vt -0.09801287 -0.06530403
vt -0.06628208 -0.05987094
vt -0.06622093 -0.05969032
vt -0.06624831 -0.05970333
vt -0.07053222 -0.05992309
vt -0.0705606 -0.05993372
vt -0.07038825 -0.06001532
vt -0.07537885 -0.01361264
vt -0.07519758 -0.01359508
vt -0.07520328 -0.01357978
vt -0.09535023 -0.0192941
vt -0.0953448 -0.01930949
vt -0.09519443 -0.01920674
vt 0.08668507 0.04468174
vt 0.08658378 0.04448968
vt 0.0871803 0.04454933
vt 0.08716229 0.04472945
vt 0.07540079 0.08690713
vt 0.07537644 0.086718
vt 0.0760238 0.08684368
vt 0.0759893 0.08702137
vt -0.1255792 -0.002274721
vt -0.1254414 -0.002155597
vt -0.1259395 -0.001693536
vt -0.1260627 -0.001826252
vt -0.100865 -0.06632486
vt -0.1008593 -0.06614283
vt -0.1015121 -0.06604981
vt -0.1015376 -0.06622903
vt -0.09476863 -0.04298045
vt -0.09481207 -0.04279478
vt -0.09540914 -0.04274088
vt -0.09542541 -0.04292117
vt -0.09101647 -0.00158603
vt -0.09112114 -0.001395795
vt -0.09159913 -0.001356519
vt -0.09161396 -0.001536932
vt 0.108553 -0.06209673
vt 0.1091031 -0.0623274
vt 0.1090189 -0.06198283
vt 0.1079672 -0.0637261
vt 0.1084343 -0.06361733
vt 0.1083561 -0.06328158
vt -0.08618 -0.01670409
vt -0.08607601 -0.01685226
vt -0.08591188 -0.01692859
vt -0.08573156 -0.01691261
vt -0.08558339 -0.01680863
vt -0.08550706 -0.01664448
vt -0.08552304 -0.01646416
vt 0.1040991 0.02844099
vt 0.103984 0.02827461
vt 0.1040123 0.0282638
vt 0.1092949 -0.0607454
vt 0.1094686 -0.06142291
vt 0.1098476 -0.06096991
vt -0.08552647 -0.01645467
vt -0.08586071 -0.01657343
vt -0.08618344 -0.01669459
vt 0.108646 -0.001039514
vt 0.1084889 -0.001113509
vt 0.1085012 -0.001130531
vt 0.09707779 -0.00830791
vt 0.09691414 -0.00829521
vt 0.09709029 -0.008324788
vt 0.08219404 -0.002258328
vt 0.08206031 -0.002163144
vt 0.08203989 -0.002168078
vt 0.07744713 0.01699645
vt 0.07737461 0.01715417
vt 0.07742675 0.01699134
vt 0.1068687 0.02466292
vt 0.1069109 0.02486076
vt 0.1068414 0.02467612
vt 0.0855495 -0.01649351
vt 0.08614077 -0.01670944
vt 0.08618002 -0.01670393
vt 0.08552305 -0.016464
vt -0.08710042 0.0446969
vt -0.08711664 0.0445348
vt -0.08658359 0.04448149
vt -0.08668669 0.04465553
vt -0.07592927 0.08698843
vt -0.07596032 0.08682849
vt -0.07537558 0.08671497
vt -0.07540338 0.08688632
vt 0.1260065 -0.00185679
vt 0.1258956 -0.001737349
vt 0.1254443 -0.00215604
vt 0.1255698 -0.00226189
vt 0.1014739 -0.06623372
vt 0.1014509 -0.06607243
vt 0.1008612 -0.06615645
vt 0.1008644 -0.06632057
vt 0.09536198 -0.04293123
vt 0.09534733 -0.04276897
vt 0.09481379 -0.04281713
vt 0.09476873 -0.04298478
vt 0.09155046 -0.001550754
vt 0.09153712 -0.001388382
vt 0.09112271 -0.00142244
vt 0.09101655 -0.00159463
vt -0.1085928 -0.0625193
vt -0.1087389 -0.06313159
vt -0.1083344 -0.06322809
vt -0.1081883 -0.06261581
vt 0.08554947 -0.01649367
vt 0.08553509 -0.01665596
vt 0.08560378 -0.01680369
vt 0.08573714 -0.01689728
vt 0.08589942 -0.01691166
vt 0.08604716 -0.01684297
vt 0.08614074 -0.01670961
vt 0.1216281 0.003523511
vt 0.1216045 0.003555403
vt 0.1215343 0.003349946
vt 0.07474663 0.053405
vt 0.07483733 0.05360228
vt 0.07479829 0.05359539
vt 0.1003138 0.0161724
vt 0.1002861 0.01618452
vt 0.100353 0.01600599
vt 0.09813352 0.01790469
vt 0.09830364 0.01799085
vt 0.09827498 0.01800072
vt 0.09507925 -0.01920085
vt 0.0950738 -0.01921624
vt 0.09525536 -0.01923064
vt 0.07531602 -0.01359207
vt 0.07546456 -0.01369745
vt 0.07547027 -0.01368215
vt 0.1093784 -0.06302606
vt 0.1091998 -0.06302114
vt 0.1091959 -0.06316192
vt 0.1093746 -0.06316684
vt 0.1091998 -0.06302108
vt 0.1090475 -0.06292747
vt 0.1089748 -0.06304575
vt 0.1091271 -0.06313936
vt 0.1090473 -0.06292781
vt 0.1089623 -0.06277061
vt 0.1088395 -0.06283703
vt 0.1089246 -0.06299423
vt 0.1089625 -0.06277016
vt 0.1089675 -0.06259149
vt 0.1088259 -0.06258759
vt 0.1088209 -0.06276625
vt 0.1089673 -0.06259172
vt 0.1090609 -0.06243946
vt 0.1089386 -0.06236425
vt 0.108845 -0.06251651
vt 0.109061 -0.06243937
vt 0.1092182 -0.0623543
vt 0.1091516 -0.06223126
vt 0.1089944 -0.06231634
vt 0.1092181 -0.06235442
vt 0.1093968 -0.06235934
vt 0.1094005 -0.0622251
vt 0.1092218 -0.06222017
vt 0.1093969 -0.06235911
vt 0.1095492 -0.06245271
vt 0.1096194 -0.06233852
vt 0.1094671 -0.06224491
vt 0.1095491 -0.06245288
vt 0.1096341 -0.06261008
vt 0.1097523 -0.06254616
vt 0.1096672 -0.06238896
vt 0.1096343 -0.0626098
vt 0.1096294 -0.06278847
vt 0.1097614 -0.06279211
vt 0.1097663 -0.06261344
vt 0.1096293 -0.06278868
vt 0.1095357 -0.06294094
vt 0.1096499 -0.06301115
vt 0.1097435 -0.06285888
vt 0.1095357 -0.06294091
vt 0.1093785 -0.06302598
vt 0.1094438 -0.06314677
vt 0.109601 -0.0630617
vt 0.1095356 -0.06294096
vt 0.1096292 -0.0627887
vt 0.1096342 -0.06261003
vt 0.1095491 -0.06245283
vt 0.1093968 -0.06235923
vt 0.1092182 -0.0623543
vt 0.109061 -0.06243937
vt 0.1089674 -0.06259163
vt 0.1089624 -0.06277031
vt 0.1090475 -0.06292751
vt 0.1091998 -0.06302111
vt 0.1093784 -0.06302604
vt -0.1093785 -0.06302602
vt -0.1091998 -0.06302109
vt -0.1090475 -0.06292748
vt -0.1089624 -0.06277029
vt -0.1089674 -0.06259163
vt -0.109061 -0.06243935
vt -0.1092182 -0.06235428
vt -0.1093969 -0.06235922
vt -0.1095491 -0.06245282
vt -0.1096342 -0.06261002
vt -0.1096293 -0.06278868
vt -0.1095357 -0.06294096
vt -0.1256494 -0.01202548
vt -0.1251309 -0.01466273
vt -0.1249899 -0.01463502
vt -0.1255085 -0.01199777
vt -0.109061 -0.06243942
vt -0.1089674 -0.06259169
vt -0.108845 -0.06251648
vt -0.1089386 -0.06236421
vt 0.1251309 -0.01466267
vt 0.1256494 -0.01202542
vt 0.1255085 -0.01199771
vt 0.12499 -0.01463496
vt 0.0002262074 0.0129899
vt 5.596731E-05 0.01304436
vt -0.0007628492 0.01048437
vt -0.0005926063 0.01042992
vt -0.1053344 -0.02167971
vt -0.1044917 -0.02423191
vt -0.1043588 -0.02418805
vt -0.1052016 -0.02163584
vt -0.1092182 -0.06235418
vt -0.109061 -0.06243926
vt -0.1089944 -0.06231621
vt -0.1091516 -0.06223115
vt 0.1044911 -0.02423185
vt 0.1053339 -0.02167965
vt 0.105201 -0.02163578
vt 0.1043583 -0.02418798
vt -0.06297909 0.0238924
vt -0.06315504 0.02392384
vt -0.06362782 0.02127801
vt -0.06345188 0.02124656
vt -0.05990905 -0.009195731
vt -0.05896465 -0.01171209
vt -0.0588389 -0.01166489
vt -0.05978332 -0.009148541
vt -0.1093968 -0.06235925
vt -0.1092182 -0.06235432
vt -0.1092219 -0.06222007
vt -0.1094005 -0.06222499
vt 0.05896427 -0.01171192
vt 0.05990869 -0.009195568
vt 0.05978296 -0.009148378
vt 0.05883854 -0.01166473
vt -0.1110185 0.01129301
vt -0.1111973 0.01129116
vt -0.1111694 0.008603563
vt -0.1109907 0.008605413
vt 0.0001777818 0.01311918
vt 0.0009965932 0.0105592
vt 0.001124271 0.01060004
vt 0.0003054563 0.01316002
vt -0.1095492 -0.06245275
vt -0.1093969 -0.06235915
vt -0.1094671 -0.06224496
vt -0.1096194 -0.06233855
vt -0.0009953175 0.01055875
vt -0.0001765042 0.01311873
vt -0.0003041824 0.01315957
vt -0.001122993 0.01059959
vt -0.125889 -0.01207262
vt -0.1260643 -0.01210711
vt -0.1255458 -0.01474435
vt -0.1253704 -0.01470987
vt 0.06339528 0.02396674
vt 0.06386808 0.02132091
vt 0.06400029 0.02134454
vt 0.06352749 0.02399037
vt -0.1096338 -0.06261055
vt -0.1095488 -0.06245335
vt -0.1096669 -0.06238943
vt -0.109752 -0.06254663
vt -0.06386828 0.02132091
vt -0.06339549 0.02396674
vt -0.0635277 0.02399037
vt -0.06400048 0.02134453
vt -0.1055663 -0.02175622
vt -0.105736 -0.02181227
vt -0.1048933 -0.02436447
vt -0.1047236 -0.02430842
vt 0.1114411 0.0112888
vt 0.1114133 0.008601208
vt 0.1115453 0.008599842
vt 0.1115731 0.01128744
vt -0.1096292 -0.06278872
vt -0.1096341 -0.06261005
vt -0.1097662 -0.0626137
vt -0.1097613 -0.06279237
vt -0.1114136 0.008601007
vt -0.1114414 0.0112886
vt -0.1115735 0.01128724
vt -0.1115456 0.008599641
vt -0.06013734 -0.009281432
vt -0.06030468 -0.009344237
vt -0.05936027 -0.01186059
vt -0.05919293 -0.01179778
vt 0.1263039 -0.01215447
vt 0.1257853 -0.01479171
vt 0.1259169 -0.01481758
vt 0.1264354 -0.01218033
vt -0.1095358 -0.06294076
vt -0.1096294 -0.06278849
vt -0.1097436 -0.06285869
vt -0.10965 -0.06301096
vt -0.1257854 -0.01479133
vt -0.126304 -0.01215408
vt -0.1264355 -0.01217994
vt -0.125917 -0.01481719
vt -5.585615E-05 0.01304453
vt -0.0002260983 0.01299008
vt 0.000592717 0.0104301
vt 0.0007629638 0.01048456
vt 0.105968 -0.02188887
vt 0.1051253 -0.02444107
vt 0.1052557 -0.02448413
vt 0.1060985 -0.02193193
vt -0.1093784 -0.06302606
vt -0.1095356 -0.062941
vt -0.109601 -0.06306178
vt -0.1094438 -0.06314685
vt -0.105125 -0.02444107
vt -0.1059677 -0.02188886
vt -0.1060982 -0.02193193
vt -0.1052554 -0.02448412
vt 0.06315503 0.02392377
vt 0.06297908 0.02389233
vt 0.06345186 0.0212465
vt 0.06362782 0.02127794
vt 0.06053297 -0.009429902
vt 0.05958855 -0.01194625
vt 0.05972041 -0.01199574
vt 0.06066483 -0.009479388
vt -0.1091998 -0.06302112
vt -0.1093784 -0.06302604
vt -0.1093746 -0.06316683
vt -0.1091959 -0.06316189
vt -0.05958889 -0.01194636
vt -0.0605333 -0.009430009
vt -0.06066516 -0.009479496
vt -0.05972074 -0.01199585
vt 0.1111971 0.0112912
vt 0.1110184 0.01129305
vt 0.1109906 0.00860545
vt 0.1111693 0.008603599
vt 0.0004592091 0.01291545
vt -0.000359612 0.01035547
vt -0.0002273722 0.01031318
vt 0.000591443 0.01287315
vt -0.1090475 -0.0629275
vt -0.1091998 -0.06302111
vt -0.1091271 -0.06313939
vt -0.1089748 -0.06304578
vt 0.0003599425 0.01035555
vt -0.0004588783 0.01291552
vt -0.0005911122 0.01287323
vt 0.0002277086 0.01031325
vt 0.1260644 -0.01210704
vt 0.125889 -0.01207256
vt 0.1253705 -0.01470981
vt 0.1255458 -0.01474429
vt -0.06273848 0.02384939
vt -0.06321127 0.02120356
vt -0.06307389 0.02117901
vt -0.0626011 0.02382484
vt -0.1089624 -0.06277034
vt -0.1090475 -0.06292753
vt -0.1089247 -0.06299395
vt -0.1088397 -0.06283677
vt 0.06321166 0.02120355
vt 0.06273888 0.02384938
vt 0.06260149 0.02382483
vt 0.06307428 0.021179
vt 0.105736 -0.02181226
vt 0.1055662 -0.02175622
vt 0.1047235 -0.02430842
vt 0.1048932 -0.02436446
vt -0.1107751 0.01129498
vt -0.1107473 0.008607385
vt -0.1106056 0.008608851
vt -0.1106334 0.01129645
vt -0.1089673 -0.06259167
vt -0.1089624 -0.06277032
vt -0.1088208 -0.06276643
vt -0.1088257 -0.06258775
vt 0.1107465 0.00860792
vt 0.1107743 0.01129552
vt 0.1106327 0.01129699
vt 0.1106049 0.008609386
vt 0.06030468 -0.009344179
vt 0.06013733 -0.009281375
vt 0.05919292 -0.01179773
vt 0.05936026 -0.01186053
vt -0.1110289 0.01230443
vt -0.1112254 0.0123024
vt -0.1112176 0.01154308
vt -0.1110211 0.01154511
vt -0.1261202 -0.01108705
vt -0.126313 -0.01112497
vt -0.1261665 -0.01187006
vt -0.1259737 -0.01183215
vt -0.1059416 -0.02081478
vt -0.1061282 -0.0208764
vt -0.1058901 -0.02159747
vt -0.1057035 -0.02153585
vt -0.06055547 -0.008357782
vt -0.06073948 -0.008426843
vt -0.06047265 -0.009137784
vt -0.06028864 -0.009068722
vt -0.0004139977 0.01399194
vt -0.0006011856 0.01393207
vt -0.0003698515 0.0132088
vt -0.0001826561 0.01326868
vt 0.06295615 0.02491571
vt 0.06276269 0.02488114
vt 0.06279607 0.02469426
vt 0.06282947 0.02450738
vt 0.06289626 0.02413362
vt 0.06308973 0.02416819
vt 0.1112255 0.01230238
vt 0.1110289 0.01230441
vt 0.111027 0.01211458
vt 0.1112235 0.01211255
vt 0.126313 -0.01112496
vt 0.1261202 -0.01108704
vt 0.1259737 -0.01183214
vt 0.1261665 -0.01187006
vt 0.1262398 -0.01149751
vt 0.1262764 -0.01131123
vt 0.1061282 -0.0208764
vt 0.1059416 -0.02081478
vt 0.1057035 -0.02153585
vt 0.1058901 -0.02159747
vt 0.06073947 -0.008426841
vt 0.06055546 -0.00835778
vt 0.06028863 -0.009068719
vt 0.06047264 -0.009137781
vt 0.0006011507 0.01393209
vt 0.0004139554 0.01399196
vt 0.0001826213 0.01326869
vt 0.0003698092 0.01320882
vt -0.06276264 0.02488114
vt -0.06295611 0.02491571
vt -0.06308968 0.02416818
vt -0.06289621 0.02413361
vt 0.1090441 -0.06249055
vt 0.1089412 -0.06265798
vt 0.1089358 -0.06285445
vt 0.1090293 -0.06302729
vt 0.1091967 -0.06313021
vt 0.1093932 -0.06313564
vt 0.109566 -0.06304209
vt 0.109669 -0.06287467
vt 0.1096744 -0.0626782
vt 0.1095808 -0.06250535
vt 0.1094134 -0.06240243
vt 0.1092169 -0.06239701
vt -0.1092169 -0.062397
vt -0.1094134 -0.06240242
vt -0.1095808 -0.06250535
vt -0.1096744 -0.0626782
vt -0.1096689 -0.06287466
vt -0.109566 -0.0630421
vt -0.1093932 -0.06313564
vt -0.1091967 -0.06313021
vt -0.1090293 -0.06302729
vt -0.1089357 -0.06285444
vt -0.1089412 -0.06265797
vt -0.1090441 -0.06249055
vt 0.111025 0.01192475
vt 0.1110211 0.01154509
vt 0.1112176 0.01154306
vt 0.1112215 0.01192272
vt -0.06092424 -0.00869895
vt -0.06085755 -0.008876687
vt -0.06081735 -0.008861599
vt -0.06088405 -0.008683862
vt 0.1091968 -0.06313008
vt 0.1093933 -0.06313549
vt 0.1093945 -0.06309257
vt 0.109198 -0.06308717
vt 0.06085756 -0.008876694
vt 0.06092427 -0.008698961
vt 0.06088408 -0.008683877
vt 0.06081737 -0.008861611
vt -0.1093934 -0.06313525
vt -0.1091969 -0.06312983
vt -0.1091981 -0.06308691
vt -0.1093946 -0.06309234
vt 0.1110269 0.01211462
vt 0.111025 0.01192479
vt 0.1112215 0.01192275
vt 0.1112235 0.01211258
vt 0.1089838 -0.06274965
vt 0.1089883 -0.0625865
vt 0.1087659 -0.06258037
vt 0.1087615 -0.06274352
vt 0.1089882 -0.06258656
vt 0.1090737 -0.06244752
vt 0.1088832 -0.0623304
vt 0.1087977 -0.06246944
vt 0.1090738 -0.06244743
vt 0.1092173 -0.06236975
vt 0.1091133 -0.06217748
vt 0.1089697 -0.06225516
vt 0.1092173 -0.06236978
vt 0.1093805 -0.06237426
vt 0.1093864 -0.06215848
vt 0.1092233 -0.06215398
vt 0.1093803 -0.06237444
vt 0.1095194 -0.06245992
vt 0.1096331 -0.06227498
vt 0.109494 -0.06218951
vt 0.1095195 -0.06245977
vt 0.1095972 -0.06260331
vt 0.1097893 -0.0624993
vt 0.1097117 -0.06235576
vt 0.1095972 -0.06260329
vt 0.1095927 -0.06276643
vt 0.1098114 -0.06277247
vt 0.1098159 -0.06260931
vt 0.1095927 -0.06276643
vt 0.1095072 -0.06290548
vt 0.1096971 -0.06302223
vt 0.1097826 -0.06288318
vt 0.1095072 -0.06290548
vt 0.1093637 -0.06298315
vt 0.1094679 -0.06317578
vt 0.1096114 -0.0630981
vt 0.1093636 -0.06298318
vt 0.1092005 -0.06297867
vt 0.1091946 -0.06319396
vt 0.1093577 -0.06319845
vt 0.1092005 -0.06297864
vt 0.1090615 -0.06289317
vt 0.1089447 -0.0630831
vt 0.1090838 -0.06316857
vt 0.1090615 -0.06289317
vt 0.1089838 -0.06274964
vt 0.1087879 -0.06285563
vt 0.1088656 -0.06299917
vt 0.1090615 -0.06289318
vt 0.1092005 -0.06297866
vt 0.1093637 -0.06298316
vt 0.1095072 -0.06290548
vt 0.1095927 -0.06276643
vt 0.1095972 -0.06260329
vt 0.1095195 -0.06245974
vt 0.1093804 -0.06237427
vt 0.1092173 -0.06236978
vt 0.1090738 -0.06244745
vt 0.1089883 -0.0625865
vt 0.1089838 -0.06274965
vt -0.1089838 -0.06274961
vt -0.1089883 -0.06258646
vt -0.1090738 -0.06244742
vt -0.1092173 -0.06236974
vt -0.1093805 -0.06237423
vt -0.1095195 -0.06245971
vt -0.1095972 -0.06260325
vt -0.1095927 -0.0627664
vt -0.1095072 -0.06290545
vt -0.1093637 -0.06298312
vt -0.1092005 -0.06297861
vt -0.1090615 -0.06289314
vt 0.06386328 0.02118249
vt 0.0640076 0.02037485
vt 0.06422271 0.02041329
vt 0.06407839 0.02122093
vt -0.1095971 -0.06260343
vt -0.1095194 -0.06245989
vt -0.1097116 -0.06235589
vt -0.1097893 -0.06249942
vt -0.06400752 0.02037489
vt -0.0638632 0.02118253
vt -0.06407832 0.02122097
vt -0.06422263 0.02041333
vt -0.1046735 -0.02443435
vt -0.1048285 -0.02448553
vt -0.1045712 -0.02526459
vt -0.1044163 -0.02521342
vt 0.111375 0.008466078
vt 0.1113665 0.007645684
vt 0.1115853 0.007643418
vt 0.1115938 0.008463815
vt -0.1095927 -0.06276643
vt -0.1095972 -0.06260328
vt -0.1098159 -0.06260931
vt -0.1098114 -0.06277246
vt -0.1113664 0.007645719
vt -0.1113749 0.008466113
vt -0.1115937 0.008463848
vt -0.1115852 0.007643454
vt -0.05913981 -0.01192235
vt -0.05929261 -0.0119797
vt -0.05900433 -0.01274782
vt -0.05885152 -0.01269047
vt 0.1257173 -0.0149159
vt 0.125559 -0.01572093
vt 0.1257778 -0.01576394
vt 0.125936 -0.01495892
vt -0.1095072 -0.06290548
vt -0.1095927 -0.06276645
vt -0.1097826 -0.06288319
vt -0.1096971 -0.06302223
vt -0.125559 -0.01572093
vt -0.1257173 -0.0149159
vt -0.125936 -0.01495892
vt -0.1257778 -0.01576394
vt 0.0008041183 0.01035553
vt 0.0006486643 0.0103058
vt 0.0008986121 0.009524366
vt 0.001054066 0.009574088
vt 0.00101664 0.01042357
vt 0.001266588 0.009642135
vt 0.001473353 0.009708269
vt 0.001223405 0.01048971
vt -0.1095195 -0.06245966
vt -0.1093805 -0.06237418
vt -0.1094942 -0.06218924
vt -0.1096332 -0.06227472
vt -0.001266349 0.009642008
vt -0.001016404 0.01042345
vt -0.001223169 0.01048958
vt -0.001473117 0.009708146
vt -0.1253384 -0.01484138
vt -0.1254985 -0.01487287
vt -0.1253403 -0.0156779
vt -0.1251801 -0.01564641
vt -0.05893133 -0.01184405
vt -0.05864305 -0.01261218
vt -0.05844095 -0.01253633
vt -0.05872924 -0.01176821
vt -0.1093803 -0.06237442
vt -0.1092172 -0.06236992
vt -0.1092232 -0.06215414
vt -0.1093863 -0.06215864
vt 0.05864294 -0.01261209
vt 0.05893122 -0.01184397
vt 0.05872911 -0.01176812
vt 0.05844083 -0.01253624
vt -0.1109887 0.008470202
vt -0.1111519 0.008468512
vt -0.1111434 0.007648116
vt -0.1109802 0.007649807
vt -0.1044616 -0.02436442
vt -0.1042044 -0.02514348
vt -0.1039968 -0.02507494
vt -0.104254 -0.02429587
vt -0.1092173 -0.0623697
vt -0.1090738 -0.06244738
vt -0.1089698 -0.06225511
vt -0.1091133 -0.06217743
vt 0.1042043 -0.02514346
vt 0.1044616 -0.0243644
vt 0.104254 -0.02429585
vt 0.1039968 -0.02507492
vt -0.06348372 0.0211146
vt -0.06364439 0.02114331
vt -0.0637887 0.02033567
vt -0.06362803 0.02030696
vt -0.1251196 -0.01479841
vt -0.1249613 -0.01560344
vt -0.1247419 -0.01556029
vt -0.1249002 -0.01475527
vt -0.1090737 -0.06244748
vt -0.1089883 -0.06258652
vt -0.1087977 -0.0624694
vt -0.1088832 -0.06233036
vt 0.1249613 -0.0156034
vt 0.1251196 -0.01479837
vt 0.1249002 -0.01475522
vt 0.1247419 -0.01556025
vt -0.0006486745 0.0103059
vt -0.0008041247 0.01035562
vt -0.001054073 0.00957418
vt -0.0008986185 0.009524458
vt -0.110766 0.008472294
vt -0.1107575 0.007651898
vt -0.1105351 0.0076542
vt -0.1105436 0.008474595
vt -0.1089883 -0.06258649
vt -0.1089838 -0.06274965
vt -0.1087615 -0.06274351
vt -0.108766 -0.06258036
vt 0.1107573 0.007652013
vt 0.1107658 0.008472407
vt 0.1105434 0.008474709
vt 0.1105349 0.007654315
vt 0.05929199 -0.01197933
vt 0.05913918 -0.01192198
vt 0.0588509 -0.0126901
vt 0.0590037 -0.01274745
vt -0.06326382 0.02107533
vt -0.06340814 0.02026768
vt -0.0631889 0.02022851
vt -0.06304459 0.02103616
vt -0.1089838 -0.06274963
vt -0.1090615 -0.06289317
vt -0.1088656 -0.06299917
vt -0.1087879 -0.06285562
vt 0.06340791 0.02026768
vt 0.06326358 0.02107532
vt 0.06304435 0.02103615
vt 0.06318867 0.0202285
vt 0.1048287 -0.0244855
vt 0.1046738 -0.02443432
vt 0.1044165 -0.02521339
vt 0.1045715 -0.02526457
vt -0.0004362232 0.01023792
vt -0.0006861711 0.009456484
vt -0.0004738184 0.009388562
vt -0.0002238705 0.01017
vt -0.1090615 -0.06289308
vt -0.1092006 -0.06297856
vt -0.1090838 -0.06316849
vt -0.1089448 -0.06308302
vt 0.0006861936 0.009456461
vt 0.0004362495 0.0102379
vt 0.0002238968 0.01016998
vt 0.0004738409 0.009388541
vt 0.1254985 -0.0148729
vt 0.1253384 -0.01484141
vt 0.1251801 -0.01564644
vt 0.1253402 -0.01567793
vt 0.05950167 -0.01205809
vt 0.05921338 -0.01282621
vt 0.05941501 -0.01290189
vt 0.0597033 -0.01213377
vt -0.1092005 -0.06297871
vt -0.1093636 -0.06298321
vt -0.1093577 -0.0631985
vt -0.1091945 -0.06319399
vt -0.05921348 -0.01282626
vt -0.05950176 -0.01205814
vt -0.05970339 -0.01213381
vt -0.05941511 -0.01290193
vt 0.1111522 0.008468244
vt 0.110989 0.008469934
vt 0.1109805 0.007649539
vt 0.1111437 0.007647848
vt 0.1050399 -0.02455539
vt 0.1047827 -0.02533445
vt 0.1049906 -0.02540313
vt 0.1052479 -0.02462406
vt -0.1093636 -0.06298321
vt -0.1095072 -0.06290554
vt -0.1096114 -0.06309816
vt -0.1094679 -0.06317584
vt -0.1047828 -0.02533448
vt -0.10504 -0.02455541
vt -0.105248 -0.02462409
vt -0.1049908 -0.02540315
vt 0.06364355 0.02114324
vt 0.06348289 0.02111452
vt 0.06362721 0.02030688
vt 0.06378788 0.02033559
vt -0.1109454 0.009267723
vt -0.1109706 0.009267463
vt -0.110968 0.009007695
vt -0.1109427 0.009007955
vt -0.1257014 -0.0141003
vt -0.1257262 -0.01410517
vt -0.1256761 -0.01436007
vt -0.1256513 -0.01435521
vt -0.1053406 -0.02381511
vt -0.1053645 -0.02382302
vt -0.1052831 -0.0240697
vt -0.1052591 -0.0240618
vt -0.0599504 -0.01137503
vt -0.05997401 -0.01138388
vt -0.05988273 -0.0116271
vt -0.05985913 -0.01161824
vt 2.770249E-05 0.01094418
vt 3.686988E-06 0.0109365
vt 8.282471E-05 0.01068907
vt 0.000106844 0.01069675
vt 0.06308804 0.0218537
vt 0.06306323 0.02184927
vt 0.06310892 0.02159353
vt 0.06313374 0.02159797
vt 0.1109707 0.009267449
vt 0.1109454 0.009267708
vt 0.1109428 0.00900794
vt 0.110968 0.00900768
vt 0.1257261 -0.01410517
vt 0.1257014 -0.01410031
vt 0.1256513 -0.01435521
vt 0.125676 -0.01436008
vt 0.1053645 -0.02382302
vt 0.1053406 -0.02381511
vt 0.1052591 -0.02406179
vt 0.1052831 -0.0240697
vt 0.05997404 -0.01138389
vt 0.05995044 -0.01137504
vt 0.05985916 -0.01161825
vt 0.05988276 -0.01162711
vt -3.657025E-06 0.01093649
vt -2.767637E-05 0.01094418
vt -0.0001068141 0.01069674
vt -8.27986E-05 0.01068906
vt -0.0630633 0.02184926
vt -0.06308812 0.0218537
vt -0.06313381 0.02159796
vt -0.063109 0.02159353
vt 0.1091227 -0.06313496
vt 0.1091095 -0.06315645
vt 0.1091088 -0.06318165
vt 0.1091208 -0.06320383
vt 0.1091423 -0.06321703
vt 0.1091675 -0.06321773
vt 0.1091897 -0.06320573
vt 0.1092029 -0.06318424
vt 0.1092036 -0.06315904
vt 0.1091916 -0.06313686
vt 0.1091701 -0.06312366
vt 0.1091449 -0.06312297
vt -0.1091449 -0.06312295
vt -0.1091701 -0.06312366
vt -0.1091916 -0.06313686
vt -0.1092036 -0.06315903
vt -0.1092029 -0.06318424
vt -0.1091897 -0.06320572
vt -0.1091675 -0.06321771
vt -0.1091423 -0.06321702
vt -0.1091208 -0.06320382
vt -0.1091088 -0.06318164
vt -0.1091095 -0.06315644
vt -0.1091227 -0.06313496
vt -0.09083253 0.01646441
vt -0.09076662 0.01645866
vt -0.09076113 0.01652182
vt -0.09075562 0.01658498
vt -0.09074461 0.01671129
vt -0.09081051 0.01671703
vt 0.09083248 0.01646444
vt 0.09081046 0.01671707
vt 0.09074456 0.01671132
vt 0.09075557 0.01658501
vt 0.09076107 0.01652185
vt 0.09076657 0.0164587
vt -0.1095491 -0.06307358
vt -0.1095747 -0.06318083
vt -0.1095104 -0.06319617
vt -0.1094848 -0.06308894
vt 0.109549 -0.06307381
vt 0.1094847 -0.06308916
vt 0.1095102 -0.06319641
vt 0.1095746 -0.06318105
vt -0.08443291 -0.02176761
vt -0.08451991 -0.02152942
vt -0.08462347 -0.02156724
vt -0.08453649 -0.02180543
vt -0.1094847 -0.06308902
vt -0.1095103 -0.06319626
vt -0.1092637 -0.06325511
vt -0.1092381 -0.06314787
vt 0.08457999 -0.02168632
vt 0.08462348 -0.02156723
vt 0.08451991 -0.0215294
vt 0.08447643 -0.0216485
vt 0.08455825 -0.02174586
vt 0.08457999 -0.02168631
vt 0.08447643 -0.02164849
vt 0.08445468 -0.02170803
vt 0.09076659 0.01645869
vt 0.09076109 0.01652185
vt 0.09056888 0.0165051
vt 0.09050846 0.01649983
vt 0.09051397 0.01643668
vt 0.1095104 -0.0631962
vt 0.1094848 -0.06308896
vt 0.1092971 -0.06313375
vt 0.1093227 -0.06324099
vt -0.09076109 0.01652184
vt -0.09076659 0.01645868
vt -0.09051397 0.01643667
vt -0.09050847 0.01649982
vt -0.09056888 0.01650509
vt 0.08443294 -0.02176763
vt 0.08453649 -0.02180545
vt 0.08455824 -0.0217459
vt 0.08445467 -0.02170808
vt -0.09056893 0.01650458
vt -0.09050851 0.01649931
vt -0.09049224 0.01668604
vt -0.09055266 0.0166913
vt 0.08445463 -0.02170816
vt 0.0845582 -0.02174599
vt 0.08462249 -0.02156993
vt 0.08451892 -0.02153211
vt 0.09050851 0.01649933
vt 0.09056892 0.0165046
vt 0.09055264 0.01669131
vt 0.09049223 0.01668605
vt -0.08455828 -0.02174595
vt -0.08445472 -0.02170813
vt -0.08451901 -0.02153207
vt -0.08462258 -0.02156989
vt 0.1092971 -0.06313372
vt 0.1092381 -0.06314778
vt 0.1092637 -0.06325503
vt 0.1093227 -0.06324095
vt -0.1114619 0.01239293
vt -0.1114795 0.01239275
vt -0.1114723 0.01170153
vt -0.1114548 0.01170171
vt -0.1266211 -0.01109051
vt -0.1266383 -0.0110939
vt -0.126505 -0.01177216
vt -0.1264878 -0.01176878
vt -0.1063928 -0.02086572
vt -0.1064095 -0.02087122
vt -0.1061927 -0.02152761
vt -0.1061761 -0.02152211
vt -0.06087103 -0.008376723
vt -0.06088746 -0.008382892
vt -0.06064457 -0.009030065
vt -0.06062815 -0.009023899
vt -0.0005398752 0.01404946
vt -0.0005565957 0.01404411
vt -0.0003460074 0.01338572
vt -0.0003292823 0.01339107
vt 0.06303926 0.02502509
vt 0.06302197 0.025022
vt 0.06314357 0.02434153
vt 0.06316085 0.02434462
vt 0.1114792 0.01239296
vt 0.1114616 0.01239314
vt 0.1114544 0.01170193
vt 0.111472 0.01170174
vt 0.1266383 -0.01109408
vt 0.1266211 -0.01109069
vt 0.1264877 -0.01176896
vt 0.1265049 -0.01177234
vt 0.1064097 -0.02087123
vt 0.106393 -0.02086573
vt 0.1061762 -0.02152212
vt 0.1061929 -0.02152763
vt 0.0608872 -0.008382796
vt 0.06087077 -0.008376627
vt 0.06062787 -0.009023802
vt 0.06064431 -0.009029971
vt 0.0005562177 0.01404422
vt 0.0005395039 0.01404956
vt 0.0003289113 0.01339117
vt 0.000345629 0.01338582
vt -0.0630215 0.025022
vt -0.06303879 0.02502508
vt -0.06316038 0.02434461
vt -0.0631431 0.02434153
vt 0.1096182 -0.06296341
vt 0.109609 -0.06297836
vt 0.1096085 -0.0629959
vt 0.1096168 -0.06301134
vt 0.1096318 -0.06302053
vt 0.1096493 -0.06302102
vt 0.1096648 -0.06301267
vt 0.109674 -0.06299771
vt 0.1096745 -0.06298016
vt 0.1096661 -0.06296472
vt 0.1096511 -0.06295554
vt 0.1096336 -0.06295505
vt -0.1096336 -0.0629551
vt -0.1096511 -0.06295559
vt -0.1096661 -0.06296477
vt -0.1096744 -0.06298022
vt -0.1096739 -0.06299776
vt -0.1096647 -0.06301272
vt -0.1096493 -0.06302107
vt -0.1096318 -0.06302058
vt -0.1096168 -0.06301139
vt -0.1096084 -0.06299596
vt -0.1096089 -0.06297841
vt -0.1096181 -0.06296346
vt -0.08459806 -0.02160485
vt -0.08452556 -0.02157837
vt -0.08459364 -0.02139196
vt -0.08466613 -0.02141843
vt 0.08459811 -0.02160486
vt 0.08466618 -0.02141845
vt 0.0845937 -0.02139198
vt 0.08452562 -0.02157839
vt -0.1095503 -0.06317537
vt -0.1092822 -0.06323934
vt -0.1092643 -0.06316426
vt -0.1095324 -0.06310029
vt 0.1095504 -0.06317531
vt 0.1095325 -0.06310023
vt 0.1092644 -0.0631642
vt 0.1092823 -0.06323927
vt 0.09079202 0.01667121
vt 0.09077479 0.01686892
vt 0.0905002 0.01684499
vt 0.09051743 0.01664728
vt -0.09079202 0.0166712
vt -0.09051743 0.01664727
vt -0.0905002 0.01684498
vt -0.09077479 0.0168689
vt -0.0591495 -0.01219522
vt -0.05909174 -0.01217354
vt -0.05916897 -0.01196774
vt -0.05922674 -0.01198943
vt 0.0007811312 0.01008365
vt 0.0008399076 0.01010245
vt 0.0007729377 0.01031181
vt 0.0007141659 0.01029302
vt 0.06358317 0.0208764
vt 0.06364391 0.02088726
vt 0.06360524 0.02110364
vt 0.0635445 0.02109279
vt 0.1110393 0.008217599
vt 0.111101 0.00821696
vt 0.1111033 0.008436765
vt 0.1110416 0.008437403
vt 0.1253378 -0.01509801
vt 0.1253983 -0.01510992
vt 0.1254407 -0.01489423
vt 0.1253802 -0.01488232
vt 0.1046373 -0.0246877
vt 0.1046959 -0.02470704
vt 0.1047648 -0.02449831
vt 0.1047062 -0.02447896
vt 0.05909163 -0.01217339
vt 0.0591494 -0.01219508
vt 0.05922664 -0.01198928
vt 0.05916887 -0.0119676
vt -0.0008398366 0.01010264
vt -0.0007810649 0.01008384
vt -0.0007140949 0.01029321
vt -0.0007728713 0.01031201
vt -0.06364392 0.02088734
vt -0.06358318 0.02087649
vt -0.0635445 0.02109288
vt -0.06360525 0.02110373
vt -0.111101 0.008216963
vt -0.1110393 0.008217601
vt -0.1110416 0.008437404
vt -0.1111033 0.008436765
vt -0.1253983 -0.01510995
vt -0.1253378 -0.01509805
vt -0.1253802 -0.01488236
vt -0.1254407 -0.01489427
vt -0.1046958 -0.02470716
vt -0.1046373 -0.02468782
vt -0.1047062 -0.02447909
vt -0.1047648 -0.02449843
vt 0.1253378 -0.01509815
vt 0.1253983 -0.01511006
vt 0.1254407 -0.01489437
vt 0.1253802 -0.01488247
vt -0.1091771 -0.0626965
vt -0.1091788 -0.06263482
vt -0.1092111 -0.06258225
vt -0.1092654 -0.06255288
vt -0.109327 -0.0625546
vt -0.1093796 -0.06258691
vt -0.109409 -0.06264118
vt -0.1094073 -0.06270286
vt -0.109375 -0.06275543
vt -0.1093207 -0.0627848
vt -0.109259 -0.06278308
vt -0.1092065 -0.06275077
vt 0.1254811 -0.01512613
vt 0.1254351 -0.01536007
vt 0.1258624 -0.01544409
vt 0.1258681 -0.01541485
vt 0.1258739 -0.0153856
vt 0.1258796 -0.01535636
vt 0.1258854 -0.01532712
vt 0.1259084 -0.01521015
vt -0.1093749 -0.0627555
vt -0.1094072 -0.06270292
vt -0.1097782 -0.06293099
vt -0.1097459 -0.06298356
vt -0.1254351 -0.01536003
vt -0.1254811 -0.0151261
vt -0.1259084 -0.01521012
vt -0.1258854 -0.01532709
vt -0.1258796 -0.01535633
vt -0.1258739 -0.01538557
vt -0.1258681 -0.01541481
vt -0.1258624 -0.01544405
vt 0.0008393802 0.01010229
vt 0.0007806075 0.01008349
vt 0.0008169193 0.009969951
vt 0.000875695 0.009988751
vt 0.1111853 0.008216021
vt 0.1111829 0.007977622
vt 0.1116101 0.007973199
vt 0.1116104 0.008002999
vt 0.1116107 0.008032799
vt 0.111611 0.0080626
vt 0.1116113 0.0080924
vt 0.1116125 0.0082116
vt -0.1094073 -0.06270279
vt -0.109409 -0.06264111
vt -0.1098361 -0.06265287
vt -0.1098344 -0.06271456
vt -0.1111829 0.00797763
vt -0.1111853 0.00821603
vt -0.1116125 0.008211609
vt -0.1116113 0.008092409
vt -0.111611 0.008062608
vt -0.1116107 0.008032808
vt -0.1116104 0.008003008
vt -0.1116101 0.007973209
vt -0.05909138 -0.01217331
vt -0.05914916 -0.01219499
vt -0.05910727 -0.0123066
vt -0.05904951 -0.01228491
vt 0.1047761 -0.02473351
vt 0.1047014 -0.0249599
vt 0.1051303 -0.02497526
vt 0.1051674 -0.02486272
vt -0.1169323 0.04305599
vt -0.116945 0.04311637
vt -0.117365 0.04302779
vt -0.1173522 0.04296741
vt -0.1047014 -0.02495993
vt -0.1047761 -0.02473355
vt -0.1051674 -0.02486276
vt -0.1051303 -0.0249753
vt 0.0636441 0.02088705
vt 0.06358335 0.0208762
vt 0.06360419 0.02075953
vt 0.06366494 0.02077038
vt 0.05922875 -0.01222475
vt 0.05914498 -0.01244796
vt 0.05956713 -0.01247833
vt 0.05960878 -0.01236738
vt -0.101937 -0.07419325
vt -0.1019982 -0.07420151
vt -0.1019415 -0.07462095
vt -0.1018804 -0.07461269
vt -0.059145 -0.01244797
vt -0.05922877 -0.01222476
vt -0.05960879 -0.01236739
vt -0.05956715 -0.01247834
vt 0.1111008 0.008216893
vt 0.1110391 0.00821753
vt 0.1110379 0.008099025
vt 0.1110996 0.008098386
vt -0.0007009007 0.01005807
vt -0.0007735329 0.009830996
vt -0.0003520364 0.00969618
vt -0.0003429549 0.009724563
vt -0.0003338741 0.009752946
vt -0.0003247965 0.009781333
vt -0.000315715 0.009809716
vt -0.0002794041 0.009923258
vt -0.1092065 -0.06275071
vt -0.109259 -0.06278303
vt -0.1090273 -0.06316002
vt -0.1089747 -0.06312771
vt 0.0007735209 0.009830992
vt 0.0007008925 0.01005807
vt 0.0002793959 0.009923256
vt 0.0003157068 0.009809715
vt 0.0003247845 0.009781328
vt 0.0003338659 0.009752944
vt 0.0003429428 0.009724559
vt 0.0003520243 0.009696175
vt 0.1253983 -0.0151099
vt 0.1253378 -0.015098
vt 0.1253148 -0.01521496
vt 0.1253753 -0.01522687
vt -0.06350015 0.02086165
vt -0.06354208 0.02062695
vt -0.06310975 0.0205497
vt -0.0631045 0.02057903
vt -0.06309927 0.02060837
vt -0.06309403 0.02063771
vt -0.06308878 0.02066705
vt -0.06306781 0.02078439
vt -0.1091771 -0.06269651
vt -0.1092064 -0.06275078
vt -0.1088202 -0.06295981
vt -0.1087908 -0.06290554
vt 0.06354208 0.02062695
vt 0.06350014 0.02086164
vt 0.06306781 0.02078439
vt 0.06308877 0.02066704
vt 0.06309402 0.02063771
vt 0.06309926 0.02060837
vt 0.0631045 0.02057903
vt 0.06310974 0.02054969
vt 0.1046961 -0.02470701
vt 0.1046375 -0.02468767
vt 0.1046001 -0.02480086
vt 0.1046587 -0.0248202
vt -0.110955 0.008218452
vt -0.1109525 0.007980053
vt -0.1105171 0.00798456
vt -0.1105175 0.00801436
vt -0.1105178 0.00804416
vt -0.1105181 0.008073959
vt -0.1105184 0.008103758
vt -0.1105196 0.008222958
vt -0.1091788 -0.06263483
vt -0.1091771 -0.0626965
vt -0.1087418 -0.0626845
vt -0.1087435 -0.06262282
vt 0.1109525 0.007980054
vt 0.110955 0.008218454
vt 0.1105196 0.008222962
vt 0.1105184 0.008103761
vt 0.1105181 0.00807396
vt 0.1105178 0.008044161
vt 0.1105175 0.00801436
vt 0.1105171 0.007984562
vt 0.05914972 -0.01219494
vt 0.05909196 -0.01217326
vt 0.05905008 -0.01228486
vt 0.05910785 -0.01230654
vt -0.1252551 -0.0150816
vt -0.1252091 -0.01531554
vt -0.1247818 -0.01523152
vt -0.1247875 -0.01520228
vt -0.1247933 -0.01517303
vt -0.1247991 -0.01514379
vt -0.1248048 -0.01511455
vt -0.1248278 -0.01499758
vt -0.109211 -0.06258236
vt -0.1091787 -0.06263493
vt -0.1088077 -0.06240687
vt -0.10884 -0.0623543
vt 0.1252091 -0.01531553
vt 0.1252551 -0.0150816
vt 0.1248278 -0.01499758
vt 0.1248048 -0.01511454
vt 0.1247991 -0.01514379
vt 0.1247933 -0.01517303
vt 0.1247875 -0.01520227
vt 0.1247818 -0.01523151
vt -0.0007808983 0.01008378
vt -0.0008396702 0.01010258
vt -0.0008759882 0.009989041
vt -0.0008172159 0.009970241
vt -0.1045571 -0.0246613
vt -0.1044823 -0.02488769
vt -0.1040804 -0.02475497
vt -0.1040897 -0.02472668
vt -0.1040991 -0.02469838
vt -0.1041084 -0.02467008
vt -0.1041178 -0.02464178
vt -0.1041551 -0.02452859
vt -0.1092653 -0.06255291
vt -0.1092111 -0.06258228
vt -0.1090096 -0.06221004
vt -0.1090639 -0.06218067
vt 0.1044823 -0.02488769
vt 0.104557 -0.0246613
vt 0.1041551 -0.02452859
vt 0.1041178 -0.02464178
vt 0.1041084 -0.02467008
vt 0.1040991 -0.02469838
vt 0.1040897 -0.02472668
vt 0.1040804 -0.02475498
vt -0.06358345 0.02087653
vt -0.06364419 0.02088739
vt -0.06366517 0.02077004
vt -0.06360442 0.02075919
vt -0.0590134 -0.01214395
vt -0.05892963 -0.01236716
vt -0.05853096 -0.01221753
vt -0.05854143 -0.01218963
vt -0.0585519 -0.01216173
vt -0.05856238 -0.01213383
vt -0.05857285 -0.01210592
vt -0.05861473 -0.01199432
vt -0.109327 -0.06255461
vt -0.1092653 -0.06255289
vt -0.1092771 -0.06212723
vt -0.1093388 -0.06212894
vt 0.05892962 -0.01236715
vt 0.05901339 -0.01214394
vt 0.05861473 -0.01199432
vt 0.05857284 -0.01210592
vt 0.05856236 -0.01213382
vt 0.0585519 -0.01216173
vt 0.05854142 -0.01218963
vt 0.05853095 -0.01221753
vt -0.1110391 0.008217724
vt -0.1111009 0.008217087
vt -0.1110996 0.008097889
vt -0.1110379 0.008098526
vt 0.0009201734 0.01012819
vt 0.0009928057 0.009901116
vt 0.001387543 0.01002737
vt 0.001378461 0.01005576
vt 0.001369384 0.01008414
vt 0.001360302 0.01011253
vt 0.001351228 0.01014091
vt 0.00131491 0.01025445
vt -0.1093797 -0.06258681
vt -0.1093271 -0.06255449
vt -0.1095441 -0.06220143
vt -0.1095967 -0.06223374
vt -0.0009927722 0.009901122
vt -0.0009201437 0.0101282
vt -0.00131488 0.01025446
vt -0.001351198 0.01014092
vt -0.001360272 0.01011254
vt -0.00136935 0.01008415
vt -0.001378432 0.01005577
vt -0.001387509 0.01002738
vt -0.1253378 -0.01509808
vt -0.1253983 -0.01510999
vt -0.1253753 -0.01522696
vt -0.1253148 -0.01521505
vt 0.06372692 0.02090218
vt 0.06376886 0.02066748
vt 0.06418805 0.02074238
vt 0.0641828 0.02077172
vt 0.06417756 0.02080106
vt 0.06417231 0.02083039
vt 0.06416707 0.02085973
vt 0.06414612 0.02097708
vt -0.109409 -0.06264114
vt -0.1093796 -0.06258687
vt -0.1097541 -0.0623842
vt -0.1097835 -0.06243847
vt -0.06376886 0.02066748
vt -0.06372692 0.02090217
vt -0.0641461 0.02097708
vt -0.06416707 0.02085973
vt -0.06417231 0.0208304
vt -0.06417756 0.02080106
vt -0.0641828 0.02077172
vt -0.06418805 0.02074239
vt -0.1046372 -0.02468777
vt -0.1046958 -0.02470712
vt -0.1046585 -0.02482031
vt -0.1045999 -0.02480097
vt 0.0008168983 0.009969356
vt 0.0008259791 0.009940974
vt 0.0008847517 0.00995977
vt 0.000875674 0.009988157
vt 0.0008350358 0.00991323
vt 0.0008441174 0.009884846
vt 0.0009028891 0.009903644
vt 0.0008938114 0.009932031
vt 0.0008257119 0.009942023
vt 0.0008347896 0.009913635
vt 0.0008935652 0.009932437
vt 0.0008844845 0.009960819
vt 0.0008439306 0.009885774
vt 0.0008530083 0.009857386
vt 0.0009117839 0.009876188
vt 0.0009027024 0.009904571
vt -0.05910724 -0.01230695
vt -0.05909677 -0.01233485
vt -0.059039 -0.01231317
vt -0.05904947 -0.01228526
vt -0.0590864 -0.01236241
vt -0.05907593 -0.01239032
vt -0.05901816 -0.01236864
vt -0.05902863 -0.01234073
vt -0.05909692 -0.01233437
vt -0.05908645 -0.01236227
vt -0.05902868 -0.01234059
vt -0.05903916 -0.01231269
vt -0.0590762 -0.01238955
vt -0.05906572 -0.01241746
vt -0.05900795 -0.01239577
vt -0.05901843 -0.01236787
vt -0.1046584 -0.02482071
vt -0.104649 -0.02484901
vt -0.1045904 -0.02482967
vt -0.1045998 -0.02480137
vt -0.1046398 -0.02487698
vt -0.1046304 -0.02490528
vt -0.1045719 -0.02488593
vt -0.1045812 -0.02485763
vt -0.1046492 -0.02484847
vt -0.1046399 -0.02487677
vt -0.1045813 -0.02485742
vt -0.1045906 -0.02482913
vt -0.1046306 -0.02490464
vt -0.1046213 -0.02493294
vt -0.1045627 -0.02491359
vt -0.104572 -0.02488529
vt -0.1253753 -0.01522698
vt -0.1253696 -0.01525622
vt -0.125309 -0.01524432
vt -0.1253148 -0.01521507
vt -0.1253638 -0.01528544
vt -0.1253581 -0.01531468
vt -0.1252975 -0.01530277
vt -0.1253033 -0.01527353
vt -0.1253696 -0.01525615
vt -0.1253638 -0.01528539
vt -0.1253033 -0.01527349
vt -0.125309 -0.01524425
vt -0.1253581 -0.0153146
vt -0.1253524 -0.01534384
vt -0.1252918 -0.01533193
vt -0.1252975 -0.01530269
vt -0.1110996 0.008098228
vt -0.1110993 0.008068427
vt -0.1110376 0.008069064
vt -0.1110379 0.008098866
vt -0.1110989 0.008038363
vt -0.1110986 0.008008562
vt -0.1110369 0.008009201
vt -0.1110372 0.008039003
vt -0.1110993 0.008067983
vt -0.111099 0.008038184
vt -0.1110373 0.008038823
vt -0.1110376 0.008068621
vt -0.1110986 0.008008042
vt -0.1110983 0.007978244
vt -0.1110366 0.007978882
vt -0.1110369 0.008008682
vt -0.0636651 0.02077084
vt -0.06367034 0.02074151
vt -0.0636096 0.02073066
vt -0.06360435 0.02075999
vt -0.06367569 0.02071135
vt -0.06368092 0.02068201
vt -0.06362018 0.02067116
vt -0.06361493 0.0207005
vt -0.06367059 0.02074016
vt -0.06367583 0.02071082
vt -0.06361508 0.02069997
vt -0.06360985 0.02072931
vt -0.06368101 0.02068135
vt -0.06368625 0.02065201
vt -0.06362551 0.02064115
vt -0.06362027 0.02067049
vt -0.0008757971 0.009989696
vt -0.0008848748 0.009961309
vt -0.000826103 0.009942511
vt -0.0008170248 0.009970896
vt -0.0008942479 0.009932469
vt -0.0009033256 0.009904082
vt -0.000844553 0.009885286
vt -0.0008354723 0.009913668
vt -0.000885363 0.009960049
vt -0.0008944445 0.009931665
vt -0.0008356689 0.009912864
vt -0.0008265912 0.009941252
vt -0.0009036811 0.009902769
vt -0.0009127585 0.009874386
vt -0.0008539862 0.009855585
vt -0.0008449085 0.009883972
vt 0.05905013 -0.01228425
vt 0.05903966 -0.01231215
vt 0.05909743 -0.01233383
vt 0.05910791 -0.01230593
vt 0.05902873 -0.0123407
vt 0.05901826 -0.0123686
vt 0.05907603 -0.01239029
vt 0.0590865 -0.01236239
vt 0.05903919 -0.01231316
vt 0.05902871 -0.01234106
vt 0.05908648 -0.01236274
vt 0.05909695 -0.01233484
vt 0.05901806 -0.01236968
vt 0.05900759 -0.01239758
vt 0.05906536 -0.01241927
vt 0.05907583 -0.01239137
vt 0.1046001 -0.02480041
vt 0.1045908 -0.02482871
vt 0.1046494 -0.02484806
vt 0.1046587 -0.02481976
vt 0.1045813 -0.02485754
vt 0.104572 -0.02488584
vt 0.1046306 -0.02490518
vt 0.1046399 -0.02487689
vt 0.1045905 -0.02482959
vt 0.1045812 -0.02485788
vt 0.1046398 -0.02487723
vt 0.1046491 -0.02484893
vt 0.1045719 -0.0248863
vt 0.1045625 -0.02491459
vt 0.1046211 -0.02493395
vt 0.1046304 -0.02490564
vt 0.1253148 -0.01521493
vt 0.1253091 -0.01524417
vt 0.1253696 -0.01525607
vt 0.1253753 -0.01522683
vt 0.1253033 -0.01527347
vt 0.1252975 -0.01530271
vt 0.1253581 -0.01531461
vt 0.1253638 -0.01528537
vt 0.125309 -0.01524426
vt 0.1253033 -0.0152735
vt 0.1253638 -0.0152854
vt 0.1253696 -0.01525616
vt 0.1252975 -0.01530278
vt 0.1252918 -0.01533202
vt 0.1253523 -0.01534392
vt 0.1253581 -0.01531469
vt 0.1110393 0.008218399
vt 0.111101 0.008217761
vt 0.1111033 0.008437564
vt 0.1110416 0.008438203
vt 0.06358287 0.020878
vt 0.06364361 0.02088885
vt 0.06360494 0.02110524
vt 0.0635442 0.02109439
vt 0.0007807134 0.01008491
vt 0.0008394852 0.01010371
vt 0.0007725197 0.01031307
vt 0.0007137441 0.01029427
vt -0.05914965 -0.01219465
vt -0.05909188 -0.01217297
vt -0.05916912 -0.01196717
vt -0.05922689 -0.01198885
vt -0.1046958 -0.02470733
vt -0.1046372 -0.02468798
vt -0.1047061 -0.02447925
vt -0.1047647 -0.0244986
vt -0.1253983 -0.01511004
vt -0.1253378 -0.01509814
vt -0.1253802 -0.01488245
vt -0.1254407 -0.01489436
vt -0.111101 0.00821773
vt -0.1110393 0.008218369
vt -0.1110416 0.008438172
vt -0.1111033 0.008437533
vt -0.06364363 0.0208888
vt -0.06358289 0.02087794
vt -0.06354422 0.02109433
vt -0.06360497 0.02110518
vt -0.000839524 0.01010367
vt -0.0007807476 0.01008487
vt -0.0007137821 0.01029423
vt -0.0007725472 0.01031303
vt 0.05909196 -0.01217301
vt 0.05914973 -0.01219469
vt 0.05922697 -0.0119889
vt 0.0591692 -0.01196721
vt 0.1046372 -0.024688
vt 0.1046958 -0.02470734
vt 0.1047647 -0.02449862
vt 0.1047061 -0.02447927
vt 0.1092064 -0.06275081
vt 0.109259 -0.06278313
vt 0.1093207 -0.06278484
vt 0.1093749 -0.06275547
vt 0.1094072 -0.06270289
vt 0.1094089 -0.06264122
vt 0.1093796 -0.06258695
vt 0.109327 -0.06255464
vt 0.1092653 -0.06255294
vt 0.1092111 -0.0625823
vt 0.1091787 -0.06263486
vt 0.109177 -0.06269655
vt 0.1047761 -0.02473353
vt 0.1051674 -0.02486274
vt 0.1052364 -0.02465401
vt 0.104845 -0.0245248
vt 0.0635836 0.02087655
vt 0.06364434 0.02088741
vt 0.06360568 0.0211038
vt 0.06354493 0.02109294
vt -0.1051674 -0.02486273
vt -0.1047761 -0.02473351
vt -0.104845 -0.02452478
vt -0.1052364 -0.024654
vt 0.109375 -0.06275538
vt 0.1093207 -0.06278475
vt 0.1095168 -0.06314717
vt 0.1095711 -0.0631178
vt 0.05922874 -0.0122248
vt 0.05960876 -0.01236743
vt 0.05968601 -0.01216163
vt 0.05930598 -0.01201901
vt 0.1110391 0.008217749
vt 0.1111009 0.00821711
vt 0.1111031 0.008436916
vt 0.1110414 0.008437553
vt -0.05960879 -0.01236741
vt -0.05922876 -0.01222478
vt -0.059306 -0.01201898
vt -0.05968602 -0.0121616
vt 0.1093207 -0.06278475
vt 0.109259 -0.06278304
vt 0.1092478 -0.06318879
vt 0.1093095 -0.06319049
vt -0.0007009111 0.01005797
vt -0.0002794145 0.009923151
vt -0.0002124484 0.01013252
vt -0.000633945 0.01026734
vt 0.1253378 -0.01509799
vt 0.1253983 -0.0151099
vt 0.1254407 -0.01489421
vt 0.1253802 -0.01488231
vt 0.0002793959 0.009923154
vt 0.0007008925 0.01005797
vt 0.0006339225 0.01026734
vt 0.000212426 0.01013252
vt 0.1092591 -0.0627829
vt 0.1092066 -0.06275058
vt 0.1089748 -0.06312758
vt 0.1090274 -0.0631599
vt -0.06350004 0.02086229
vt -0.0630677 0.02078504
vt -0.06302904 0.02100142
vt -0.06346137 0.02107868
vt 0.1046374 -0.02468786
vt 0.104696 -0.02470721
vt 0.1047649 -0.02449848
vt 0.1047063 -0.02447913
vt 0.06306768 0.02078504
vt 0.06350002 0.02086229
vt 0.06346136 0.02107868
vt 0.06302901 0.02100142
vt 0.1092063 -0.06275101
vt 0.1091769 -0.06269674
vt 0.1087907 -0.06290577
vt 0.10882 -0.06296004
vt -0.110955 0.008218248
vt -0.1105196 0.008222753
vt -0.1105219 0.008442559
vt -0.1109573 0.008438053
vt 0.05909175 -0.01217365
vt 0.05914952 -0.01219533
vt 0.05922676 -0.01198954
vt 0.05916899 -0.01196785
vt 0.1105196 0.00822275
vt 0.110955 0.008218244
vt 0.1109573 0.008438047
vt 0.1105219 0.008442555
vt 0.1091772 -0.06269632
vt 0.1091789 -0.06263463
vt 0.1087436 -0.06262262
vt 0.1087419 -0.06268431
vt -0.1252551 -0.01508159
vt -0.1248278 -0.01499757
vt -0.1248702 -0.01478189
vt -0.1252975 -0.01486591
vt -0.0008397232 0.01010234
vt -0.0007809513 0.01008354
vt -0.0007139852 0.01029291
vt -0.000772757 0.01031171
vt 0.1248278 -0.01499756
vt 0.1252551 -0.01508158
vt 0.1252975 -0.0148659
vt 0.1248702 -0.01478188
vt 0.1091787 -0.06263493
vt 0.109211 -0.06258236
vt 0.10884 -0.0623543
vt 0.1088077 -0.06240686
vt -0.1045571 -0.02466127
vt -0.1041551 -0.02452856
vt -0.1042241 -0.02431983
vt -0.104626 -0.02445254
vt -0.06364426 0.0208872
vt -0.06358352 0.02087634
vt -0.06354485 0.02109273
vt -0.06360559 0.02110359
vt 0.1041551 -0.02452857
vt 0.104557 -0.02466128
vt 0.104626 -0.02445255
vt 0.104224 -0.02431984
vt 0.1092114 -0.06258173
vt 0.1092657 -0.06255237
vt 0.1090642 -0.06218012
vt 0.10901 -0.06220949
vt -0.05901342 -0.01214391
vt -0.05861474 -0.01199428
vt -0.05869198 -0.01178848
vt -0.05909065 -0.01193811
vt -0.1111008 0.00821704
vt -0.1110391 0.008217678
vt -0.1110414 0.008437483
vt -0.1111031 0.008436846
vt 0.05861472 -0.01199432
vt 0.05901339 -0.01214394
vt 0.05909063 -0.01193814
vt 0.05869196 -0.01178852
vt 0.109265 -0.06255341
vt 0.1093267 -0.06255512
vt 0.1093385 -0.06212945
vt 0.1092768 -0.06212775
vt 0.0009202316 0.01012802
vt 0.001314968 0.01025428
vt 0.001248003 0.01046364
vt 0.0008532655 0.01033738
vt -0.1253983 -0.01510997
vt -0.1253378 -0.01509806
vt -0.1253802 -0.01488238
vt -0.1254407 -0.01489428
vt -0.001314938 0.01025423
vt -0.0009202019 0.01012797
vt -0.0008532357 0.01033734
vt -0.001247969 0.01046359
vt 0.1093271 -0.06255446
vt 0.1093797 -0.06258677
vt 0.1095967 -0.06223371
vt 0.1095442 -0.06220139
vt 0.06372696 0.02090194
vt 0.06414615 0.02097684
vt 0.06410749 0.02119323
vt 0.06368829 0.02111833
vt -0.104696 -0.02470699
vt -0.1046374 -0.02468764
vt -0.1047063 -0.02447891
vt -0.1047649 -0.02449826
vt -0.06414615 0.02097684
vt -0.06372697 0.02090193
vt -0.0636883 0.02111832
vt -0.06410749 0.02119323
vt 0.1093796 -0.06258684
vt 0.109409 -0.06264111
vt 0.1097835 -0.06243844
vt 0.1097542 -0.06238418
vt 0.1111853 0.0082161
vt 0.1116125 0.008211679
vt 0.1116148 0.008431481
vt 0.1111876 0.008435903
vt -0.05914926 -0.012195
vt -0.05909149 -0.01217332
vt -0.05916873 -0.01196752
vt -0.05922649 -0.0119892
vt -0.1116125 0.008211674
vt -0.1111854 0.008216096
vt -0.1111876 0.008435899
vt -0.1116148 0.008431477
vt 0.109409 -0.06264113
vt 0.1094073 -0.06270281
vt 0.1098343 -0.06271458
vt 0.109836 -0.0626529
vt 0.125481 -0.01512613
vt 0.1259084 -0.01521015
vt 0.1259508 -0.01499447
vt 0.1255235 -0.01491045
vt 0.0007805446 0.01008371
vt 0.0008393172 0.01010251
vt 0.0007723509 0.01031188
vt 0.0007135753 0.01029308
vt -0.1259084 -0.01521012
vt -0.1254811 -0.0151261
vt -0.1255235 -0.01491041
vt -0.1259508 -0.01499443
vt 0.1094071 -0.06270318
vt 0.1093748 -0.06275576
vt 0.1097458 -0.06298382
vt 0.1097781 -0.06293125
vt 0.1089658 -0.06298815
vt 0.1093939 -0.06311562
vt 0.1097183 -0.0628086
vt 0.1096146 -0.06237416
vt 0.1091866 -0.0622467
vt 0.1088622 -0.06255371
vt -0.1089086 -0.06245651
vt -0.1089978 -0.06237208
vt -0.109087 -0.06228766
vt -0.1092939 -0.06223828
vt -0.1094117 -0.06227333
vt -0.1095294 -0.06230838
vt -0.1096756 -0.0624629
vt -0.1097041 -0.06258238
vt -0.1097326 -0.06270184
vt -0.1096719 -0.06290576
vt -0.1095827 -0.06299018
vt -0.1094935 -0.0630746
vt -0.1092866 -0.06312399
vt -0.1091688 -0.06308894
vt -0.1090511 -0.06305388
vt -0.1089049 -0.06289937
vt -0.1088764 -0.06277988
vt -0.1088479 -0.06266041
vt -0.03211698 0.02160918
vt -0.03239848 0.02012695
vt -0.0322796 0.02009604
vt -0.03168462 0.02149679
vt -0.0321169 0.02160917
vt -0.03227953 0.02009604
vt 0.08504521 -0.01813046
vt 0.0846241 -0.01957922
vt 0.0847395 -0.01962128
vt 0.08546478 -0.0182834
vt 0.08504514 -0.01813044
vt 0.08473942 -0.01962127
vt -0.1228257 -0.002749798
vt -0.1232698 -0.002797832
vt -0.1228858 -0.00427046
vt -0.1232698 -0.002797825
vt -0.1230079 -0.004283661
vt -0.1228858 -0.004270453
vt -0.08339761 -0.02268125
vt -0.08381703 -0.02283482
vt -0.08308975 -0.02417164
vt -0.08381708 -0.02283485
vt -0.08320513 -0.0242139
vt -0.0830898 -0.02417167
vt 0.0337297 0.01549416
vt 0.03329704 0.01538324
vt 0.03388719 0.01398048
vt 0.03329683 0.01538317
vt 0.033768 0.01394991
vt 0.03388698 0.01398041
vt 0.1231182 -0.004032515
vt 0.1226741 -0.00398535
vt 0.1227372 -0.005505891
vt 0.1226741 -0.003985367
vt 0.1226151 -0.005492938
vt 0.1227372 -0.005505908
vt -0.1244631 -0.008046972
vt -0.124212 -0.007851886
vt -0.1245165 -0.006827816
vt -0.03168465 0.02149681
vt -0.03227956 0.02009605
vt -0.03216068 0.02006515
vt 0.08546472 -0.01828337
vt 0.08473937 -0.01962124
vt 0.08485477 -0.0196633
vt -0.03634226 0.02943955
vt -0.03603231 0.02953375
vt -0.0359192 0.03058479
vt 0.1231183 -0.004032559
vt 0.1227372 -0.005505935
vt 0.1228594 -0.005518906
vt 0.09052862 -0.01930728
vt 0.09075331 -0.01887668
vt 0.09087724 -0.01856484
vt 0.03372984 0.01549417
vt 0.03388733 0.01398049
vt 0.03400632 0.01401099
vt 0.124985 -0.01046061
vt 0.12531 -0.01032634
vt 0.1252764 -0.009275674
vt -0.08339751 -0.02268125
vt -0.08308964 -0.02417164
vt -0.0829743 -0.02412941
vt 0.04387123 0.007662344
vt 0.04413068 0.007884255
vt 0.04371774 0.008872353
vt -0.1228257 -0.002749759
vt -0.1228858 -0.004270421
vt -0.1227637 -0.004257211
vt -0.07195739 -0.02847215
vt -0.07174901 -0.02822639
vt -0.07227021 -0.0272932
vt -0.09899244 -0.06082596
vt -0.09878093 -0.06084887
vt -0.09875618 -0.06052761
vt -0.09896769 -0.0605047
vt 0.0875528 -0.01438253
vt 0.08784406 -0.01319801
vt 0.08734156 -0.01413922
vt -0.08937754 0.02988853
vt -0.08959128 0.02884125
vt -0.08937945 0.02882157
vt -0.02915966 -0.1022822
vt -0.02897849 -0.1023937
vt -0.02882012 -0.102118
vt -0.02900129 -0.1020065
vt 0.1217397 -0.006503852
vt 0.1217285 -0.005284243
vt 0.12148 -0.006320558
vt 0.03605595 0.01427979
vt 0.03557637 0.01332509
vt 0.035776 0.01325152
vt 0.06975208 -0.1018387
vt 0.06990726 -0.1019842
vt 0.07012957 -0.1017486
vt 0.06997438 -0.1016031
vt 0.02859298 0.004658135
vt 0.02815145 0.005795588
vt 0.0282815 0.004747162
vt 0.1202313 -0.01734849
vt 0.1198552 -0.01833642
vt 0.1200608 -0.0183911
vt 0.05832671 0.1049408
vt 0.05852573 0.105016
vt 0.05842335 0.105287
vt 0.05822434 0.1052118
vt 0.09149094 -0.01974313
vt 0.09167296 -0.0194738
vt 0.09171535 -0.01931239
vt 0.09123136 0.01009578
vt 0.09122687 0.009401138
vt 0.09133287 0.009410126
vt -0.09483903 0.06386434
vt -0.09467933 0.06400491
vt -0.0949205 0.06426083
vt -0.0950802 0.06412026
vt -0.1231108 -0.001940909
vt -0.1233748 -0.000748857
vt -0.1234316 -0.00179687
vt -0.02376549 -0.01933119
vt -0.02352083 -0.02035352
vt -0.02332055 -0.02028177
vt -0.1256746 -0.01070308
vt -0.1254769 -0.01062457
vt -0.1256078 -0.01030927
vt -0.1258056 -0.01038779
vt -0.02655667 0.02772219
vt -0.02636117 0.02892687
vt -0.0268076 0.0279537
vt -0.1168902 -0.03009066
vt -0.1166984 -0.03114426
vt -0.1164939 -0.03108534
vt -0.005260189 0.02030711
vt -0.005285628 0.02062676
vt -0.005771018 0.01919824
vt 0.050441 0.01123402
vt 0.05009333 0.01270214
vt 0.05003917 0.01238609
vt 0.1183 -0.0002829173
vt 0.1181967 2.088736E-05
vt 0.1180814 -0.001483429
vt -0.1258274 -0.01393529
vt -0.1261303 -0.0124573
vt -0.1261961 -0.01277139
vt 0.01883696 0.006402313
vt 0.01864336 0.006656068
vt 0.01903245 0.005198377
vt -0.05635041 0.02726739
vt -0.05608987 0.02875345
vt -0.05626193 0.02848462
vt -0.09611203 -0.02897335
vt -0.09631652 -0.02872958
vt -0.09585232 -0.03016512
vt 0.06920592 -0.009588473
vt 0.06970259 -0.008163841
vt 0.0694925 -0.008402806
vt -0.1140398 0.009233837
vt -0.1141643 0.009527433
vt -0.1141528 0.008018751
vt 0.124757 -0.01166178
vt 0.1249551 -0.01016612
vt 0.1247964 -0.01044276
vt 0.0903049 0.01979729
vt 0.0903178 0.01946197
vt 0.09047675 0.01947599
vt 0.09041086 0.01980664
vt 0.09126958 0.008701704
vt 0.09127703 0.008534985
vt 0.09144927 0.008549577
vt 0.09142857 0.008715174
vt 0.06669219 -0.008079567
vt 0.06704044 -0.007336949
vt 0.06721748 -0.006665236
vt -0.07433601 -0.02630148
vt -0.07488779 -0.02489728
vt -0.07469743 -0.02556375
vt -0.1155653 -0.03016021
vt -0.1158326 -0.02938341
vt -0.115745 -0.02970896
vt 0.08263244 -0.01449591
vt 0.08291526 -0.01443337
vt 0.08284147 -0.0142862
vt 0.09652901 -0.04888754
vt 0.09653074 -0.04905217
vt 0.09674259 -0.04903276
vt 0.09671438 -0.04887056
vt 0.08109574 -0.01295239
vt 0.08130475 -0.01274265
vt 0.08127847 -0.01268353
vt -0.08602024 -0.02916569
vt -0.08622865 -0.02895536
vt -0.08630288 -0.02910231
vt 0.09615566 -0.04592045
vt 0.09615479 -0.04598514
vt 0.09634019 -0.04596851
vt 0.09632783 -0.04590501
vt -0.07658271 -0.02446987
vt -0.07681272 -0.0240421
vt -0.07676823 -0.02420294
vt -0.08751691 -0.03031964
vt -0.08769812 -0.03004976
vt -0.08772473 -0.03010872
vt -0.1109587 0.01055562
vt -0.110984 0.01055536
vt -0.1109813 0.01029559
vt -0.1109561 0.01029585
vt -0.1259499 -0.01283653
vt -0.1259746 -0.01284139
vt -0.1259245 -0.0130963
vt -0.1258998 -0.01309143
vt -0.1057444 -0.02259209
vt -0.1057684 -0.0226
vt -0.1056869 -0.02284668
vt -0.105663 -0.02283878
vt -0.06040298 -0.0101692
vt -0.06042657 -0.01017805
vt -0.0603353 -0.01042127
vt -0.0603117 -0.01041241
vt -0.0003646816 0.01217092
vt -0.0003886971 0.01216324
vt -0.0003095593 0.0119158
vt -0.00028554 0.01192349
vt 0.06286148 0.02312157
vt 0.06283665 0.02311714
vt 0.06288235 0.02286141
vt 0.06290717 0.02286584
vt 0.110984 0.01055535
vt 0.1109588 0.01055561
vt 0.1109561 0.01029584
vt 0.1109813 0.01029558
vt 0.1259746 -0.0128414
vt 0.1259499 -0.01283654
vt 0.1258998 -0.01309144
vt 0.1259245 -0.0130963
vt 0.1057684 -0.0226
vt 0.1057444 -0.02259209
vt 0.105663 -0.02283878
vt 0.1056869 -0.02284668
vt 0.0604266 -0.01017806
vt 0.06040301 -0.01016921
vt 0.06031173 -0.01041242
vt 0.06033533 -0.01042128
vt 0.0003887331 0.01216323
vt 0.0003647137 0.01217091
vt 0.000285576 0.01192348
vt 0.0003095915 0.01191579
vt -0.06283673 0.02311714
vt -0.06286155 0.02312157
vt -0.06290724 0.02286584
vt -0.06288242 0.02286141
vt 0.1091227 -0.06313492
vt 0.1091095 -0.06315641
vt 0.1091088 -0.0631816
vt 0.1091208 -0.06320378
vt 0.1091423 -0.06321698
vt 0.1091675 -0.06321768
vt 0.1091897 -0.06320568
vt 0.1092029 -0.0631842
vt 0.1092036 -0.063159
vt 0.1091916 -0.06313682
vt 0.1091701 -0.06312362
vt 0.1091449 -0.06312293
vt -0.1091449 -0.06312291
vt -0.1091701 -0.06312362
vt -0.1091916 -0.06313682
vt -0.1092036 -0.063159
vt -0.1092029 -0.06318419
vt -0.1091897 -0.06320568
vt -0.1091675 -0.06321768
vt -0.1091423 -0.06321698
vt -0.1091208 -0.06320378
vt -0.1091089 -0.0631816
vt -0.1091095 -0.06315641
vt -0.1091227 -0.06313492
vt -0.1109743 0.01172421
vt -0.1109935 0.01172401
vt -0.110962 0.008678162
vt -0.1109428 0.00867836
vt -0.1261783 -0.01169052
vt -0.1261971 -0.01169422
vt -0.1256095 -0.01468302
vt -0.1255907 -0.01467931
vt -0.1061132 -0.02148328
vt -0.1061315 -0.02148931
vt -0.1051764 -0.02438171
vt -0.1051582 -0.02437569
vt -0.06081536 -0.009075795
vt -0.06083335 -0.009082545
vt -0.05976305 -0.01193433
vt -0.05974505 -0.01192757
vt -0.0007222326 0.01328353
vt -0.0007405339 0.01327768
vt 0.0001874273 0.01037646
vt 0.0002057258 0.01038231
vt 0.06265341 0.02427168
vt 0.06263451 0.0242683
vt 0.06317031 0.02126979
vt 0.06318922 0.02127316
vt 0.1109939 0.01172375
vt 0.1109747 0.01172395
vt 0.1109432 0.008678103
vt 0.1109624 0.008677905
vt 0.1261971 -0.01169415
vt 0.1261783 -0.01169045
vt 0.1255907 -0.01467924
vt 0.1256095 -0.01468294
vt 0.1061315 -0.0214893
vt 0.1061132 -0.02148328
vt 0.1051581 -0.02437568
vt 0.1051764 -0.02438171
vt 0.06083326 -0.009082507
vt 0.06081527 -0.009075759
vt 0.05974497 -0.01192754
vt 0.05976295 -0.01193429
vt 0.0007410313 0.01327753
vt 0.0007227366 0.01328338
vt -0.0002052305 0.01038216
vt -0.000186932 0.01037631
vt -0.06263519 0.02426829
vt -0.0626541 0.02427167
vt -0.06318991 0.02127315
vt -0.063171 0.02126977
vt 0.001995634 0.01715037
vt 0.002013917 0.01714448
vt 0.002059752 0.01726725
vt -0.1108529 4.182928E-05
vt -0.1108721 4.163992E-05
vt -0.1108339 -0.0001207661
vt 0.06046288 -0.01001409
vt 0.06048086 -0.01002084
vt 0.06053283 -0.009902652
vt 0.105 -0.02494647
vt 0.1050183 -0.02495255
vt 0.1050636 -0.02483379
vt 0.1260518 -0.01268443
vt 0.1260706 -0.01268824
vt 0.1260968 -0.01256544
vt 0.1110359 0.01694284
vt 0.1110552 0.01694264
vt 0.1110526 0.01706752
vt 0.06105671 0.03250643
vt 0.06107561 0.0325099
vt 0.06104419 0.0326312
vt -0.002469612 0.01851399
vt -0.002451327 0.01851989
vt -0.002502054 0.01863594
vt -0.06092442 -0.008839961
vt -0.06090644 -0.008833212
vt -0.06096433 -0.008718402
vt -0.1052956 -0.02409363
vt -0.1052774 -0.02408756
vt -0.1053301 -0.02396811
vt -0.1260938 -0.01250755
vt -0.1260749 -0.01250376
vt -0.1261092 -0.01237615
vt -0.1110451 0.01616001
vt -0.1110259 0.01616022
vt -0.1110304 0.01629293
vt -0.06105419 0.03262132
vt -0.06103529 0.03261784
vt -0.06102786 0.03275147
vt 0.01091961 0.06326307
vt 0.01093709 0.0632551
vt 0.01093238 0.06331566
vt -0.008810439 0.02280141
vt -0.008828408 0.0228082
vt -0.008872168 0.02268325
vt -0.0719586 0.0303854
vt -0.07193741 0.03051609
vt -0.07195637 0.03051921
vt 0.05123829 -0.003949827
vt 0.05122105 -0.003941335
vt 0.05116858 -0.004061422
vt 0.09859207 -0.02301824
vt 0.09857471 -0.02301001
vt 0.0985267 -0.02312985
vt 0.1246655 -0.0165186
vt 0.1246472 -0.01651267
vt 0.1246163 -0.01663597
vt 0.1167251 0.01122599
vt 0.116706 0.01122771
vt 0.116703 0.01110218
vt 0.07189859 0.03084086
vt 0.07187964 0.03083773
vt 0.07190628 0.0307157
vt 0.009356912 0.0214616
vt 0.009338929 0.02145483
vt 0.009386642 0.02133896
vt -0.05060213 -0.005187834
vt -0.05061936 -0.005196316
vt -0.05056251 -0.00530949
vt -0.09817336 -0.02389738
vt -0.09819072 -0.02390562
vt -0.09813657 -0.02402225
vt -0.1245742 -0.0168242
vt -0.1245924 -0.01683016
vt -0.124554 -0.01695494
vt -0.1167531 0.01165453
vt -0.1167722 0.01165281
vt -0.1167619 0.01152109
vt 0.07890208 0.04001048
vt 0.07891864 0.04000073
vt 0.07893621 0.04006767
vt 0.1145459 0.007910592
vt 0.1145631 0.007902003
vt 0.1145938 0.007964813
vt 0.126243 -0.009313427
vt 0.1262613 -0.009318994
vt 0.126294 -0.009265664
vt 0.1262791 -0.009253606
vt 0.1156651 0.0003778612
vt 0.1156843 0.0003762711
vt 0.1157103 0.0004180028
vt 0.06858793 0.04763826
vt 0.06860684 0.04764167
vt 0.06861988 0.04767252
vt -0.03524963 0.08667673
vt -0.03523336 0.08668696
vt -0.03523562 0.086707
vt -0.1193848 0.02924178
vt -0.1193733 0.0292572
vt -0.1193841 0.02926536
vt -0.1264159 -0.007268778
vt -0.1264016 -0.007255948
vt -0.1264145 -0.007250709
vt -0.1259979 -0.01331169
vt -0.1259797 -0.01330556
vt -0.1259964 -0.01329498
vt -0.1157966 -0.003872349
vt -0.1157774 -0.003870764
vt -0.1158004 -0.003848817
vt -0.1158138 -0.003862604
vt -0.06763846 0.05192797
vt -0.06761958 0.05192447
vt -0.06765614 0.05195438
vt -0.04693536 0.08716365
vt -0.0469197 0.08717479
vt -0.04697455 0.08719923
vt -0.01864863 0.06633176
vt -0.0186659 0.06632334
vt -0.0186541 0.06627792
vt -0.08315745 0.02978182
vt -0.08318196 0.02982184
vt -0.08319616 0.02980888
vt 0.0629398 0.05245038
vt 0.06292059 0.05245051
vt 0.06291038 0.05239063
vt 0.1104583 0.01414473
vt 0.1104406 0.01415224
vt 0.1104118 0.0140893
vt 0.1179499 -0.003086305
vt 0.1179366 -0.003072441
vt 0.1179044 -0.003126077
vt 0.08360142 0.03005171
vt 0.08358725 0.03006469
vt 0.08356714 0.0300198
vt 0.02019001 0.06827188
vt 0.0201728 0.06828041
vt 0.0201674 0.06824736
vt -0.06320213 0.0749655
vt -0.06322134 0.07496534
vt -0.06321548 0.07494605
vt -0.1239817 0.01228668
vt -0.1239976 0.01227598
vt -0.1239859 0.01226907
vt -0.1238251 -0.0196832
vt -0.1238392 -0.01969632
vt -0.1238258 -0.01969996
vt 0.06415345 0.09840102
vt 0.06417266 0.09840072
vt 0.06415009 0.09846886
vt 0.1262371 -0.01059152
vt 0.1262506 -0.01060521
vt 0.1262997 -0.01054539
vt 0.1133189 -0.04139118
vt 0.1133311 -0.04140603
vt 0.1133946 -0.04136594
vt 0.09901779 -0.02113512
vt 0.09903111 -0.02114897
vt 0.09908982 -0.02111963
vt 0.08464776 0.03066691
vt 0.08466187 0.03065387
vt 0.08470775 0.03067784
vt 0.06415538 0.08787302
vt 0.06416951 0.08786
vt 0.06419919 0.08788349
vt -0.06794692 0.1048293
vt -0.06792773 0.1048303
vt -0.06793623 0.1048574
vt -0.1088117 -0.06330233
vt -0.1088053 -0.06328423
vt -0.1088288 -0.06329285
vt -0.1087435 -0.04856175
vt -0.108732 -0.04854635
vt -0.1087578 -0.048553
vt -0.1028473 -0.01696711
vt -0.1028339 -0.01695334
vt -0.1028673 -0.01695533
vt -0.106464 0.03348545
vt -0.1064518 0.03350034
vt -0.1064974 0.03348294
vt -0.03874552 0.0531487
vt -0.03874242 0.05316766
vt -0.03878739 0.05315399
vt -0.08363505 0.04171724
vt -0.083634 0.04169806
vt -0.08358864 0.04169178
vt -0.08973075 -0.005165287
vt -0.08977623 -0.005159953
vt -0.08977754 -0.005179117
vt -0.0306989 0.1023051
vt -0.03070369 0.1022865
vt -0.03065197 0.102256
vt 0.1163617 0.04296431
vt 0.1163425 0.04296602
vt 0.1163228 0.042897
vt 0.1188698 -0.03911617
vt 0.1188583 -0.03910081
vt 0.1187962 -0.03914704
vt 0.103864 -0.03827759
vt 0.1038586 -0.03825915
vt 0.1037922 -0.03829435
vt 0.09088705 -0.005162849
vt 0.09088574 -0.005143686
vt 0.09082688 -0.00517277
vt 0.07730361 0.04465625
vt 0.077304 0.04467546
vt 0.07725902 0.04464982
vt 0.05374587 0.09612048
vt 0.05374429 0.09613962
vt 0.05371661 0.0961138
vt -0.1197647 0.03788685
vt -0.1197837 0.03788375
vt -0.1197602 0.03786782
vt -0.1181414 -0.04069288
vt -0.1181528 -0.04070836
vt -0.1181283 -0.04070328
vt -0.1138653 -0.02909786
vt -0.1138718 -0.02911594
vt -0.1138457 -0.02911042
vt -0.05935541 0.09373363
vt -0.05935466 0.09375282
vt -0.05940526 0.09373266
vt -0.09443896 -0.08466111
vt -0.0944576 -0.08466574
vt -0.09442628 -0.08471592
vt 0.01382545 -0.1107608
vt 0.01382017 -0.1107793
vt 0.01387965 -0.1107854
vt 0.02863465 -0.06742129
vt 0.02863364 -0.06744048
vt 0.02868979 -0.06744169
vt 0.03663205 -0.008199977
vt 0.03663371 -0.008219113
vt 0.03668287 -0.0082193
vt 0.04604587 0.0526512
vt 0.04604837 0.05263215
vt 0.04608902 0.05263102
vt 0.07138724 0.08730326
vt 0.07138609 0.08728408
vt 0.07141838 0.08727732
vt 0.1028823 -0.07391006
vt 0.1028633 -0.07390741
vt 0.1028582 -0.07393529
vt 0.01616155 -0.1071744
vt 0.01615278 -0.1071573
vt 0.01612975 -0.1071732
vt -0.008694616 -0.0675123
vt -0.008697058 -0.06749325
vt -0.008726031 -0.0675064
vt -0.03520689 -0.008337395
vt -0.03520524 -0.008318258
vt -0.0352365 -0.00834904
vt 0.04836593 0.04483118
vt 0.04836628 0.04485039
vt 0.04832891 0.0448433
vt -0.04133957 0.03522065
vt -0.04133397 0.03520227
vt -0.04129763 0.03521575
vt -0.01973777 -0.02400199
vt -0.01977443 -0.02401458
vt -0.01976885 -0.02403297
vt -0.05876432 0.08099146
vt -0.05875758 0.08097348
vt -0.05871446 0.08099219
vt -0.1143264 0.05079707
vt -0.1143112 0.05078523
vt -0.1142813 0.05083071
vt -0.0112164 -0.1195278
vt -0.01120857 -0.1195102
vt -0.01126547 -0.1194941
vt 0.019236 -0.08441362
vt 0.0192414 -0.08439518
vt 0.01918176 -0.08439095
vt 0.02962066 -0.02664902
vt 0.02962606 -0.02663059
vt 0.02956991 -0.02662952
vt 0.03685999 0.03692818
vt 0.03686533 0.03694664
vt 0.03681617 0.03694684
vt 0.04799829 0.08643652
vt 0.04800368 0.08645497
vt 0.04796305 0.08645654
vt 0.1052376 0.06720006
vt 0.1052508 0.06721394
vt 0.1052231 0.06723182
vt 0.01350231 -0.1191635
vt 0.01351043 -0.1191809
vt 0.01353409 -0.1191653
vt -0.01358065 -0.08381286
vt -0.01357475 -0.08383114
vt -0.01354937 -0.0838194
vt 0.04168734 0.08807995
vt 0.04169298 0.08809831
vt 0.0416557 0.08809019
vt -0.03940998 0.117849
vt -0.03941198 0.1178681
vt -0.03943866 0.1178398
vt -0.06651419 -0.09585667
vt -0.06652841 -0.09586959
vt -0.06648859 -0.09587456
vt -0.05062992 -0.05714895
vt -0.05064053 -0.05716498
vt -0.05059902 -0.05716751
vt -0.03993498 -0.005219519
vt -0.03994088 -0.005237797
vt -0.03989803 -0.005240419
vt -0.02923751 0.04740723
vt -0.02923856 0.04738805
vt -0.02919497 0.04738405
vt -0.01236883 0.09568229
vt -0.01236677 0.09566318
vt -0.01232372 0.09565496
vt 0.09519054 0.08059566
vt 0.09517916 0.08058019
vt 0.09519815 0.0805416
vt 0.06753948 -0.0950564
vt 0.06752516 -0.09504358
vt 0.06748573 -0.09505671
vt 0.05340042 -0.05517731
vt 0.05338967 -0.05516139
vt 0.05335059 -0.05516962
vt 0.04247497 -0.004457849
vt 0.04246908 -0.004439562
vt 0.04243575 -0.004465402
vt -0.1241007 -0.006053429
vt -0.1241068 -0.006035204
vt -0.1241212 -0.006022469
vt -0.12414 -0.006018623
vt -0.1241582 -0.006024704
vt -0.1241709 -0.006039085
vt -0.1241748 -0.006057905
vt -0.1241687 -0.006076124
vt -0.1241543 -0.006088868
vt -0.1241355 -0.00609271
vt -0.1241173 -0.00608663
vt -0.1241045 -0.006072252
vt 0.04337072 0.03210103
vt 0.04337007 0.03208183
vt 0.04340795 0.03208954
vt 0.05332141 -0.01834315
vt 0.05328345 -0.0183504
vt 0.05328812 -0.01836903
vt 0.03690454 0.08216968
vt 0.03689958 0.08215112
vt 0.03693647 0.08216041
vt -0.02592766 0.1193489
vt -0.02592676 0.1193297
vt -0.02589813 0.119355
vt -0.07859884 -0.09193014
vt -0.07858439 -0.09191749
vt -0.07862253 -0.09190975
vt -0.05942843 -0.06576271
vt -0.05941863 -0.06574617
vt -0.05945864 -0.06574304
vt -0.04820555 -0.01979429
vt -0.04820094 -0.01977565
vt -0.04824246 -0.01977334
vt -0.03743758 0.03292268
vt -0.03743791 0.03294189
vt -0.03748075 0.03294468
vt -0.02304957 0.08617379
vt -0.02305295 0.0861927
vt -0.0230964 0.08619805
vt 0.04051984 0.11534
vt 0.04052297 0.115359
vt 0.04048646 0.1153832
vt 0.06767537 -0.1007089
vt 0.06768857 -0.1007228
vt 0.06772912 -0.1007085
vt 0.04986435 -0.07182912
vt 0.0498734 -0.07184606
vt 0.04991407 -0.07183751
vt -0.1258193 -0.01287851
vt -0.1258382 -0.01288202
vt -0.1257882 -0.01304097
vt -0.1257693 -0.01303768
vt -0.1113586 -0.00888647
vt -0.1113768 -0.008892445
vt -0.1113266 -0.009050091
vt -0.111308 -0.009045227
vt -0.06969809 0.008843448
vt -0.06971599 0.008836486
vt -0.06967756 0.008677407
vt -0.06965909 0.008682657
vt -0.006861126 0.02393357
vt -0.006879335 0.02392745
vt -0.006863224 0.02376655
vt -0.006844483 0.02377076
vt 0.06077611 0.0198851
vt 0.06075724 0.0198816
vt 0.06074615 0.01972185
vt 0.06076527 0.01972376
vt 0.1108663 -0.0005667518
vt 0.1108471 -0.0005665615
vt 0.1108126 -0.0007221454
vt 0.1258322 -0.01289922
vt 0.1258134 -0.01289571
vt 0.125768 -0.01304871
vt 0.1257869 -0.013052
vt 0.1115011 -0.008477218
vt 0.1114829 -0.008471233
vt 0.1114373 -0.008625375
vt 0.1114558 -0.008630236
vt 0.06984527 0.009202008
vt 0.06982736 0.009208969
vt 0.06979264 0.009050181
vt 0.06981112 0.009044926
vt 0.006870462 0.0239013
vt 0.006852253 0.02390742
vt 0.0068389 0.02374348
vt 0.00685764 0.02373927
vt -0.06076391 0.01984945
vt -0.0607828 0.01985295
vt -0.06076903 0.01968748
vt -0.06074992 0.01968557
vt -0.1089399 0.01044058
vt -0.1089591 0.01043967
vt -0.1089719 0.009534176
vt -0.1089527 0.00953423
vt -0.1074763 0.001524335
vt -0.1074571 0.001525099
vt -0.1074934 0.001687141
vt 0.107463 0.001658905
vt 0.1074822 0.001658142
vt 0.1075149 0.001814902
vt -0.1257103 -0.01371868
vt -0.1257291 -0.01372222
vt -0.1255678 -0.01461373
vt -0.125549 -0.01460979
vt -0.1069144 -0.0256195
vt -0.106933 -0.02562453
vt -0.1066507 -0.02648706
vt -0.1066326 -0.02648054
vt -0.06261849 -0.0145503
vt -0.06263697 -0.0145555
vt -0.06230941 -0.01540433
vt -0.06229169 -0.01539696
vt -0.003405198 0.008411525
vt -0.003423957 0.008407392
vt -0.003129939 0.007543813
vt -0.003111845 0.007550274
vt 0.05969533 0.02145858
vt 0.05967622 0.02145663
vt 0.05985811 0.02056076
vt 0.05987693 0.02056458
vt 0.10896 0.01042526
vt 0.1089408 0.01042618
vt 0.108951 0.009511229
vt 0.1089702 0.00951117
vt 0.1257323 -0.0137105
vt 0.1257134 -0.01370696
vt 0.1255481 -0.0146065
vt 0.1255669 -0.01461044
vt 0.1069439 -0.02559265
vt 0.1069253 -0.02558762
vt 0.1066392 -0.02645466
vt 0.1066572 -0.02646118
vt 0.06264405 -0.01453876
vt 0.06262556 -0.01453356
vt 0.06229549 -0.01538239
vt 0.06231323 -0.01538977
vt 0.003424294 0.008404246
vt 0.003405537 0.008408381
vt 0.003110363 0.007549352
vt 0.003128449 0.007542893
vt -0.05967367 0.02146172
vt -0.05969278 0.02146368
vt -0.05987583 0.02057591
vt -0.05985701 0.02057209
vt -0.1085251 -0.06375705
vt -0.1085443 -0.06375747
vt -0.1085608 -0.06376745
vt -0.10857 -0.06378429
vt -0.1085696 -0.06380349
vt -0.1085596 -0.06381992
vt -0.1085428 -0.06382915
vt -0.1085236 -0.06382873
vt -0.1085071 -0.06381875
vt -0.1084979 -0.06380191
vt -0.1084983 -0.06378271
vt -0.1085083 -0.06376629
vt -0.1109702 0.01166557
vt -0.1109955 0.01166531
vt -0.1109928 0.01140554
vt -0.1109676 0.0114058
vt -0.126164 -0.01174738
vt -0.1261888 -0.01175224
vt -0.1261387 -0.01200714
vt -0.1261139 -0.01200228
vt -0.1060925 -0.02153806
vt -0.1061164 -0.02154597
vt -0.106035 -0.02179265
vt -0.106011 -0.02178474
vt -0.06079299 -0.009129955
vt -0.06081659 -0.009138813
vt -0.06072531 -0.00938203
vt -0.06070171 -0.009373172
vt -0.0007028297 0.01322817
vt -0.0007268452 0.01322049
vt -0.0006477074 0.01297306
vt -0.0006236881 0.01298074
vt 0.06266623 0.02421429
vt 0.06264141 0.02420985
vt 0.06268711 0.02395412
vt 0.06271193 0.02395855
vt 0.1109955 0.0116653
vt 0.1109703 0.01166556
vt 0.1109676 0.01140579
vt 0.1109928 0.01140553
vt 0.1261888 -0.01175225
vt 0.126164 -0.01174738
vt 0.1261139 -0.01200228
vt 0.1261387 -0.01200715
vt 0.1061164 -0.02154597
vt 0.1060925 -0.02153806
vt 0.106011 -0.02178474
vt 0.106035 -0.02179265
vt 0.06081662 -0.009138824
vt 0.06079302 -0.009129968
vt 0.06070175 -0.009373183
vt 0.06072534 -0.009382041
vt 0.0007268753 0.01322048
vt 0.0007028559 0.01322817
vt 0.0006237181 0.01298073
vt 0.0006477336 0.01297305
vt -0.06264149 0.02420985
vt -0.0626663 0.02421428
vt -0.062712 0.02395855
vt -0.06268718 0.02395411
vt 0.1091227 -0.06313495
vt 0.1091095 -0.06315644
vt 0.1091088 -0.06318163
vt 0.1091208 -0.06320381
vt 0.1091423 -0.06321701
vt 0.1091675 -0.06321771
vt 0.1091897 -0.06320571
vt 0.1092029 -0.06318423
vt 0.1092036 -0.06315903
vt 0.1091916 -0.06313685
vt 0.1091701 -0.06312365
vt 0.1091449 -0.06312296
vt -0.1091449 -0.06312294
vt -0.1091701 -0.06312365
vt -0.1091916 -0.06313685
vt -0.1092036 -0.06315903
vt -0.1092029 -0.06318422
vt -0.1091897 -0.0632057
vt -0.1091675 -0.06321771
vt -0.1091423 -0.06321701
vt -0.1091208 -0.0632038
vt -0.1091088 -0.06318163
vt -0.1091095 -0.06315643
vt -0.1091227 -0.06313495
vt -0.08519041 -0.01823394
vt -0.0850787 -0.01819379
vt -0.08510472 -0.01812144
vt -0.08521641 -0.01816159
vt -0.03106694 0.001340326
vt -0.03095507 0.001380034
vt -0.03104164 0.001623906
vt -0.0311535 0.001584199
vt 0.03237242 0.02029566
vt 0.03248742 0.02032503
vt 0.0324684 0.02039952
vt 0.03235339 0.02037015
vt 0.09047523 0.01960569
vt 0.09059347 0.01961602
vt 0.09057095 0.01987382
vt 0.09045269 0.01986349
vt 0.1232127 -0.00109952
vt 0.1233308 -0.001111803
vt 0.1233387 -0.001035333
vt 0.1232207 -0.001023052
vt 0.1195221 -0.0199147
vt 0.1196368 -0.01994538
vt 0.1197037 -0.01969539
vt 0.119589 -0.01966471
vt 0.08507871 -0.0181935
vt 0.08519042 -0.01823365
vt 0.08521643 -0.0181613
vt 0.08510472 -0.01812115
vt 0.03095509 0.001380455
vt 0.03106696 0.001340749
vt 0.03115352 0.001584623
vt 0.03104165 0.00162433
vt -0.03248712 0.02032597
vt -0.03237211 0.02029659
vt -0.0323531 0.02037109
vt -0.0324681 0.02040046
vt -0.09059326 0.01961625
vt -0.09047501 0.01960592
vt -0.09045248 0.01986372
vt -0.09057073 0.01987405
vt -0.1233308 -0.001111592
vt -0.1232127 -0.001099309
vt -0.1232207 -0.001022841
vt -0.1233387 -0.001035122
vt -0.1196367 -0.01994554
vt -0.1195221 -0.01991486
vt -0.1195889 -0.01966488
vt -0.1197036 -0.01969556
vt 0.1232128 -0.001099015
vt 0.1233309 -0.001111298
vt 0.1233577 -0.0008539056
vt 0.1232396 -0.0008416244
vt -0.1094847 -0.0620064
vt -0.1095705 -0.06192445
vt -0.1098861 -0.06201295
vt -0.1099141 -0.06212829
vt -0.1098823 -0.06223742
vt -0.1097964 -0.06231938
vt 0.1234919 -0.001128173
vt 0.1237387 -0.00161494
vt 0.1237446 -0.001557919
vt 0.1237505 -0.001500899
vt 0.1237565 -0.00144388
vt 0.1237624 -0.00138686
vt 0.1237861 -0.001158779
vt -0.109883 -0.06223636
vt -0.1099147 -0.06212723
vt -0.1101929 -0.06221206
vt -0.1101595 -0.06232597
vt -0.1234918 -0.001128067
vt -0.1237861 -0.001158673
vt -0.1237623 -0.001386754
vt -0.1237564 -0.001443774
vt -0.1237505 -0.001500792
vt -0.1237445 -0.001557814
vt -0.1237386 -0.001614833
vt -0.03095556 0.001379791
vt -0.03106743 0.001340085
vt -0.03099072 0.001123985
vt -0.03087885 0.001163689
vt 0.08712853 -0.01877439
vt 0.08725535 -0.01931809
vt 0.08727466 -0.01926411
vt 0.08729395 -0.01921013
vt 0.08731325 -0.01915615
vt 0.08733255 -0.01910217
vt 0.08740975 -0.01888624
vt -0.108422 -0.06409143
vt -0.1084862 -0.06439175
vt -0.1083703 -0.06441747
vt -0.08713089 -0.01877522
vt -0.08741211 -0.01888707
vt -0.08733491 -0.01910299
vt -0.0873156 -0.01915698
vt -0.08729631 -0.01921096
vt -0.087277 -0.01926494
vt -0.0872577 -0.01931892
vt 0.09060033 0.01960608
vt 0.09048209 0.01959574
vt 0.09050205 0.0193673
vt 0.0906203 0.01937764
vt -0.03479666 0.0207
vt -0.03462681 0.02017393
vt -0.03461293 0.02022955
vt -0.03459904 0.02028517
vt -0.03458516 0.02034079
vt -0.03457127 0.02039641
vt -0.03451572 0.02061889
vt -0.1135067 -0.0547774
vt -0.1133959 -0.05507222
vt -0.1133085 -0.0549918
vt 0.03479924 0.02070053
vt 0.03451831 0.02061942
vt 0.03457385 0.02039694
vt 0.03458774 0.02034132
vt 0.03460162 0.0202857
vt 0.03461551 0.02023008
vt 0.03462939 0.02017446
vt 0.1196279 -0.01995414
vt 0.1195133 -0.01992346
vt 0.119454 -0.02014497
vt 0.1195686 -0.02017565
vt -0.1230794 -0.001148154
vt -0.1230334 -0.001604466
vt -0.1227365 -0.001584177
vt -0.1227425 -0.001527158
vt -0.1227484 -0.00147014
vt -0.1227544 -0.001413124
vt -0.1227603 -0.001356105
vt -0.1227841 -0.001128032
vt -0.115192 -0.05139161
vt -0.1151636 -0.05150382
vt -0.1148774 -0.05145135
vt -0.1148999 -0.05133478
vt 0.1230511 -0.001081981
vt 0.1227558 -0.001061964
vt 0.122732 -0.001290045
vt 0.1227261 -0.001347063
vt 0.1227202 -0.001404084
vt 0.1227142 -0.001461104
vt 0.1227083 -0.001518124
vt 0.03106356 0.001330576
vt 0.03095169 0.001370283
vt 0.03087499 0.001154178
vt 0.03098685 0.001114474
vt -0.08898762 -0.01921405
vt -0.08854078 -0.01955335
vt -0.08855996 -0.01949932
vt -0.08857913 -0.0194453
vt -0.0885983 -0.01939127
vt -0.08861748 -0.01933724
vt -0.08869417 -0.01912114
vt -0.1106674 -0.06054396
vt -0.1105515 -0.06058344
vt -0.1104589 -0.06028841
vt -0.1105738 -0.06025863
vt 0.08897626 -0.01981845
vt 0.08912826 -0.01938575
vt 0.08875813 -0.01950901
vt 0.08873896 -0.01956304
vt 0.0887198 -0.01961706
vt 0.08870064 -0.01967109
vt 0.08868147 -0.01972513
vt -0.09046135 0.01959411
vt -0.0905796 0.01960444
vt -0.09059956 0.019376
vt -0.09048131 0.01936567
vt 0.03018043 0.01991356
vt 0.0305892 0.01954618
vt 0.03057474 0.01960166
vt 0.03056027 0.01965713
vt 0.03054581 0.0197126
vt 0.03053135 0.01976808
vt 0.0304735 0.01998997
vt -0.1106163 -0.06080149
vt -0.1105301 -0.06070964
vt -0.1107401 -0.06050239
vt -0.1108231 -0.06058734
vt -0.03018267 0.01991414
vt -0.03047574 0.01999054
vt -0.03053359 0.01976865
vt -0.03054805 0.01971318
vt -0.03056252 0.0196577
vt -0.03057698 0.01960223
vt -0.03059144 0.01954676
vt -0.1195162 -0.01991326
vt -0.1196308 -0.01994394
vt -0.1195716 -0.02016546
vt -0.1194569 -0.02013478
vt -0.0309907 0.001123573
vt -0.03097153 0.001069547
vt -0.03085967 0.001109252
vt -0.03087884 0.001163278
vt -0.03095254 0.001016038
vt -0.03093337 0.0009620118
vt -0.03082151 0.001001715
vt -0.03084068 0.001055742
vt -0.03097185 0.001070482
vt -0.03095267 0.001016459
vt -0.03084081 0.001056163
vt -0.03085999 0.001110186
vt -0.0309336 0.0009630097
vt -0.03091442 0.0009089826
vt -0.03080256 0.00094869
vt -0.03082174 0.001002713
vt -0.1195716 -0.02016554
vt -0.1195567 -0.02022093
vt -0.1194421 -0.02019024
vt -0.1194569 -0.02013486
vt -0.1195419 -0.02027624
vt -0.1195271 -0.02033162
vt -0.1194124 -0.02030094
vt -0.1194272 -0.02024556
vt -0.1195568 -0.02022065
vt -0.119542 -0.02027603
vt -0.1194273 -0.02024535
vt -0.1194421 -0.02018997
vt -0.1195272 -0.02033105
vt -0.1195124 -0.02038643
vt -0.1193977 -0.02035575
vt -0.1194125 -0.02030038
vt -0.09059943 0.0193768
vt -0.09060442 0.01931969
vt -0.09048618 0.01930936
vt -0.09048118 0.01936647
vt -0.09060951 0.01926175
vt -0.09061449 0.01920464
vt -0.09049624 0.0191943
vt -0.09049125 0.01925142
vt -0.09060453 0.01931877
vt -0.09060951 0.01926166
vt -0.09049127 0.01925133
vt -0.09048627 0.01930844
vt -0.09061463 0.01920359
vt -0.09061962 0.01914648
vt -0.09050138 0.01913614
vt -0.09049638 0.01919325
vt 0.03087513 0.001154762
vt 0.03085595 0.001100738
vt 0.03096781 0.001061035
vt 0.03098699 0.001115058
vt 0.03083651 0.001046267
vt 0.03081734 0.0009922407
vt 0.0309292 0.0009525333
vt 0.03094838 0.001006559
vt 0.03085545 0.0010994
vt 0.03083627 0.001045377
vt 0.03094814 0.001005669
vt 0.03096731 0.001059697
vt 0.03081679 0.0009908634
vt 0.03079762 0.0009368363
vt 0.03090948 0.0008971302
vt 0.03092866 0.0009511561
vt 0.1194541 -0.02014478
vt 0.1194393 -0.02020016
vt 0.119554 -0.02023084
vt 0.1195688 -0.02017546
vt 0.1194243 -0.02025572
vt 0.1194095 -0.0203111
vt 0.1195242 -0.02034178
vt 0.119539 -0.0202864
vt 0.1194392 -0.0202005
vt 0.1194244 -0.02025588
vt 0.119539 -0.02028656
vt 0.1195538 -0.02023118
vt 0.1194095 -0.02031145
vt 0.1193946 -0.02036683
vt 0.1195093 -0.02039751
vt 0.1195241 -0.02034214
vt 0.09050196 0.0193668
vt 0.09050695 0.01930969
vt 0.0906252 0.01932003
vt 0.0906202 0.01937714
vt 0.09051225 0.01925297
vt 0.09051724 0.01919586
vt 0.09063549 0.01920619
vt 0.0906305 0.0192633
vt 0.09050699 0.01931051
vt 0.09051199 0.0192534
vt 0.09063023 0.01926373
vt 0.09062524 0.01932084
vt 0.09051696 0.01919686
vt 0.09052195 0.01913975
vt 0.0906402 0.01915008
vt 0.09063521 0.01920719
vt 0.09047475 0.01960783
vt 0.09059301 0.01961817
vt 0.09057049 0.01987597
vt 0.09045224 0.01986564
vt 0.03237146 0.02029914
vt 0.03248646 0.02032851
vt 0.03242243 0.02057924
vt 0.03230742 0.02054987
vt -0.03106751 0.00134238
vt -0.03095565 0.001382086
vt -0.03104222 0.001625959
vt -0.03115408 0.001586254
vt -0.08519079 -0.0182326
vt -0.08507909 -0.01819245
vt -0.08516662 -0.01794892
vt -0.08527832 -0.01798907
vt -0.1196367 -0.01994566
vt -0.1195221 -0.01991498
vt -0.1195889 -0.01966499
vt -0.1197036 -0.01969568
vt -0.1233308 -0.001111278
vt -0.1232128 -0.001098995
vt -0.1232396 -0.0008416044
vt -0.1233576 -0.000853885
vt -0.09059317 0.019618
vt -0.09047493 0.01960767
vt -0.0904524 0.01986547
vt -0.09057064 0.0198758
vt -0.03248652 0.02032847
vt -0.03237152 0.0202991
vt -0.03230748 0.02054983
vt -0.03242249 0.02057921
vt 0.03095571 0.001381877
vt 0.03106757 0.001342169
vt 0.03115414 0.001586039
vt 0.03104228 0.001625745
vt 0.08507909 -0.01819258
vt 0.0851908 -0.01823273
vt 0.08527832 -0.0179892
vt 0.08516663 -0.01794906
vt 0.119522 -0.01991503
vt 0.1196367 -0.01994571
vt 0.1197036 -0.01969573
vt 0.1195889 -0.01966504
vt 0.1095602 -0.06232005
vt 0.1096741 -0.06235344
vt 0.1097894 -0.06232539
vt 0.1098753 -0.06224343
vt 0.1099087 -0.06212953
vt 0.1098806 -0.06201418
vt 0.1097987 -0.06192831
vt 0.1096848 -0.06189494
vt 0.1095694 -0.06192298
vt 0.1094836 -0.06200493
vt 0.1094502 -0.06211885
vt 0.1094782 -0.06223418
vt 0.03706787 0.02107702
vt 0.03718638 0.02063387
vt 0.03704958 0.0211517
vt -0.03731502 0.02066416
vt -0.03719652 0.02110731
vt -0.03717824 0.02118199
vt 0.03249042 0.02031729
vt 0.03237541 0.02028793
vt 0.03251728 0.01977146
vt 0.03263228 0.01980083
vt 0.08713023 -0.01877343
vt 0.08741145 -0.01888528
vt 0.08750198 -0.01863221
vt 0.08721735 -0.01852975
vt 0.09048039 0.01961344
vt 0.09059864 0.01962377
vt 0.09057526 0.01989153
vt 0.09045701 0.01988119
vt -0.08741379 -0.01888604
vt -0.08713257 -0.01877419
vt -0.0872197 -0.01853051
vt -0.08750432 -0.01863297
vt 0.1096977 -0.06245081
vt 0.1095823 -0.06247869
vt 0.1096594 -0.06277122
vt 0.1097748 -0.06274334
vt 0.03118871 0.001297656
vt 0.03104301 0.0008663397
vt 0.03121443 0.001370107
vt -0.03105475 0.0008619673
vt -0.03120046 0.001293279
vt -0.03122618 0.001365733
vt 0.1233001 -0.001355224
vt 0.1231821 -0.001342998
vt 0.1231273 -0.001872301
vt 0.1232453 -0.001884527
vt -0.03478278 0.02071068
vt -0.03450184 0.02062956
vt -0.03443672 0.02089032
vt -0.03472009 0.02096175
vt 0.1195124 -0.0199266
vt 0.1196271 -0.01995728
vt 0.1196966 -0.01969765
vt 0.1195819 -0.01966697
vt 0.03450424 0.02063026
vt 0.03478518 0.02071138
vt 0.03472249 0.02096245
vt 0.03443912 0.02089102
vt 0.1098497 -0.06182382
vt 0.1097674 -0.06173831
vt 0.1095527 -0.06193653
vt 0.109635 -0.06202204
vt -0.1216904 -0.01853347
vt -0.1215732 -0.01897723
vt -0.1217091 -0.0184589
vt 0.1216582 -0.01900925
vt 0.1217755 -0.0185655
vt 0.1217942 -0.01849093
vt 0.08540066 -0.01764373
vt 0.08528896 -0.0176036
vt 0.08510336 -0.0181063
vt 0.08521508 -0.01814643
vt -0.1230493 -0.001076897
vt -0.122754 -0.001056886
vt -0.1227818 -0.0007895594
vt -0.1230761 -0.000819505
vt 0.0309568 0.001384121
vt 0.03106867 0.001344413
vt 0.03115861 0.00159769
vt 0.03104674 0.001637398
vt 0.122754 -0.001056848
vt 0.1230493 -0.001076859
vt 0.1230761 -0.0008194665
vt 0.1227818 -0.000789521
vt 0.1098302 -0.06149638
vt 0.1098629 -0.06138228
vt 0.1095786 -0.06130077
vt 0.1095458 -0.06141488
vt 0.1241973 -0.01592252
vt 0.1240985 -0.01637039
vt 0.1242141 -0.0158475
vt -0.1240696 -0.01638216
vt -0.1241683 -0.0159343
vt -0.1241852 -0.01585929
vt -0.03245247 0.01999153
vt -0.03256748 0.02002088
vt -0.03270014 0.01950206
vt -0.03258512 0.01947271
vt -0.08898704 -0.01921276
vt -0.08869359 -0.01911985
vt -0.08878352 -0.01886658
vt -0.08907359 -0.01896888
vt -0.09057797 0.01962131
vt -0.09045973 0.01961097
vt -0.09043633 0.01987873
vt -0.09055458 0.01988906
vt 0.08868831 -0.01911801
vt 0.08898176 -0.01921092
vt 0.08906831 -0.01896704
vt 0.08877825 -0.01886474
vt 0.1096524 -0.06180814
vt 0.1097677 -0.06177995
vt 0.1096807 -0.06148494
vt 0.1095654 -0.06151313
vt -0.03082702 0.00142448
vt -0.03066482 0.0009943361
vt -0.03085274 0.001496934
vt 0.03068835 0.0009849351
vt 0.03085054 0.001415079
vt 0.03087627 0.001487529
vt -0.1232695 -0.000627842
vt -0.1233875 -0.0006401971
vt -0.1233317 -0.001173861
vt -0.1232136 -0.001161505
vt 0.03018045 0.0199134
vt 0.03047352 0.01998981
vt 0.03040823 0.02024022
vt 0.03011516 0.02016381
vt -0.1196309 -0.01994363
vt -0.1195162 -0.01991295
vt -0.1195831 -0.01966296
vt -0.1196978 -0.01969364
vt -0.03047579 0.01999042
vt -0.03018272 0.01991401
vt -0.03011744 0.02016442
vt -0.03041051 0.02024083
vt 0.1097987 -0.06192834
vt 0.1098806 -0.06201421
vt 0.1100955 -0.06180073
vt 0.1100135 -0.06171487
vt 0.08652575 0.02065326
vt 0.08657873 0.02019767
vt 0.08651785 0.02072974
vt -0.08658977 0.02019699
vt -0.0865368 0.02065257
vt -0.08652891 0.02072905
vt -0.08475601 -0.01910245
vt -0.0848677 -0.01914264
vt -0.08468615 -0.01964646
vt -0.08457446 -0.01960627
vt 0.1234919 -0.001128172
vt 0.1237861 -0.001158778
vt 0.1238129 -0.0009013857
vt 0.1235187 -0.0008707801
vt -0.03106769 0.001340789
vt -0.03095583 0.001380495
vt -0.03104239 0.001624368
vt -0.03115425 0.001584666
vt -0.1237861 -0.001158641
vt -0.1234918 -0.001128035
vt -0.1235186 -0.0008706416
vt -0.1238128 -0.0009012489
vt 0.1099086 -0.06212972
vt 0.1098752 -0.06224363
vt 0.1101591 -0.06232681
vt 0.1101924 -0.06221291
vt -0.1240556 -0.001962762
vt -0.1237665 -0.001931485
vt -0.1238109 -0.001474981
vt 0.02922058 0.01894076
vt 0.02934212 0.0184985
vt 0.02963005 0.01857416
vt -0.08413105 -0.02029592
vt -0.08384595 -0.02018175
vt -0.08400593 -0.01975183
vt 0.1242849 -0.002068002
vt 0.1242375 -0.002524272
vt 0.1245264 -0.00255742
vt -0.1178645 -0.04537148
vt -0.1179619 -0.04545445
vt -0.1177781 -0.04567438
vt -0.1063241 -0.06815514
vt -0.1062119 -0.06811626
vt -0.1061326 -0.0680158
vt -0.1072652 -0.06683663
vt -0.1071391 -0.06687319
vt -0.1069461 -0.06673608
vt -0.1026428 -0.07237253
vt -0.1025912 -0.07208018
vt -0.1027192 -0.07205138
vt 0.03644459 0.01947368
vt 0.03671927 0.0195556
vt 0.03661645 0.0199991
vt 0.08844853 -0.01835985
vt 0.08830141 -0.01879068
vt 0.08857603 -0.01890339
vt -0.03200755 0.02174985
vt -0.03212096 0.0213051
vt -0.03184083 0.02122277
vt -0.1099941 -0.0619887
vt -0.1096712 -0.06190104
vt -0.1096428 -0.06178579
vt -0.1101975 -0.06162692
vt -0.1098456 -0.06142509
vt -0.1098838 -0.06131584
vt 0.1224703 -0.0009687069
vt 0.1227606 -0.0009876881
vt 0.1228118 -0.0005315589
vt -0.1088765 -0.0633779
vt -0.10899 -0.06341267
vt -0.109074 -0.06350651
vt -0.03207285 0.02102532
vt -0.03178737 0.02095077
vt -0.0316652 0.02139395
vt -0.09005122 -0.02046661
vt -0.08989096 -0.02089748
vt -0.0896048 -0.02080648
vt -0.1088224 -0.06330696
vt -0.1089393 -0.06327058
vt -0.1091369 -0.063399
vt 0.08898234 -0.01921223
vt 0.0886889 -0.01911932
vt 0.08861219 -0.01933543
vt -0.1095089 -0.06317971
vt -0.1094934 -0.06311465
vt -0.1095031 -0.06311233
vt -0.1095186 -0.06317739
vt 0.08477695 -0.02109978
vt 0.08486581 -0.02085648
vt 0.08480299 -0.02083354
vt 0.08471414 -0.02107684
vt -0.1095087 -0.06317996
vt -0.1094437 -0.06319548
vt -0.1094282 -0.06313044
vt -0.1094932 -0.0631149
vt 0.1095087 -0.06317998
vt 0.1094932 -0.06311492
vt 0.1094281 -0.06313044
vt 0.1094437 -0.0631955
vt 0.09070404 0.0172014
vt 0.09066909 0.01737238
vt 0.09066399 0.01754597
vt 0.09064384 0.01789227
vt 0.09057721 0.01788647
vt 0.09060369 0.01758264
vt 0.09061493 0.01745363
vt 0.09063742 0.01719559
vt -0.09070408 0.01720141
vt -0.09063745 0.0171956
vt -0.09061497 0.01745364
vt -0.09060372 0.01758265
vt -0.09057725 0.01788648
vt -0.09064388 0.01789228
vt -0.09066402 0.01754598
vt -0.09066913 0.01737239
vt 0.08486581 -0.02085648
vt 0.08491024 -0.02073484
vt 0.08484741 -0.02071189
vt 0.08480299 -0.02083354
vt 0.09060369 0.01758265
vt 0.09057721 0.01788647
vt 0.09045 0.01787539
vt 0.09047648 0.01757156
vt 0.09054008 0.01757711
vt 0.1094436 -0.06319556
vt 0.1094281 -0.0631305
vt 0.1093039 -0.06316014
vt 0.1093194 -0.06322519
vt -0.0905772 0.01788652
vt -0.09060368 0.0175827
vt -0.09054008 0.01757716
vt -0.09047648 0.01757162
vt -0.09045 0.01787544
vt -0.1094282 -0.06313042
vt -0.1094437 -0.06319548
vt -0.1093816 -0.0632103
vt -0.1093661 -0.06314525
vt 0.0849103 -0.02073485
vt 0.08501493 -0.02044838
vt 0.0849521 -0.02042544
vt 0.08484749 -0.02071191
vt 0.09054018 0.01757712
vt 0.09047658 0.01757158
vt 0.09054205 0.01682029
vt 0.09060565 0.01682584
vt 0.09057818 0.01714101
vt 0.09056552 0.01728638
vt 0.08491031 -0.02073486
vt 0.08484749 -0.02071191
vt 0.0845888 -0.02142029
vt 0.08465161 -0.02144323
vt -0.09047651 0.01757158
vt -0.09054012 0.01757712
vt -0.09056545 0.01728638
vt -0.09057812 0.017141
vt -0.09060557 0.01682583
vt -0.09054197 0.01682029
vt -0.08484744 -0.0207119
vt -0.08491025 -0.02073484
vt -0.08481014 -0.02100898
vt -0.08474731 -0.02098603
vt -0.1093816 -0.06321032
vt -0.1093195 -0.06322513
vt -0.109304 -0.06316008
vt -0.109366 -0.06314526
vt -0.08481014 -0.02100898
vt -0.08476008 -0.02114605
vt -0.08469726 -0.0211231
vt -0.08474731 -0.02098603
vt 0.09057815 0.01714102
vt 0.09060562 0.01682584
vt 0.09073766 0.01683735
vt 0.0907102 0.01715252
vt -0.1093816 -0.06321032
vt -0.109366 -0.06314526
vt -0.109495 -0.06311449
vt -0.1095105 -0.06317954
vt -0.09060557 0.01682582
vt -0.09057811 0.017141
vt -0.09071016 0.0171525
vt -0.09073762 0.01683733
vt 0.1093661 -0.06314525
vt 0.1093816 -0.06321031
vt 0.1095105 -0.06317954
vt 0.109495 -0.06311449
vt -0.08476007 -0.02114604
vt -0.08465154 -0.02144321
vt -0.08458872 -0.02142027
vt -0.08469725 -0.0211231
vt -0.08575151 -0.01821219
vt -0.08587029 -0.01788626
vt -0.08593313 -0.01790917
vt -0.08581435 -0.01823509
vt -0.08659795 -0.01587216
vt -0.08665735 -0.01570897
vt -0.08672021 -0.01573185
vt -0.0866608 -0.01589504
vt -0.0907042 0.01720137
vt -0.09066924 0.01737236
vt -0.0906991 0.01737496
vt -0.09071416 0.01720224
vt 0.1094737 -0.06311964
vt 0.1094892 -0.0631847
vt 0.1095184 -0.06317775
vt 0.1095029 -0.06311268
vt 0.09066917 0.01737236
vt 0.09070412 0.01720138
vt 0.09071408 0.01720225
vt 0.09069902 0.01737497
vt -0.08477695 -0.02109978
vt -0.08471413 -0.02107683
vt -0.08477361 -0.02091398
vt -0.08483644 -0.02093693
vt -0.1109057 0.008208974
vt -0.1109309 0.008208714
vt -0.1109282 0.007948946
vt -0.110903 0.007949206
vt -0.1254815 -0.01513644
vt -0.1255062 -0.01514131
vt -0.1254561 -0.01539621
vt -0.1254314 -0.01539135
vt -0.1050097 -0.0248212
vt -0.1050336 -0.0248291
vt -0.1049522 -0.02507579
vt -0.1049282 -0.02506788
vt -0.05959518 -0.01237294
vt -0.05961877 -0.0123818
vt -0.05952749 -0.01262501
vt -0.05950389 -0.01261616
vt 0.0003217481 0.009926272
vt 0.0002977326 0.009918592
vt 0.0003768703 0.009671157
vt 0.0004008897 0.00967884
vt 0.06324092 0.02080514
vt 0.0632161 0.0208007
vt 0.06326179 0.02054497
vt 0.06328661 0.02054941
vt 0.1109309 0.0082087
vt 0.1109057 0.008208959
vt 0.110903 0.007949191
vt 0.1109282 0.007948931
vt 0.1255062 -0.01514131
vt 0.1254815 -0.01513645
vt 0.1254314 -0.01539135
vt 0.1254561 -0.01539622
vt 0.1050336 -0.0248291
vt 0.1050097 -0.0248212
vt 0.1049282 -0.02506788
vt 0.1049522 -0.02507578
vt 0.05961881 -0.01238181
vt 0.0595952 -0.01237295
vt 0.05950392 -0.01261617
vt 0.05952753 -0.01262503
vt -0.0002977027 0.009918584
vt -0.0003217221 0.009926267
vt -0.0004008598 0.009678831
vt -0.0003768443 0.009671152
vt -0.06321616 0.0208007
vt -0.06324099 0.02080513
vt -0.06328668 0.0205494
vt -0.06326186 0.02054497
vt 0.1090935 -0.06315222
vt 0.1090802 -0.06317371
vt 0.1090796 -0.06319891
vt 0.1090916 -0.06322108
vt 0.109113 -0.06323428
vt 0.1091382 -0.06323499
vt 0.1091604 -0.06322299
vt 0.1091736 -0.0632015
vt 0.1091743 -0.0631763
vt 0.1091623 -0.06315412
vt 0.1091408 -0.06314092
vt 0.1091156 -0.06314023
vt -0.1091156 -0.06314022
vt -0.1091408 -0.06314092
vt -0.1091623 -0.06315412
vt -0.1091743 -0.0631763
vt -0.1091736 -0.0632015
vt -0.1091604 -0.06322298
vt -0.1091382 -0.06323498
vt -0.109113 -0.06323428
vt -0.1090916 -0.06322108
vt -0.1090796 -0.0631989
vt -0.1090803 -0.0631737
vt -0.1090935 -0.06315222
vt -0.1109229 0.007599231
vt -0.1111996 0.007596367
vt -0.1111959 0.007236689
vt -0.1109192 0.007239552
vt -0.1251175 -0.01568602
vt -0.125389 -0.01573941
vt -0.1253196 -0.01609235
vt -0.1250481 -0.01603896
vt -0.1043512 -0.0252456
vt -0.1046139 -0.02533237
vt -0.1045012 -0.02567393
vt -0.1042384 -0.02558717
vt -0.0587864 -0.01272039
vt -0.05904546 -0.01281762
vt -0.05891906 -0.01315437
vt -0.05866001 -0.01305715
vt 0.001118465 0.009541189
vt 0.0008549178 0.009456895
vt 0.0009644957 0.009114293
vt 0.001228049 0.009198592
vt 0.06384988 0.02029476
vt 0.06357749 0.02024608
vt 0.06364076 0.01989199
vt 0.06391315 0.01994067
vt 0.1111996 0.007596374
vt 0.1109229 0.007599238
vt 0.1109192 0.007239562
vt 0.1111959 0.007236698
vt 0.125389 -0.01573941
vt 0.1251175 -0.01568603
vt 0.1250481 -0.01603897
vt 0.1253196 -0.01609235
vt 0.104614 -0.02533237
vt 0.1043512 -0.0252456
vt 0.1042384 -0.02558716
vt 0.1045012 -0.02567392
vt 0.05904546 -0.01281763
vt 0.0587864 -0.0127204
vt 0.05866001 -0.01305716
vt 0.05891908 -0.01315439
vt -0.0008549101 0.00945689
vt -0.001118461 0.009541187
vt -0.001228041 0.009198588
vt -0.0009644918 0.009114292
vt -0.06357745 0.02024611
vt -0.06384984 0.02029478
vt -0.06391311 0.01994069
vt -0.06364072 0.01989202
vt 0.1089228 -0.0622943
vt 0.1087779 -0.06253003
vt 0.1087702 -0.06280662
vt 0.1089019 -0.06304998
vt 0.1091377 -0.06319489
vt 0.1094142 -0.06320252
vt 0.1096576 -0.06307082
vt 0.1098025 -0.06283509
vt 0.1098101 -0.06255849
vt 0.1096784 -0.06231514
vt 0.1094427 -0.06217023
vt 0.1091661 -0.0621626
vt -0.1091661 -0.0621626
vt -0.1094427 -0.06217023
vt -0.1096785 -0.06231514
vt -0.1098102 -0.06255849
vt -0.1098025 -0.06283508
vt -0.1096576 -0.06307082
vt -0.1094143 -0.06320252
vt -0.1091377 -0.06319488
vt -0.1089019 -0.06304998
vt -0.1087702 -0.06280662
vt -0.1087779 -0.06253003
vt -0.1089228 -0.06229429
vt -0.1109053 0.007759301
vt -0.1109295 0.007759049
vt -0.110927 0.007509272
vt -0.1109027 0.007509522
vt -0.125397 -0.01557805
vt -0.1254207 -0.01558273
vt -0.1253726 -0.01582783
vt -0.1253488 -0.01582315
vt -0.1048686 -0.02524809
vt -0.1048916 -0.02525569
vt -0.1048133 -0.02549288
vt -0.1047902 -0.02548528
vt -0.05943482 -0.012793
vt -0.05945752 -0.01280152
vt -0.05936975 -0.01303538
vt -0.05934705 -0.01302687
vt 0.0004624722 0.009499222
vt 0.0004393841 0.009491838
vt 0.0005154827 0.009253921
vt 0.0005385708 0.009261305
vt 0.06332409 0.02036327
vt 0.06330022 0.02035901
vt 0.06334416 0.02011311
vt 0.06336803 0.02011737
vt 0.1109295 0.00775905
vt 0.1109053 0.0077593
vt 0.1109027 0.007509523
vt 0.110927 0.007509271
vt 0.1254207 -0.01558273
vt 0.125397 -0.01557805
vt 0.1253488 -0.01582315
vt 0.1253726 -0.01582783
vt 0.1048916 -0.02525569
vt 0.1048686 -0.02524809
vt 0.1047902 -0.02548528
vt 0.1048133 -0.02549289
vt 0.05945758 -0.01280155
vt 0.05943487 -0.01279303
vt 0.0593471 -0.01302689
vt 0.05936981 -0.01303541
vt -0.0004393606 0.009491833
vt -0.0004624487 0.009499216
vt -0.0005385473 0.0092613
vt -0.0005154592 0.009253915
vt -0.06330029 0.020359
vt -0.06332416 0.02036327
vt -0.0633681 0.02011737
vt -0.06334423 0.02011311
vt 0.1090986 -0.06315075
vt 0.1090859 -0.0631714
vt 0.1090852 -0.06319564
vt 0.1090967 -0.06321697
vt 0.1091174 -0.06322966
vt 0.1091416 -0.06323032
vt 0.1091629 -0.06321879
vt 0.1091756 -0.06319813
vt 0.1091763 -0.0631739
vt 0.1091648 -0.06315257
vt 0.1091441 -0.06313989
vt 0.1091199 -0.06313922
vt -0.1091199 -0.06313921
vt -0.1091441 -0.06313988
vt -0.1091648 -0.06315257
vt -0.1091763 -0.06317389
vt -0.1091756 -0.06319813
vt -0.1091629 -0.06321878
vt -0.1091416 -0.06323032
vt -0.1091174 -0.06322964
vt -0.1090967 -0.06321696
vt -0.1090852 -0.06319563
vt -0.1090859 -0.06317139
vt -0.1090986 -0.06315075
vt 0.0401758 -0.1155147
vt 0.04019913 -0.1155259
vt 0.04020344 -0.1155169
vt 0.04018011 -0.1155057
vt -0.04708727 -0.09320383
vt -0.04707453 -0.09322634
vt -0.04706583 -0.09322142
vt -0.04707857 -0.09319892
vt -0.07587142 -0.04466252
vt -0.07586207 -0.04468663
vt -0.07585275 -0.04468302
vt -0.07586209 -0.04465891
vt -0.0930135 0.001070012
vt -0.09300453 0.001045754
vt -0.09299515 0.001049218
vt -0.09300411 0.001073478
vt -0.1092977 0.02760385
vt -0.1092866 0.02758049
vt -0.1092775 0.02758478
vt -0.1092886 0.02760814
vt -0.1259434 -0.0009026
vt -0.1259246 -0.0009203061
vt -0.1259177 -0.0009130188
vt -0.1259366 -0.0008953201
vt -0.04019842 -0.1155263
vt -0.04017509 -0.1155151
vt -0.0401794 -0.1155061
vt -0.04020273 -0.1155172
vt 0.04707461 -0.09322637
vt 0.04708735 -0.09320386
vt 0.04707865 -0.09319894
vt 0.04706591 -0.09322145
vt 0.07586176 -0.04468661
vt 0.0758711 -0.04466249
vt 0.07586177 -0.04465888
vt 0.07585244 -0.044683
vt 0.09300437 0.001045848
vt 0.09301333 0.001070103
vt 0.09300396 0.001073569
vt 0.092995 0.001049313
vt 0.1092867 0.0275803
vt 0.1092978 0.02760367
vt 0.1092888 0.02760795
vt 0.1092777 0.02758459
vt 0.1259246 -0.000921182
vt 0.1259435 -0.0009034834
vt 0.1259366 -0.0008961961
vt 0.1259178 -0.0009139067
vt 0.09053298 0.01778022
vt 0.09051635 0.01776041
vt 0.09051185 0.01773495
vt 0.09052069 0.01771064
vt 0.0905405 0.01769402
vt 0.09056596 0.01768952
vt 0.09059026 0.01769835
vt 0.09060689 0.01771816
vt 0.09061139 0.01774362
vt 0.09060256 0.01776792
vt 0.09058275 0.01778456
vt 0.09055728 0.01778905
vt -0.09055726 0.01778906
vt -0.09058274 0.01778456
vt -0.09060253 0.01776793
vt -0.09061138 0.01774363
vt -0.09060688 0.01771816
vt -0.09059025 0.01769836
vt -0.09056594 0.01768952
vt -0.09054048 0.01769402
vt -0.09052067 0.01771065
vt -0.09051184 0.01773495
vt -0.09051633 0.01776042
vt -0.09053297 0.01778022
vt -0.1112812 0.006965851
vt -0.111307 0.006965584
vt -0.1113069 0.006955592
vt -0.1112811 0.00695586
vt -0.1254103 -0.01638512
vt -0.1254356 -0.01639011
vt -0.1254337 -0.01639991
vt -0.1254083 -0.01639492
vt -0.1045338 -0.02596875
vt -0.1045584 -0.02597686
vt -0.1045552 -0.02598635
vt -0.1045307 -0.02597824
vt -0.05885006 -0.01341663
vt -0.05887427 -0.01342572
vt -0.05887076 -0.01343507
vt -0.05884656 -0.01342599
vt 0.001157035 0.00889278
vt 0.001132404 0.008884902
vt 0.001135444 0.008875383
vt 0.001160081 0.008883264
vt 0.06395295 0.01967405
vt 0.06392749 0.0196695
vt 0.06392925 0.01965967
vt 0.06395471 0.01966422
vt 0.111307 0.006965897
vt 0.1112812 0.006966163
vt 0.1112811 0.006956174
vt 0.1113069 0.006955905
vt 0.1254356 -0.01639015
vt 0.1254103 -0.01638516
vt 0.1254083 -0.01639497
vt 0.1254337 -0.01639996
vt 0.1045584 -0.02597691
vt 0.1045338 -0.0259688
vt 0.1045307 -0.02597829
vt 0.1045552 -0.0259864
vt 0.05887426 -0.01342574
vt 0.05885005 -0.01341666
vt 0.05884654 -0.01342601
vt 0.05887075 -0.0134351
vt -0.001132525 0.008884664
vt -0.001157156 0.008892542
vt -0.001160199 0.008883027
vt -0.001135568 0.008875148
vt -0.06392757 0.01966898
vt -0.06395303 0.01967353
vt -0.06395479 0.01966369
vt -0.06392933 0.01965914
vt 0.1094902 -0.06283175
vt 0.1094766 -0.06285378
vt 0.1094759 -0.06287964
vt 0.1094882 -0.06290238
vt 0.1095102 -0.06291592
vt 0.1095361 -0.06291664
vt 0.1095588 -0.06290433
vt 0.1095724 -0.0628823
vt 0.1095731 -0.06285645
vt 0.1095608 -0.0628337
vt 0.1095387 -0.06282016
vt 0.1095129 -0.06281944
vt -0.1095129 -0.06281947
vt -0.1095387 -0.06282018
vt -0.1095608 -0.06283372
vt -0.1095731 -0.06285647
vt -0.1095724 -0.0628823
vt -0.1095588 -0.06290434
vt -0.1095361 -0.06291664
vt -0.1095102 -0.06291594
vt -0.1094882 -0.06290238
vt -0.1094759 -0.06287965
vt -0.1094766 -0.0628538
vt -0.1094901 -0.06283177
vt -0.1107752 0.006971086
vt -0.110801 0.006970818
vt -0.1108009 0.006960827
vt -0.1107751 0.006961095
vt -0.124925 -0.01628971
vt -0.1249504 -0.0162947
vt -0.1249484 -0.0163045
vt -0.1249231 -0.01629952
vt -0.1042009 -0.02585883
vt -0.1042255 -0.02586694
vt -0.1042224 -0.02587643
vt -0.1041978 -0.02586832
vt -0.05874458 -0.01337705
vt -0.05876879 -0.01338613
vt -0.05876527 -0.01339548
vt -0.05874107 -0.0133864
vt 0.001008988 0.008845424
vt 0.0009843566 0.008837545
vt 0.0009873966 0.008828026
vt 0.001012033 0.008835907
vt 0.06357702 0.01960688
vt 0.06355156 0.01960232
vt 0.06355332 0.01959249
vt 0.06357877 0.01959703
vt 0.110801 0.006971131
vt 0.1107752 0.006971397
vt 0.1107751 0.006961408
vt 0.1108009 0.00696114
vt 0.1249504 -0.01629474
vt 0.124925 -0.01628975
vt 0.1249231 -0.01629956
vt 0.1249484 -0.01630455
vt 0.1042255 -0.02586699
vt 0.1042009 -0.02585888
vt 0.1041978 -0.02586837
vt 0.1042223 -0.02587647
vt 0.05876878 -0.01338616
vt 0.05874457 -0.01337707
vt 0.05874106 -0.01338643
vt 0.05876527 -0.01339551
vt -0.0009844772 0.008837308
vt -0.001009108 0.008845186
vt -0.001012151 0.008835671
vt -0.0009875202 0.008827792
vt -0.06355163 0.0196018
vt -0.06357709 0.01960635
vt -0.06357884 0.01959651
vt -0.06355339 0.01959197
vt 0.1089874 -0.06270518
vt 0.1089739 -0.06272721
vt 0.1089732 -0.06275307
vt 0.1089855 -0.06277581
vt 0.1090075 -0.06278935
vt 0.1090334 -0.06279007
vt 0.1090561 -0.06277775
vt 0.1090697 -0.06275572
vt 0.1090704 -0.06272987
vt 0.1090581 -0.06270713
vt 0.109036 -0.06269358
vt 0.1090102 -0.06269287
vt -0.1090102 -0.06269289
vt -0.109036 -0.06269361
vt -0.109058 -0.06270714
vt -0.1090704 -0.06272989
vt -0.1090696 -0.06275573
vt -0.1090561 -0.06277777
vt -0.1090334 -0.06279007
vt -0.1090075 -0.06278937
vt -0.1089855 -0.06277581
vt -0.1089732 -0.06275307
vt -0.1089739 -0.06272723
vt -0.1089874 -0.0627052
vt -0.110982 0.006968944
vt -0.1110079 0.006968676
vt -0.1110078 0.006958685
vt -0.1109819 0.006958953
vt -0.1251954 -0.01634287
vt -0.1252207 -0.01634786
vt -0.1252188 -0.01635766
vt -0.1251934 -0.01635267
vt -0.1044577 -0.02594362
vt -0.1044822 -0.02595173
vt -0.1044791 -0.02596121
vt -0.1044546 -0.02595311
vt -0.0589251 -0.0134448
vt -0.05894931 -0.01345388
vt -0.05894579 -0.01346324
vt -0.05892159 -0.01345415
vt 0.0009484438 0.008826057
vt 0.0009238129 0.008818179
vt 0.0009268528 0.008808659
vt 0.0009514896 0.008816542
vt 0.06365845 0.01962142
vt 0.06363298 0.01961687
vt 0.06363475 0.01960704
vt 0.0636602 0.01961159
vt 0.1110078 0.00696899
vt 0.110982 0.006969256
vt 0.1109819 0.006959266
vt 0.1110078 0.006958999
vt 0.1252207 -0.0163479
vt 0.1251954 -0.01634291
vt 0.1251934 -0.01635271
vt 0.1252188 -0.0163577
vt 0.1044822 -0.02595178
vt 0.1044577 -0.02594367
vt 0.1044545 -0.02595316
vt 0.1044791 -0.02596126
vt 0.0589493 -0.01345391
vt 0.05892508 -0.01344482
vt 0.05892158 -0.01345418
vt 0.05894579 -0.01346326
vt -0.0009239336 0.008817942
vt -0.0009485646 0.00882582
vt -0.0009516076 0.008816305
vt -0.0009269767 0.008808427
vt -0.06363306 0.01961635
vt -0.06365852 0.0196209
vt -0.06366027 0.01961106
vt -0.06363482 0.01960652
vt 0.1091889 -0.06290363
vt 0.1091753 -0.06292565
vt 0.1091746 -0.06295151
vt 0.1091869 -0.06297425
vt 0.109209 -0.06298779
vt 0.1092348 -0.0629885
vt 0.1092576 -0.0629762
vt 0.1092711 -0.06295417
vt 0.1092718 -0.06292831
vt 0.1092595 -0.06290556
vt 0.1092375 -0.06289203
vt 0.1092116 -0.06289131
vt -0.1092116 -0.06289133
vt -0.1092375 -0.06289205
vt -0.1092595 -0.06290559
vt -0.1092718 -0.06292833
vt -0.1092711 -0.06295417
vt -0.1092575 -0.06297622
vt -0.1092348 -0.06298851
vt -0.109209 -0.06298781
vt -0.1091869 -0.06297426
vt -0.1091746 -0.06295152
vt -0.1091753 -0.06292567
vt -0.1091889 -0.06290364
vt -0.1111474 0.006967245
vt -0.1111732 0.006966977
vt -0.1111731 0.006956986
vt -0.1111473 0.006957254
vt -0.1250706 -0.01631832
vt -0.1250959 -0.01632331
vt -0.125094 -0.01633311
vt -0.1250686 -0.01632813
vt -0.1040915 -0.02582268
vt -0.104116 -0.02583079
vt -0.1041129 -0.02584028
vt -0.1040883 -0.02583217
vt -0.05841877 -0.01325476
vt -0.05844299 -0.01326384
vt -0.05843947 -0.01327319
vt -0.05841526 -0.01326411
vt 0.001473306 0.008993948
vt 0.001448674 0.008986069
vt 0.001451714 0.00897655
vt 0.001476351 0.008984431
vt 0.06406564 0.0196942
vt 0.06404018 0.01968965
vt 0.06404194 0.01967981
vt 0.06406739 0.01968436
vt 0.1111732 0.006967288
vt 0.1111474 0.006967554
vt 0.1111473 0.006957565
vt 0.1111731 0.006957296
vt 0.1250959 -0.01632336
vt 0.1250706 -0.01631837
vt 0.1250686 -0.01632817
vt 0.125094 -0.01633316
vt 0.104116 -0.02583084
vt 0.1040915 -0.02582273
vt 0.1040883 -0.02583222
vt 0.1041129 -0.02584032
vt 0.05844297 -0.01326387
vt 0.05841876 -0.01325478
vt 0.05841525 -0.01326413
vt 0.05843946 -0.01327322
vt -0.001448795 0.008985831
vt -0.001473426 0.008993709
vt -0.001476469 0.008984195
vt -0.001451838 0.008976316
vt -0.06404025 0.01968912
vt -0.06406571 0.01969367
vt -0.06406747 0.01968384
vt -0.06404202 0.01967929
vt 0.1093691 -0.06236757
vt 0.1093556 -0.0623896
vt 0.1093549 -0.06241545
vt 0.1093672 -0.0624382
vt 0.1093892 -0.06245174
vt 0.109415 -0.06245245
vt 0.1094378 -0.06244015
vt 0.1094513 -0.06241811
vt 0.109452 -0.06239226
vt 0.1094397 -0.06236952
vt 0.1094177 -0.06235598
vt 0.1093919 -0.06235526
vt -0.1093919 -0.06235528
vt -0.1094177 -0.062356
vt -0.1094397 -0.06236954
vt -0.109452 -0.06239228
vt -0.1094513 -0.06241812
vt -0.1094378 -0.06244016
vt -0.109415 -0.06245246
vt -0.1093892 -0.06245176
vt -0.1093672 -0.0624382
vt -0.1093549 -0.06241547
vt -0.1093556 -0.06238962
vt -0.1093691 -0.06236759
vt -0.1108772 0.006970028
vt -0.110903 0.00696976
vt -0.1109029 0.006959769
vt -0.1108771 0.006960037
vt -0.1248765 -0.01628017
vt -0.1249018 -0.01628516
vt -0.1248999 -0.01629497
vt -0.1248745 -0.01628998
vt -0.1040227 -0.02579999
vt -0.1040473 -0.0258081
vt -0.1040441 -0.02581759
vt -0.1040196 -0.02580948
vt -0.05848655 -0.01328021
vt -0.05851076 -0.01328929
vt -0.05850725 -0.01329865
vt -0.05848304 -0.01328956
vt 0.001284902 0.008933673
vt 0.001260271 0.008925794
vt 0.001263311 0.008916275
vt 0.001287948 0.008924155
vt 0.06379963 0.01964665
vt 0.06377418 0.0196421
vt 0.06377594 0.01963226
vt 0.06380139 0.01963681
vt 0.110903 0.006970071
vt 0.1108772 0.006970338
vt 0.1108771 0.006960348
vt 0.1109029 0.00696008
vt 0.1249018 -0.01628521
vt 0.1248765 -0.01628022
vt 0.1248745 -0.01629002
vt 0.1248999 -0.01629501
vt 0.1040473 -0.02580815
vt 0.1040227 -0.02580004
vt 0.1040196 -0.02580953
vt 0.1040441 -0.02581763
vt 0.05851075 -0.01328932
vt 0.05848653 -0.01328023
vt 0.05848303 -0.01328959
vt 0.05850724 -0.01329867
vt -0.001260392 0.008925556
vt -0.001285023 0.008933434
vt -0.001288066 0.00892392
vt -0.001263435 0.008916041
vt -0.06377425 0.01964158
vt -0.06379971 0.01964613
vt -0.06380146 0.01963629
vt -0.06377601 0.01963174
vt 0.109097 -0.06243249
vt 0.1090835 -0.06245452
vt 0.1090827 -0.06248037
vt 0.1090951 -0.06250312
vt 0.1091171 -0.06251666
vt 0.1091429 -0.06251738
vt 0.1091657 -0.06250507
vt 0.1091792 -0.06248304
vt 0.1091799 -0.06245719
vt 0.1091676 -0.06243444
vt 0.1091456 -0.0624209
vt 0.1091198 -0.06242018
vt -0.1091197 -0.0624202
vt -0.1091456 -0.06242092
vt -0.1091676 -0.06243446
vt -0.1091799 -0.0624572
vt -0.1091792 -0.06248304
vt -0.1091657 -0.06250508
vt -0.1091429 -0.06251739
vt -0.1091171 -0.06251667
vt -0.1090951 -0.06250313
vt -0.1090827 -0.06248039
vt -0.1090835 -0.06245454
vt -0.109097 -0.06243251
vt -0.08452733 -0.02179141
vt -0.08451534 -0.02178703
vt -0.08459418 -0.02157117
vt -0.08460616 -0.02157555
vt 0.08452733 -0.02179141
vt 0.08460616 -0.02157554
vt 0.08459417 -0.02157116
vt 0.08451534 -0.02178703
vt -0.1095076 -0.06318267
vt -0.1092841 -0.06323601
vt -0.1092811 -0.06322359
vt -0.1095046 -0.06317026
vt 0.109507 -0.06318355
vt 0.109504 -0.06317113
vt 0.1092805 -0.06322447
vt 0.1092834 -0.06323688
vt 0.09076576 0.01646866
vt 0.09074581 0.0166976
vt 0.09051687 0.01667765
vt 0.09053682 0.01644871
vt -0.09076575 0.01646865
vt -0.09053681 0.0164487
vt -0.09051686 0.01667764
vt -0.0907458 0.01669759
vt -0.06128215 -0.008493065
vt -0.06124361 -0.008477899
vt -0.06130569 -0.008320168
vt -0.06134422 -0.008335331
vt 0.06128207 -0.008493034
vt 0.06134415 -0.0083353
vt 0.06130561 -0.008320133
vt 0.06124353 -0.008477868
vt -0.1086656 -0.06398454
vt -0.1086165 -0.06398282
vt -0.108618 -0.06394143
vt -0.1086671 -0.06394316
vt 0.108665 -0.0639854
vt 0.1086665 -0.06394402
vt 0.1086174 -0.0639423
vt 0.108616 -0.06398369
vt 0.1110322 0.01300723
vt 0.1110345 0.01317672
vt 0.1109854 0.0131774
vt 0.1109831 0.01300791
vt -0.1110321 0.01300728
vt -0.110983 0.01300796
vt -0.1109854 0.01317745
vt -0.1110345 0.01317677
vt -0.1054995 -0.02201825
vt -0.1054604 -0.02200529
vt -0.1054884 -0.02192079
vt -0.1055275 -0.02193375
vt 0.1054994 -0.02201825
vt 0.1055274 -0.02193375
vt 0.1054883 -0.02192079
vt 0.1054603 -0.02200529
vt -0.1113439 -0.05996581
vt -0.1112778 -0.06000326
vt -0.1112575 -0.05996741
vt -0.1113236 -0.05992997
vt 0.1113436 -0.05996637
vt 0.1113233 -0.05993052
vt 0.1112572 -0.05996797
vt 0.1112775 -0.06000381
vt 0.06387776 0.0244799
vt 0.06386133 0.02456739
vt 0.0637867 0.02455338
vt 0.06380313 0.02446589
vt -0.06387793 0.02447989
vt -0.06380329 0.02446588
vt -0.06378686 0.02455337
vt -0.0638615 0.02456738
vt -0.0612839 -0.008493761
vt -0.06124536 -0.008478595
vt -0.06130744 -0.008320862
vt -0.06134598 -0.008336025
vt 0.06128388 -0.008493744
vt 0.06134596 -0.008336009
vt 0.06130742 -0.008320843
vt 0.06124534 -0.008478576
vt -0.1085986 -0.0639841
vt -0.1085495 -0.06398238
vt -0.108551 -0.06394099
vt -0.1086001 -0.06394272
vt 0.1085981 -0.06398496
vt 0.1085995 -0.06394358
vt 0.1085504 -0.06394185
vt 0.108549 -0.06398325
vt 0.1109653 0.01300814
vt 0.1109676 0.01317764
vt 0.1109185 0.01317831
vt 0.1109161 0.01300882
vt -0.1109652 0.01300821
vt -0.1109161 0.01300889
vt -0.1109184 0.01317838
vt -0.1109675 0.0131777
vt -0.0006422584 0.01183032
vt -0.0005663281 0.01185527
vt -0.0006099804 0.01198813
vt -0.000685922 0.01196318
vt 0.0006422579 0.01183031
vt 0.0006859148 0.01196317
vt 0.0006099798 0.01198812
vt 0.0005663209 0.01185526
vt -0.1116237 -0.05887979
vt -0.1115539 -0.05884079
vt -0.1115929 -0.05877101
vt -0.1116627 -0.05881003
vt 0.1116238 -0.05887964
vt 0.1116628 -0.05880987
vt 0.111593 -0.05877087
vt 0.111554 -0.05884062
vt 0.1261535 -0.01154732
vt 0.1261787 -0.01140977
vt 0.1261001 -0.01139533
vt 0.1260749 -0.01153287
vt -0.1261535 -0.01154733
vt -0.1260748 -0.01153288
vt -0.1261001 -0.01139534
vt -0.1261787 -0.01140978
vt -0.1055301 -0.02191681
vt -0.105491 -0.02190386
vt -0.1055155 -0.0218299
vt -0.1055546 -0.02184286
vt 0.1055301 -0.02191682
vt 0.1055546 -0.02184286
vt 0.1055154 -0.0218299
vt 0.1054909 -0.02190386
vt -0.1113428 -0.05996314
vt -0.1112767 -0.06000059
vt -0.1112564 -0.05996474
vt -0.1113225 -0.0599273
vt 0.1113425 -0.0599637
vt 0.1113222 -0.05992785
vt 0.1112561 -0.05996529
vt 0.1112764 -0.06000114
vt 0.06385852 0.02458402
vt 0.06384414 0.02466059
vt 0.0637695 0.02464658
vt 0.06378388 0.02457001
vt -0.06385869 0.02458404
vt -0.06378406 0.02457002
vt -0.06376968 0.0246466
vt -0.06384431 0.02466061
vt -0.1054826 -0.02205333
vt -0.1054435 -0.02204038
vt -0.1054505 -0.02201915
vt -0.1054896 -0.02203211
vt 0.1054825 -0.02205335
vt 0.1054896 -0.02203212
vt 0.1054504 -0.02201917
vt 0.1054434 -0.02204039
vt -0.1113738 -0.0599426
vt -0.1112561 -0.06000931
vt -0.1112358 -0.05997347
vt -0.1113535 -0.05990675
vt 0.1113737 -0.05994279
vt 0.1113534 -0.05990695
vt 0.1112357 -0.05997366
vt 0.111256 -0.0600095
vt 0.0639215 0.02444745
vt 0.06391737 0.02446942
vt 0.06378441 0.02444446
vt 0.06378854 0.02442248
vt -0.06392162 0.02444746
vt -0.06378865 0.0244225
vt -0.06378452 0.02444447
vt -0.06391748 0.02446944
vt -0.1054932 -0.02202111
vt -0.105454 -0.02200816
vt -0.1055135 -0.02182871
vt -0.1055526 -0.02184167
vt 0.1054931 -0.02202111
vt 0.1055525 -0.02184167
vt 0.1055134 -0.02182871
vt 0.105454 -0.02200815
vt -0.111371 -0.05994561
vt -0.1113542 -0.05995516
vt -0.1113338 -0.05991932
vt -0.1113507 -0.05990977
vt 0.1113699 -0.05994759
vt 0.1113496 -0.05991174
vt 0.1113328 -0.05992128
vt 0.1113531 -0.05995714
vt 0.06391265 0.02448125
vt 0.06387778 0.02466704
vt 0.06385873 0.02466347
vt 0.06389362 0.02447768
vt -0.0639133 0.02448126
vt -0.06389426 0.02447769
vt -0.06385938 0.02466348
vt -0.06387842 0.02466705
vt -0.1261434 -0.01312199
vt -0.1260649 -0.0131072
vt -0.1261457 -0.01267778
vt -0.1262242 -0.01269257
vt 0.1261434 -0.01312202
vt 0.1261838 -0.01290731
vt 0.1261053 -0.01289251
vt 0.1260648 -0.01310723
vt -0.113702 -0.05586065
vt -0.1136267 -0.05599096
vt -0.1135575 -0.05595094
vt -0.1136328 -0.05582063
vt 0.113702 -0.05586061
vt 0.1136328 -0.0558206
vt 0.1135575 -0.0559509
vt 0.1136267 -0.05599093
vt 0.004907629 0.01258183
vt 0.004772349 0.01299733
vt 0.00462921 0.01295073
vt 0.004663029 0.01284685
vt 0.004696848 0.01274298
vt 0.00476449 0.01253523
vt -0.004907708 0.01258186
vt -0.004764573 0.01253526
vt -0.004696935 0.01274301
vt -0.004663112 0.01284688
vt -0.004629294 0.01295076
vt -0.004772427 0.01299736
vt 0.1261838 -0.0129073
vt 0.126204 -0.01279995
vt 0.1261255 -0.01278515
vt 0.1261053 -0.01289251
vt 0.06505997 0.02405241
vt 0.06503914 0.02415965
vt 0.06496209 0.02414446
vt 0.06498315 0.02403727
vt 0.1122156 -0.05874218
vt 0.1121474 -0.05870058
vt 0.112112 -0.05871
vt -0.09289069 0.02063483
vt -0.09290162 0.02052614
vt -0.09286513 0.02052291
vt -0.09285422 0.0206316
vt -0.1130023 -0.05695966
vt -0.1130711 -0.05700031
vt -0.1130035 -0.05703971
vt -0.1129668 -0.05696868
vt 0.1006917 -0.02227596
vt 0.100727 -0.02217259
vt 0.1006514 -0.02214674
vt 0.100616 -0.02225011
vt 0.1132349 -0.05640711
vt 0.1132718 -0.05647797
vt 0.1133391 -0.0564374
vt -0.1109953 0.01342345
vt -0.1112437 0.01342088
vt -0.1112428 0.0133336
vt -0.1109944 0.01333617
vt -0.1262604 -0.009974631
vt -0.1265042 -0.01002257
vt -0.1264874 -0.01010821
vt -0.1262436 -0.01006027
vt -0.106202 -0.01972278
vt -0.1064379 -0.01980069
vt -0.1064106 -0.01988357
vt -0.1061746 -0.01980565
vt -0.06085982 -0.007277279
vt -0.06109245 -0.007364589
vt -0.06106179 -0.007446302
vt -0.06082916 -0.007358992
vt -0.0006824706 0.01508045
vt -0.0009191475 0.01500475
vt -0.0008925569 0.01492162
vt -0.00065588 0.01499732
vt 0.06280237 0.02602457
vt 0.06255776 0.02598086
vt 0.06257312 0.02589494
vt 0.06281773 0.02593865
vt 0.1112437 0.01342088
vt 0.1109953 0.01342345
vt 0.1109944 0.01333618
vt 0.1112429 0.01333361
vt 0.1265042 -0.01002257
vt 0.1262604 -0.009974631
vt 0.1262436 -0.01006027
vt 0.1264874 -0.01010821
vt 0.1064379 -0.01980072
vt 0.106202 -0.0197228
vt 0.1061746 -0.01980568
vt 0.1064105 -0.0198836
vt 0.06109246 -0.007364549
vt 0.06085983 -0.007277239
vt 0.06082916 -0.007358954
vt 0.06106179 -0.007446262
vt 0.0009191975 0.0150048
vt 0.000682521 0.0150805
vt 0.0006559303 0.01499737
vt 0.0008926106 0.01492167
vt -0.06255782 0.02598084
vt -0.06280243 0.02602455
vt -0.06281778 0.02593863
vt -0.06257317 0.02589492
vt 0.1089578 -0.0623484
vt 0.1088277 -0.06256009
vt 0.1088737 -0.06257378
vt 0.1089908 -0.06238327
vt -0.1091763 -0.06223014
vt -0.1094247 -0.06223699
vt -0.1096364 -0.06236711
vt -0.1097547 -0.06258565
vt -0.1097478 -0.06283404
vt -0.1096177 -0.06304573
vt -0.1093991 -0.06316399
vt -0.1091507 -0.06315714
vt -0.1089391 -0.06302702
vt -0.1088208 -0.06280847
vt -0.1088276 -0.0625601
vt -0.1089578 -0.0623484
vt 0.1088276 -0.0625601
vt 0.1088208 -0.06280849
vt 0.1088675 -0.06279735
vt 0.1088736 -0.0625738
vt 0.1088208 -0.06280847
vt 0.1089391 -0.06302701
vt 0.1089739 -0.06299402
vt 0.1088675 -0.06279732
vt 0.1089391 -0.06302701
vt 0.1091508 -0.06315713
vt 0.1091645 -0.06311112
vt 0.1089739 -0.062994
vt 0.1091508 -0.06315711
vt 0.1093992 -0.06316397
vt 0.109388 -0.06311727
vt 0.1091645 -0.06311111
vt 0.1093991 -0.063164
vt 0.1096177 -0.06304574
vt 0.1095847 -0.06301086
vt 0.109388 -0.06311731
vt 0.1096177 -0.06304573
vt 0.1097478 -0.06283404
vt 0.1097018 -0.06282035
vt 0.1095847 -0.06301086
vt 0.1097478 -0.06283404
vt 0.1097547 -0.06258566
vt 0.109708 -0.0625968
vt 0.1097018 -0.06282035
vt 0.1097546 -0.06258567
vt 0.1096364 -0.06236712
vt 0.1096015 -0.06240012
vt 0.109708 -0.06259681
vt 0.1096364 -0.06236713
vt 0.1094247 -0.06223701
vt 0.109411 -0.06228301
vt 0.1096015 -0.06240012
vt 0.1094247 -0.06223702
vt 0.1091763 -0.06223016
vt 0.1091874 -0.06227686
vt 0.109411 -0.06228302
vt 0.1091763 -0.06223013
vt 0.1089578 -0.06234839
vt 0.1089908 -0.06238326
vt 0.1091875 -0.06227682
vt -0.0006943255 0.01507666
vt -0.0009073274 0.01500853
vt -0.0008833942 0.01493372
vt -0.0006703924 0.01500184
vt -0.0608714 -0.007281639
vt -0.06108078 -0.007360219
vt -0.06105318 -0.007433764
vt -0.0608438 -0.00735518
vt -0.1062138 -0.0197267
vt -0.1064262 -0.01979682
vt -0.1064015 -0.01987141
vt -0.1061892 -0.0198013
vt -0.1262726 -0.009977045
vt -0.1264921 -0.01002019
vt -0.1264769 -0.01009727
vt -0.1262574 -0.01005412
vt -0.1110077 0.0134233
vt -0.1112313 0.01342098
vt -0.1112305 0.01334244
vt -0.1110069 0.01334475
vt -0.06256993 0.02598302
vt -0.06279009 0.02602236
vt -0.0628039 0.02594503
vt -0.06258376 0.02590569
vt 0.0009072673 0.01500856
vt 0.0006942654 0.01507669
vt 0.0006703321 0.01500188
vt 0.0008833444 0.01493374
vt 0.06108079 -0.007360201
vt 0.06087142 -0.00728162
vt 0.06084382 -0.007355161
vt 0.06105319 -0.007433741
vt 0.1064261 -0.01979685
vt 0.1062138 -0.01972673
vt 0.1061891 -0.01980131
vt 0.1064015 -0.01987144
vt 0.1264921 -0.01002017
vt 0.1262726 -0.009977022
vt 0.1262575 -0.0100541
vt 0.1264769 -0.01009724
vt 0.1112313 0.01342099
vt 0.1110077 0.0134233
vt 0.1110069 0.01334476
vt 0.1112305 0.01334244
vt 0.06279016 0.02602236
vt 0.06257 0.02598302
vt 0.06258382 0.02590569
vt 0.06280397 0.02594503
vt 0.1089908 -0.06238328
vt 0.1088737 -0.06257379
vt 0.1088675 -0.06279735
vt 0.1089739 -0.06299403
vt 0.1091644 -0.06311115
vt 0.109388 -0.06311731
vt 0.1095847 -0.06301089
vt 0.1097018 -0.06282036
vt 0.109708 -0.06259681
vt 0.1096015 -0.06240012
vt 0.109411 -0.06228301
vt 0.1091874 -0.06227684
vt -0.08622379 -0.01707139
vt -0.08571745 -0.01688648
vt -0.08598642 -0.01614999
vt -0.08649276 -0.0163349
vt 0.08614793 -0.01727913
vt 0.08649276 -0.01633491
vt 0.08598642 -0.01614999
vt -0.1229594 0.02007411
vt -0.1228679 0.01986962
vt -0.1225263 0.02039501
vt 0.1096058 -0.06313331
vt 0.1094807 -0.06260897
vt 0.1090835 -0.06270376
vt 0.1092086 -0.06322809
vt 0.1094159 -0.06323858
vt 0.06179108 0.02500966
vt 0.0616507 0.02578106
vt 0.06143702 0.02574217
vt -0.09043737 0.02147459
vt -0.08996248 0.02222025
vt -0.09036931 0.0222557
vt 0.1127235 0.0121904
vt 0.112516 0.01219434
vt 0.112497 0.0111893
vt -0.1253203 0.00440797
vt -0.1251252 0.004249508
vt -0.1247225 0.004646109
vt 0.09231683 -0.01475664
vt 0.09201075 -0.01557649
vt 0.09248445 -0.01588489
vt -0.1251262 -0.02220392
vt -0.1246021 -0.02183052
vt -0.1249823 -0.02159394
vt -0.0922782 0.02186888
vt -0.09184816 0.02174377
vt -0.09180878 0.022618
vt 0.06473479 0.02660613
vt 0.06489537 0.02574635
vt 0.06508194 0.02587032
vt 0.1081019 0.01485996
vt 0.1083158 0.01499193
vt 0.1083029 0.01586649
vt -0.0846591 -0.01607674
vt -0.08418714 -0.0159036
vt -0.08425985 -0.01570542
vt -0.08473181 -0.01587857
vt 0.08642744 -0.01658928
vt 0.08649985 -0.016391
vt 0.08602775 -0.01621858
vt 0.08595533 -0.01641687
vt -0.1096742 -0.06314363
vt -0.1094267 -0.06325434
vt -0.1091462 -0.0632696
vt -0.1090295 -0.06278072
vt -0.1095673 -0.0626524
vt 0.1096742 -0.06314364
vt 0.1095673 -0.06265242
vt 0.1090295 -0.06278074
vt 0.1091462 -0.06326962
vt 0.1094267 -0.06325434
vt 0.07133118 0.02516764
vt 0.07129918 0.0253763
vt 0.07103123 0.02533521
vt 0.07106323 0.02512656
vt -0.09046587 0.02200179
vt -0.08991509 0.0219538
vt -0.08989676 0.0221641
vt -0.09044755 0.02221209
vt 0.105514 0.01643243
vt 0.1052331 0.0164267
vt 0.1052374 0.01621564
vt 0.1055183 0.01622138
vt -0.07335098 -0.01220751
vt -0.07328925 -0.01218442
vt -0.07337891 -0.01194458
vt -0.07344066 -0.01196766
vt 0.08648372 -0.01641158
vt 0.08657156 -0.01617106
vt 0.08651028 -0.01614868
vt 0.08642244 -0.0163892
vt -0.1096537 -0.06314009
vt -0.1095389 -0.06319143
vt -0.1094816 -0.06321709
vt -0.1094242 -0.06324276
vt -0.1093592 -0.06324629
vt -0.1092941 -0.06324983
vt -0.109164 -0.06325691
vt -0.1091489 -0.06319346
vt -0.1092736 -0.06316371
vt -0.1093359 -0.06314883
vt -0.1093982 -0.06313396
vt -0.1094606 -0.06311908
vt -0.1095229 -0.0631042
vt -0.1096476 -0.06307446
vt 0.1096538 -0.06313989
vt 0.1096477 -0.06307425
vt 0.1095231 -0.063104
vt 0.1094607 -0.06311888
vt 0.1094817 -0.06321688
vt 0.1095391 -0.06319122
vt 0.07128565 0.02534893
vt 0.07124685 0.02560202
vt 0.07112261 0.02558297
vt 0.07116142 0.02532988
vt -0.09042962 0.02218549
vt -0.09030195 0.02217436
vt -0.09027971 0.02242946
vt -0.09040739 0.02244058
vt 0.07112238 0.02558299
vt 0.07106026 0.02557347
vt 0.07108425 0.02541711
vt 0.07109908 0.02532037
vt 0.0711612 0.02532989
vt 0.1053769 0.0166608
vt 0.1052467 0.01665814
vt 0.1052519 0.01640214
vt 0.1053821 0.01640479
vt 0.1054423 0.01666201
vt 0.1053772 0.01666069
vt 0.1053824 0.01640468
vt 0.1054475 0.01640601
vt 0.1054455 0.01650386
vt -0.09017429 0.0221635
vt -0.09011044 0.02215794
vt -0.09010195 0.02225544
vt -0.09030182 0.02217444
vt -0.09023797 0.02216887
vt -0.09022947 0.02226637
vt -0.09021574 0.02242396
vt -0.09027959 0.02242953
vt -0.09023815 0.02216906
vt -0.09017431 0.02216349
vt -0.09010198 0.02225543
vt -0.09022966 0.02226656
vt -0.09004663 0.02215214
vt -0.08991896 0.02214101
vt -0.08989672 0.0223961
vt -0.0900244 0.02240723
vt -0.09011067 0.02215765
vt -0.09004683 0.02215209
vt -0.09002461 0.02240718
vt -0.09008844 0.02241274
vt -0.09010218 0.02225516
vt 0.07103698 0.02531097
vt 0.0710991 0.0253205
vt 0.07108425 0.02541724
vt 0.1054454 0.016504
vt 0.1054474 0.01640615
vt 0.1055125 0.01640748
vt -0.08645606 -0.01629726
vt -0.08651033 -0.01614868
vt -0.08660445 -0.01618305
vt 0.08445664 -0.01555187
vt 0.08440213 -0.01570036
vt 0.08455074 -0.01558641
vt 0.1093359 -0.06314893
vt 0.1092735 -0.0631638
vt 0.1091489 -0.06319355
vt 0.109164 -0.06325702
vt 0.1092941 -0.06324993
vt 0.1093591 -0.0632464
vt 0.1093359 -0.06314885
vt 0.1093591 -0.06324632
vt 0.1094606 -0.0631191
vt -0.08660444 -0.01618304
vt -0.08655017 -0.01633162
vt -0.08645605 -0.01629725
vt 0.05532603 0.03449576
vt 0.05526125 0.03448281
vt 0.0552841 0.03438726
vt 0.1093591 -0.06324636
vt 0.109425 -0.06325132
vt 0.1094815 -0.06321716
vt 0.1094605 -0.06311916
vt 0.08449624 -0.01573493
vt 0.08455076 -0.01558643
vt 0.08440215 -0.01570038
vt 0.1143654 0.01566151
vt 0.1142993 0.01566344
vt 0.114361 0.01556336
vt 0.1063493 -0.06590459
vt 0.1063151 -0.06578379
vt 0.1060655 -0.06583343
vt 0.1060997 -0.06595422
vt -0.1090706 -0.063071
vt -0.108823 -0.06313007
vt -0.1087964 -0.06301838
vt -0.1090439 -0.06295931
vt -0.08624756 -0.01646599
vt -0.08622719 -0.01658924
vt -0.08621703 -0.01665088
vt -0.08620685 -0.0167125
vt -0.08617412 -0.01676836
vt -0.08614139 -0.01682422
vt -0.08607593 -0.01693594
vt -0.08596808 -0.01689655
vt -0.08605872 -0.01679403
vt -0.08608057 -0.0167342
vt -0.08610242 -0.01667437
vt -0.08612427 -0.01661454
vt -0.08614611 -0.0165547
vt 0.08624746 -0.01646606
vt 0.08614601 -0.01655477
vt 0.08612417 -0.0166146
vt 0.08621694 -0.01665094
vt 0.0862271 -0.01658931
vt 0.09132251 0.00537535
vt 0.09106887 0.005354309
vt 0.0910792 0.005229808
vt 0.09133284 0.00525085
vt -0.09310798 -0.01649302
vt -0.09312947 -0.01663252
vt -0.09287581 -0.01665337
vt -0.09285431 -0.01651387
vt 0.09107922 0.005229567
vt 0.09108438 0.005167316
vt 0.09124108 0.005180318
vt 0.09133802 0.005188358
vt 0.09133286 0.005250609
vt 0.08805032 0.03751502
vt 0.08806255 0.03738612
vt 0.08831593 0.03741015
vt 0.0883037 0.03753906
vt 0.08804418 0.03757976
vt 0.0880503 0.03751531
vt 0.08830367 0.03753935
vt 0.08829756 0.0376038
vt 0.0882007 0.03759461
vt -0.08990436 0.02176081
vt -0.08990989 0.02169735
vt -0.08981297 0.02168891
vt -0.08989354 0.02188749
vt -0.08989907 0.02182403
vt -0.08980215 0.02181558
vt -0.08964552 0.02180194
vt -0.08963999 0.02186539
vt -0.08989882 0.02182427
vt -0.08990435 0.02176082
vt -0.08981297 0.02168891
vt -0.08980191 0.02181583
vt -0.08609008 0.05408268
vt -0.08610494 0.05394666
vt -0.08585193 0.05391901
vt -0.08583707 0.05405505
vt -0.08991009 0.02169746
vt -0.08991562 0.02163401
vt -0.08966207 0.02161191
vt -0.08965654 0.02167537
vt -0.08981317 0.02168902
vt 0.09134306 0.005126276
vt 0.0913379 0.005188524
vt 0.09124096 0.005180484
vt 0.08820058 0.03759445
vt 0.08829744 0.03760364
vt 0.08829133 0.03766809
vt 0.1089609 -0.0630305
vt 0.108808 -0.06306699
vt 0.1088311 -0.06316386
vt -0.1078706 -0.06419106
vt -0.108024 -0.06415664
vt -0.1078924 -0.06428827
vt 0.08608063 -0.01673412
vt 0.08605877 -0.01679396
vt 0.08596814 -0.01689648
vt 0.08607598 -0.01693586
vt 0.08614145 -0.01682415
vt 0.08617418 -0.01676829
vt 0.08608054 -0.01673422
vt 0.0861741 -0.01676839
vt 0.08612425 -0.01661457
vt 0.1088311 -0.06316387
vt 0.108984 -0.06312738
vt 0.1089609 -0.0630305
vt 0.08507535 -0.005940863
vt 0.0850809 -0.006006284
vt 0.08517782 -0.005994383
vt 0.08617418 -0.01676841
vt 0.0862144 -0.01671653
vt 0.08621708 -0.01665093
vt 0.08612432 -0.01661459
vt -0.1080459 -0.06425375
vt -0.1078925 -0.06428818
vt -0.1080241 -0.06415655
vt 0.07650773 0.05314432
vt 0.07651871 0.05307959
vt 0.07660425 0.05315921
vt -0.0913816 -0.02176576
vt -0.09136777 -0.0216253
vt -0.09148246 -0.02167638
vt 0.09146772 -0.02165974
vt 0.09135304 -0.02160866
vt 0.09136686 -0.02174913
vt 0.1072024 -0.06572519
vt 0.1071878 -0.0656005
vt 0.1069382 -0.06565014
vt 0.1069528 -0.06577484
vt -0.1096421 -0.0628066
vt -0.1098897 -0.06274753
vt -0.1099164 -0.06285921
vt -0.1096688 -0.06291828
vt 0.08613777 -0.01655167
vt 0.08611592 -0.0166115
vt 0.08609408 -0.01667134
vt 0.08607223 -0.01673117
vt 0.08605038 -0.016791
vt 0.08595975 -0.01689352
vt 0.08606759 -0.01693291
vt 0.08613305 -0.01682119
vt 0.08616579 -0.01676533
vt 0.08619852 -0.01670947
vt 0.08620869 -0.01664784
vt 0.08621886 -0.01658621
vt 0.08623922 -0.01646296
vt -0.08621903 -0.01658616
vt -0.08620885 -0.01664779
vt -0.08611609 -0.01661145
vt -0.08613794 -0.01655162
vt -0.08623938 -0.01646291
vt 0.09194763 0.005303688
vt 0.09220128 0.005324729
vt 0.09219094 0.005449226
vt 0.0919373 0.005428185
vt -0.09399626 -0.01641589
vt -0.09399783 -0.01655703
vt -0.09374417 -0.01657788
vt -0.0937426 -0.01643674
vt 0.09194764 0.005303471
vt 0.09195282 0.005241221
vt 0.09204976 0.005249263
vt 0.09220646 0.005262263
vt 0.09220129 0.005324512
vt 0.08891812 0.03759574
vt 0.08893035 0.03746684
vt 0.08918373 0.03749087
vt 0.08917149 0.03761978
vt 0.08900885 0.03766966
vt 0.088912 0.03766048
vt 0.08891812 0.03759602
vt 0.08917149 0.03762006
vt 0.08916537 0.03768452
vt -0.09062211 0.02175924
vt -0.0905252 0.0217508
vt -0.09051967 0.02181425
vt -0.09076194 0.02196317
vt -0.09076747 0.02189971
vt -0.09061083 0.02188607
vt -0.09051391 0.02187762
vt -0.09050839 0.02194108
vt -0.09061107 0.02188618
vt -0.09062212 0.02175927
vt -0.09051968 0.02181428
vt -0.09051415 0.02187773
vt -0.08695689 0.05417405
vt -0.08697174 0.05403801
vt -0.08671874 0.05401037
vt -0.08670388 0.0541464
vt -0.09062181 0.02175956
vt -0.09077846 0.02177321
vt -0.09078398 0.02170976
vt -0.09053043 0.02168766
vt -0.0905249 0.02175112
vt 0.09204987 0.005249436
vt 0.09195292 0.005241393
vt 0.09195808 0.005179141
vt 0.08890611 0.03772476
vt 0.08891223 0.03766031
vt 0.08900907 0.03766949
vt 0.1099245 -0.06289286
vt 0.1099014 -0.06279598
vt 0.1097485 -0.06283247
vt -0.1089891 -0.06403252
vt -0.1088139 -0.06396975
vt -0.1089673 -0.06393532
vt -0.08616575 -0.01676542
vt -0.08613302 -0.01682128
vt -0.08606756 -0.016933
vt -0.08595971 -0.01689361
vt -0.08605035 -0.01679109
vt -0.08607219 -0.01673125
vt -0.08611596 -0.01661146
vt -0.0861658 -0.01676529
vt -0.08607225 -0.01673113
vt 0.1097485 -0.06283249
vt 0.1097716 -0.06292937
vt 0.1099245 -0.06289288
vt 0.09932257 -0.005420958
vt 0.09942015 -0.00541697
vt 0.09941501 -0.005351519
vt -0.08611586 -0.01661144
vt -0.08620862 -0.01664779
vt -0.08620594 -0.01671338
vt -0.08616571 -0.01676527
vt -0.1088141 -0.06396942
vt -0.1089893 -0.0640322
vt -0.1088359 -0.06406663
vt 0.09691492 0.04320253
vt 0.09701486 0.04314197
vt 0.09701244 0.04320758
vt 0.08073762 -0.01043125
vt 0.08062343 -0.01037908
vt 0.08063593 -0.01051968
vt -0.0806213 -0.0105028
vt -0.0806088 -0.01036221
vt -0.080723 -0.01041437
vt -0.0864258 -0.01663746
vt -0.08638251 -0.01662166
vt -0.08639832 -0.01657837
vt -0.0864416 -0.01659418
vt 0.0864258 -0.01663746
vt 0.0864416 -0.01659418
vt 0.08639832 -0.01657837
vt 0.08638252 -0.01662166
vt -0.1095249 -0.06319457
vt -0.1094175 -0.06324079
vt -0.1093008 -0.06324805
vt -0.1092901 -0.06320322
vt -0.1095142 -0.06314974
vt 0.1095249 -0.06319456
vt 0.1095142 -0.06314974
vt 0.1092901 -0.06320322
vt 0.1093008 -0.06324804
vt 0.1094175 -0.0632408
vt 0.07274327 0.02496998
vt 0.07273651 0.02501557
vt 0.07262084 0.0249984
vt 0.0726276 0.02495282
vt -0.09030335 0.02194162
vt -0.0900738 0.02192162
vt -0.0900698 0.02196753
vt -0.09029935 0.02198753
vt 0.1049304 0.0165119
vt 0.1048135 0.01650918
vt 0.1048145 0.0164631
vt 0.1049314 0.01646583
vt 0.1131546 -0.05664387
vt 0.1132001 -0.05676086
vt 0.1134439 -0.05668765
vt 0.1133983 -0.05657067
vt -0.1095238 -0.06226708
vt -0.1097713 -0.06220802
vt -0.109798 -0.06231968
vt -0.1095504 -0.06237876
vt 0.08561189 -0.0162339
vt 0.08554802 -0.01634127
vt 0.08551609 -0.01639495
vt 0.08548415 -0.01644863
vt 0.08547318 -0.01651243
vt 0.08546221 -0.01657624
vt 0.08544027 -0.01670385
vt 0.08554811 -0.01674323
vt 0.08554489 -0.01660644
vt 0.08556674 -0.0165466
vt 0.08558859 -0.01648677
vt 0.08561043 -0.01642694
vt 0.08563229 -0.01636711
vt -0.08561186 -0.01623379
vt -0.08563225 -0.01636699
vt -0.0856104 -0.01642683
vt -0.08551605 -0.01639483
vt -0.08554798 -0.01634115
vt -0.08883985 0.038413
vt -0.08909322 0.03843713
vt -0.08910505 0.03831277
vt -0.08885169 0.03828863
vt 0.08576308 0.0597564
vt 0.08576941 0.05961539
vt 0.08602223 0.05964479
vt 0.08601589 0.05978579
vt -0.08910503 0.038313
vt -0.08911096 0.03825082
vt -0.08895443 0.03823591
vt -0.08885759 0.03822669
vt -0.08885167 0.03828887
vt -0.09217262 0.005796139
vt -0.09218333 0.005667101
vt -0.09192969 0.005646036
vt -0.09191898 0.005775075
vt -0.09216728 0.005860369
vt -0.09217264 0.005795848
vt -0.091919 0.005774784
vt -0.09191364 0.005839303
vt -0.09201059 0.005847352
vt 0.09052929 0.02181521
vt 0.09053482 0.02175175
vt 0.09063174 0.0217602
vt 0.09051844 0.02194223
vt 0.09052397 0.02187877
vt 0.09062089 0.02188722
vt 0.09077752 0.02190086
vt 0.090772 0.02196432
vt 0.09052376 0.02187866
vt 0.09052929 0.0218152
vt 0.09063174 0.02176019
vt 0.09062068 0.0218871
vt 0.09329373 -0.0110424
vt 0.09330489 -0.01117878
vt 0.09355856 -0.01115801
vt 0.09354739 -0.01102163
vt 0.09053506 0.02175152
vt 0.09054059 0.02168807
vt 0.09079414 0.02171016
vt 0.09078862 0.02177362
vt 0.09063198 0.02175997
vt -0.08886339 0.03816441
vt -0.08885747 0.03822659
vt -0.08895431 0.03823582
vt -0.09201045 0.005847584
vt -0.09191351 0.005839535
vt -0.09190814 0.005904051
vt 0.1096334 -0.06230759
vt 0.1097864 -0.0622711
vt 0.1097633 -0.06217422
vt -0.1108042 -0.06086889
vt -0.1106519 -0.06090773
vt -0.1107796 -0.06077235
vt -0.08556672 -0.01654669
vt -0.08554488 -0.01660652
vt -0.0855481 -0.01674332
vt -0.08544026 -0.01670393
vt -0.08546221 -0.01657633
vt -0.08547317 -0.01651252
vt -0.08556674 -0.01654657
vt -0.08547319 -0.01651241
vt -0.08561045 -0.01642691
vt 0.1097633 -0.0621742
vt 0.1096103 -0.0622107
vt 0.1096334 -0.06230758
vt -0.0782937 0.05280466
vt -0.07830434 0.05273987
vt -0.07820744 0.05272768
vt -0.08547326 -0.01651243
vt -0.08547594 -0.01644683
vt -0.08551617 -0.01639494
vt -0.08561052 -0.01642693
vt -0.1106272 -0.0608113
vt -0.1107795 -0.06077246
vt -0.1106518 -0.06090784
vt -0.08526745 -0.005729715
vt -0.08527301 -0.005795133
vt -0.08517028 -0.005739446
vt 0.09337498 -0.01459021
vt 0.09347478 -0.0144904
vt 0.09335373 -0.01445714
vt -0.09337571 -0.01445363
vt -0.09349677 -0.01448688
vt -0.09339697 -0.0145867
vt 0.1123225 -0.05690365
vt 0.1123489 -0.05702638
vt 0.1125927 -0.05695318
vt 0.1125662 -0.05683045
vt -0.1089522 -0.06253149
vt -0.1087046 -0.06259055
vt -0.108678 -0.06247889
vt -0.1089255 -0.06241982
vt -0.08564218 -0.01637057
vt -0.08562033 -0.01643041
vt -0.08559848 -0.01649024
vt -0.08557664 -0.01655007
vt -0.08555479 -0.0166099
vt -0.085558 -0.0167467
vt -0.08545016 -0.01670732
vt -0.08547211 -0.01657971
vt -0.08548307 -0.0165159
vt -0.08549405 -0.0164521
vt -0.08552598 -0.01639841
vt -0.08555792 -0.01634473
vt -0.08562179 -0.01623737
vt 0.08555801 -0.01634486
vt 0.08552608 -0.01639854
vt 0.08562043 -0.01643053
vt 0.08564228 -0.0163707
vt 0.08562188 -0.01623749
vt -0.08823671 0.03823203
vt -0.08798335 0.0382079
vt -0.08797151 0.03833226
vt -0.08822487 0.03835639
vt 0.08487649 0.05965762
vt 0.08490269 0.05951893
vt 0.0851555 0.05954833
vt 0.08512931 0.05968702
vt -0.08823669 0.03823224
vt -0.08824261 0.03817006
vt -0.08814577 0.03816083
vt -0.08798925 0.03814593
vt -0.08798333 0.0382081
vt -0.09130369 0.005722291
vt -0.09131441 0.005593253
vt -0.09106077 0.005572187
vt -0.09105004 0.005701225
vt -0.09120144 0.005778451
vt -0.09129839 0.005786505
vt -0.09130375 0.005721984
vt -0.0910501 0.005700918
vt -0.09104475 0.005765437
vt 0.08982327 0.02168968
vt 0.08992019 0.02169813
vt 0.08991466 0.02176159
vt 0.08964979 0.02186661
vt 0.08965532 0.02180316
vt 0.08981197 0.02181681
vt 0.08990887 0.02182525
vt 0.08990334 0.02188871
vt 0.08981223 0.02181656
vt 0.08982329 0.02168965
vt 0.08991468 0.02176155
vt 0.08990914 0.021825
vt 0.09242497 -0.01111714
vt 0.09243612 -0.01125352
vt 0.09268979 -0.01123275
vt 0.09267862 -0.01109637
vt 0.08982302 0.02168951
vt 0.08966638 0.02167586
vt 0.08967191 0.02161241
vt 0.08992546 0.0216345
vt 0.08991993 0.02169796
vt -0.08814593 0.0381606
vt -0.08824277 0.03816982
vt -0.08824869 0.03810764
vt -0.0912932 0.005851095
vt -0.09129855 0.005786576
vt -0.0912016 0.005778522
vt 0.1086698 -0.06244523
vt 0.1086929 -0.06254211
vt 0.1088459 -0.06250562
vt -0.1096907 -0.06105962
vt -0.1098677 -0.06111732
vt -0.1097154 -0.06115615
vt 0.08548311 -0.01651581
vt 0.08547214 -0.01657962
vt 0.08545019 -0.01670722
vt 0.08555803 -0.01674661
vt 0.08555482 -0.01660981
vt 0.08557667 -0.01654998
vt 0.08562033 -0.01643046
vt 0.08548308 -0.01651595
vt 0.08557663 -0.01655012
vt 0.1088459 -0.06250561
vt 0.1088228 -0.06240873
vt 0.1086698 -0.06244523
vt -0.09551229 0.04346821
vt -0.09541495 0.04346041
vt -0.09541216 0.04352601
vt 0.08562024 -0.01643042
vt 0.08552589 -0.01639843
vt 0.08548567 -0.01645032
vt 0.08548298 -0.01651591
vt -0.1098676 -0.06111766
vt -0.1096906 -0.06105995
vt -0.1098429 -0.06102112
vt -0.09920549 -0.005234716
vt -0.09911314 -0.005306327
vt -0.09910803 -0.005240874
vt -0.07727111 -0.01808732
vt -0.07739168 -0.01812228
vt -0.07729049 -0.01822067
vt 0.07731242 -0.01821753
vt 0.07741363 -0.01811914
vt 0.07729305 -0.01808417
vt 0.07243212 -0.01186389
vt 0.07249387 -0.01188697
vt 0.07258353 -0.01164712
vt 0.07252179 -0.01162404
vt -0.08548658 -0.01604743
vt -0.08557442 -0.01580692
vt -0.08563571 -0.0158293
vt -0.08554788 -0.01606982
vt -0.1089263 -0.06222276
vt -0.109041 -0.06217142
vt -0.1090984 -0.06214576
vt -0.1091557 -0.06212009
vt -0.1092207 -0.06211655
vt -0.1092858 -0.06211302
vt -0.1094159 -0.06210593
vt -0.109431 -0.0621694
vt -0.1093063 -0.06219915
vt -0.109244 -0.06221402
vt -0.1091817 -0.0622289
vt -0.1091193 -0.06224377
vt -0.109057 -0.06225864
vt -0.1089323 -0.06228838
vt 0.1089261 -0.06222295
vt 0.1089322 -0.06228858
vt 0.1090569 -0.06225884
vt 0.1091192 -0.06224397
vt 0.1090982 -0.06214596
vt 0.1090409 -0.06217162
vt -0.07100026 0.02530546
vt -0.07096145 0.02555856
vt -0.07108568 0.02557761
vt -0.07112449 0.02532451
vt 0.08991883 0.02214123
vt 0.09004651 0.02215236
vt 0.09002428 0.02240745
vt 0.0898966 0.02239632
vt -0.07108545 0.02557763
vt -0.07114756 0.02558715
vt -0.07117154 0.02543079
vt -0.07118637 0.02533405
vt -0.07112426 0.02532452
vt -0.1054308 0.01666212
vt -0.1055611 0.01666478
vt -0.1055663 0.01640878
vt -0.105436 0.01640612
vt -0.1053659 0.01666067
vt -0.1054311 0.016662
vt -0.1054363 0.016406
vt -0.1053712 0.01640467
vt -0.1053692 0.01650252
vt 0.09017427 0.02216319
vt 0.09023812 0.02216876
vt 0.09022962 0.02226626
vt 0.09004639 0.02215235
vt 0.09011023 0.02215792
vt 0.09010173 0.02225542
vt 0.09008799 0.022413
vt 0.09002416 0.02240744
vt 0.09011046 0.02215763
vt 0.0901743 0.02216319
vt 0.09022965 0.02226625
vt 0.09010196 0.02225513
vt 0.09030193 0.02217455
vt 0.09042962 0.02218568
vt 0.09040739 0.02244077
vt 0.09027971 0.02242964
vt 0.09023829 0.02216893
vt 0.09030213 0.0221745
vt 0.09027991 0.02242959
vt 0.09021606 0.02242402
vt 0.09022979 0.02226644
vt -0.07124855 0.02534344
vt -0.07118644 0.02533392
vt -0.0711716 0.02543066
vt -0.1053691 0.01650248
vt -0.1053711 0.01640463
vt -0.1053059 0.0164033
vt 0.0855815 -0.01597791
vt 0.08563576 -0.01582933
vt 0.08554164 -0.01579495
vt -0.08358568 -0.01523209
vt -0.08353116 -0.01538058
vt -0.08349159 -0.01519754
vt 0.1092441 -0.06221391
vt 0.1093064 -0.06219903
vt 0.1094311 -0.06216928
vt 0.1094159 -0.06210581
vt 0.1092859 -0.0621129
vt 0.1092208 -0.06211643
vt 0.109244 -0.06221399
vt 0.1092208 -0.06211652
vt 0.1091194 -0.06224373
vt 0.08554162 -0.01579496
vt 0.08548735 -0.01594355
vt 0.08558147 -0.01597792
vt -0.05909755 0.01703987
vt -0.05916245 0.01705219
vt -0.05917715 0.01695506
vt 0.1092208 -0.06211647
vt 0.1091549 -0.06211152
vt 0.1090984 -0.06214569
vt 0.1091194 -0.06224369
vt -0.08343711 -0.01534602
vt -0.08349162 -0.01519753
vt -0.08353119 -0.01538056
vt -0.113728 0.006587131
vt -0.113794 0.006585323
vt -0.1137268 0.006488896
vt 0.08365768 -0.01570937
vt 0.08412963 -0.01588251
vt 0.08420234 -0.01568433
vt 0.08373038 -0.01551119
vt -0.08541528 -0.01621965
vt -0.0854877 -0.01602136
vt -0.08595981 -0.01619378
vt -0.08588739 -0.01639207
vt -0.1089058 -0.06221924
vt -0.1091532 -0.06210853
vt -0.1094337 -0.06209326
vt -0.1095504 -0.06258215
vt -0.1090126 -0.06271046
vt 0.1089058 -0.06221923
vt 0.1090126 -0.06271045
vt 0.1095504 -0.06258214
vt 0.1094338 -0.06209325
vt 0.1091532 -0.06210852
vt -0.07101111 0.02511858
vt -0.07097912 0.02532724
vt -0.07124707 0.02536833
vt -0.07127906 0.02515967
vt 0.08991504 0.02195383
vt 0.09046582 0.02200183
vt 0.09044749 0.02221213
vt 0.08989672 0.02216413
vt -0.1053033 0.01642817
vt -0.1055842 0.0164339
vt -0.1055885 0.01622285
vt -0.1053076 0.01621712
vt 0.08539563 -0.01623685
vt 0.0854388 -0.01625261
vt 0.08545457 -0.01620944
vt 0.0854114 -0.01619367
vt -0.08539564 -0.01623685
vt -0.08541141 -0.01619367
vt -0.08545458 -0.01620944
vt -0.08543881 -0.01625261
vt -0.1090501 -0.06217186
vt -0.1091572 -0.06212576
vt -0.1092736 -0.06211853
vt -0.1092843 -0.06216323
vt -0.1090608 -0.06221657
vt 0.1090501 -0.06217187
vt 0.1090608 -0.06221657
vt 0.1092843 -0.06216324
vt 0.1092737 -0.06211854
vt 0.1091572 -0.06212576
vt -0.07270858 0.02498807
vt -0.07270183 0.02503353
vt -0.07281719 0.02505065
vt -0.07282394 0.02500519
vt 0.09007786 0.02194505
vt 0.0903068 0.02196499
vt 0.09030281 0.02201078
vt 0.09007387 0.02199083
vt -0.1047394 0.01653028
vt -0.104856 0.01653299
vt -0.104857 0.01648704
vt -0.1047405 0.01648433
vt 0.08492569 -0.01769275
vt 0.08498199 -0.01771331
vt 0.08552012 -0.01623982
vt 0.08546381 -0.01621925
vt -0.08492568 -0.01769274
vt -0.08546381 -0.01621924
vt -0.08552011 -0.0162398
vt -0.084982 -0.0177133
vt -0.1089762 -0.062249
vt -0.1091638 -0.06215287
vt -0.1093746 -0.06215392
vt -0.1093886 -0.06221224
vt -0.1089901 -0.06230731
vt 0.1089762 -0.06224897
vt 0.1089901 -0.06230728
vt 0.1093886 -0.06221219
vt 0.1093747 -0.06215388
vt 0.1091639 -0.06215283
vt -0.06550941 0.02391068
vt -0.0652447 0.02545687
vt -0.06545252 0.02549245
vt -0.06571722 0.02394626
vt 0.09012093 0.02041432
vt 0.09052904 0.02044988
vt 0.09039286 0.02201264
vt 0.08998475 0.02197708
vt -0.1094997 0.01387679
vt -0.1097105 0.0138764
vt -0.1097076 0.01230772
vt -0.1094967 0.01230812
vt 0.04034915 -0.1155958
vt 0.04037248 -0.1156069
vt 0.04037679 -0.1155979
vt 0.04035347 -0.1155868
vt -0.04682541 -0.09366328
vt -0.04681268 -0.09368579
vt -0.04680397 -0.09368087
vt -0.04681672 -0.09365836
vt -0.07560827 -0.04533764
vt -0.07559893 -0.04536176
vt -0.07558961 -0.04535815
vt -0.07559894 -0.04533403
vt -0.09276025 0.0003893862
vt -0.09275129 0.0003651281
vt -0.09274191 0.0003685924
vt -0.09275088 0.0003928516
vt -0.1090673 0.02712292
vt -0.1090562 0.02709956
vt -0.1090472 0.02710385
vt -0.1090583 0.02712721
vt -0.1257984 -0.001036512
vt -0.1257795 -0.001054218
vt -0.1257727 -0.001046931
vt -0.1257915 -0.001029232
vt -0.04037177 -0.1156073
vt -0.04034844 -0.1155962
vt -0.04035275 -0.1155871
vt -0.04037608 -0.1155983
vt 0.04681275 -0.09368582
vt 0.04682549 -0.09366331
vt 0.04681679 -0.09365838
vt 0.04680406 -0.0936809
vt 0.07559861 -0.04536173
vt 0.07560795 -0.04533761
vt 0.07559863 -0.045334
vt 0.07558929 -0.04535812
vt 0.09275113 0.0003652227
vt 0.09276009 0.0003894773
vt 0.09275071 0.0003929427
vt 0.09274175 0.0003686869
vt 0.1090564 0.02709937
vt 0.1090675 0.02712273
vt 0.1090585 0.02712702
vt 0.1090474 0.02710366
vt 0.1257796 -0.001055096
vt 0.1257984 -0.001037397
vt 0.1257916 -0.00103011
vt 0.1257727 -0.001047821
vt 0.09059507 0.01703179
vt 0.09057843 0.01701199
vt 0.09057394 0.01698652
vt 0.09058277 0.01696222
vt 0.09060258 0.01694559
vt 0.09062804 0.01694109
vt 0.09065235 0.01694993
vt 0.09066898 0.01696973
vt 0.09067348 0.0169952
vt 0.09066464 0.0170195
vt 0.09064483 0.01703613
vt 0.09061937 0.01704063
vt -0.09061935 0.01704063
vt -0.09064482 0.01703613
vt -0.09066462 0.0170195
vt -0.09067346 0.0169952
vt -0.09066895 0.01696973
vt -0.09065233 0.01694993
vt -0.09062803 0.01694109
vt -0.09060256 0.01694559
vt -0.09058275 0.01696222
vt -0.09057392 0.01698653
vt -0.09057841 0.01701199
vt -0.09059504 0.0170318
o group1900312317
g mesh1900312317
usemtl mat23
f 4/4/1 3/3/1 2/2/1 1/1/1
f 3/8/2 6/7/2 5/6/2 2/5/2
f 6/12/3 8/11/3 7/10/3 5/9/3
f 8/16/4 10/15/4 9/14/4 7/13/4
f 10/20/5 12/19/5 11/18/5 9/17/5
f 12/24/6 14/23/6 13/22/6 11/21/6
f 14/28/7 16/27/7 15/26/7 13/25/7
f 16/32/8 18/31/8 17/30/8 15/29/8
f 18/36/9 20/35/9 19/34/9 17/33/9
f 20/40/10 22/39/10 21/38/10 19/37/10
f 22/44/11 24/43/11 23/42/11 21/41/11
f 24/48/12 4/47/12 1/46/12 23/45/12
f 26/52/13 25/51/13 21/50/13 23/49/13
f 28/56/14 27/55/14 3/54/14 4/53/14
f 25/60/15 29/59/15 19/58/15 21/57/15
f 29/64/16 30/63/16 17/62/16 19/61/16
f 30/68/17 31/67/17 15/66/17 17/65/17
f 31/72/18 32/71/18 13/70/18 15/69/18
f 32/76/19 33/75/19 11/74/19 13/73/19
f 33/80/20 34/79/20 9/78/20 11/77/20
f 34/84/21 35/83/21 7/82/21 9/81/21
f 35/88/22 36/87/22 5/86/22 7/85/22
f 36/92/23 37/91/23 2/90/23 5/89/23
f 37/96/24 38/95/24 1/94/24 2/93/24
f 38/100/25 26/99/25 23/98/25 1/97/25
f 40/104/26 39/103/26 25/102/26 26/101/26
f 39/108/27 41/107/27 29/106/27 25/105/27
f 41/112/28 42/111/28 30/110/28 29/109/28
f 42/116/29 43/115/29 31/114/29 30/113/29
f 43/120/30 44/119/30 32/118/30 31/117/30
f 44/124/31 45/123/31 33/122/31 32/121/31
f 45/128/32 46/127/32 34/126/32 33/125/32
f 46/132/33 47/131/33 35/130/33 34/129/33
f 47/136/34 48/135/34 36/134/34 35/133/34
f 48/140/35 49/139/35 37/138/35 36/137/35
f 49/144/36 50/143/36 38/142/36 37/141/36
f 50/148/37 40/147/37 26/146/37 38/145/37
f 52/152/38 51/151/38 39/150/38 40/149/38
f 51/156/39 53/155/39 41/154/39 39/153/39
f 53/160/40 54/159/40 42/158/40 41/157/40
f 54/164/41 55/163/41 43/162/41 42/161/41
f 55/168/42 56/167/42 44/166/42 43/165/42
f 56/172/43 57/171/43 45/170/43 44/169/43
f 57/176/44 58/175/44 46/174/44 45/173/44
f 58/179/45 47/178/45 46/177/45
f 60/183/46 59/182/46 48/181/46 47/180/46
f 62/187/47 61/186/47 49/185/47 48/184/47
f 61/191/48 63/190/48 50/189/48 49/188/48
f 63/195/49 52/194/49 40/193/49 50/192/49
f 65/199/50 64/198/50 51/197/50 52/196/50
f 64/205/51 68/204/51 67/203/51 66/202/51 53/201/51 51/200/51
f 66/209/52 69/208/52 54/207/52 53/206/52
f 69/213/53 70/212/53 55/211/53 54/210/53
f 70/217/54 71/216/54 56/215/54 55/214/54
f 71/221/55 72/220/55 57/219/55 56/218/55
f 72/225/56 73/224/56 58/223/56 57/222/56
f 73/229/57 74/228/57 60/227/57 58/226/57
f 74/235/58 77/234/58 76/233/58 75/232/58 59/231/58 60/230/58
f 75/239/59 79/238/59 78/237/59 59/236/59
f 81/243/60 80/242/60 63/241/60 61/240/60
f 80/247/61 65/246/61 52/245/61 63/244/61
f 84/251/62 83/250/62 67/249/62 82/248/62
f 27/255/63 85/254/63 6/253/63 3/252/63
f 85/259/64 86/258/64 8/257/64 6/256/64
f 86/263/65 87/262/65 10/261/65 8/260/65
f 87/267/66 88/266/66 12/265/66 10/264/66
f 88/271/67 89/270/67 14/269/67 12/268/67
f 89/275/68 90/274/68 16/273/68 14/272/68
f 90/279/69 91/278/69 18/277/69 16/276/69
f 91/283/70 92/282/70 20/281/70 18/280/70
f 92/287/71 93/286/71 22/285/71 20/284/71
f 93/291/72 94/290/72 24/289/72 22/288/72
f 94/295/73 28/294/73 4/293/73 24/292/73
f 96/299/74 95/298/74 27/297/74 28/296/74
f 95/303/75 97/302/75 85/301/75 27/300/75
f 97/307/76 98/306/76 86/305/76 85/304/76
f 98/311/77 99/310/77 87/309/77 86/308/77
f 99/315/78 100/314/78 88/313/78 87/312/78
f 100/319/79 101/318/79 89/317/79 88/316/79
f 101/323/80 102/322/80 90/321/80 89/320/80
f 102/327/81 103/326/81 91/325/81 90/324/81
f 103/331/82 104/330/82 92/329/82 91/328/82
f 104/335/83 105/334/83 93/333/83 92/332/83
f 105/339/84 106/338/84 94/337/84 93/336/84
f 106/343/85 96/342/85 28/341/85 94/340/85
f 108/347/86 107/346/86 95/345/86 96/344/86
f 107/351/87 109/350/87 97/349/87 95/348/87
f 109/355/88 110/354/88 98/353/88 97/352/88
f 110/359/89 111/358/89 99/357/89 98/356/89
f 111/363/90 112/362/90 100/361/90 99/360/90
f 112/367/91 113/366/91 101/365/91 100/364/91
f 113/371/92 114/370/92 102/369/92 101/368/92
f 114/375/93 115/374/93 103/373/93 102/372/93
f 115/379/94 116/378/94 104/377/94 103/376/94
f 116/383/95 117/382/95 105/381/95 104/380/95
f 117/387/96 118/386/96 106/385/96 105/384/96
f 118/391/97 108/390/97 96/389/97 106/388/97
f 65/499/123 149/498/123 64/497/123
f 80/502/124 150/501/124 65/500/124
f 81/505/125 151/504/125 80/503/125
f 153/508/126 152/507/126 81/506/126
f 157/512/127 156/511/127 155/510/127 154/509/127
f 154/516/128 155/515/128 159/514/128 158/513/128
f 158/520/129 159/519/129 82/518/129 160/517/129
f 160/524/130 82/523/130 67/522/130 68/521/130
f 154/527/131 158/526/131 161/525/131
f 158/530/132 160/529/132 162/528/132
f 75/533/133 76/532/133 163/531/133
f 157/536/134 154/535/134 163/534/134
f 162/539/135 160/538/135 68/537/135
f 162/542/136 68/541/136 64/540/136
f 151/545/137 163/544/137 161/543/137
f 161/548/138 163/547/138 154/546/138
f 150/551/139 161/550/139 162/549/139
f 162/554/140 161/553/140 158/552/140
f 151/557/141 152/556/141 163/555/141
f 151/560/142 164/559/142 80/558/142
f 150/563/143 149/562/143 65/561/143
f 150/566/144 164/565/144 161/564/144
f 150/569/145 80/568/145 164/567/145
f 151/572/146 161/571/146 164/570/146
f 75/575/147 163/574/147 152/573/147
f 151/578/148 81/577/148 152/576/148
f 150/581/149 162/580/149 149/579/149
f 149/584/150 162/583/150 64/582/150
f 83/659/171 173/658/171 66/657/171 67/656/171
f 173/663/172 174/662/172 69/661/172 66/660/172
f 174/667/173 175/666/173 70/665/173 69/664/173
f 175/671/174 176/670/174 71/669/174 70/668/174
f 176/675/175 177/674/175 72/673/175 71/672/175
f 177/679/176 178/678/176 73/677/176 72/676/176
f 178/682/177 179/681/177 73/680/177
f 179/686/178 180/685/178 77/684/178 74/683/178
f 180/690/179 181/689/179 155/688/179 156/687/179
f 181/694/180 182/693/180 159/692/180 155/691/180
f 182/698/181 84/697/181 82/696/181 159/695/181
f 184/702/182 183/701/182 83/700/182 84/699/182
f 183/706/183 185/705/183 173/704/183 83/703/183
f 185/710/184 186/709/184 174/708/184 173/707/184
f 186/714/185 187/713/185 175/712/185 174/711/185
f 187/718/186 188/717/186 176/716/186 175/715/186
f 188/722/187 189/721/187 177/720/187 176/719/187
f 189/726/188 190/725/188 178/724/188 177/723/188
f 190/730/189 191/729/189 179/728/189 178/727/189
f 191/734/190 192/733/190 180/732/190 179/731/190
f 192/738/191 193/737/191 181/736/191 180/735/191
f 193/742/192 194/741/192 182/740/192 181/739/192
f 194/746/193 184/745/193 84/744/193 182/743/193
f 196/750/194 195/749/194 183/748/194 184/747/194
f 195/754/195 197/753/195 185/752/195 183/751/195
f 197/758/196 198/757/196 186/756/196 185/755/196
f 198/762/197 199/761/197 187/760/197 186/759/197
f 199/766/198 200/765/198 188/764/198 187/763/198
f 200/770/199 201/769/199 189/768/199 188/767/199
f 201/774/200 202/773/200 190/772/200 189/771/200
f 202/778/201 203/777/201 191/776/201 190/775/201
f 203/782/202 204/781/202 192/780/202 191/779/202
f 204/786/203 205/785/203 193/784/203 192/783/203
f 205/790/204 206/789/204 194/788/204 193/787/204
f 206/794/205 196/793/205 184/792/205 194/791/205
f 208/798/206 207/797/206 195/796/206 196/795/206
f 207/802/207 209/801/207 197/800/207 195/799/207
f 209/806/208 210/805/208 198/804/208 197/803/208
f 210/810/209 211/809/209 199/808/209 198/807/209
f 211/814/210 212/813/210 200/812/210 199/811/210
f 212/818/211 213/817/211 201/816/211 200/815/211
f 213/822/212 214/821/212 202/820/212 201/819/212
f 214/826/213 215/825/213 203/824/213 202/823/213
f 215/830/214 216/829/214 204/828/214 203/827/214
f 216/834/215 217/833/215 205/832/215 204/831/215
f 217/838/216 218/837/216 206/836/216 205/835/216
f 218/842/217 208/841/217 196/840/217 206/839/217
f 218/854/218 217/853/218 216/852/218 215/851/218 214/850/218 213/849/218 212/848/218 211/847/218 210/846/218 209/845/218 207/844/218 208/843/218
f 157/858/219 220/857/219 219/856/219 156/855/219
f 220/862/220 76/861/220 77/860/220 219/859/220
f 153/866/221 81/865/221 61/864/221 62/863/221
f 79/870/222 153/869/222 62/868/222 78/867/222
f 58/873/223 60/872/223 47/871/223
f 48/876/224 59/875/224 78/874/224
f 79/879/225 75/878/225 152/877/225
f 163/882/226 76/881/226 220/880/226
f 219/885/227 77/884/227 180/883/227
f 179/888/228 74/887/228 73/886/228
f 163/891/229 220/890/229 157/889/229
f 156/894/230 219/893/230 180/892/230
f 153/897/231 79/896/231 152/895/231
f 48/900/232 78/899/232 62/898/232
usemtl mat8
f 120/395/98 119/394/98 107/393/98 108/392/98
f 119/399/99 121/398/99 109/397/99 107/396/99
f 121/403/100 122/402/100 110/401/100 109/400/100
f 122/407/101 123/406/101 111/405/101 110/404/101
f 123/411/102 124/410/102 112/409/102 111/408/102
f 124/415/103 125/414/103 113/413/103 112/412/103
f 125/419/104 126/418/104 114/417/104 113/416/104
f 126/423/105 127/422/105 115/421/105 114/420/105
f 127/428/106 129/427/106 128/426/106 116/425/106 115/424/106
f 128/433/107 131/432/107 130/431/107 117/430/107 116/429/107
f 130/437/108 132/436/108 118/435/108 117/434/108
f 132/441/109 120/440/109 108/439/109 118/438/109
f 134/445/110 133/444/110 119/443/110 120/442/110
f 133/449/111 135/448/111 121/447/111 119/446/111
f 135/454/112 137/453/112 136/452/112 122/451/112 121/450/112
f 136/459/113 139/458/113 138/457/113 123/456/113 122/455/113
f 138/463/114 140/462/114 124/461/114 123/460/114
f 140/467/115 141/466/115 125/465/115 124/464/115
f 141/471/116 142/470/116 126/469/116 125/468/116
f 142/475/117 143/474/117 127/473/117 126/472/117
f 143/480/118 145/479/118 144/478/118 129/477/118 127/476/118
f 146/483/119 131/482/119 128/481/119
f 148/487/120 147/486/120 132/485/120 130/484/120
f 147/491/121 134/490/121 120/489/121 132/488/121
f 147/496/122 148/495/122 135/494/122 133/493/122 134/492/122
f 148/589/151 166/588/151 165/587/151 137/586/151 135/585/151
f 143/594/152 142/593/152 141/592/152 140/591/152 138/590/152
f 165/600/153 168/599/153 167/598/153 139/597/153 136/596/153 137/595/153
f 167/605/154 145/604/154 143/603/154 138/602/154 139/601/154
f 168/608/155 169/607/155 167/606/155
f 144/611/156 128/610/156 129/609/156
f 146/616/157 166/615/157 148/614/157 130/613/157 131/612/157
f 170/619/158 165/618/158 166/617/158
f 169/622/159 144/621/159 145/620/159
f 168/625/160 171/624/160 169/623/160
f 171/628/161 146/627/161 172/626/161
f 144/631/162 172/630/162 128/629/162
f 128/634/163 172/633/163 146/632/163
f 169/637/164 145/636/164 167/635/164
f 170/640/165 168/639/165 165/638/165
f 172/643/166 144/642/166 169/641/166
f 171/646/167 170/645/167 146/644/167
f 170/649/168 166/648/168 146/647/168
f 171/652/169 168/651/169 170/650/169
f 172/655/170 169/654/170 171/653/170
o group1385939980
g mesh1385939980
usemtl mat23
f 224/904/233 223/903/233 222/902/233 221/901/233
f 223/908/234 226/907/234 225/906/234 222/905/234
f 226/912/235 228/911/235 227/910/235 225/909/235
f 228/916/236 230/915/236 229/914/236 227/913/236
f 230/920/237 232/919/237 231/918/237 229/917/237
f 232/924/238 234/923/238 233/922/238 231/921/238
f 234/928/239 236/927/239 235/926/239 233/925/239
f 236/932/240 238/931/240 237/930/240 235/929/240
f 238/936/241 240/935/241 239/934/241 237/933/241
f 240/940/242 242/939/242 241/938/242 239/937/242
f 242/944/243 244/943/243 243/942/243 241/941/243
f 244/948/244 224/947/244 221/946/244 243/945/244
f 246/952/245 245/951/245 241/950/245 243/949/245
f 248/956/246 247/955/246 223/954/246 224/953/246
f 247/960/247 249/959/247 226/958/247 223/957/247
f 249/964/248 250/963/248 228/962/248 226/961/248
f 250/968/249 251/967/249 230/966/249 228/965/249
f 251/972/250 252/971/250 232/970/250 230/969/250
f 252/976/251 253/975/251 234/974/251 232/973/251
f 253/980/252 254/979/252 236/978/252 234/977/252
f 254/984/253 255/983/253 238/982/253 236/981/253
f 255/988/254 256/987/254 240/986/254 238/985/254
f 256/992/255 257/991/255 242/990/255 240/989/255
f 257/996/256 258/995/256 244/994/256 242/993/256
f 258/1000/257 248/999/257 224/998/257 244/997/257
f 260/1004/258 259/1003/258 247/1002/258 248/1001/258
f 259/1008/259 261/1007/259 249/1006/259 247/1005/259
f 261/1012/260 262/1011/260 250/1010/260 249/1009/260
f 262/1016/261 263/1015/261 251/1014/261 250/1013/261
f 263/1020/262 264/1019/262 252/1018/262 251/1017/262
f 264/1024/263 265/1023/263 253/1022/263 252/1021/263
f 265/1028/264 266/1027/264 254/1026/264 253/1025/264
f 266/1032/265 267/1031/265 255/1030/265 254/1029/265
f 267/1036/266 268/1035/266 256/1034/266 255/1033/266
f 268/1040/267 269/1039/267 257/1038/267 256/1037/267
f 269/1044/268 270/1043/268 258/1042/268 257/1041/268
f 270/1048/269 260/1047/269 248/1046/269 258/1045/269
f 272/1052/270 271/1051/270 259/1050/270 260/1049/270
f 271/1056/271 273/1055/271 261/1054/271 259/1053/271
f 273/1060/272 274/1059/272 262/1058/272 261/1057/272
f 274/1064/273 275/1063/273 263/1062/273 262/1061/273
f 275/1068/274 276/1067/274 264/1066/274 263/1065/274
f 276/1072/275 277/1071/275 265/1070/275 264/1069/275
f 277/1076/276 278/1075/276 266/1074/276 265/1073/276
f 278/1080/277 279/1079/277 267/1078/277 266/1077/277
f 279/1084/278 280/1083/278 268/1082/278 267/1081/278
f 280/1088/279 281/1087/279 269/1086/279 268/1085/279
f 281/1092/280 282/1091/280 270/1090/280 269/1089/280
f 282/1096/281 272/1095/281 260/1094/281 270/1093/281
f 284/1100/282 283/1099/282 271/1098/282 272/1097/282
f 283/1104/283 285/1103/283 273/1102/283 271/1101/283
f 285/1108/284 286/1107/284 274/1106/284 273/1105/284
f 286/1112/285 287/1111/285 275/1110/285 274/1109/285
f 287/1116/286 288/1115/286 276/1114/286 275/1113/286
f 288/1120/287 289/1119/287 277/1118/287 276/1117/287
f 289/1124/288 290/1123/288 278/1122/288 277/1121/288
f 290/1128/289 291/1127/289 279/1126/289 278/1125/289
f 291/1132/290 292/1131/290 280/1130/290 279/1129/290
f 292/1136/291 293/1135/291 281/1134/291 280/1133/291
f 293/1140/292 294/1139/292 282/1138/292 281/1137/292
f 294/1144/293 284/1143/293 272/1142/293 282/1141/293
f 296/1148/294 295/1147/294 283/1146/294 284/1145/294
f 295/1152/295 297/1151/295 285/1150/295 283/1149/295
f 297/1156/296 298/1155/296 286/1154/296 285/1153/296
f 298/1160/297 299/1159/297 287/1158/297 286/1157/297
f 299/1164/298 300/1163/298 288/1162/298 287/1161/298
f 300/1168/299 301/1167/299 289/1166/299 288/1165/299
f 301/1172/300 302/1171/300 290/1170/300 289/1169/300
f 302/1176/301 303/1175/301 291/1174/301 290/1173/301
f 303/1180/302 304/1179/302 292/1178/302 291/1177/302
f 304/1184/303 305/1183/303 293/1182/303 292/1181/303
f 305/1188/304 306/1187/304 294/1186/304 293/1185/304
f 306/1192/305 296/1191/305 284/1190/305 294/1189/305
f 306/1204/306 305/1203/306 304/1202/306 303/1201/306 302/1200/306 301/1199/306 300/1198/306 299/1197/306 298/1196/306 297/1195/306 295/1194/306 296/1193/306
f 245/1208/307 307/1207/307 239/1206/307 241/1205/307
f 307/1212/308 308/1211/308 237/1210/308 239/1209/308
f 308/1216/309 309/1215/309 235/1214/309 237/1213/309
f 309/1220/310 310/1219/310 233/1218/310 235/1217/310
f 310/1224/311 311/1223/311 231/1222/311 233/1221/311
f 311/1228/312 312/1227/312 229/1226/312 231/1225/312
f 312/1232/313 313/1231/313 227/1230/313 229/1229/313
f 313/1236/314 314/1235/314 225/1234/314 227/1233/314
f 314/1240/315 315/1239/315 222/1238/315 225/1237/315
f 315/1244/316 316/1243/316 221/1242/316 222/1241/316
f 316/1248/317 246/1247/317 243/1246/317 221/1245/317
f 318/1252/318 317/1251/318 245/1250/318 246/1249/318
f 317/1256/319 319/1255/319 307/1254/319 245/1253/319
f 319/1260/320 320/1259/320 308/1258/320 307/1257/320
f 320/1264/321 321/1263/321 309/1262/321 308/1261/321
f 321/1268/322 322/1267/322 310/1266/322 309/1265/322
f 322/1272/323 323/1271/323 311/1270/323 310/1269/323
f 323/1276/324 324/1275/324 312/1274/324 311/1273/324
f 324/1280/325 325/1279/325 313/1278/325 312/1277/325
f 325/1284/326 326/1283/326 314/1282/326 313/1281/326
f 326/1288/327 327/1287/327 315/1286/327 314/1285/327
f 327/1292/328 328/1291/328 316/1290/328 315/1289/328
f 328/1296/329 318/1295/329 246/1294/329 316/1293/329
f 330/1300/330 329/1299/330 317/1298/330 318/1297/330
f 329/1304/331 331/1303/331 319/1302/331 317/1301/331
f 331/1308/332 332/1307/332 320/1306/332 319/1305/332
f 332/1312/333 333/1311/333 321/1310/333 320/1309/333
f 333/1316/334 334/1315/334 322/1314/334 321/1313/334
f 334/1320/335 335/1319/335 323/1318/335 322/1317/335
f 335/1324/336 336/1323/336 324/1322/336 323/1321/336
f 336/1328/337 337/1327/337 325/1326/337 324/1325/337
f 337/1332/338 338/1331/338 326/1330/338 325/1329/338
f 338/1336/339 339/1335/339 327/1334/339 326/1333/339
f 339/1340/340 340/1339/340 328/1338/340 327/1337/340
f 340/1344/341 330/1343/341 318/1342/341 328/1341/341
f 342/1348/342 341/1347/342 329/1346/342 330/1345/342
f 341/1352/343 343/1351/343 331/1350/343 329/1349/343
f 343/1356/344 344/1355/344 332/1354/344 331/1353/344
f 344/1360/345 345/1359/345 333/1358/345 332/1357/345
f 345/1364/346 346/1363/346 334/1362/346 333/1361/346
f 346/1368/347 347/1367/347 335/1366/347 334/1365/347
f 347/1372/348 348/1371/348 336/1370/348 335/1369/348
f 348/1376/349 349/1375/349 337/1374/349 336/1373/349
f 349/1380/350 350/1379/350 338/1378/350 337/1377/350
f 350/1384/351 351/1383/351 339/1382/351 338/1381/351
f 351/1388/352 352/1387/352 340/1386/352 339/1385/352
f 352/1392/353 342/1391/353 330/1390/353 340/1389/353
f 352/1404/354 351/1403/354 350/1402/354 349/1401/354 348/1400/354 347/1399/354 346/1398/354 345/1397/354 344/1396/354 343/1395/354 341/1394/354 342/1393/354
o group2002455986
g mesh2002455986
usemtl mat23
f 356/1408/355 355/1407/355 354/1406/355 353/1405/355
f 355/1412/356 358/1411/356 357/1410/356 354/1409/356
f 358/1416/357 360/1415/357 359/1414/357 357/1413/357
f 360/1420/358 362/1419/358 361/1418/358 359/1417/358
f 362/1424/359 364/1423/359 363/1422/359 361/1421/359
f 364/1428/360 366/1427/360 365/1426/360 363/1425/360
f 366/1431/361 367/1430/361 365/1429/361
f 356/1434/362 353/1433/362 367/1432/362
f 353/1441/363 354/1440/363 357/1439/363 359/1438/363 361/1437/363 363/1436/363 365/1435/363
f 369/1444/364 368/1443/364 355/1442/364
f 366/1447/365 356/1446/365 367/1445/365
f 365/1450/366 367/1449/366 353/1448/366
f 368/1453/367 370/1452/367 358/1451/367
f 370/1456/368 371/1455/368 358/1454/368
f 371/1459/369 372/1458/369 362/1457/369
f 372/1462/370 373/1461/370 362/1460/370
f 373/1465/371 374/1464/371 364/1463/371
f 374/1469/372 369/1468/372 356/1467/372 366/1466/372
f 376/1473/373 375/1472/373 368/1471/373 369/1470/373
f 375/1477/374 377/1476/374 370/1475/374 368/1474/374
f 377/1481/375 378/1480/375 371/1479/375 370/1478/375
f 378/1485/376 379/1484/376 372/1483/376 371/1482/376
f 379/1489/377 380/1488/377 373/1487/377 372/1486/377
f 380/1493/378 381/1492/378 374/1491/378 373/1490/378
f 381/1497/379 376/1496/379 369/1495/379 374/1494/379
f 381/1504/380 380/1503/380 379/1502/380 378/1501/380 377/1500/380 375/1499/380 376/1498/380
f 374/1507/381 366/1506/381 364/1505/381
f 355/1510/382 356/1509/382 369/1508/382
f 373/1513/383 364/1512/383 362/1511/383
f 358/1516/384 355/1515/384 368/1514/384
f 371/1519/385 360/1518/385 358/1517/385
f 362/1522/386 360/1521/386 371/1520/386
o group851075934
g mesh851075934
usemtl mat23
f 385/1526/387 384/1525/387 383/1524/387 382/1523/387
f 384/1530/388 387/1529/388 386/1528/388 383/1527/388
f 387/1534/389 389/1533/389 388/1532/389 386/1531/389
f 389/1538/390 391/1537/390 390/1536/390 388/1535/390
f 391/1542/391 393/1541/391 392/1540/391 390/1539/391
f 393/1546/392 395/1545/392 394/1544/392 392/1543/392
f 395/1549/393 396/1548/393 394/1547/393
f 396/1552/394 385/1551/394 382/1550/394
f 395/1559/395 393/1558/395 391/1557/395 389/1556/395 387/1555/395 384/1554/395 385/1553/395
f 383/1562/396 398/1561/396 397/1560/396
f 396/1565/397 382/1564/397 394/1563/397
f 385/1568/398 396/1567/398 395/1566/398
f 386/1571/399 399/1570/399 398/1569/399
f 386/1574/400 400/1573/400 399/1572/400
f 390/1577/401 401/1576/401 400/1575/401
f 390/1580/402 402/1579/402 401/1578/402
f 392/1583/403 403/1582/403 402/1581/403
f 394/1587/404 382/1586/404 397/1585/404 403/1584/404
f 397/1591/405 398/1590/405 405/1589/405 404/1588/405
f 398/1595/406 399/1594/406 406/1593/406 405/1592/406
f 399/1599/407 400/1598/407 407/1597/407 406/1596/407
f 400/1603/408 401/1602/408 408/1601/408 407/1600/408
f 401/1607/409 402/1606/409 409/1605/409 408/1604/409
f 402/1611/410 403/1610/410 410/1609/410 409/1608/410
f 403/1615/411 397/1614/411 404/1613/411 410/1612/411
f 404/1622/412 405/1621/412 406/1620/412 407/1619/412 408/1618/412 409/1617/412 410/1616/412
f 392/1625/413 394/1624/413 403/1623/413
f 397/1628/414 382/1627/414 383/1626/414
f 390/1631/415 392/1630/415 402/1629/415
f 398/1634/416 383/1633/416 386/1632/416
f 386/1637/417 388/1636/417 400/1635/417
f 400/1640/418 388/1639/418 390/1638/418
o group7303660
g mesh7303660
usemtl mat23
f 414/1644/419 413/1643/419 412/1642/419 411/1641/419
f 417/1648/420 416/1647/420 415/1646/420 412/1645/420
f 420/1652/421 419/1651/421 418/1650/421 415/1649/421
f 423/1656/422 422/1655/422 421/1654/422 418/1653/422
f 426/1660/423 425/1659/423 424/1658/423 421/1657/423
f 429/1664/424 428/1663/424 427/1662/424 424/1661/424
f 432/1668/425 431/1667/425 430/1666/425 427/1665/425
f 435/1672/426 434/1671/426 433/1670/426 430/1669/426
f 438/1676/427 437/1675/427 436/1674/427 433/1673/427
f 441/1680/428 440/1679/428 439/1678/428 436/1677/428
f 444/1684/429 443/1683/429 442/1682/429 439/1681/429
f 446/1688/430 445/1687/430 411/1686/430 442/1685/430
f 411/1700/431 412/1699/431 415/1698/431 418/1697/431 421/1696/431 424/1695/431 427/1694/431 430/1693/431 433/1692/431 436/1691/431 439/1690/431 442/1689/431
f 458/1712/432 457/1711/432 456/1710/432 455/1709/432 454/1708/432 453/1707/432 452/1706/432 451/1705/432 450/1704/432 449/1703/432 448/1702/432 447/1701/432
f 425/1716/433 459/1715/433 452/1714/433 424/1713/433
f 459/1720/434 460/1719/434 451/1718/434 452/1717/434
f 460/1724/435 426/1723/435 421/1722/435 451/1721/435
f 460/1728/436 459/1727/436 425/1726/436 426/1725/436
f 428/1732/437 461/1731/437 453/1730/437 427/1729/437
f 461/1736/438 462/1735/438 452/1734/438 453/1733/438
f 462/1740/439 429/1739/439 424/1738/439 452/1737/439
f 462/1744/440 461/1743/440 428/1742/440 429/1741/440
f 431/1748/441 463/1747/441 454/1746/441 430/1745/441
f 463/1752/442 464/1751/442 453/1750/442 454/1749/442
f 464/1756/443 432/1755/443 427/1754/443 453/1753/443
f 464/1760/444 463/1759/444 431/1758/444 432/1757/444
f 434/1764/445 465/1763/445 455/1762/445 433/1761/445
f 465/1768/446 466/1767/446 454/1766/446 455/1765/446
f 466/1772/447 435/1771/447 430/1770/447 454/1769/447
f 466/1776/448 465/1775/448 434/1774/448 435/1773/448
f 437/1780/449 467/1779/449 456/1778/449 436/1777/449
f 467/1784/450 468/1783/450 455/1782/450 456/1781/450
f 468/1788/451 438/1787/451 433/1786/451 455/1785/451
f 468/1792/452 467/1791/452 437/1790/452 438/1789/452
f 440/1796/453 469/1795/453 457/1794/453 439/1793/453
f 469/1800/454 470/1799/454 456/1798/454 457/1797/454
f 470/1804/455 441/1803/455 436/1802/455 456/1801/455
f 470/1808/456 469/1807/456 440/1806/456 441/1805/456
f 443/1812/457 471/1811/457 458/1810/457 442/1809/457
f 471/1816/458 472/1815/458 457/1814/458 458/1813/458
f 472/1820/459 444/1819/459 439/1818/459 457/1817/459
f 472/1824/460 471/1823/460 443/1822/460 444/1821/460
f 445/1828/461 473/1827/461 447/1826/461 411/1825/461
f 473/1832/462 474/1831/462 458/1830/462 447/1829/462
f 474/1836/463 446/1835/463 442/1834/463 458/1833/463
f 474/1840/464 473/1839/464 445/1838/464 446/1837/464
f 413/1844/465 475/1843/465 448/1842/465 412/1841/465
f 475/1848/466 476/1847/466 447/1846/466 448/1845/466
f 476/1852/467 414/1851/467 411/1850/467 447/1849/467
f 476/1856/468 475/1855/468 413/1854/468 414/1853/468
f 416/1860/469 477/1859/469 449/1858/469 415/1857/469
f 477/1864/470 478/1863/470 448/1862/470 449/1861/470
f 478/1868/471 417/1867/471 412/1866/471 448/1865/471
f 478/1872/472 477/1871/472 416/1870/472 417/1869/472
f 419/1876/473 479/1875/473 450/1874/473 418/1873/473
f 479/1880/474 480/1879/474 449/1878/474 450/1877/474
f 480/1884/475 420/1883/475 415/1882/475 449/1881/475
f 480/1888/476 479/1887/476 419/1886/476 420/1885/476
f 422/1892/477 481/1891/477 451/1890/477 421/1889/477
f 481/1896/478 482/1895/478 450/1894/478 451/1893/478
f 482/1900/479 423/1899/479 418/1898/479 450/1897/479
f 482/1904/480 481/1903/480 422/1902/480 423/1901/480
o group1967025808
g mesh1967025808
usemtl mat16
f 486/1908/481 485/1907/481 484/1906/481 483/1905/481
f 485/1912/482 488/1911/482 487/1910/482 484/1909/482
f 488/1916/483 490/1915/483 489/1914/483 487/1913/483
f 490/1920/484 492/1919/484 491/1918/484 489/1917/484
f 492/1924/485 494/1923/485 493/1922/485 491/1921/485
f 494/1930/486 498/1929/486 497/1928/486 496/1927/486 495/1926/486 493/1925/486
f 496/1934/487 500/1933/487 499/1932/487 495/1931/487
f 500/1940/488 504/1939/488 503/1938/488 502/1937/488 501/1936/488 499/1935/488
f 502/1944/489 506/1943/489 505/1942/489 501/1941/489
f 506/1948/490 508/1947/490 507/1946/490 505/1945/490
f 508/1952/491 510/1951/491 509/1950/491 507/1949/491
f 510/1956/492 486/1955/492 483/1954/492 509/1953/492
f 483/1968/493 484/1967/493 487/1966/493 489/1965/493 491/1964/493 493/1963/493 495/1962/493 499/1961/493 501/1960/493 505/1959/493 507/1958/493 509/1957/493
f 510/1980/494 508/1979/494 506/1978/494 502/1977/494 503/1976/494 498/1975/494 494/1974/494 492/1973/494 490/1972/494 488/1971/494 485/1970/494 486/1969/494
f 497/1984/495 498/1983/495 503/1982/495 504/1981/495
f 512/1988/496 511/1987/496 504/1986/496 500/1985/496
f 511/1992/497 513/1991/497 497/1990/497 504/1989/497
f 513/1996/498 514/1995/498 496/1994/498 497/1993/498
f 514/2000/499 512/1999/499 500/1998/499 496/1997/499
f 514/2004/500 513/2003/500 511/2002/500 512/2001/500
o group479753504
g mesh479753504
usemtl mat23
f 518/2008/501 517/2007/501 516/2006/501 515/2005/501
f 521/2012/502 520/2011/502 519/2010/502 516/2009/502
f 524/2016/503 523/2015/503 522/2014/503 519/2013/503
f 527/2020/504 526/2019/504 525/2018/504 522/2017/504
f 530/2024/505 529/2023/505 528/2022/505 525/2021/505
f 533/2028/506 532/2027/506 531/2026/506 528/2025/506
f 536/2032/507 535/2031/507 534/2030/507 531/2029/507
f 539/2036/508 538/2035/508 537/2034/508 534/2033/508
f 542/2040/509 541/2039/509 540/2038/509 537/2037/509
f 545/2044/510 544/2043/510 543/2042/510 540/2041/510
f 548/2048/511 547/2047/511 546/2046/511 543/2045/511
f 550/2052/512 549/2051/512 515/2050/512 546/2049/512
f 515/2064/513 516/2063/513 519/2062/513 522/2061/513 525/2060/513 528/2059/513 531/2058/513 534/2057/513 537/2056/513 540/2055/513 543/2054/513 546/2053/513
f 562/2076/514 561/2075/514 560/2074/514 559/2073/514 558/2072/514 557/2071/514 556/2070/514 555/2069/514 554/2068/514 553/2067/514 552/2066/514 551/2065/514
f 532/2080/515 563/2079/515 557/2078/515 531/2077/515
f 563/2084/516 564/2083/516 556/2082/516 557/2081/516
f 564/2088/517 533/2087/517 528/2086/517 556/2085/517
f 564/2092/518 563/2091/518 532/2090/518 533/2089/518
f 535/2096/519 565/2095/519 558/2094/519 534/2093/519
f 565/2100/520 566/2099/520 557/2098/520 558/2097/520
f 566/2104/521 536/2103/521 531/2102/521 557/2101/521
f 566/2108/522 565/2107/522 535/2106/522 536/2105/522
f 538/2112/523 567/2111/523 559/2110/523 537/2109/523
f 567/2116/524 568/2115/524 558/2114/524 559/2113/524
f 568/2120/525 539/2119/525 534/2118/525 558/2117/525
f 568/2124/526 567/2123/526 538/2122/526 539/2121/526
f 529/2128/527 569/2127/527 556/2126/527 528/2125/527
f 569/2132/528 570/2131/528 555/2130/528 556/2129/528
f 570/2136/529 530/2135/529 525/2134/529 555/2133/529
f 570/2140/530 569/2139/530 529/2138/530 530/2137/530
f 526/2144/531 571/2143/531 555/2142/531 525/2141/531
f 571/2148/532 572/2147/532 554/2146/532 555/2145/532
f 572/2152/533 527/2151/533 522/2150/533 554/2149/533
f 572/2156/534 571/2155/534 526/2154/534 527/2153/534
f 523/2160/535 573/2159/535 554/2158/535 522/2157/535
f 573/2164/536 574/2163/536 553/2162/536 554/2161/536
f 574/2168/537 524/2167/537 519/2166/537 553/2165/537
f 574/2172/538 573/2171/538 523/2170/538 524/2169/538
f 520/2176/539 575/2175/539 553/2174/539 519/2173/539
f 575/2180/540 576/2179/540 552/2178/540 553/2177/540
f 576/2184/541 521/2183/541 516/2182/541 552/2181/541
f 576/2188/542 575/2187/542 520/2186/542 521/2185/542
f 517/2192/543 577/2191/543 552/2190/543 516/2189/543
f 577/2196/544 578/2195/544 551/2194/544 552/2193/544
f 578/2200/545 518/2199/545 515/2198/545 551/2197/545
f 578/2204/546 577/2203/546 517/2202/546 518/2201/546
f 549/2208/547 579/2207/547 551/2206/547 515/2205/547
f 579/2212/548 580/2211/548 562/2210/548 551/2209/548
f 580/2216/549 550/2215/549 546/2214/549 562/2213/549
f 580/2220/550 579/2219/550 549/2218/550 550/2217/550
f 547/2224/551 581/2223/551 562/2222/551 546/2221/551
f 581/2228/552 582/2227/552 561/2226/552 562/2225/552
f 582/2232/553 548/2231/553 543/2230/553 561/2229/553
f 582/2236/554 581/2235/554 547/2234/554 548/2233/554
f 544/2240/555 583/2239/555 561/2238/555 543/2237/555
f 583/2244/556 584/2243/556 560/2242/556 561/2241/556
f 584/2248/557 545/2247/557 540/2246/557 560/2245/557
f 584/2252/558 583/2251/558 544/2250/558 545/2249/558
f 541/2256/559 585/2255/559 560/2254/559 540/2253/559
f 585/2260/560 586/2259/560 559/2258/560 560/2257/560
f 586/2264/561 542/2263/561 537/2262/561 559/2261/561
f 586/2268/562 585/2267/562 541/2266/562 542/2265/562
o group381353089
g mesh381353089
usemtl mat15
f 590/2272/563 589/2271/563 588/2270/563 587/2269/563
f 589/2276/564 592/2275/564 591/2274/564 588/2273/564
f 592/2280/565 594/2279/565 593/2278/565 591/2277/565
f 594/2284/566 596/2283/566 595/2282/566 593/2281/566
f 596/2288/567 598/2287/567 597/2286/567 595/2285/567
f 598/2292/568 600/2291/568 599/2290/568 597/2289/568
f 600/2296/569 602/2295/569 601/2294/569 599/2293/569
f 602/2300/570 604/2299/570 603/2298/570 601/2297/570
f 604/2304/571 606/2303/571 605/2302/571 603/2301/571
f 606/2308/572 608/2307/572 607/2306/572 605/2305/572
f 608/2312/573 610/2311/573 609/2310/573 607/2309/573
f 610/2316/574 590/2315/574 587/2314/574 609/2313/574
f 587/2328/575 588/2327/575 591/2326/575 593/2325/575 595/2324/575 597/2323/575 599/2322/575 601/2321/575 603/2320/575 605/2319/575 607/2318/575 609/2317/575
f 610/2340/576 608/2339/576 606/2338/576 604/2337/576 602/2336/576 600/2335/576 598/2334/576 596/2333/576 594/2332/576 592/2331/576 589/2330/576 590/2329/576
o group108577342
g mesh108577342
usemtl mat15
f 616/2346/577 615/2345/577 614/2344/577 613/2343/577 612/2342/577 611/2341/577
f 622/2352/578 621/2351/578 620/2350/578 619/2349/578 618/2348/578 617/2347/578
f 612/2356/579 622/2355/579 617/2354/579 611/2353/579
f 618/2360/580 619/2359/580 615/2358/580 616/2357/580
f 617/2364/581 618/2363/581 616/2362/581 611/2361/581
f 624/2368/582 623/2367/582 622/2366/582 612/2365/582
f 614/2372/583 615/2371/583 619/2370/583 620/2369/583
f 613/2376/584 614/2375/584 620/2374/584 621/2373/584
f 623/2381/585 626/2380/585 625/2379/585 621/2378/585 622/2377/585
f 625/2385/586 627/2384/586 613/2383/586 621/2382/586
f 627/2390/587 628/2389/587 624/2388/587 612/2387/587 613/2386/587
f 628/2394/588 626/2393/588 623/2392/588 624/2391/588
f 630/2398/589 629/2397/589 628/2396/589 627/2395/589
f 629/2402/590 631/2401/590 626/2400/590 628/2399/590
f 631/2406/591 632/2405/591 625/2404/591 626/2403/591
f 632/2410/592 630/2409/592 627/2408/592 625/2407/592
f 632/2414/593 631/2413/593 629/2412/593 630/2411/593
o group1719649299
g mesh1719649299
usemtl mat5
f 636/2418/594 635/2417/594 634/2416/594 633/2415/594
f 635/2422/595 638/2421/595 637/2420/595 634/2419/595
f 638/2426/596 640/2425/596 639/2424/596 637/2423/596
f 640/2430/597 642/2429/597 641/2428/597 639/2427/597
f 642/2434/598 644/2433/598 643/2432/598 641/2431/598
f 644/2438/599 646/2437/599 645/2436/599 643/2435/599
f 646/2442/600 648/2441/600 647/2440/600 645/2439/600
f 648/2446/601 650/2445/601 649/2444/601 647/2443/601
f 650/2450/602 652/2449/602 651/2448/602 649/2447/602
f 652/2454/603 654/2453/603 653/2452/603 651/2451/603
f 654/2458/604 656/2457/604 655/2456/604 653/2455/604
f 656/2462/605 636/2461/605 633/2460/605 655/2459/605
f 633/2474/606 634/2473/606 637/2472/606 639/2471/606 641/2470/606 643/2469/606 645/2468/606 647/2467/606 649/2466/606 651/2465/606 653/2464/606 655/2463/606
f 656/2486/607 654/2485/607 652/2484/607 650/2483/607 648/2482/607 646/2481/607 644/2480/607 642/2479/607 640/2478/607 638/2477/607 635/2476/607 636/2475/607
o group299692870
g mesh299692870
usemtl mat15
f 660/2490/608 659/2489/608 658/2488/608 657/2487/608
f 664/2494/609 663/2493/609 662/2492/609 661/2491/609
f 658/2498/610 664/2497/610 661/2496/610 657/2495/610
f 662/2502/611 663/2501/611 659/2500/611 660/2499/611
f 661/2506/612 662/2505/612 660/2504/612 657/2503/612
f 659/2510/613 663/2509/613 664/2508/613 658/2507/613
o group1804859901
g mesh1804859901
usemtl mat15
f 668/2514/614 667/2513/614 666/2512/614 665/2511/614
f 671/2518/615 670/2517/615 669/2516/615 666/2515/615
f 674/2522/616 673/2521/616 672/2520/616 669/2519/616
f 677/2526/617 676/2525/617 675/2524/617 672/2523/617
f 680/2530/618 679/2529/618 678/2528/618 675/2527/618
f 683/2534/619 682/2533/619 681/2532/619 678/2531/619
f 686/2538/620 685/2537/620 684/2536/620 681/2535/620
f 689/2542/621 688/2541/621 687/2540/621 684/2539/621
f 692/2546/622 691/2545/622 690/2544/622 687/2543/622
f 695/2550/623 694/2549/623 693/2548/623 690/2547/623
f 698/2554/624 697/2553/624 696/2552/624 693/2551/624
f 700/2558/625 699/2557/625 665/2556/625 696/2555/625
f 702/2562/626 701/2561/626 693/2560/626 696/2559/626
f 714/2574/627 713/2573/627 712/2572/627 711/2571/627 710/2570/627 709/2569/627 708/2568/627 707/2567/627 706/2566/627 705/2565/627 704/2564/627 703/2563/627
f 720/2582/628 719/2581/628 718/2580/628 717/2579/628 716/2578/628 715/2577/628 711/2576/628 687/2575/628
f 715/2586/629 721/2585/629 710/2584/629 711/2583/629
f 721/2594/630 726/2593/630 725/2592/630 724/2591/630 723/2590/630 722/2589/630 684/2588/630 710/2587/630
f 723/2598/631 719/2597/631 720/2596/631 722/2595/631
f 732/2606/632 731/2605/632 730/2604/632 729/2603/632 728/2602/632 727/2601/632 710/2600/632 684/2599/632
f 727/2610/633 733/2609/633 709/2608/633 710/2607/633
f 733/2618/634 738/2617/634 737/2616/634 736/2615/634 735/2614/634 734/2613/634 681/2612/634 709/2611/634
f 735/2622/635 731/2621/635 732/2620/635 734/2619/635
f 740/2626/636 739/2625/636 712/2624/636 690/2623/636
f 739/2630/637 741/2629/637 711/2628/637 712/2627/637
f 741/2634/638 742/2633/638 687/2632/638 711/2631/638
f 741/2638/639 739/2637/639 740/2636/639 742/2635/639
f 744/2642/640 743/2641/640 713/2640/640 693/2639/640
f 743/2646/641 745/2645/641 712/2644/641 713/2643/641
f 745/2650/642 746/2649/642 690/2648/642 712/2647/642
f 745/2654/643 743/2653/643 744/2652/643 746/2651/643
f 752/2662/644 751/2661/644 750/2660/644 749/2659/644 748/2658/644 747/2657/644 714/2656/644 696/2655/644
f 747/2666/645 753/2665/645 713/2664/645 714/2663/645
f 753/2674/646 758/2673/646 757/2672/646 756/2671/646 755/2670/646 754/2669/646 693/2668/646 713/2667/646
f 755/2678/647 751/2677/647 752/2676/647 754/2675/647
f 764/2686/648 763/2685/648 762/2684/648 761/2683/648 760/2682/648 759/2681/648 703/2680/648 665/2679/648
f 759/2690/649 765/2689/649 714/2688/649 703/2687/649
f 765/2698/650 770/2697/650 769/2696/650 768/2695/650 767/2694/650 766/2693/650 696/2692/650 714/2691/650
f 767/2702/651 763/2701/651 764/2700/651 766/2699/651
f 776/2710/652 775/2709/652 774/2708/652 773/2707/652 772/2706/652 771/2705/652 704/2704/652 666/2703/652
f 771/2714/653 777/2713/653 703/2712/653 704/2711/653
f 777/2722/654 782/2721/654 781/2720/654 780/2719/654 779/2718/654 778/2717/654 665/2716/654 703/2715/654
f 779/2726/655 775/2725/655 776/2724/655 778/2723/655
f 788/2734/656 787/2733/656 786/2732/656 785/2731/656 784/2730/656 783/2729/656 705/2728/656 669/2727/656
f 783/2738/657 789/2737/657 704/2736/657 705/2735/657
f 789/2746/658 794/2745/658 793/2744/658 792/2743/658 791/2742/658 790/2741/658 666/2740/658 704/2739/658
f 791/2750/659 787/2749/659 788/2748/659 790/2747/659
f 800/2758/660 799/2757/660 798/2756/660 797/2755/660 796/2754/660 795/2753/660 706/2752/660 672/2751/660
f 795/2762/661 801/2761/661 705/2760/661 706/2759/661
f 801/2770/662 806/2769/662 805/2768/662 804/2767/662 803/2766/662 802/2765/662 669/2764/662 705/2763/662
f 803/2774/663 799/2773/663 800/2772/663 802/2771/663
f 812/2782/664 811/2781/664 810/2780/664 809/2779/664 808/2778/664 807/2777/664 707/2776/664 675/2775/664
f 807/2786/665 813/2785/665 706/2784/665 707/2783/665
f 813/2794/666 818/2793/666 817/2792/666 816/2791/666 815/2790/666 814/2789/666 672/2788/666 706/2787/666
f 815/2798/667 811/2797/667 812/2796/667 814/2795/667
f 824/2806/668 823/2805/668 822/2804/668 821/2803/668 820/2802/668 819/2801/668 708/2800/668 678/2799/668
f 819/2810/669 825/2809/669 707/2808/669 708/2807/669
f 825/2818/670 830/2817/670 829/2816/670 828/2815/670 827/2814/670 826/2813/670 675/2812/670 707/2811/670
f 827/2822/671 823/2821/671 824/2820/671 826/2819/671
f 836/2830/672 835/2829/672 834/2828/672 833/2827/672 832/2826/672 831/2825/672 709/2824/672 681/2823/672
f 831/2834/673 837/2833/673 708/2832/673 709/2831/673
f 837/2842/674 842/2841/674 841/2840/674 840/2839/674 839/2838/674 838/2837/674 678/2836/674 708/2835/674
f 839/2846/675 835/2845/675 836/2844/675 838/2843/675
f 724/2858/678 725/2857/678 717/2856/678 718/2855/678
f 726/2862/679 721/2861/679 715/2860/679 716/2859/679
f 736/2874/682 737/2873/682 729/2872/682 730/2871/682
f 738/2878/683 733/2877/683 727/2876/683 728/2875/683
f 840/2890/686 841/2889/686 833/2888/686 834/2887/686
f 842/2894/687 837/2893/687 831/2892/687 832/2891/687
f 828/2906/690 829/2905/690 821/2904/690 822/2903/690
f 830/2910/691 825/2909/691 819/2908/691 820/2907/691
f 816/2922/694 817/2921/694 809/2920/694 810/2919/694
f 818/2926/695 813/2925/695 807/2924/695 808/2923/695
f 804/2938/698 805/2937/698 797/2936/698 798/2935/698
f 806/2942/699 801/2941/699 795/2940/699 796/2939/699
f 792/2954/702 793/2953/702 785/2952/702 786/2951/702
f 794/2958/703 789/2957/703 783/2956/703 784/2955/703
f 780/2970/706 781/2969/706 773/2968/706 774/2967/706
f 782/2974/707 777/2973/707 771/2972/707 772/2971/707
f 768/2986/710 769/2985/710 761/2984/710 762/2983/710
f 770/2990/711 765/2989/711 759/2988/711 760/2987/711
f 756/3002/714 757/3001/714 749/3000/714 750/2999/714
f 758/3006/715 753/3005/715 747/3004/715 748/3003/715
f 701/3010/716 843/3009/716 690/3008/716 693/3007/716
f 843/3014/717 844/3013/717 687/3012/717 690/3011/717
f 844/3018/718 845/3017/718 684/3016/718 687/3015/718
f 845/3022/719 846/3021/719 681/3020/719 684/3019/719
f 846/3026/720 847/3025/720 678/3024/720 681/3023/720
f 847/3030/721 848/3029/721 675/3028/721 678/3027/721
f 848/3034/722 849/3033/722 672/3032/722 675/3031/722
f 849/3038/723 850/3037/723 669/3036/723 672/3035/723
f 850/3042/724 851/3041/724 666/3040/724 669/3039/724
f 851/3046/725 852/3045/725 665/3044/725 666/3043/725
f 852/3050/726 702/3049/726 696/3048/726 665/3047/726
f 852/3062/727 851/3061/727 850/3060/727 849/3059/727 848/3058/727 847/3057/727 846/3056/727 845/3055/727 844/3054/727 843/3053/727 701/3052/727 702/3051/727
f 691/3066/728 853/3065/728 740/3064/728 690/3063/728
f 853/3070/729 854/3069/729 742/3068/729 740/3067/729
f 854/3074/730 692/3073/730 687/3072/730 742/3071/730
f 854/3078/731 853/3077/731 691/3076/731 692/3075/731
f 694/3082/732 855/3081/732 744/3080/732 693/3079/732
f 855/3086/733 856/3085/733 746/3084/733 744/3083/733
f 856/3090/734 695/3089/734 690/3088/734 746/3087/734
f 856/3094/735 855/3093/735 694/3092/735 695/3091/735
f 697/3098/736 857/3097/736 752/3096/736 696/3095/736
f 857/3102/737 858/3101/737 754/3100/737 752/3099/737
f 858/3106/738 698/3105/738 693/3104/738 754/3103/738
f 858/3110/739 857/3109/739 697/3108/739 698/3107/739
f 699/3114/740 859/3113/740 764/3112/740 665/3111/740
f 859/3118/741 860/3117/741 766/3116/741 764/3115/741
f 860/3122/742 700/3121/742 696/3120/742 766/3119/742
f 860/3126/743 859/3125/743 699/3124/743 700/3123/743
f 667/3130/744 861/3129/744 776/3128/744 666/3127/744
f 861/3134/745 862/3133/745 778/3132/745 776/3131/745
f 862/3138/746 668/3137/746 665/3136/746 778/3135/746
f 862/3142/747 861/3141/747 667/3140/747 668/3139/747
f 670/3146/748 863/3145/748 788/3144/748 669/3143/748
f 863/3150/749 864/3149/749 790/3148/749 788/3147/749
f 864/3154/750 671/3153/750 666/3152/750 790/3151/750
f 864/3158/751 863/3157/751 670/3156/751 671/3155/751
f 673/3162/752 865/3161/752 800/3160/752 672/3159/752
f 865/3166/753 866/3165/753 802/3164/753 800/3163/753
f 866/3170/754 674/3169/754 669/3168/754 802/3167/754
f 866/3174/755 865/3173/755 673/3172/755 674/3171/755
f 676/3178/756 867/3177/756 812/3176/756 675/3175/756
f 867/3182/757 868/3181/757 814/3180/757 812/3179/757
f 868/3186/758 677/3185/758 672/3184/758 814/3183/758
f 868/3190/759 867/3189/759 676/3188/759 677/3187/759
f 679/3194/760 869/3193/760 824/3192/760 678/3191/760
f 869/3198/761 870/3197/761 826/3196/761 824/3195/761
f 870/3202/762 680/3201/762 675/3200/762 826/3199/762
f 870/3206/763 869/3205/763 679/3204/763 680/3203/763
f 682/3210/764 871/3209/764 836/3208/764 681/3207/764
f 871/3214/765 872/3213/765 838/3212/765 836/3211/765
f 872/3218/766 683/3217/766 678/3216/766 838/3215/766
f 872/3222/767 871/3221/767 682/3220/767 683/3219/767
f 685/3226/768 873/3225/768 732/3224/768 684/3223/768
f 873/3230/769 874/3229/769 734/3228/769 732/3227/769
f 874/3234/770 686/3233/770 681/3232/770 734/3231/770
f 874/3238/771 873/3237/771 685/3236/771 686/3235/771
f 688/3242/772 875/3241/772 720/3240/772 687/3239/772
f 875/3246/773 876/3245/773 722/3244/773 720/3243/773
f 876/3250/774 689/3249/774 684/3248/774 722/3247/774
f 876/3254/775 875/3253/775 688/3252/775 689/3251/775
usemtl mat22
f 723/2850/676 724/2849/676 718/2848/676 719/2847/676
f 725/2854/677 726/2853/677 716/2852/677 717/2851/677
f 735/2866/680 736/2865/680 730/2864/680 731/2863/680
f 737/2870/681 738/2869/681 728/2868/681 729/2867/681
f 839/2882/684 840/2881/684 834/2880/684 835/2879/684
f 841/2886/685 842/2885/685 832/2884/685 833/2883/685
f 827/2898/688 828/2897/688 822/2896/688 823/2895/688
f 829/2902/689 830/2901/689 820/2900/689 821/2899/689
f 815/2914/692 816/2913/692 810/2912/692 811/2911/692
f 817/2918/693 818/2917/693 808/2916/693 809/2915/693
f 803/2930/696 804/2929/696 798/2928/696 799/2927/696
f 805/2934/697 806/2933/697 796/2932/697 797/2931/697
f 791/2946/700 792/2945/700 786/2944/700 787/2943/700
f 793/2950/701 794/2949/701 784/2948/701 785/2947/701
f 779/2962/704 780/2961/704 774/2960/704 775/2959/704
f 781/2966/705 782/2965/705 772/2964/705 773/2963/705
f 767/2978/708 768/2977/708 762/2976/708 763/2975/708
f 769/2982/709 770/2981/709 760/2980/709 761/2979/709
f 755/2994/712 756/2993/712 750/2992/712 751/2991/712
f 757/2998/713 758/2997/713 748/2996/713 749/2995/713
o group380212402
g mesh380212402
usemtl mat23
f 882/3260/776 881/3259/776 880/3258/776 879/3257/776 878/3256/776 877/3255/776
f 900/3278/777 899/3277/777 898/3276/777 897/3275/777 896/3274/777 895/3273/777 894/3272/777 893/3271/777 892/3270/777 891/3269/777 890/3268/777 889/3267/777 888/3266/777 887/3265/777 886/3264/777 885/3263/777 884/3262/777 883/3261/777
f 884/3281/778 885/3280/778 881/3279/778
f 884/3284/779 881/3283/779 882/3282/779
f 899/3287/780 900/3286/780 882/3285/780
f 899/3290/781 882/3289/781 877/3288/781
f 887/3293/782 880/3292/782 881/3291/782
f 887/3296/783 888/3295/783 880/3294/783
f 890/3299/784 879/3298/784 880/3297/784
f 890/3302/785 891/3301/785 879/3300/785
f 893/3305/786 878/3304/786 879/3303/786
f 893/3308/787 894/3307/787 878/3306/787
f 896/3311/788 877/3310/788 878/3309/788
f 896/3314/789 897/3313/789 877/3312/789
f 902/3317/790 901/3316/790 883/3315/790
f 883/3320/791 884/3319/791 882/3318/791
f 898/3323/792 899/3322/792 877/3321/792
f 904/3326/793 903/3325/793 898/3324/793
f 895/3329/794 896/3328/794 878/3327/794
f 906/3332/795 905/3331/795 895/3330/795
f 892/3335/796 893/3334/796 879/3333/796
f 908/3338/797 907/3337/797 892/3336/797
f 889/3341/798 890/3340/798 880/3339/798
f 910/3344/799 909/3343/799 889/3342/799
f 886/3347/800 887/3346/800 881/3345/800
f 912/3350/801 911/3349/801 886/3348/801
f 911/3354/802 913/3353/802 885/3352/802 886/3351/802
f 913/3357/803 912/3356/803 885/3355/803
f 913/3360/804 911/3359/804 912/3358/804
f 901/3364/805 914/3363/805 900/3362/805 883/3361/805
f 914/3367/806 902/3366/806 900/3365/806
f 914/3370/807 901/3369/807 902/3368/807
f 903/3374/808 915/3373/808 897/3372/808 898/3371/808
f 915/3377/809 904/3376/809 897/3375/809
f 915/3380/810 903/3379/810 904/3378/810
f 917/3384/811 916/3383/811 894/3382/811 895/3381/811
f 905/3387/812 918/3386/812 895/3385/812
f 919/3390/813 906/3389/813 878/3388/813
f 907/3394/814 920/3393/814 891/3392/814 892/3391/814
f 920/3397/815 908/3396/815 891/3395/815
f 920/3400/816 907/3399/816 908/3398/816
f 909/3404/817 921/3403/817 888/3402/817 889/3401/817
f 921/3407/818 910/3406/818 888/3405/818
f 921/3410/819 909/3409/819 910/3408/819
f 898/3413/820 877/3412/820 904/3411/820
f 904/3416/821 877/3415/821 897/3414/821
f 892/3419/822 879/3418/822 908/3417/822
f 908/3422/823 879/3421/823 891/3420/823
f 889/3425/824 880/3424/824 910/3423/824
f 910/3428/825 880/3427/825 888/3426/825
f 886/3431/826 881/3430/826 912/3429/826
f 912/3434/827 881/3433/827 885/3432/827
f 883/3437/828 882/3436/828 902/3435/828
f 902/3440/829 882/3439/829 900/3438/829
f 919/3444/830 922/3443/830 905/3442/830 906/3441/830
f 922/3448/831 923/3447/831 918/3446/831 905/3445/831
f 878/3451/832 906/3450/832 895/3449/832
f 919/3454/833 878/3453/833 894/3452/833
f 922/3457/834 919/3456/834 894/3455/834
f 924/3460/835 917/3459/835 895/3458/835
f 925/3464/836 916/3463/836 917/3462/836 924/3461/836
f 918/3467/837 924/3466/837 895/3465/837
f 916/3470/838 925/3469/838 894/3468/838
f 923/3474/839 925/3473/839 924/3472/839 918/3471/839
f 923/3477/840 922/3476/840 894/3475/840
f 925/3480/841 923/3479/841 894/3478/841
o group549640632
g mesh549640632
usemtl mat15
f 929/3484/842 928/3483/842 927/3482/842 926/3481/842
f 928/3488/843 931/3487/843 930/3486/843 927/3485/843
f 931/3492/844 933/3491/844 932/3490/844 930/3489/844
f 933/3496/845 935/3495/845 934/3494/845 932/3493/845
f 935/3500/846 937/3499/846 936/3498/846 934/3497/846
f 937/3504/847 939/3503/847 938/3502/847 936/3501/847
f 939/3508/848 941/3507/848 940/3506/848 938/3505/848
f 941/3512/849 943/3511/849 942/3510/849 940/3509/849
f 943/3516/850 945/3515/850 944/3514/850 942/3513/850
f 945/3520/851 947/3519/851 946/3518/851 944/3517/851
f 947/3524/852 949/3523/852 948/3522/852 946/3521/852
f 949/3528/853 929/3527/853 926/3526/853 948/3525/853
f 926/3540/854 927/3539/854 930/3538/854 932/3537/854 934/3536/854 936/3535/854 938/3534/854 940/3533/854 942/3532/854 944/3531/854 946/3530/854 948/3529/854
f 949/3552/855 947/3551/855 945/3550/855 943/3549/855 941/3548/855 939/3547/855 937/3546/855 935/3545/855 933/3544/855 931/3543/855 928/3542/855 929/3541/855
o group1354302519
g mesh1354302519
usemtl mat8
f 953/3556/856 952/3555/856 951/3554/856 950/3553/856
f 952/3560/857 955/3559/857 954/3558/857 951/3557/857
f 955/3564/858 957/3563/858 956/3562/858 954/3561/858
f 957/3568/859 959/3567/859 958/3566/859 956/3565/859
f 959/3572/860 961/3571/860 960/3570/860 958/3569/860
f 961/3576/861 963/3575/861 962/3574/861 960/3573/861
f 963/3580/862 965/3579/862 964/3578/862 962/3577/862
f 965/3584/863 967/3583/863 966/3582/863 964/3581/863
f 967/3588/864 969/3587/864 968/3586/864 966/3585/864
f 969/3592/865 971/3591/865 970/3590/865 968/3589/865
f 971/3596/866 973/3595/866 972/3594/866 970/3593/866
f 973/3600/867 953/3599/867 950/3598/867 972/3597/867
f 974/3603/868 970/3602/868 972/3601/868
f 975/3606/869 952/3605/869 953/3604/869
f 976/3609/870 968/3608/870 970/3607/870
f 977/3612/871 966/3611/871 968/3610/871
f 978/3615/872 964/3614/872 966/3613/872
f 979/3618/873 962/3617/873 964/3616/873
f 980/3621/874 960/3620/874 962/3619/874
f 981/3624/875 958/3623/875 960/3622/875
f 982/3627/876 956/3626/876 958/3625/876
f 983/3630/877 954/3629/877 956/3628/877
f 984/3633/878 951/3632/878 954/3631/878
f 985/3636/879 950/3635/879 951/3634/879
f 985/3639/880 972/3638/880 950/3637/880
f 987/3642/881 974/3641/881 986/3640/881
f 972/3645/882 986/3644/882 974/3643/882
f 985/3648/883 986/3647/883 972/3646/883
f 970/3651/884 974/3650/884 976/3649/884
f 968/3654/885 976/3653/885 977/3652/885
f 966/3657/886 977/3656/886 978/3655/886
f 964/3660/887 978/3659/887 979/3658/887
f 962/3663/888 979/3662/888 980/3661/888
f 960/3666/889 980/3665/889 981/3664/889
f 958/3669/890 981/3668/890 982/3667/890
f 956/3672/891 982/3671/891 983/3670/891
f 954/3675/892 983/3674/892 984/3673/892
f 951/3678/893 984/3677/893 985/3676/893
f 988/3681/894 976/3680/894 974/3679/894
f 989/3684/895 977/3683/895 976/3682/895
f 989/3688/896 990/3687/896 978/3686/896 977/3685/896
f 991/3691/897 979/3690/897 978/3689/897
f 992/3694/898 980/3693/898 979/3692/898
f 993/3697/899 981/3696/899 980/3695/899
f 994/3700/900 982/3699/900 981/3698/900
f 995/3703/901 983/3702/901 982/3701/901
f 996/3706/902 984/3705/902 983/3704/902
f 996/3710/903 997/3709/903 985/3708/903 984/3707/903
f 997/3713/904 986/3712/904 985/3711/904
f 999/3716/905 987/3715/905 998/3714/905
f 986/3719/906 998/3718/906 987/3717/906
f 997/3722/907 998/3721/907 986/3720/907
f 974/3725/908 987/3724/908 988/3723/908
f 976/3728/909 988/3727/909 989/3726/909
f 978/3731/910 990/3730/910 991/3729/910
f 979/3734/911 991/3733/911 992/3732/911
f 980/3737/912 992/3736/912 993/3735/912
f 981/3740/913 993/3739/913 994/3738/913
f 982/3743/914 994/3742/914 995/3741/914
f 983/3746/915 995/3745/915 996/3744/915
f 1000/3749/916 988/3748/916 987/3747/916
f 1001/3752/917 989/3751/917 988/3750/917
f 1002/3755/918 990/3754/918 989/3753/918
f 1003/3758/919 991/3757/919 990/3756/919
f 1004/3761/920 992/3760/920 991/3759/920
f 1005/3764/921 993/3763/921 992/3762/921
f 1006/3767/922 994/3766/922 993/3765/922
f 1007/3770/923 995/3769/923 994/3768/923
f 1008/3773/924 996/3772/924 995/3771/924
f 1009/3776/925 997/3775/925 996/3774/925
f 1009/3779/926 998/3778/926 997/3777/926
f 1011/3782/927 999/3781/927 1010/3780/927
f 998/3785/928 1010/3784/928 999/3783/928
f 1009/3788/929 1010/3787/929 998/3786/929
f 987/3791/930 999/3790/930 1000/3789/930
f 988/3794/931 1000/3793/931 1001/3792/931
f 989/3797/932 1001/3796/932 1002/3795/932
f 990/3800/933 1002/3799/933 1003/3798/933
f 991/3803/934 1003/3802/934 1004/3801/934
f 992/3806/935 1004/3805/935 1005/3804/935
f 993/3809/936 1005/3808/936 1006/3807/936
f 994/3812/937 1006/3811/937 1007/3810/937
f 995/3815/938 1007/3814/938 1008/3813/938
f 996/3818/939 1008/3817/939 1009/3816/939
f 1012/3821/940 1000/3820/940 999/3819/940
f 1013/3824/941 1001/3823/941 1000/3822/941
f 1014/3827/942 1002/3826/942 1001/3825/942
f 1015/3830/943 1003/3829/943 1002/3828/943
f 1016/3833/944 1004/3832/944 1003/3831/944
f 1017/3836/945 1005/3835/945 1004/3834/945
f 1018/3839/946 1006/3838/946 1005/3837/946
f 1019/3842/947 1007/3841/947 1006/3840/947
f 1020/3845/948 1008/3844/948 1007/3843/948
f 1021/3848/949 1009/3847/949 1008/3846/949
f 1021/3851/950 1010/3850/950 1009/3849/950
f 1023/3854/951 1011/3853/951 1022/3852/951
f 1010/3857/952 1022/3856/952 1011/3855/952
f 1021/3860/953 1022/3859/953 1010/3858/953
f 999/3863/954 1011/3862/954 1012/3861/954
f 1000/3866/955 1012/3865/955 1013/3864/955
f 1001/3869/956 1013/3868/956 1014/3867/956
f 1002/3872/957 1014/3871/957 1015/3870/957
f 1003/3875/958 1015/3874/958 1016/3873/958
f 1004/3878/959 1016/3877/959 1017/3876/959
f 1005/3881/960 1017/3880/960 1018/3879/960
f 1006/3884/961 1018/3883/961 1019/3882/961
f 1007/3887/962 1019/3886/962 1020/3885/962
f 1008/3890/963 1020/3889/963 1021/3888/963
f 1024/3893/964 1012/3892/964 1011/3891/964
f 1025/3896/965 1013/3895/965 1012/3894/965
f 1026/3899/966 1014/3898/966 1013/3897/966
f 1027/3902/967 1015/3901/967 1014/3900/967
f 1028/3905/968 1016/3904/968 1015/3903/968
f 1029/3908/969 1017/3907/969 1016/3906/969
f 1030/3911/970 1018/3910/970 1017/3909/970
f 1031/3914/971 1019/3913/971 1018/3912/971
f 1032/3917/972 1020/3916/972 1019/3915/972
f 1033/3920/973 1021/3919/973 1020/3918/973
f 1033/3923/974 1022/3922/974 1021/3921/974
f 1033/3935/975 1032/3934/975 1031/3933/975 1030/3932/975 1029/3931/975 1028/3930/975 1027/3929/975 1026/3928/975 1025/3927/975 1024/3926/975 1023/3925/975 1034/3924/975
f 1022/3938/976 1034/3937/976 1023/3936/976
f 1033/3941/977 1034/3940/977 1022/3939/977
f 1011/3944/978 1023/3943/978 1024/3942/978
f 1012/3947/979 1024/3946/979 1025/3945/979
f 1013/3950/980 1025/3949/980 1026/3948/980
f 1014/3953/981 1026/3952/981 1027/3951/981
f 1015/3956/982 1027/3955/982 1028/3954/982
f 1016/3959/983 1028/3958/983 1029/3957/983
f 1017/3962/984 1029/3961/984 1030/3960/984
f 1018/3965/985 1030/3964/985 1031/3963/985
f 1019/3968/986 1031/3967/986 1032/3966/986
f 1020/3971/987 1032/3970/987 1033/3969/987
f 975/3975/988 1035/3974/988 955/3973/988 952/3972/988
f 1035/3979/989 1036/3978/989 957/3977/989 955/3976/989
f 1036/3983/990 1037/3982/990 959/3981/990 957/3980/990
f 1037/3987/991 1038/3986/991 961/3985/991 959/3984/991
f 1038/3991/992 1039/3990/992 963/3989/992 961/3988/992
f 1040/3994/993 965/3993/993 963/3992/993
f 1040/3998/994 1041/3997/994 967/3996/994 965/3995/994
f 1041/4002/995 1042/4001/995 969/4000/995 967/3999/995
f 1042/4006/996 1043/4005/996 971/4004/996 969/4003/996
f 1043/4010/997 1044/4009/997 973/4008/997 971/4007/997
f 1044/4014/998 1045/4013/998 953/4012/998 973/4011/998
f 1047/4018/999 1046/4017/999 975/4016/999 1045/4015/999
f 953/4021/1000 1045/4020/1000 975/4019/1000
f 963/4024/1001 1039/4023/1001 1040/4022/1001
f 1046/4028/1002 1048/4027/1002 1035/4026/1002 975/4025/1002
f 1048/4032/1003 1049/4031/1003 1036/4030/1003 1035/4029/1003
f 1049/4036/1004 1050/4035/1004 1037/4034/1004 1036/4033/1004
f 1050/4040/1005 1051/4039/1005 1038/4038/1005 1037/4037/1005
f 1051/4044/1006 1052/4043/1006 1039/4042/1006 1038/4041/1006
f 1052/4048/1007 1053/4047/1007 1040/4046/1007 1039/4045/1007
f 1053/4052/1008 1054/4051/1008 1041/4050/1008 1040/4049/1008
f 1054/4056/1009 1055/4055/1009 1042/4054/1009 1041/4053/1009
f 1055/4060/1010 1056/4059/1010 1043/4058/1010 1042/4057/1010
f 1056/4064/1011 1057/4063/1011 1044/4062/1011 1043/4061/1011
f 1057/4068/1012 1047/4067/1012 1045/4066/1012 1044/4065/1012
f 1057/4080/1013 1056/4079/1013 1055/4078/1013 1054/4077/1013 1053/4076/1013 1052/4075/1013 1051/4074/1013 1050/4073/1013 1049/4072/1013 1048/4071/1013 1046/4070/1013 1047/4069/1013
o group1013688064
g mesh1013688064
usemtl mat15
f 1061/4084/1014 1060/4083/1014 1059/4082/1014 1058/4081/1014
f 1060/4088/1015 1063/4087/1015 1062/4086/1015 1059/4085/1015
f 1063/4092/1016 1065/4091/1016 1064/4090/1016 1062/4089/1016
f 1065/4096/1017 1067/4095/1017 1066/4094/1017 1064/4093/1017
f 1067/4100/1018 1069/4099/1018 1068/4098/1018 1066/4097/1018
f 1069/4104/1019 1071/4103/1019 1070/4102/1019 1068/4101/1019
f 1071/4108/1020 1073/4107/1020 1072/4106/1020 1070/4105/1020
f 1073/4112/1021 1075/4111/1021 1074/4110/1021 1072/4109/1021
f 1075/4116/1022 1077/4115/1022 1076/4114/1022 1074/4113/1022
f 1077/4120/1023 1079/4119/1023 1078/4118/1023 1076/4117/1023
f 1079/4124/1024 1081/4123/1024 1080/4122/1024 1078/4121/1024
f 1081/4128/1025 1061/4127/1025 1058/4126/1025 1080/4125/1025
f 1058/4140/1026 1059/4139/1026 1062/4138/1026 1064/4137/1026 1066/4136/1026 1068/4135/1026 1070/4134/1026 1072/4133/1026 1074/4132/1026 1076/4131/1026 1078/4130/1026 1080/4129/1026
f 1081/4152/1027 1079/4151/1027 1077/4150/1027 1075/4149/1027 1073/4148/1027 1071/4147/1027 1069/4146/1027 1067/4145/1027 1065/4144/1027 1063/4143/1027 1060/4142/1027 1061/4141/1027
o group980318425
g mesh980318425
usemtl mat15
f 1085/4156/1028 1084/4155/1028 1083/4154/1028 1082/4153/1028
f 1088/4160/1029 1087/4159/1029 1086/4158/1029 1083/4157/1029
f 1091/4164/1030 1090/4163/1030 1089/4162/1030 1086/4161/1030
f 1094/4168/1031 1093/4167/1031 1092/4166/1031 1089/4165/1031
f 1097/4172/1032 1096/4171/1032 1095/4170/1032 1092/4169/1032
f 1100/4176/1033 1099/4175/1033 1098/4174/1033 1095/4173/1033
f 1103/4180/1034 1102/4179/1034 1101/4178/1034 1098/4177/1034
f 1106/4184/1035 1105/4183/1035 1104/4182/1035 1101/4181/1035
f 1109/4188/1036 1108/4187/1036 1107/4186/1036 1104/4185/1036
f 1112/4192/1037 1111/4191/1037 1110/4190/1037 1107/4189/1037
f 1115/4196/1038 1114/4195/1038 1113/4194/1038 1110/4193/1038
f 1117/4200/1039 1116/4199/1039 1082/4198/1039 1113/4197/1039
f 1119/4204/1040 1118/4203/1040 1110/4202/1040 1113/4201/1040
f 1125/4210/1041 1124/4209/1041 1123/4208/1041 1122/4207/1041 1121/4206/1041 1120/4205/1041
f 1131/4217/1042 1130/4216/1042 1129/4215/1042 1128/4214/1042 1127/4213/1042 1126/4212/1042 1104/4211/1042
f 1126/4221/1043 1132/4220/1043 1123/4219/1043 1124/4218/1043
f 1132/4228/1044 1137/4227/1044 1136/4226/1044 1135/4225/1044 1134/4224/1044 1133/4223/1044 1101/4222/1044
f 1134/4232/1045 1130/4231/1045 1131/4230/1045 1133/4229/1045
f 1143/4239/1046 1142/4238/1046 1141/4237/1046 1140/4236/1046 1139/4235/1046 1138/4234/1046 1110/4233/1046
f 1138/4242/1047 1144/4241/1047 1125/4240/1047
f 1144/4249/1048 1149/4248/1048 1148/4247/1048 1147/4246/1048 1146/4245/1048 1145/4244/1048 1107/4243/1048
f 1146/4253/1049 1142/4252/1049 1143/4251/1049 1145/4250/1049
f 1155/4260/1050 1154/4259/1050 1153/4258/1050 1152/4257/1050 1151/4256/1050 1150/4255/1050 1082/4254/1050
f 1150/4263/1051 1157/4262/1051 1156/4261/1051
f 1157/4270/1052 1162/4269/1052 1161/4268/1052 1160/4267/1052 1159/4266/1052 1158/4265/1052 1113/4264/1052
f 1159/4274/1053 1154/4273/1053 1155/4272/1053 1158/4271/1053
f 1168/4282/1054 1167/4281/1054 1166/4280/1054 1165/4279/1054 1164/4278/1054 1163/4277/1054 1120/4276/1054 1086/4275/1054
f 1163/4286/1055 1170/4285/1055 1169/4284/1055 1120/4283/1055
f 1170/4293/1056 1175/4292/1056 1174/4291/1056 1173/4290/1056 1172/4289/1056 1171/4288/1056 1083/4287/1056
f 1172/4297/1057 1167/4296/1057 1168/4295/1057 1171/4294/1057
f 1181/4304/1058 1180/4303/1058 1179/4302/1058 1178/4301/1058 1177/4300/1058 1176/4299/1058 1092/4298/1058
f 1176/4308/1059 1183/4307/1059 1121/4306/1059 1182/4305/1059
f 1183/4315/1060 1187/4314/1060 1186/4313/1060 1185/4312/1060 1184/4311/1060 1089/4310/1060 1121/4309/1060
f 1184/4319/1061 1180/4318/1061 1181/4317/1061 1188/4316/1061
f 1194/4326/1062 1193/4325/1062 1192/4324/1062 1191/4323/1062 1190/4322/1062 1189/4321/1062 1098/4320/1062
f 1189/4330/1063 1196/4329/1063 1195/4328/1063 1122/4327/1063
f 1196/4337/1064 1201/4336/1064 1200/4335/1064 1199/4334/1064 1198/4333/1064 1197/4332/1064 1095/4331/1064
f 1198/4341/1065 1193/4340/1065 1194/4339/1065 1197/4338/1065
f 1135/4353/1068 1136/4352/1068 1128/4351/1068 1129/4350/1068
f 1137/4357/1069 1132/4356/1069 1126/4355/1069 1127/4354/1069
f 1199/4369/1072 1200/4368/1072 1191/4367/1072 1192/4366/1072
f 1201/4373/1073 1196/4372/1073 1189/4371/1073 1190/4370/1073
f 1185/4385/1076 1186/4384/1076 1178/4383/1076 1179/4382/1076
f 1187/4389/1077 1183/4388/1077 1176/4387/1077 1177/4386/1077
f 1173/4401/1080 1174/4400/1080 1165/4399/1080 1166/4398/1080
f 1175/4405/1081 1170/4404/1081 1163/4403/1081 1164/4402/1081
f 1160/4417/1084 1161/4416/1084 1152/4415/1084 1153/4414/1084
f 1162/4421/1085 1157/4420/1085 1150/4419/1085 1151/4418/1085
f 1147/4433/1088 1148/4432/1088 1140/4431/1088 1141/4430/1088
f 1149/4437/1089 1144/4436/1089 1138/4435/1089 1139/4434/1089
f 1118/4441/1090 1202/4440/1090 1107/4439/1090 1110/4438/1090
f 1202/4445/1091 1203/4444/1091 1104/4443/1091 1107/4442/1091
f 1203/4449/1092 1204/4448/1092 1101/4447/1092 1104/4446/1092
f 1204/4453/1093 1205/4452/1093 1098/4451/1093 1101/4450/1093
f 1205/4457/1094 1206/4456/1094 1095/4455/1094 1098/4454/1094
f 1206/4461/1095 1207/4460/1095 1092/4459/1095 1095/4458/1095
f 1207/4465/1096 1208/4464/1096 1089/4463/1096 1092/4462/1096
f 1208/4469/1097 1209/4468/1097 1086/4467/1097 1089/4466/1097
f 1209/4473/1098 1210/4472/1098 1083/4471/1098 1086/4470/1098
f 1210/4477/1099 1211/4476/1099 1082/4475/1099 1083/4474/1099
f 1211/4481/1100 1119/4480/1100 1113/4479/1100 1082/4478/1100
f 1211/4493/1101 1210/4492/1101 1209/4491/1101 1208/4490/1101 1207/4489/1101 1206/4488/1101 1205/4487/1101 1204/4486/1101 1203/4485/1101 1202/4484/1101 1118/4483/1101 1119/4482/1101
f 1108/4496/1102 1125/4495/1102 1107/4494/1102
f 1109/4499/1103 1104/4498/1103 1124/4497/1103
f 1124/4503/1104 1125/4502/1104 1108/4501/1104 1109/4500/1104
f 1111/4507/1105 1212/4506/1105 1143/4505/1105 1110/4504/1105
f 1212/4511/1106 1213/4510/1106 1145/4509/1106 1143/4508/1106
f 1213/4515/1107 1112/4514/1107 1107/4513/1107 1145/4512/1107
f 1213/4519/1108 1212/4518/1108 1111/4517/1108 1112/4516/1108
f 1114/4522/1109 1214/4521/1109 1113/4520/1109
f 1115/4525/1110 1110/4524/1110 1215/4523/1110
f 1215/4529/1111 1214/4528/1111 1114/4527/1111 1115/4526/1111
f 1116/4533/1112 1216/4532/1112 1155/4531/1112 1082/4530/1112
f 1216/4537/1113 1217/4536/1113 1158/4535/1113 1155/4534/1113
f 1217/4541/1114 1117/4540/1114 1113/4539/1114 1158/4538/1114
f 1217/4545/1115 1216/4544/1115 1116/4543/1115 1117/4542/1115
f 1084/4548/1116 1169/4547/1116 1083/4546/1116
f 1085/4551/1117 1082/4550/1117 1156/4549/1117
f 1156/4555/1118 1169/4554/1118 1084/4553/1118 1085/4552/1118
f 1087/4559/1119 1218/4558/1119 1168/4557/1119 1086/4556/1119
f 1218/4563/1120 1219/4562/1120 1171/4561/1120 1168/4560/1120
f 1219/4567/1121 1088/4566/1121 1083/4565/1121 1171/4564/1121
f 1219/4571/1122 1218/4570/1122 1087/4569/1122 1088/4568/1122
f 1090/4574/1123 1121/4573/1123 1089/4572/1123
f 1091/4577/1124 1086/4576/1124 1120/4575/1124
f 1120/4581/1125 1121/4580/1125 1090/4579/1125 1091/4578/1125
f 1093/4585/1126 1220/4584/1126 1181/4583/1126 1092/4582/1126
f 1220/4589/1127 1221/4588/1127 1188/4587/1127 1181/4586/1127
f 1221/4593/1128 1094/4592/1128 1089/4591/1128 1188/4590/1128
f 1221/4597/1129 1220/4596/1129 1093/4595/1129 1094/4594/1129
f 1096/4600/1130 1195/4599/1130 1095/4598/1130
f 1097/4603/1131 1092/4602/1131 1182/4601/1131
f 1182/4607/1132 1195/4606/1132 1096/4605/1132 1097/4604/1132
f 1099/4611/1133 1222/4610/1133 1194/4609/1133 1098/4608/1133
f 1222/4615/1134 1223/4614/1134 1197/4613/1134 1194/4612/1134
f 1223/4619/1135 1100/4618/1135 1095/4617/1135 1197/4616/1135
f 1223/4623/1136 1222/4622/1136 1099/4621/1136 1100/4620/1136
f 1102/4626/1137 1123/4625/1137 1101/4624/1137
f 1103/4629/1138 1098/4628/1138 1122/4627/1138
f 1122/4633/1139 1123/4632/1139 1102/4631/1139 1103/4630/1139
f 1105/4637/1140 1224/4636/1140 1131/4635/1140 1104/4634/1140
f 1224/4641/1141 1225/4640/1141 1133/4639/1141 1131/4638/1141
f 1225/4645/1142 1106/4644/1142 1101/4643/1142 1133/4642/1142
f 1225/4649/1143 1224/4648/1143 1105/4647/1143 1106/4646/1143
f 1101/4652/1144 1123/4651/1144 1132/4650/1144
f 1189/4655/1145 1122/4654/1145 1098/4653/1145
f 1107/4658/1146 1125/4657/1146 1144/4656/1146
f 1126/4661/1147 1124/4660/1147 1104/4659/1147
f 1157/4664/1148 1214/4663/1148 1156/4662/1148
f 1156/4667/1149 1214/4666/1149 1215/4665/1149
f 1156/4670/1150 1215/4669/1150 1125/4668/1150
f 1125/4673/1151 1215/4672/1151 1138/4671/1151
f 1113/4676/1152 1214/4675/1152 1157/4674/1152
f 1138/4679/1153 1215/4678/1153 1110/4677/1153
f 1150/4682/1154 1156/4681/1154 1082/4680/1154
f 1169/4685/1155 1156/4684/1155 1125/4683/1155
f 1120/4688/1156 1169/4687/1156 1125/4686/1156
f 1083/4691/1157 1169/4690/1157 1170/4689/1157
f 1122/4694/1158 1195/4693/1158 1182/4692/1158
f 1095/4697/1159 1195/4696/1159 1196/4695/1159
f 1176/4700/1160 1182/4699/1160 1092/4698/1160
f 1122/4703/1161 1182/4702/1161 1121/4701/1161
f 1184/4706/1162 1188/4705/1162 1089/4704/1162
usemtl mat22
f 1134/4345/1066 1135/4344/1066 1129/4343/1066 1130/4342/1066
f 1136/4349/1067 1137/4348/1067 1127/4347/1067 1128/4346/1067
f 1198/4361/1070 1199/4360/1070 1192/4359/1070 1193/4358/1070
f 1200/4365/1071 1201/4364/1071 1190/4363/1071 1191/4362/1071
f 1184/4377/1074 1185/4376/1074 1179/4375/1074 1180/4374/1074
f 1186/4381/1075 1187/4380/1075 1177/4379/1075 1178/4378/1075
f 1172/4393/1078 1173/4392/1078 1166/4391/1078 1167/4390/1078
f 1174/4397/1079 1175/4396/1079 1164/4395/1079 1165/4394/1079
f 1159/4409/1082 1160/4408/1082 1153/4407/1082 1154/4406/1082
f 1161/4413/1083 1162/4412/1083 1151/4411/1083 1152/4410/1083
f 1146/4425/1086 1147/4424/1086 1141/4423/1086 1142/4422/1086
f 1148/4429/1087 1149/4428/1087 1139/4427/1087 1140/4426/1087
o group311749857
g mesh311749857
usemtl mat12
f 1229/4710/1163 1228/4709/1163 1227/4708/1163 1226/4707/1163
f 1233/4714/1164 1232/4713/1164 1231/4712/1164 1230/4711/1164
f 1227/4718/1165 1233/4717/1165 1230/4716/1165 1226/4715/1165
f 1237/4722/1166 1236/4721/1166 1235/4720/1166 1234/4719/1166
f 1230/4730/1167 1231/4729/1167 1240/4728/1167 1237/4727/1167 1234/4726/1167 1239/4725/1167 1238/4724/1167 1226/4723/1167
f 1243/4738/1168 1242/4737/1168 1235/4736/1168 1236/4735/1168 1241/4734/1168 1232/4733/1168 1233/4732/1168 1227/4731/1168
f 1232/4742/1169 1241/4741/1169 1240/4740/1169 1231/4739/1169
f 1246/4747/1170 1245/4746/1170 1244/4745/1170 1237/4744/1170 1240/4743/1170
f 1244/4751/1171 1247/4750/1171 1236/4749/1171 1237/4748/1171
f 1247/4756/1172 1249/4755/1172 1248/4754/1172 1241/4753/1172 1236/4752/1172
f 1248/4760/1173 1246/4759/1173 1240/4758/1173 1241/4757/1173
f 1249/4764/1174 1247/4763/1174 1244/4762/1174 1245/4761/1174
f 1253/4770/1175 1252/4769/1175 1251/4768/1175 1250/4767/1175 1245/4766/1175 1246/4765/1175
f 1250/4774/1176 1254/4773/1176 1249/4772/1176 1245/4771/1176
f 1254/4780/1177 1257/4779/1177 1256/4778/1177 1255/4777/1177 1248/4776/1177 1249/4775/1177
f 1255/4784/1178 1253/4783/1178 1246/4782/1178 1248/4781/1178
f 1257/4788/1179 1254/4787/1179 1250/4786/1179 1251/4785/1179
f 1255/4792/1180 1256/4791/1180 1252/4790/1180 1253/4789/1180
f 1259/4796/1181 1258/4795/1181 1251/4794/1181 1252/4793/1181
f 1258/4800/1182 1260/4799/1182 1257/4798/1182 1251/4797/1182
f 1260/4804/1183 1261/4803/1183 1256/4802/1183 1257/4801/1183
f 1261/4808/1184 1259/4807/1184 1252/4806/1184 1256/4805/1184
f 1261/4812/1185 1260/4811/1185 1258/4810/1185 1259/4809/1185
f 1239/4816/1186 1234/4815/1186 1235/4814/1186 1242/4813/1186
f 1238/4820/1187 1239/4819/1187 1242/4818/1187 1243/4817/1187
f 1228/4824/1188 1262/4823/1188 1243/4822/1188 1227/4821/1188
f 1262/4828/1189 1263/4827/1189 1238/4826/1189 1243/4825/1189
f 1263/4832/1190 1229/4831/1190 1226/4830/1190 1238/4829/1190
f 1263/4836/1191 1262/4835/1191 1228/4834/1191 1229/4833/1191
o group1533176401
g mesh1533176401
usemtl mat15
f 1267/4840/1192 1266/4839/1192 1265/4838/1192 1264/4837/1192
f 1266/4844/1193 1269/4843/1193 1268/4842/1193 1265/4841/1193
f 1269/4848/1194 1271/4847/1194 1270/4846/1194 1268/4845/1194
f 1271/4852/1195 1273/4851/1195 1272/4850/1195 1270/4849/1195
f 1273/4856/1196 1275/4855/1196 1274/4854/1196 1272/4853/1196
f 1275/4860/1197 1277/4859/1197 1276/4858/1197 1274/4857/1197
f 1277/4864/1198 1279/4863/1198 1278/4862/1198 1276/4861/1198
f 1279/4868/1199 1281/4867/1199 1280/4866/1199 1278/4865/1199
f 1281/4872/1200 1283/4871/1200 1282/4870/1200 1280/4869/1200
f 1283/4876/1201 1285/4875/1201 1284/4874/1201 1282/4873/1201
f 1285/4880/1202 1287/4879/1202 1286/4878/1202 1284/4877/1202
f 1287/4884/1203 1267/4883/1203 1264/4882/1203 1286/4881/1203
f 1264/4896/1204 1265/4895/1204 1268/4894/1204 1270/4893/1204 1272/4892/1204 1274/4891/1204 1276/4890/1204 1278/4889/1204 1280/4888/1204 1282/4887/1204 1284/4886/1204 1286/4885/1204
f 1287/4908/1205 1285/4907/1205 1283/4906/1205 1281/4905/1205 1279/4904/1205 1277/4903/1205 1275/4902/1205 1273/4901/1205 1271/4900/1205 1269/4899/1205 1266/4898/1205 1267/4897/1205
o group1437364980
g mesh1437364980
usemtl mat15
f 1291/4912/1206 1290/4911/1206 1289/4910/1206 1288/4909/1206
f 1290/4916/1207 1293/4915/1207 1292/4914/1207 1289/4913/1207
f 1293/4920/1208 1295/4919/1208 1294/4918/1208 1292/4917/1208
f 1295/4924/1209 1297/4923/1209 1296/4922/1209 1294/4921/1209
f 1297/4928/1210 1299/4927/1210 1298/4926/1210 1296/4925/1210
f 1299/4932/1211 1301/4931/1211 1300/4930/1211 1298/4929/1211
f 1301/4936/1212 1303/4935/1212 1302/4934/1212 1300/4933/1212
f 1303/4940/1213 1305/4939/1213 1304/4938/1213 1302/4937/1213
f 1305/4944/1214 1307/4943/1214 1306/4942/1214 1304/4941/1214
f 1307/4948/1215 1309/4947/1215 1308/4946/1215 1306/4945/1215
f 1309/4952/1216 1311/4951/1216 1310/4950/1216 1308/4949/1216
f 1311/4956/1217 1291/4955/1217 1288/4954/1217 1310/4953/1217
f 1288/4968/1218 1289/4967/1218 1292/4966/1218 1294/4965/1218 1296/4964/1218 1298/4963/1218 1300/4962/1218 1302/4961/1218 1304/4960/1218 1306/4959/1218 1308/4958/1218 1310/4957/1218
f 1311/4980/1219 1309/4979/1219 1307/4978/1219 1305/4977/1219 1303/4976/1219 1301/4975/1219 1299/4974/1219 1297/4973/1219 1295/4972/1219 1293/4971/1219 1290/4970/1219 1291/4969/1219
o group1485042741
g mesh1485042741
usemtl mat15
f 1315/4984/1220 1314/4983/1220 1313/4982/1220 1312/4981/1220
f 1314/4988/1221 1317/4987/1221 1316/4986/1221 1313/4985/1221
f 1317/4992/1222 1319/4991/1222 1318/4990/1222 1316/4989/1222
f 1319/4996/1223 1321/4995/1223 1320/4994/1223 1318/4993/1223
f 1321/5000/1224 1323/4999/1224 1322/4998/1224 1320/4997/1224
f 1323/5004/1225 1325/5003/1225 1324/5002/1225 1322/5001/1225
f 1325/5008/1226 1327/5007/1226 1326/5006/1226 1324/5005/1226
f 1327/5012/1227 1329/5011/1227 1328/5010/1227 1326/5009/1227
f 1329/5016/1228 1331/5015/1228 1330/5014/1228 1328/5013/1228
f 1331/5020/1229 1333/5019/1229 1332/5018/1229 1330/5017/1229
f 1333/5024/1230 1335/5023/1230 1334/5022/1230 1332/5021/1230
f 1335/5028/1231 1315/5027/1231 1312/5026/1231 1334/5025/1231
f 1312/5040/1232 1313/5039/1232 1316/5038/1232 1318/5037/1232 1320/5036/1232 1322/5035/1232 1324/5034/1232 1326/5033/1232 1328/5032/1232 1330/5031/1232 1332/5030/1232 1334/5029/1232
f 1335/5052/1233 1333/5051/1233 1331/5050/1233 1329/5049/1233 1327/5048/1233 1325/5047/1233 1323/5046/1233 1321/5045/1233 1319/5044/1233 1317/5043/1233 1314/5042/1233 1315/5041/1233
o group553589110
g mesh553589110
usemtl mat23
f 1339/5056/1234 1338/5055/1234 1337/5054/1234 1336/5053/1234
f 1338/5060/1235 1341/5059/1235 1340/5058/1235 1337/5057/1235
f 1341/5064/1236 1343/5063/1236 1342/5062/1236 1340/5061/1236
f 1343/5068/1237 1345/5067/1237 1344/5066/1237 1342/5065/1237
f 1345/5072/1238 1347/5071/1238 1346/5070/1238 1344/5069/1238
f 1347/5076/1239 1349/5075/1239 1348/5074/1239 1346/5073/1239
f 1349/5080/1240 1351/5079/1240 1350/5078/1240 1348/5077/1240
f 1351/5084/1241 1353/5083/1241 1352/5082/1241 1350/5081/1241
f 1353/5088/1242 1355/5087/1242 1354/5086/1242 1352/5085/1242
f 1355/5092/1243 1357/5091/1243 1356/5090/1243 1354/5089/1243
f 1357/5096/1244 1359/5095/1244 1358/5094/1244 1356/5093/1244
f 1359/5100/1245 1339/5099/1245 1336/5098/1245 1358/5097/1245
f 1336/5112/1246 1337/5111/1246 1340/5110/1246 1342/5109/1246 1344/5108/1246 1346/5107/1246 1348/5106/1246 1350/5105/1246 1352/5104/1246 1354/5103/1246 1356/5102/1246 1358/5101/1246
f 1359/5124/1247 1357/5123/1247 1355/5122/1247 1353/5121/1247 1351/5120/1247 1349/5119/1247 1347/5118/1247 1345/5117/1247 1343/5116/1247 1341/5115/1247 1338/5114/1247 1339/5113/1247
o group1776375035
g mesh1776375035
usemtl mat8
f 1363/5128/1248 1362/5127/1248 1361/5126/1248 1360/5125/1248
f 1362/5132/1249 1365/5131/1249 1364/5130/1249 1361/5129/1249
f 1365/5136/1250 1367/5135/1250 1366/5134/1250 1364/5133/1250
f 1367/5140/1251 1369/5139/1251 1368/5138/1251 1366/5137/1251
f 1369/5144/1252 1371/5143/1252 1370/5142/1252 1368/5141/1252
f 1371/5148/1253 1373/5147/1253 1372/5146/1253 1370/5145/1253
f 1373/5152/1254 1375/5151/1254 1374/5150/1254 1372/5149/1254
f 1375/5156/1255 1377/5155/1255 1376/5154/1255 1374/5153/1255
f 1377/5160/1256 1379/5159/1256 1378/5158/1256 1376/5157/1256
f 1379/5164/1257 1381/5163/1257 1380/5162/1257 1378/5161/1257
f 1381/5168/1258 1383/5167/1258 1382/5166/1258 1380/5165/1258
f 1383/5172/1259 1363/5171/1259 1360/5170/1259 1382/5169/1259
f 1360/5184/1260 1361/5183/1260 1364/5182/1260 1366/5181/1260 1368/5180/1260 1370/5179/1260 1372/5178/1260 1374/5177/1260 1376/5176/1260 1378/5175/1260 1380/5174/1260 1382/5173/1260
f 1383/5196/1261 1381/5195/1261 1379/5194/1261 1377/5193/1261 1375/5192/1261 1373/5191/1261 1371/5190/1261 1369/5189/1261 1367/5188/1261 1365/5187/1261 1362/5186/1261 1363/5185/1261
o group404117658
g mesh404117658
usemtl mat8
f 1387/5200/1262 1386/5199/1262 1385/5198/1262 1384/5197/1262
f 1386/5204/1263 1389/5203/1263 1388/5202/1263 1385/5201/1263
f 1389/5208/1264 1391/5207/1264 1390/5206/1264 1388/5205/1264
f 1391/5212/1265 1393/5211/1265 1392/5210/1265 1390/5209/1265
f 1393/5216/1266 1395/5215/1266 1394/5214/1266 1392/5213/1266
f 1395/5220/1267 1397/5219/1267 1396/5218/1267 1394/5217/1267
f 1397/5224/1268 1399/5223/1268 1398/5222/1268 1396/5221/1268
f 1399/5228/1269 1401/5227/1269 1400/5226/1269 1398/5225/1269
f 1401/5232/1270 1403/5231/1270 1402/5230/1270 1400/5229/1270
f 1403/5236/1271 1405/5235/1271 1404/5234/1271 1402/5233/1271
f 1405/5240/1272 1407/5239/1272 1406/5238/1272 1404/5237/1272
f 1407/5244/1273 1387/5243/1273 1384/5242/1273 1406/5241/1273
f 1384/5256/1274 1385/5255/1274 1388/5254/1274 1390/5253/1274 1392/5252/1274 1394/5251/1274 1396/5250/1274 1398/5249/1274 1400/5248/1274 1402/5247/1274 1404/5246/1274 1406/5245/1274
f 1407/5268/1275 1405/5267/1275 1403/5266/1275 1401/5265/1275 1399/5264/1275 1397/5263/1275 1395/5262/1275 1393/5261/1275 1391/5260/1275 1389/5259/1275 1386/5258/1275 1387/5257/1275
o group1740299346
g mesh1740299346
usemtl mat8
f 1411/5272/1276 1410/5271/1276 1409/5270/1276 1408/5269/1276
f 1410/5276/1277 1413/5275/1277 1412/5274/1277 1409/5273/1277
f 1413/5280/1278 1415/5279/1278 1414/5278/1278 1412/5277/1278
f 1415/5284/1279 1417/5283/1279 1416/5282/1279 1414/5281/1279
f 1417/5288/1280 1419/5287/1280 1418/5286/1280 1416/5285/1280
f 1419/5292/1281 1421/5291/1281 1420/5290/1281 1418/5289/1281
f 1421/5296/1282 1423/5295/1282 1422/5294/1282 1420/5293/1282
f 1423/5300/1283 1425/5299/1283 1424/5298/1283 1422/5297/1283
f 1425/5304/1284 1427/5303/1284 1426/5302/1284 1424/5301/1284
f 1427/5308/1285 1429/5307/1285 1428/5306/1285 1426/5305/1285
f 1429/5312/1286 1431/5311/1286 1430/5310/1286 1428/5309/1286
f 1431/5316/1287 1411/5315/1287 1408/5314/1287 1430/5313/1287
f 1408/5328/1288 1409/5327/1288 1412/5326/1288 1414/5325/1288 1416/5324/1288 1418/5323/1288 1420/5322/1288 1422/5321/1288 1424/5320/1288 1426/5319/1288 1428/5318/1288 1430/5317/1288
f 1431/5340/1289 1429/5339/1289 1427/5338/1289 1425/5337/1289 1423/5336/1289 1421/5335/1289 1419/5334/1289 1417/5333/1289 1415/5332/1289 1413/5331/1289 1410/5330/1289 1411/5329/1289
o group1794423769
g mesh1794423769
usemtl mat8
f 1435/5344/1290 1434/5343/1290 1433/5342/1290 1432/5341/1290
f 1434/5348/1291 1437/5347/1291 1436/5346/1291 1433/5345/1291
f 1437/5352/1292 1439/5351/1292 1438/5350/1292 1436/5349/1292
f 1439/5356/1293 1441/5355/1293 1440/5354/1293 1438/5353/1293
f 1441/5360/1294 1443/5359/1294 1442/5358/1294 1440/5357/1294
f 1443/5364/1295 1445/5363/1295 1444/5362/1295 1442/5361/1295
f 1445/5368/1296 1447/5367/1296 1446/5366/1296 1444/5365/1296
f 1447/5372/1297 1449/5371/1297 1448/5370/1297 1446/5369/1297
f 1449/5376/1298 1451/5375/1298 1450/5374/1298 1448/5373/1298
f 1451/5380/1299 1453/5379/1299 1452/5378/1299 1450/5377/1299
f 1453/5384/1300 1455/5383/1300 1454/5382/1300 1452/5381/1300
f 1455/5388/1301 1435/5387/1301 1432/5386/1301 1454/5385/1301
f 1432/5400/1302 1433/5399/1302 1436/5398/1302 1438/5397/1302 1440/5396/1302 1442/5395/1302 1444/5394/1302 1446/5393/1302 1448/5392/1302 1450/5391/1302 1452/5390/1302 1454/5389/1302
f 1455/5412/1303 1453/5411/1303 1451/5410/1303 1449/5409/1303 1447/5408/1303 1445/5407/1303 1443/5406/1303 1441/5405/1303 1439/5404/1303 1437/5403/1303 1434/5402/1303 1435/5401/1303
o group1432932294
g mesh1432932294
usemtl mat8
f 1459/5416/1304 1458/5415/1304 1457/5414/1304 1456/5413/1304
f 1458/5420/1305 1461/5419/1305 1460/5418/1305 1457/5417/1305
f 1461/5424/1306 1463/5423/1306 1462/5422/1306 1460/5421/1306
f 1463/5428/1307 1465/5427/1307 1464/5426/1307 1462/5425/1307
f 1465/5432/1308 1467/5431/1308 1466/5430/1308 1464/5429/1308
f 1467/5436/1309 1469/5435/1309 1468/5434/1309 1466/5433/1309
f 1469/5440/1310 1471/5439/1310 1470/5438/1310 1468/5437/1310
f 1471/5444/1311 1473/5443/1311 1472/5442/1311 1470/5441/1311
f 1473/5448/1312 1475/5447/1312 1474/5446/1312 1472/5445/1312
f 1475/5452/1313 1477/5451/1313 1476/5450/1313 1474/5449/1313
f 1477/5456/1314 1479/5455/1314 1478/5454/1314 1476/5453/1314
f 1479/5460/1315 1459/5459/1315 1456/5458/1315 1478/5457/1315
f 1456/5472/1316 1457/5471/1316 1460/5470/1316 1462/5469/1316 1464/5468/1316 1466/5467/1316 1468/5466/1316 1470/5465/1316 1472/5464/1316 1474/5463/1316 1476/5462/1316 1478/5461/1316
f 1479/5484/1317 1477/5483/1317 1475/5482/1317 1473/5481/1317 1471/5480/1317 1469/5479/1317 1467/5478/1317 1465/5477/1317 1463/5476/1317 1461/5475/1317 1458/5474/1317 1459/5473/1317
o group964678730
g mesh964678730
usemtl mat23
f 1483/5488/1318 1482/5487/1318 1481/5486/1318 1480/5485/1318
f 1487/5492/1319 1486/5491/1319 1485/5490/1319 1484/5489/1319
f 1481/5496/1320 1487/5495/1320 1484/5494/1320 1480/5493/1320
f 1485/5500/1321 1486/5499/1321 1482/5498/1321 1483/5497/1321
f 1484/5504/1322 1485/5503/1322 1483/5502/1322 1480/5501/1322
f 1482/5508/1323 1486/5507/1323 1487/5506/1323 1481/5505/1323
o group718391907
g mesh718391907
usemtl mat15
f 1491/5512/1324 1490/5511/1324 1489/5510/1324 1488/5509/1324
f 1495/5516/1325 1494/5515/1325 1493/5514/1325 1492/5513/1325
f 1489/5520/1326 1495/5519/1326 1492/5518/1326 1488/5517/1326
f 1493/5524/1327 1494/5523/1327 1490/5522/1327 1491/5521/1327
f 1492/5528/1328 1493/5527/1328 1491/5526/1328 1488/5525/1328
f 1490/5532/1329 1494/5531/1329 1495/5530/1329 1489/5529/1329
o group171852519
g mesh171852519
usemtl mat15
f 1499/5536/1330 1498/5535/1330 1497/5534/1330 1496/5533/1330
f 1503/5540/1331 1502/5539/1331 1501/5538/1331 1500/5537/1331
f 1497/5544/1332 1503/5543/1332 1500/5542/1332 1496/5541/1332
f 1501/5548/1333 1502/5547/1333 1498/5546/1333 1499/5545/1333
f 1500/5552/1334 1501/5551/1334 1499/5550/1334 1496/5549/1334
f 1498/5556/1335 1502/5555/1335 1503/5554/1335 1497/5553/1335
o group493796985
g mesh493796985
usemtl mat15
f 1507/5560/1336 1506/5559/1336 1505/5558/1336 1504/5557/1336
f 1511/5564/1337 1510/5563/1337 1509/5562/1337 1508/5561/1337
f 1505/5568/1338 1511/5567/1338 1508/5566/1338 1504/5565/1338
f 1509/5572/1339 1510/5571/1339 1506/5570/1339 1507/5569/1339
f 1508/5576/1340 1509/5575/1340 1507/5574/1340 1504/5573/1340
f 1506/5580/1341 1510/5579/1341 1511/5578/1341 1505/5577/1341
o group39698473
g mesh39698473
usemtl mat15
f 1515/5584/1342 1514/5583/1342 1513/5582/1342 1512/5581/1342
f 1519/5588/1343 1518/5587/1343 1517/5586/1343 1516/5585/1343
f 1513/5592/1344 1519/5591/1344 1516/5590/1344 1512/5589/1344
f 1517/5596/1345 1518/5595/1345 1514/5594/1345 1515/5593/1345
f 1516/5600/1346 1517/5599/1346 1515/5598/1346 1512/5597/1346
f 1514/5604/1347 1518/5603/1347 1519/5602/1347 1513/5601/1347
o group915356025
g mesh915356025
usemtl mat15
f 1523/5608/1348 1522/5607/1348 1521/5606/1348 1520/5605/1348
f 1527/5612/1349 1526/5611/1349 1525/5610/1349 1524/5609/1349
f 1521/5616/1350 1527/5615/1350 1524/5614/1350 1520/5613/1350
f 1525/5620/1351 1526/5619/1351 1522/5618/1351 1523/5617/1351
f 1524/5624/1352 1525/5623/1352 1523/5622/1352 1520/5621/1352
f 1522/5628/1353 1526/5627/1353 1527/5626/1353 1521/5625/1353
o group2025710390
g mesh2025710390
usemtl mat15
f 1531/5632/1354 1530/5631/1354 1529/5630/1354 1528/5629/1354
f 1535/5636/1355 1534/5635/1355 1533/5634/1355 1532/5633/1355
f 1529/5640/1356 1535/5639/1356 1532/5638/1356 1528/5637/1356
f 1533/5644/1357 1534/5643/1357 1530/5642/1357 1531/5641/1357
f 1532/5648/1358 1533/5647/1358 1531/5646/1358 1528/5645/1358
f 1530/5652/1359 1534/5651/1359 1535/5650/1359 1529/5649/1359
o group1862112800
g mesh1862112800
usemtl mat15
f 1539/5656/1360 1538/5655/1360 1537/5654/1360 1536/5653/1360
f 1543/5660/1361 1542/5659/1361 1541/5658/1361 1540/5657/1361
f 1537/5664/1362 1543/5663/1362 1540/5662/1362 1536/5661/1362
f 1541/5668/1363 1542/5667/1363 1538/5666/1363 1539/5665/1363
f 1540/5672/1364 1541/5671/1364 1539/5670/1364 1536/5669/1364
f 1538/5676/1365 1542/5675/1365 1543/5674/1365 1537/5673/1365
o group177297891
g mesh177297891
usemtl mat15
f 1547/5680/1366 1546/5679/1366 1545/5678/1366 1544/5677/1366
f 1551/5684/1367 1550/5683/1367 1549/5682/1367 1548/5681/1367
f 1545/5688/1368 1551/5687/1368 1548/5686/1368 1544/5685/1368
f 1553/5692/1369 1552/5691/1369 1546/5690/1369 1547/5689/1369
f 1548/5698/1370 1549/5697/1370 1554/5696/1370 1553/5695/1370 1547/5694/1370 1544/5693/1370
f 1546/5704/1371 1552/5703/1371 1555/5702/1371 1550/5701/1371 1551/5700/1371 1545/5699/1371
f 1550/5708/1372 1555/5707/1372 1554/5706/1372 1549/5705/1372
f 1557/5712/1373 1556/5711/1373 1553/5710/1373 1554/5709/1373
f 1558/5715/1374 1552/5714/1374 1553/5713/1374
f 1558/5719/1375 1559/5718/1375 1555/5717/1375 1552/5716/1375
f 1559/5723/1376 1557/5722/1376 1554/5721/1376 1555/5720/1376
f 1559/5727/1377 1558/5726/1377 1556/5725/1377 1557/5724/1377
f 1553/5730/1378 1556/5729/1378 1558/5728/1378
o group991908054
g mesh991908054
usemtl mat23
f 1563/5734/1379 1562/5733/1379 1561/5732/1379 1560/5731/1379
f 1562/5738/1380 1565/5737/1380 1564/5736/1380 1561/5735/1380
f 1565/5742/1381 1567/5741/1381 1566/5740/1381 1564/5739/1381
f 1567/5746/1382 1569/5745/1382 1568/5744/1382 1566/5743/1382
f 1569/5750/1383 1571/5749/1383 1570/5748/1383 1568/5747/1383
f 1571/5754/1384 1573/5753/1384 1572/5752/1384 1570/5751/1384
f 1573/5758/1385 1575/5757/1385 1574/5756/1385 1572/5755/1385
f 1575/5762/1386 1577/5761/1386 1576/5760/1386 1574/5759/1386
f 1577/5766/1387 1579/5765/1387 1578/5764/1387 1576/5763/1387
f 1579/5770/1388 1581/5769/1388 1580/5768/1388 1578/5767/1388
f 1581/5774/1389 1583/5773/1389 1582/5772/1389 1580/5771/1389
f 1583/5778/1390 1563/5777/1390 1560/5776/1390 1582/5775/1390
f 1585/5782/1391 1584/5781/1391 1580/5780/1391 1582/5779/1391
f 1583/5794/1392 1581/5793/1392 1579/5792/1392 1577/5791/1392 1575/5790/1392 1573/5789/1392 1571/5788/1392 1569/5787/1392 1567/5786/1392 1565/5785/1392 1562/5784/1392 1563/5783/1392
f 1584/5798/1393 1586/5797/1393 1578/5796/1393 1580/5795/1393
f 1586/5802/1394 1587/5801/1394 1576/5800/1394 1578/5799/1394
f 1587/5806/1395 1588/5805/1395 1574/5804/1395 1576/5803/1395
f 1588/5810/1396 1589/5809/1396 1572/5808/1396 1574/5807/1396
f 1589/5814/1397 1590/5813/1397 1570/5812/1397 1572/5811/1397
f 1590/5818/1398 1591/5817/1398 1568/5816/1398 1570/5815/1398
f 1591/5822/1399 1592/5821/1399 1566/5820/1399 1568/5819/1399
f 1592/5826/1400 1593/5825/1400 1564/5824/1400 1566/5823/1400
f 1593/5830/1401 1594/5829/1401 1561/5828/1401 1564/5827/1401
f 1594/5834/1402 1595/5833/1402 1560/5832/1402 1561/5831/1402
f 1595/5838/1403 1585/5837/1403 1582/5836/1403 1560/5835/1403
f 1597/5842/1404 1596/5841/1404 1584/5840/1404 1585/5839/1404
f 1596/5846/1405 1598/5845/1405 1586/5844/1405 1584/5843/1405
f 1598/5850/1406 1599/5849/1406 1587/5848/1406 1586/5847/1406
f 1599/5854/1407 1600/5853/1407 1588/5852/1407 1587/5851/1407
f 1600/5858/1408 1601/5857/1408 1589/5856/1408 1588/5855/1408
f 1601/5862/1409 1602/5861/1409 1590/5860/1409 1589/5859/1409
f 1602/5866/1410 1603/5865/1410 1591/5864/1410 1590/5863/1410
f 1603/5870/1411 1604/5869/1411 1592/5868/1411 1591/5867/1411
f 1604/5874/1412 1605/5873/1412 1593/5872/1412 1592/5871/1412
f 1605/5878/1413 1606/5877/1413 1594/5876/1413 1593/5875/1413
f 1606/5882/1414 1607/5881/1414 1595/5880/1414 1594/5879/1414
f 1607/5886/1415 1597/5885/1415 1585/5884/1415 1595/5883/1415
f 1607/5898/1416 1606/5897/1416 1605/5896/1416 1604/5895/1416 1603/5894/1416 1602/5893/1416 1601/5892/1416 1600/5891/1416 1599/5890/1416 1598/5889/1416 1596/5888/1416 1597/5887/1416
o group489493846
g mesh489493846
usemtl mat23
f 1611/5902/1417 1610/5901/1417 1609/5900/1417 1608/5899/1417
f 1614/5905/1418 1613/5904/1418 1612/5903/1418
f 1609/5908/1419 1615/5907/1419 1608/5906/1419
f 1616/5913/1420 1613/5912/1420 1614/5911/1420 1610/5910/1420 1611/5909/1420
f 1616/5916/1421 1611/5915/1421 1608/5914/1421
f 1610/5919/1422 1614/5918/1422 1609/5917/1422
f 1612/5922/1423 1613/5921/1423 1616/5920/1423
f 1617/5925/1424 1612/5924/1424 1615/5923/1424
f 1612/5928/1425 1617/5927/1425 1614/5926/1425
f 1609/5931/1426 1617/5930/1426 1615/5929/1426
f 1614/5934/1427 1617/5933/1427 1609/5932/1427
f 1608/5937/1428 1615/5936/1428 1616/5935/1428
f 1616/5940/1429 1615/5939/1429 1612/5938/1429
o group1533834375
g mesh1533834375
usemtl mat23
f 1621/5944/1430 1620/5943/1430 1619/5942/1430 1618/5941/1430
f 1625/5948/1431 1624/5947/1431 1623/5946/1431 1622/5945/1431
f 1619/5953/1432 1625/5952/1432 1622/5951/1432 1626/5950/1432 1618/5949/1432
f 1627/5958/1433 1623/5957/1433 1624/5956/1433 1620/5955/1433 1621/5954/1433
f 1626/5962/1434 1627/5961/1434 1621/5960/1434 1618/5959/1434
f 1620/5966/1435 1624/5965/1435 1625/5964/1435 1619/5963/1435
f 1626/5970/1436 1622/5969/1436 1623/5968/1436 1627/5967/1436
o group139248361
g mesh139248361
usemtl mat23
f 1631/5974/1437 1630/5973/1437 1629/5972/1437 1628/5971/1437
f 1635/5978/1438 1634/5977/1438 1633/5976/1438 1632/5975/1438
f 1629/5992/1439 1645/5991/1439 1644/5990/1439 1643/5989/1439 1642/5988/1439 1641/5987/1439 1635/5986/1439 1632/5985/1439 1640/5984/1439 1639/5983/1439 1638/5982/1439 1637/5981/1439 1636/5980/1439 1628/5979/1439
f 1649/5998/1440 1648/5997/1440 1647/5996/1440 1646/5995/1440 1630/5994/1440 1631/5993/1440
f 1636/6002/1441 1649/6001/1441 1631/6000/1441 1628/5999/1441
f 1630/6006/1442 1646/6005/1442 1645/6004/1442 1629/6003/1442
f 1636/6011/1443 1637/6010/1443 1650/6009/1443 1648/6008/1443 1649/6007/1443
f 1640/6015/1444 1632/6014/1444 1633/6013/1444 1651/6012/1444
f 1653/6020/1445 1639/6019/1445 1640/6018/1445 1651/6017/1445 1652/6016/1445
f 1654/6023/1446 1642/6022/1446 1643/6021/1446
f 1646/6028/1447 1647/6027/1447 1655/6026/1447 1644/6025/1447 1645/6024/1447
f 1655/6032/1448 1654/6031/1448 1643/6030/1448 1644/6029/1448
f 1656/6036/1449 1634/6035/1449 1635/6034/1449 1641/6033/1449
f 1654/6041/1450 1657/6040/1450 1656/6039/1450 1641/6038/1450 1642/6037/1450
f 1650/6044/1451 1637/6043/1451 1638/6042/1451
f 1638/6047/1452 1639/6046/1452 1653/6045/1452
f 1652/6050/1453 1657/6049/1453 1654/6048/1453
f 1648/6053/1454 1655/6052/1454 1647/6051/1454
f 1652/6059/1455 1651/6058/1455 1633/6057/1455 1634/6056/1455 1656/6055/1455 1657/6054/1455
f 1655/6062/1456 1653/6061/1456 1654/6060/1456
f 1654/6065/1457 1653/6064/1457 1652/6063/1457
f 1638/6068/1458 1658/6067/1458 1650/6066/1458
f 1655/6072/1459 1650/6071/1459 1658/6070/1459 1653/6069/1459
f 1655/6075/1460 1648/6074/1460 1650/6073/1460
f 1638/6078/1461 1653/6077/1461 1658/6076/1461
o group1826884654
g mesh1826884654
usemtl mat23
f 1662/6082/1462 1661/6081/1462 1660/6080/1462 1659/6079/1462
f 1666/6086/1463 1665/6085/1463 1664/6084/1463 1663/6083/1463
f 1676/6099/1464 1675/6098/1464 1674/6097/1464 1673/6096/1464 1672/6095/1464 1666/6094/1464 1663/6093/1464 1671/6092/1464 1670/6091/1464 1669/6090/1464 1668/6089/1464 1667/6088/1464 1659/6087/1464
f 1680/6104/1465 1679/6103/1465 1678/6102/1465 1677/6101/1465 1662/6100/1465
f 1667/6108/1466 1680/6107/1466 1662/6106/1466 1659/6105/1466
f 1661/6112/1467 1677/6111/1467 1676/6110/1467 1660/6109/1467
f 1667/6117/1468 1668/6116/1468 1681/6115/1468 1679/6114/1468 1680/6113/1468
f 1671/6121/1469 1663/6120/1469 1664/6119/1469 1682/6118/1469
f 1684/6126/1470 1670/6125/1470 1671/6124/1470 1682/6123/1470 1683/6122/1470
f 1685/6129/1471 1673/6128/1471 1674/6127/1471
f 1677/6134/1472 1678/6133/1472 1686/6132/1472 1675/6131/1472 1676/6130/1472
f 1686/6138/1473 1685/6137/1473 1674/6136/1473 1675/6135/1473
f 1687/6142/1474 1665/6141/1474 1666/6140/1474 1672/6139/1474
f 1685/6147/1475 1688/6146/1475 1687/6145/1475 1672/6144/1475 1673/6143/1475
f 1681/6150/1476 1668/6149/1476 1669/6148/1476
f 1669/6153/1477 1670/6152/1477 1684/6151/1477
f 1683/6156/1478 1688/6155/1478 1685/6154/1478
f 1679/6159/1479 1686/6158/1479 1678/6157/1479
f 1683/6165/1480 1682/6164/1480 1664/6163/1480 1665/6162/1480 1687/6161/1480 1688/6160/1480
f 1686/6168/1481 1684/6167/1481 1685/6166/1481
f 1685/6171/1482 1684/6170/1482 1683/6169/1482
f 1669/6174/1483 1689/6173/1483 1681/6172/1483
f 1686/6178/1484 1681/6177/1484 1689/6176/1484 1684/6175/1484
f 1686/6181/1485 1679/6180/1485 1681/6179/1485
f 1669/6184/1486 1684/6183/1486 1689/6182/1486
f 1659/6187/1487 1660/6186/1487 1676/6185/1487
f 1677/6190/1488 1661/6189/1488 1662/6188/1488
o group1117011410
g mesh1117011410
usemtl mat23
f 1693/6194/1489 1692/6193/1489 1691/6192/1489 1690/6191/1489
f 1697/6198/1490 1696/6197/1490 1695/6196/1490 1694/6195/1490
f 1693/6211/1491 1707/6210/1491 1706/6209/1491 1705/6208/1491 1704/6207/1491 1703/6206/1491 1697/6205/1491 1694/6204/1491 1702/6203/1491 1701/6202/1491 1700/6201/1491 1699/6200/1491 1698/6199/1491
f 1690/6216/1492 1711/6215/1492 1710/6214/1492 1709/6213/1492 1708/6212/1492
f 1693/6220/1493 1690/6219/1493 1708/6218/1493 1707/6217/1493
f 1692/6224/1494 1698/6223/1494 1711/6222/1494 1691/6221/1494
f 1708/6229/1495 1709/6228/1495 1712/6227/1495 1706/6226/1495 1707/6225/1495
f 1713/6233/1496 1696/6232/1496 1697/6231/1496 1703/6230/1496
f 1715/6238/1497 1713/6237/1497 1703/6236/1497 1704/6235/1497 1714/6234/1497
f 1700/6241/1498 1701/6240/1498 1716/6239/1498
f 1698/6246/1499 1699/6245/1499 1717/6244/1499 1710/6243/1499 1711/6242/1499
f 1699/6250/1500 1700/6249/1500 1716/6248/1500 1717/6247/1500
f 1702/6254/1501 1694/6253/1501 1695/6252/1501 1718/6251/1501
f 1701/6259/1502 1702/6258/1502 1718/6257/1502 1719/6256/1502 1716/6255/1502
f 1705/6262/1503 1706/6261/1503 1712/6260/1503
f 1714/6265/1504 1704/6264/1504 1705/6263/1504
f 1716/6268/1505 1719/6267/1505 1715/6266/1505
f 1710/6271/1506 1717/6270/1506 1709/6269/1506
f 1719/6277/1507 1718/6276/1507 1695/6275/1507 1696/6274/1507 1713/6273/1507 1715/6272/1507
f 1716/6280/1508 1714/6279/1508 1717/6278/1508
f 1715/6283/1509 1714/6282/1509 1716/6281/1509
f 1712/6286/1510 1720/6285/1510 1705/6284/1510
f 1714/6290/1511 1720/6289/1511 1712/6288/1511 1717/6287/1511
f 1712/6293/1512 1709/6292/1512 1717/6291/1512
f 1720/6296/1513 1714/6295/1513 1705/6294/1513
f 1698/6299/1514 1692/6298/1514 1693/6297/1514
f 1690/6302/1515 1691/6301/1515 1711/6300/1515
o group606066361
g mesh606066361
usemtl mat23
f 1724/6306/1516 1723/6305/1516 1722/6304/1516 1721/6303/1516
f 1728/6310/1517 1727/6309/1517 1726/6308/1517 1725/6307/1517
f 1722/6315/1518 1728/6314/1518 1725/6313/1518 1729/6312/1518 1721/6311/1518
f 1730/6320/1519 1726/6319/1519 1727/6318/1519 1723/6317/1519 1724/6316/1519
f 1729/6324/1520 1730/6323/1520 1724/6322/1520 1721/6321/1520
f 1723/6328/1521 1727/6327/1521 1728/6326/1521 1722/6325/1521
f 1729/6332/1522 1725/6331/1522 1726/6330/1522 1730/6329/1522
o group834085137
g mesh834085137
usemtl mat23
f 1734/6336/1523 1733/6335/1523 1732/6334/1523 1731/6333/1523
f 1738/6340/1524 1737/6339/1524 1736/6338/1524 1735/6337/1524
f 1748/6353/1525 1747/6352/1525 1746/6351/1525 1745/6350/1525 1744/6349/1525 1738/6348/1525 1735/6347/1525 1743/6346/1525 1742/6345/1525 1741/6344/1525 1740/6343/1525 1739/6342/1525 1731/6341/1525
f 1752/6358/1526 1751/6357/1526 1750/6356/1526 1749/6355/1526 1734/6354/1526
f 1739/6362/1527 1752/6361/1527 1734/6360/1527 1731/6359/1527
f 1733/6366/1528 1749/6365/1528 1748/6364/1528 1732/6363/1528
f 1739/6371/1529 1740/6370/1529 1753/6369/1529 1751/6368/1529 1752/6367/1529
f 1743/6375/1530 1735/6374/1530 1736/6373/1530 1754/6372/1530
f 1756/6380/1531 1742/6379/1531 1743/6378/1531 1754/6377/1531 1755/6376/1531
f 1757/6383/1532 1745/6382/1532 1746/6381/1532
f 1749/6388/1533 1750/6387/1533 1758/6386/1533 1747/6385/1533 1748/6384/1533
f 1758/6392/1534 1757/6391/1534 1746/6390/1534 1747/6389/1534
f 1759/6396/1535 1737/6395/1535 1738/6394/1535 1744/6393/1535
f 1757/6401/1536 1760/6400/1536 1759/6399/1536 1744/6398/1536 1745/6397/1536
f 1753/6404/1537 1740/6403/1537 1741/6402/1537
f 1741/6407/1538 1742/6406/1538 1756/6405/1538
f 1755/6410/1539 1760/6409/1539 1757/6408/1539
f 1751/6413/1540 1758/6412/1540 1750/6411/1540
f 1755/6419/1541 1754/6418/1541 1736/6417/1541 1737/6416/1541 1759/6415/1541 1760/6414/1541
f 1758/6422/1542 1756/6421/1542 1757/6420/1542
f 1757/6425/1543 1756/6424/1543 1755/6423/1543
f 1741/6428/1544 1761/6427/1544 1753/6426/1544
f 1758/6432/1545 1753/6431/1545 1761/6430/1545 1756/6429/1545
f 1758/6435/1546 1751/6434/1546 1753/6433/1546
f 1741/6438/1547 1756/6437/1547 1761/6436/1547
f 1731/6441/1548 1732/6440/1548 1748/6439/1548
f 1749/6444/1549 1733/6443/1549 1734/6442/1549
o group1293210293
g mesh1293210293
usemtl mat23
f 1765/6448/1550 1764/6447/1550 1763/6446/1550 1762/6445/1550
f 1769/6452/1551 1768/6451/1551 1767/6450/1551 1766/6449/1551
f 1765/6465/1552 1779/6464/1552 1778/6463/1552 1777/6462/1552 1776/6461/1552 1775/6460/1552 1769/6459/1552 1766/6458/1552 1774/6457/1552 1773/6456/1552 1772/6455/1552 1771/6454/1552 1770/6453/1552
f 1762/6470/1553 1783/6469/1553 1782/6468/1553 1781/6467/1553 1780/6466/1553
f 1765/6474/1554 1762/6473/1554 1780/6472/1554 1779/6471/1554
f 1764/6478/1555 1770/6477/1555 1783/6476/1555 1763/6475/1555
f 1780/6483/1556 1781/6482/1556 1784/6481/1556 1778/6480/1556 1779/6479/1556
f 1785/6487/1557 1768/6486/1557 1769/6485/1557 1775/6484/1557
f 1787/6492/1558 1785/6491/1558 1775/6490/1558 1776/6489/1558 1786/6488/1558
f 1772/6495/1559 1773/6494/1559 1788/6493/1559
f 1770/6500/1560 1771/6499/1560 1789/6498/1560 1782/6497/1560 1783/6496/1560
f 1771/6504/1561 1772/6503/1561 1788/6502/1561 1789/6501/1561
f 1774/6508/1562 1766/6507/1562 1767/6506/1562 1790/6505/1562
f 1773/6513/1563 1774/6512/1563 1790/6511/1563 1791/6510/1563 1788/6509/1563
f 1777/6516/1564 1778/6515/1564 1784/6514/1564
f 1786/6519/1565 1776/6518/1565 1777/6517/1565
f 1788/6522/1566 1791/6521/1566 1787/6520/1566
f 1782/6525/1567 1789/6524/1567 1781/6523/1567
f 1791/6531/1568 1790/6530/1568 1767/6529/1568 1768/6528/1568 1785/6527/1568 1787/6526/1568
f 1788/6534/1569 1786/6533/1569 1789/6532/1569
f 1787/6537/1570 1786/6536/1570 1788/6535/1570
f 1784/6540/1571 1792/6539/1571 1777/6538/1571
f 1786/6544/1572 1792/6543/1572 1784/6542/1572 1789/6541/1572
f 1784/6547/1573 1781/6546/1573 1789/6545/1573
f 1792/6550/1574 1786/6549/1574 1777/6548/1574
f 1770/6553/1575 1764/6552/1575 1765/6551/1575
f 1762/6556/1576 1763/6555/1576 1783/6554/1576
o group869837139
g mesh869837139
usemtl mat23
f 1796/6560/1577 1795/6559/1577 1794/6558/1577 1793/6557/1577
f 1800/6564/1578 1799/6563/1578 1798/6562/1578 1797/6561/1578
f 1794/6578/1579 1810/6577/1579 1809/6576/1579 1808/6575/1579 1807/6574/1579 1806/6573/1579 1800/6572/1579 1797/6571/1579 1805/6570/1579 1804/6569/1579 1803/6568/1579 1802/6567/1579 1801/6566/1579 1793/6565/1579
f 1814/6584/1580 1813/6583/1580 1812/6582/1580 1811/6581/1580 1795/6580/1580 1796/6579/1580
f 1801/6588/1581 1814/6587/1581 1796/6586/1581 1793/6585/1581
f 1795/6592/1582 1811/6591/1582 1810/6590/1582 1794/6589/1582
f 1801/6597/1583 1802/6596/1583 1815/6595/1583 1813/6594/1583 1814/6593/1583
f 1805/6601/1584 1797/6600/1584 1798/6599/1584 1816/6598/1584
f 1818/6606/1585 1804/6605/1585 1805/6604/1585 1816/6603/1585 1817/6602/1585
f 1819/6609/1586 1807/6608/1586 1808/6607/1586
f 1811/6614/1587 1812/6613/1587 1820/6612/1587 1809/6611/1587 1810/6610/1587
f 1820/6618/1588 1819/6617/1588 1808/6616/1588 1809/6615/1588
f 1821/6622/1589 1799/6621/1589 1800/6620/1589 1806/6619/1589
f 1819/6627/1590 1822/6626/1590 1821/6625/1590 1806/6624/1590 1807/6623/1590
f 1815/6630/1591 1802/6629/1591 1803/6628/1591
f 1803/6633/1592 1804/6632/1592 1818/6631/1592
f 1817/6636/1593 1822/6635/1593 1819/6634/1593
f 1813/6639/1594 1820/6638/1594 1812/6637/1594
f 1817/6645/1595 1816/6644/1595 1798/6643/1595 1799/6642/1595 1821/6641/1595 1822/6640/1595
f 1820/6648/1596 1818/6647/1596 1819/6646/1596
f 1819/6651/1597 1818/6650/1597 1817/6649/1597
f 1803/6654/1598 1823/6653/1598 1815/6652/1598
f 1820/6658/1599 1815/6657/1599 1823/6656/1599 1818/6655/1599
f 1820/6661/1600 1813/6660/1600 1815/6659/1600
f 1803/6664/1601 1818/6663/1601 1823/6662/1601
o group14070775
g mesh14070775
usemtl mat23
f 1827/6668/1602 1826/6667/1602 1825/6666/1602 1824/6665/1602
f 1831/6672/1603 1830/6671/1603 1829/6670/1603 1828/6669/1603
f 1825/6677/1604 1831/6676/1604 1828/6675/1604 1832/6674/1604 1824/6673/1604
f 1833/6682/1605 1829/6681/1605 1830/6680/1605 1826/6679/1605 1827/6678/1605
f 1832/6686/1606 1833/6685/1606 1827/6684/1606 1824/6683/1606
f 1826/6690/1607 1830/6689/1607 1831/6688/1607 1825/6687/1607
f 1832/6694/1608 1828/6693/1608 1829/6692/1608 1833/6691/1608
o group1508653638
g mesh1508653638
usemtl mat23
f 1837/6698/1609 1836/6697/1609 1835/6696/1609 1834/6695/1609
f 1841/6702/1610 1840/6701/1610 1839/6700/1610 1838/6699/1610
f 1835/6707/1611 1841/6706/1611 1838/6705/1611 1842/6704/1611 1834/6703/1611
f 1843/6712/1612 1839/6711/1612 1840/6710/1612 1836/6709/1612 1837/6708/1612
f 1842/6716/1613 1843/6715/1613 1837/6714/1613 1834/6713/1613
f 1836/6720/1614 1840/6719/1614 1841/6718/1614 1835/6717/1614
f 1842/6724/1615 1838/6723/1615 1839/6722/1615 1843/6721/1615
o group1060611746
g mesh1060611746
usemtl mat23
f 1847/6728/1616 1846/6727/1616 1845/6726/1616 1844/6725/1616
f 1851/6732/1617 1850/6731/1617 1849/6730/1617 1848/6729/1617
f 1845/6737/1618 1851/6736/1618 1848/6735/1618 1852/6734/1618 1844/6733/1618
f 1853/6742/1619 1849/6741/1619 1850/6740/1619 1846/6739/1619 1847/6738/1619
f 1852/6746/1620 1853/6745/1620 1847/6744/1620 1844/6743/1620
f 1846/6750/1621 1850/6749/1621 1851/6748/1621 1845/6747/1621
f 1852/6754/1622 1848/6753/1622 1849/6752/1622 1853/6751/1622
o group4991099
g mesh4991099
usemtl mat23
f 1857/6758/1623 1856/6757/1623 1855/6756/1623 1854/6755/1623
f 1856/6762/1624 1859/6761/1624 1858/6760/1624 1855/6759/1624
f 1859/6766/1625 1861/6765/1625 1860/6764/1625 1858/6763/1625
f 1861/6770/1626 1863/6769/1626 1862/6768/1626 1860/6767/1626
f 1863/6774/1627 1865/6773/1627 1864/6772/1627 1862/6771/1627
f 1865/6778/1628 1867/6777/1628 1866/6776/1628 1864/6775/1628
f 1867/6782/1629 1869/6781/1629 1868/6780/1629 1866/6779/1629
f 1869/6786/1630 1871/6785/1630 1870/6784/1630 1868/6783/1630
f 1871/6790/1631 1873/6789/1631 1872/6788/1631 1870/6787/1631
f 1873/6794/1632 1875/6793/1632 1874/6792/1632 1872/6791/1632
f 1875/6798/1633 1877/6797/1633 1876/6796/1633 1874/6795/1633
f 1877/6802/1634 1857/6801/1634 1854/6800/1634 1876/6799/1634
f 1854/6814/1635 1855/6813/1635 1858/6812/1635 1860/6811/1635 1862/6810/1635 1864/6809/1635 1866/6808/1635 1868/6807/1635 1870/6806/1635 1872/6805/1635 1874/6804/1635 1876/6803/1635
f 1877/6826/1636 1875/6825/1636 1873/6824/1636 1871/6823/1636 1869/6822/1636 1867/6821/1636 1865/6820/1636 1863/6819/1636 1861/6818/1636 1859/6817/1636 1856/6816/1636 1857/6815/1636
