mtllib materials.mtl
v 0.3099614 -0.9274136 -0.07500041
v 0.3099614 -0.9274136 0.004999593
v 0.3099614 -0.8474137 0.004999608
v 0.3099614 -0.8474137 -0.07500039
v 0.2299614 -0.9274136 -0.07500042
v 0.2299614 -0.8474137 -0.07500041
v 0.2299614 -0.8474137 0.004999593
v 0.2299614 -0.9274136 0.004999578
v 0.2299614 -0.9274137 -0.07500041
v 0.2299614 -0.9274137 0.004999593
v 0.2299614 -0.8474138 0.004999593
v 0.2299614 -0.8474138 -0.07500041
v 0.1499614 -0.9274137 -0.07500041
v 0.1499614 -0.8474138 -0.07500041
v 0.1499614 -0.8474138 0.004999593
v 0.1499614 -0.9274137 0.004999593
v 0.1499614 -0.9274136 -0.07500041
v 0.1499614 -0.9274136 0.004999593
v 0.1499614 -0.8474137 0.004999593
v 0.1499614 -0.8474137 -0.07500041
v 0.06996143 -0.9274136 -0.07500041
v 0.06996143 -0.8474137 -0.07500041
v 0.06996143 -0.8474137 0.004999593
v 0.06996143 -0.9274136 0.004999593
v 0.06996143 -0.9274137 -0.07500041
v 0.06996143 -0.9274137 0.004999593
v 0.06996143 -0.8474138 0.004999593
v 0.06996143 -0.8474138 -0.07500041
v -0.01003855 -0.9274137 -0.07500041
v -0.01003855 -0.8474138 -0.07500041
v -0.01003855 -0.8474138 0.004999593
v -0.01003855 -0.9274137 0.004999593
v -0.01003857 -0.9274136 -0.07500041
v -0.01003857 -0.9274136 0.004999593
v -0.01003857 -0.8474137 0.004999593
v -0.01003857 -0.8474137 -0.07500041
v -0.09003857 -0.9274136 -0.07500041
v -0.09003857 -0.8474137 -0.07500041
v -0.09003857 -0.8474137 0.004999593
v -0.09003857 -0.9274136 0.004999593
v -0.09003858 -0.9274136 -0.07500041
v -0.09003858 -0.9274136 0.004999585
v -0.09003857 -0.8474137 0.0049996
v -0.09003857 -0.8474137 -0.0750004
v -0.1700386 -0.9274136 -0.07500041
v -0.1700386 -0.8474137 -0.0750004
v -0.1700386 -0.8474137 0.0049996
v -0.1700386 -0.9274136 0.004999585
v -0.1700386 -0.9274137 -0.07500041
v -0.1700386 -0.9274137 0.004999585
v -0.1700386 -0.8474138 0.0049996
v -0.1700386 -0.8474138 -0.0750004
v -0.2500386 -0.9274137 -0.07500041
v -0.2500386 -0.8474138 -0.0750004
v -0.2500386 -0.8474138 0.0049996
v -0.2500386 -0.9274137 0.004999585
v -0.2500386 -0.9274136 -0.07500043
v -0.2500386 -0.9274137 0.004999571
v -0.2500385 -0.8474137 0.004999615
v -0.2500385 -0.8474137 -0.07500038
v -0.3300386 -0.9274136 -0.07500043
v -0.3300385 -0.8474135 -0.07500038
v -0.3300385 -0.8474137 0.004999615
v -0.3300386 -0.9274136 0.004999571
v -0.3300386 -0.9274137 -0.07500041
v -0.3300386 -0.9274137 0.004999593
v -0.3300386 -0.8474138 0.004999593
v -0.3300386 -0.8474138 -0.07500041
v -0.4100386 -0.9274137 -0.07500041
v -0.4100386 -0.8474138 -0.07500041
v -0.4100386 -0.8474138 0.004999593
v -0.4100386 -0.9274137 0.004999593
v -0.4100386 -0.9274136 -0.07500041
v -0.4100386 -0.9274136 0.004999593
v -0.4100386 -0.8474137 0.004999593
v -0.4100386 -0.8474137 -0.07500041
v -0.4900386 -0.9274136 -0.07500041
v -0.4900386 -0.8474137 -0.07500041
v -0.4900386 -0.8474137 0.004999593
v -0.4900386 -0.9274136 0.004999593
v -0.4900386 -0.9274137 -0.07500041
v -0.4900386 -0.9274137 0.004999585
v -0.4900385 -0.8474138 0.0049996
v -0.4900385 -0.8474138 -0.0750004
v -0.5700386 -0.9274137 -0.07500041
v -0.5700386 -0.8474138 -0.0750004
v -0.5700386 -0.8474138 0.0049996
v -0.5700386 -0.9274137 0.004999585
v -0.5700386 -0.9274136 -0.07500041
v -0.5700386 -0.9274136 0.004999593
v -0.5700386 -0.8474137 0.004999593
v -0.5700386 -0.8474137 -0.07500041
v -0.6500385 -0.9274136 -0.07500041
v -0.6500385 -0.8474137 -0.07500041
v -0.6500385 -0.8474137 0.004999593
v -0.6500385 -0.9274136 0.004999593
v -0.6500386 -0.9274136 -0.07500041
v -0.6500386 -0.9274136 0.004999593
v -0.6500386 -0.8474137 0.004999593
v -0.6500386 -0.8474137 -0.07500041
v -0.7300386 -0.9274136 -0.07500041
v -0.7300386 -0.8474137 -0.07500041
v -0.7300386 -0.8474137 0.004999593
v -0.7300386 -0.9274136 0.004999593
v 0.3099614 -0.8474137 -0.0750004
v 0.3099614 -0.8474138 0.0049996
v 0.3099614 -0.7674137 0.004999615
v 0.3099614 -0.7674137 -0.07500038
v 0.2299614 -0.8474137 -0.07500043
v 0.2299615 -0.7674136 -0.07500041
v 0.2299614 -0.7674137 0.004999585
v 0.2299614 -0.8474137 0.004999571
v -0.6500385 -0.8474137 -0.07500041
v -0.6500385 -0.8474137 0.004999593
v -0.6500385 -0.7674137 0.004999593
v -0.6500385 -0.7674137 -0.07500041
v -0.7300385 -0.8474137 -0.07500041
v -0.7300385 -0.7674137 -0.07500041
v -0.7300385 -0.7674137 0.004999593
v -0.7300385 -0.8474137 0.004999593
v -0.5700386 -0.8474137 -0.0750004
v -0.5700386 -0.8474137 0.0049996
v -0.5700386 -0.7674137 0.0049996
v -0.5700386 -0.7674137 -0.0750004
v -0.6500385 -0.8474137 -0.07500041
v -0.6500385 -0.7674137 -0.07500041
v -0.6500385 -0.7674137 0.004999585
v -0.6500386 -0.8474137 0.004999585
v -0.4900386 -0.8474137 -0.07500041
v -0.4900386 -0.8474137 0.004999593
v -0.4900386 -0.7674137 0.004999593
v -0.4900386 -0.7674137 -0.07500041
v -0.5700386 -0.8474137 -0.07500041
v -0.5700386 -0.7674137 -0.07500041
v -0.5700386 -0.7674137 0.004999593
v -0.5700386 -0.8474137 0.004999593
v -0.4100386 -0.8474137 -0.07500041
v -0.4100386 -0.8474137 0.004999593
v -0.4100386 -0.7674137 0.004999593
v -0.4100386 -0.7674137 -0.07500041
v -0.4900385 -0.8474137 -0.07500041
v -0.4900385 -0.7674137 -0.07500041
v -0.4900385 -0.7674137 0.004999593
v -0.4900385 -0.8474137 0.004999593
v -0.3300386 -0.8474137 -0.07500041
v -0.3300386 -0.8474137 0.004999593
v -0.3300386 -0.7674137 0.004999608
v -0.3300385 -0.7674137 -0.07500039
v -0.4100386 -0.8474137 -0.07500042
v -0.4100386 -0.7674137 -0.07500041
v -0.4100386 -0.7674137 0.004999593
v -0.4100386 -0.8474137 0.004999578
v -0.2500386 -0.8474137 -0.07500041
v -0.2500386 -0.8474137 0.004999585
v -0.2500386 -0.7674137 0.0049996
v -0.2500386 -0.7674137 -0.0750004
v -0.3300385 -0.8474137 -0.07500041
v -0.3300385 -0.7674137 -0.0750004
v -0.3300385 -0.7674137 0.0049996
v -0.3300385 -0.8474137 0.004999585
v -0.1700386 -0.8474137 -0.07500042
v -0.1700386 -0.8474137 0.004999578
v -0.1700386 -0.7674137 0.004999608
v -0.1700386 -0.7674137 -0.07500039
v -0.2500386 -0.8474137 -0.07500042
v -0.2500386 -0.7674137 -0.07500039
v -0.2500386 -0.7674137 0.004999608
v -0.2500386 -0.8474137 0.004999578
v -0.09003857 -0.8474137 -0.07500044
v -0.09003857 -0.8474138 0.004999563
v -0.09003857 -0.7674137 0.004999623
v -0.09003857 -0.7674136 -0.07500038
v -0.1700386 -0.8474137 -0.07500044
v -0.1700386 -0.7674136 -0.07500038
v -0.1700386 -0.7674137 0.004999623
v -0.1700386 -0.8474138 0.004999563
v -0.01003857 -0.8474137 -0.07500044
v -0.01003857 -0.8474138 0.004999556
v -0.01003857 -0.7674137 0.00499963
v -0.01003857 -0.7674136 -0.07500038
v -0.09003857 -0.8474137 -0.07500044
v -0.09003857 -0.7674136 -0.07500038
v -0.09003857 -0.7674137 0.00499963
v -0.09003857 -0.8474138 0.004999556
v 0.2299614 -0.8474137 -0.07500044
v 0.2299614 -0.8474138 0.004999556
v 0.2299614 -0.7674137 0.004999645
v 0.2299614 -0.7674136 -0.07500036
v 0.1499614 -0.8474137 -0.07500045
v 0.1499614 -0.7674136 -0.07500038
v 0.1499614 -0.7674137 0.00499963
v 0.1499614 -0.8474138 0.004999541
v 0.1499614 -0.8474137 -0.07500044
v 0.1499614 -0.8474138 0.004999556
v 0.1499614 -0.7674137 0.00499966
v 0.1499614 -0.7674136 -0.07500035
v 0.06996143 -0.8474137 -0.07500046
v 0.06996143 -0.7674136 -0.07500038
v 0.0699614 -0.7674137 0.00499963
v 0.0699614 -0.8474138 0.004999526
v 0.06996143 -0.8474137 -0.07500041
v 0.06996143 -0.8474137 0.004999593
v 0.06996143 -0.7674137 0.004999593
v 0.06996143 -0.7674137 -0.07500041
v -0.01003855 -0.8474137 -0.07500041
v -0.01003855 -0.7674137 -0.07500041
v -0.01003855 -0.7674137 0.004999593
v -0.01003855 -0.8474137 0.004999593
v -0.01003857 -0.7674137 -0.0750004
v -0.01003858 -0.7674137 0.0049996
v -0.01003858 -0.6874138 0.0049996
v -0.01003857 -0.6874138 -0.0750004
v -0.09003857 -0.7674137 -0.07500041
v -0.09003857 -0.6874138 -0.07500041
v -0.09003858 -0.6874138 0.004999585
v -0.09003858 -0.7674137 0.004999585
v 0.3099614 -0.7674137 -0.0750004
v 0.3099614 -0.7674137 0.0049996
v 0.3099614 -0.6874138 0.004999615
v 0.3099614 -0.6874138 -0.07500038
v 0.2299614 -0.7674137 -0.07500043
v 0.2299614 -0.6874138 -0.07500041
v 0.2299614 -0.6874138 0.004999585
v 0.2299614 -0.7674137 0.004999571
v -0.5700386 -0.7674136 -0.07500041
v -0.5700386 -0.7674137 0.004999585
v -0.5700386 -0.6874137 0.00499963
v -0.5700386 -0.6874137 -0.07500038
v -0.6500385 -0.7674136 -0.07500044
v -0.6500385 -0.6874136 -0.0750004
v -0.6500385 -0.6874137 0.0049996
v -0.6500386 -0.7674136 0.004999556
v 0.2299614 -0.7674137 -0.07500044
v 0.2299614 -0.7674139 0.004999563
v 0.2299614 -0.6874138 0.004999645
v 0.2299615 -0.6874137 -0.07500035
v 0.1499614 -0.7674137 -0.07500046
v 0.1499614 -0.6874137 -0.07500038
v 0.1499614 -0.6874138 0.004999623
v 0.1499614 -0.7674139 0.004999541
v 0.1499614 -0.7674136 -0.07500044
v 0.1499614 -0.7674137 0.004999563
v 0.1499614 -0.6874137 0.00499966
v 0.1499614 -0.6874136 -0.07500033
v 0.06996143 -0.7674136 -0.07500048
v 0.06996146 -0.6874136 -0.07500038
v 0.0699614 -0.6874137 0.004999623
v 0.0699614 -0.7674137 0.004999526
v 0.06996146 -0.7674136 -0.07500044
v 0.0699614 -0.7674137 0.004999563
v 0.06996141 -0.6874137 0.004999675
v 0.06996147 -0.6874136 -0.07500032
v -0.01003854 -0.7674136 -0.07500049
v -0.01003852 -0.6874136 -0.07500038
v -0.01003858 -0.6874137 0.004999623
v -0.0100386 -0.7674137 0.004999511
v -0.09003854 -0.7674136 -0.07500044
v -0.09003861 -0.7674137 0.004999563
v -0.0900386 -0.6874137 0.00499969
v -0.09003853 -0.6874136 -0.07500031
v -0.1700385 -0.7674136 -0.0750005
v -0.1700385 -0.6874136 -0.07500038
v -0.1700386 -0.6874137 0.004999623
v -0.1700386 -0.7674137 0.004999496
v -0.1700386 -0.7674136 -0.07500041
v -0.1700386 -0.7674137 0.004999585
v -0.1700386 -0.6874137 0.004999615
v -0.1700386 -0.6874137 -0.07500038
v -0.2500386 -0.7674136 -0.07500043
v -0.2500386 -0.6874136 -0.0750004
v -0.2500386 -0.6874137 0.0049996
v -0.2500386 -0.7674136 0.004999571
v -0.2500386 -0.7674136 -0.07500041
v -0.2500386 -0.7674137 0.004999585
v -0.2500386 -0.6874137 0.004999645
v -0.2500385 -0.6874137 -0.07500036
v -0.3300385 -0.7674136 -0.07500045
v -0.3300385 -0.6874136 -0.0750004
v -0.3300385 -0.6874137 0.0049996
v -0.3300386 -0.7674136 0.004999541
v -0.3300385 -0.7674137 -0.07500041
v -0.3300386 -0.7674137 0.004999593
v -0.3300386 -0.6874138 0.004999608
v -0.3300385 -0.6874138 -0.07500039
v -0.4100386 -0.7674137 -0.07500042
v -0.4100386 -0.6874138 -0.07500041
v -0.4100386 -0.6874138 0.004999593
v -0.4100386 -0.7674137 0.004999578
v -0.4100386 -0.7674136 -0.07500041
v -0.4100386 -0.7674136 0.004999593
v -0.4100386 -0.6874137 0.004999623
v -0.4100386 -0.6874137 -0.07500038
v -0.4900386 -0.7674136 -0.07500044
v -0.4900386 -0.6874137 -0.07500041
v -0.4900386 -0.6874137 0.004999593
v -0.4900386 -0.7674136 0.004999563
v -0.4900385 -0.7674137 -0.07500041
v -0.4900386 -0.7674139 0.004999593
v -0.4900386 -0.6874138 0.00499963
v -0.4900385 -0.6874137 -0.07500036
v -0.5700386 -0.7674137 -0.07500045
v -0.5700386 -0.6874137 -0.07500041
v -0.5700386 -0.6874138 0.004999593
v -0.5700386 -0.7674139 0.004999556
v -0.4900386 -0.6874136 -0.07500043
v -0.4900386 -0.6874137 0.004999571
v -0.4900385 -0.6074136 0.004999645
v -0.4900385 -0.6074136 -0.07500036
v -0.5700386 -0.6874136 -0.07500045
v -0.5700386 -0.6074135 -0.07500038
v -0.5700386 -0.6074136 0.004999615
v -0.5700386 -0.6874136 0.004999541
v -0.4100386 -0.6874137 -0.07500044
v -0.4100386 -0.6874138 0.004999563
v -0.4100386 -0.6074138 0.004999645
v -0.4100386 -0.6074138 -0.07500035
v -0.4900386 -0.6874137 -0.07500046
v -0.4900385 -0.6074136 -0.07500038
v -0.4900386 -0.6074138 0.004999623
v -0.4900386 -0.6874137 0.004999541
v -0.3300385 -0.6874137 -0.0750004
v -0.3300386 -0.6874137 0.0049996
v -0.3300386 -0.6074138 0.004999615
v -0.3300385 -0.6074138 -0.07500038
v -0.4100386 -0.6874137 -0.07500043
v -0.4100386 -0.6074138 -0.07500041
v -0.4100386 -0.6074138 0.004999585
v -0.4100386 -0.6874137 0.004999571
v -0.2500385 -0.6874137 -0.07500044
v -0.2500386 -0.6874138 0.004999563
v -0.2500386 -0.6074138 0.00499972
v -0.2500385 -0.6074136 -0.07500028
v -0.3300385 -0.6874137 -0.07500053
v -0.3300385 -0.6074136 -0.07500038
v -0.3300386 -0.6074138 0.004999623
v -0.3300386 -0.6874138 0.004999466
v -0.1700385 -0.6874136 -0.07500044
v -0.1700386 -0.6874137 0.004999563
v -0.1700386 -0.6074138 0.004999734
v -0.1700385 -0.6074135 -0.07500026
v -0.2500385 -0.6874135 -0.07500055
v -0.2500385 -0.6074135 -0.07500038
v -0.2500386 -0.6074136 0.004999623
v -0.2500386 -0.6874137 0.004999451
v -0.09003858 -0.6874137 -0.07500042
v -0.0900386 -0.6874138 0.004999578
v -0.09003855 -0.6074138 0.004999623
v -0.09003854 -0.6074138 -0.07500038
v -0.1700386 -0.6874137 -0.07500044
v -0.1700385 -0.6074136 -0.07500039
v -0.1700386 -0.6074138 0.004999608
v -0.1700386 -0.6874137 0.004999563
v -0.01003858 -0.6874137 -0.07500042
v -0.01003861 -0.6874138 0.004999578
v -0.01003855 -0.6074138 0.00499963
v -0.01003852 -0.6074138 -0.07500036
v -0.09003858 -0.6874137 -0.07500045
v -0.09003852 -0.6074136 -0.07500039
v -0.09003855 -0.6074138 0.004999608
v -0.09003861 -0.6874137 0.004999556
v 0.06996147 -0.6874136 -0.07500044
v 0.06996135 -0.6874137 0.004999556
v 0.0699614 -0.6074138 0.004999734
v 0.06996152 -0.6074135 -0.07500026
v -0.01003852 -0.6874135 -0.07500055
v -0.01003848 -0.6074135 -0.07500038
v -0.0100386 -0.6074136 0.00499963
v -0.01003864 -0.6874137 0.004999451
v 0.1499615 -0.6874136 -0.07500044
v 0.1499613 -0.6874137 0.004999556
v 0.1499614 -0.6074138 0.004999749
v 0.1499615 -0.6074135 -0.07500024
v 0.06996146 -0.6874135 -0.07500057
v 0.0699615 -0.6074135 -0.07500038
v 0.06996138 -0.6074136 0.00499963
v 0.06996134 -0.6874137 0.004999436
v 0.2299614 -0.6874137 -0.0750004
v 0.2299614 -0.6874137 0.0049996
v 0.2299614 -0.6074138 0.00499963
v 0.2299614 -0.6074138 -0.07500038
v 0.1499614 -0.6874137 -0.07500044
v 0.1499614 -0.6074138 -0.07500041
v 0.1499614 -0.6074138 0.004999585
v 0.1499614 -0.6874137 0.004999556
v 0.3099614 -0.6874136 -0.0750004
v 0.3099614 -0.6874137 0.0049996
v 0.3099614 -0.6074136 0.004999645
v 0.3099614 -0.6074136 -0.07500036
v 0.2299614 -0.6874136 -0.07500045
v 0.2299615 -0.6074135 -0.07500041
v 0.2299614 -0.6074136 0.004999585
v 0.2299614 -0.6874136 0.004999541
v -0.3300386 -0.6074136 -0.07500044
v -0.3300386 -0.6074138 0.004999556
v -0.3300385 -0.5274137 0.00499966
v -0.3300385 -0.5274136 -0.07500035
v -0.4100386 -0.6074136 -0.07500046
v -0.4100385 -0.5274136 -0.07500038
v -0.4100386 -0.5274137 0.00499963
v -0.4100386 -0.6074138 0.004999526
v -0.2500386 -0.6074136 -0.07500045
v -0.2500386 -0.6074138 0.004999556
v -0.2500386 -0.5274137 0.00499966
v -0.2500385 -0.5274136 -0.07500033
v -0.3300385 -0.6074136 -0.07500048
v -0.3300385 -0.5274136 -0.07500036
v -0.3300385 -0.5274137 0.00499963
v -0.3300386 -0.6074138 0.004999526
v -0.1700385 -0.6074136 -0.07500044
v -0.1700386 -0.6074138 0.004999563
v -0.1700386 -0.5274138 0.004999749
v -0.1700385 -0.5274136 -0.07500026
v -0.2500385 -0.6074135 -0.07500055
v -0.2500385 -0.5274136 -0.07500038
v -0.2500386 -0.5274137 0.004999623
v -0.2500386 -0.6074138 0.004999436
v -0.09003851 -0.6074136 -0.07500044
v -0.09003866 -0.6074138 0.004999563
v -0.09003863 -0.5274138 0.004999779
v -0.09003848 -0.5274136 -0.07500023
v -0.1700385 -0.6074135 -0.07500058
v -0.1700385 -0.5274136 -0.07500038
v -0.1700386 -0.5274137 0.004999623
v -0.1700387 -0.6074138 0.004999407
v -0.01003858 -0.6074136 -0.07500042
v -0.01003861 -0.6074138 0.004999578
v -0.01003855 -0.5274137 0.004999645
v -0.01003852 -0.5274137 -0.07500035
v -0.09003858 -0.6074136 -0.07500046
v -0.09003852 -0.5274136 -0.07500039
v -0.09003856 -0.5274137 0.004999608
v -0.09003861 -0.6074136 0.004999541
v 0.2299614 -0.6074136 -0.0750004
v 0.2299614 -0.6074138 0.0049996
v 0.2299614 -0.5274137 0.004999645
v 0.2299614 -0.5274137 -0.07500036
v 0.1499614 -0.6074136 -0.07500045
v 0.1499614 -0.5274136 -0.07500041
v 0.1499614 -0.5274137 0.004999585
v 0.1499614 -0.6074136 0.004999541
v 0.1499614 -0.6074136 -0.0750004
v 0.1499614 -0.6074138 0.0049996
v 0.1499614 -0.5274137 0.00499966
v 0.1499615 -0.5274136 -0.07500035
v 0.06996146 -0.6074136 -0.07500046
v 0.06996146 -0.5274136 -0.07500041
v 0.0699614 -0.5274137 0.004999585
v 0.06996138 -0.6074138 0.004999526
v 0.06996143 -0.6074136 -0.07500041
v 0.06996143 -0.6074136 0.004999593
v 0.06996143 -0.5274137 0.004999608
v 0.06996146 -0.5274137 -0.07500039
v -0.01003855 -0.6074136 -0.07500042
v -0.01003855 -0.5274137 -0.07500041
v -0.01003855 -0.5274137 0.004999593
v -0.01003858 -0.6074136 0.004999578
v 0.06996143 -0.5274137 -0.07500041
v 0.06996143 -0.5274137 0.004999593
v 0.06996143 -0.4474138 0.004999593
v 0.06996143 -0.4474138 -0.07500041
v -0.01003855 -0.5274137 -0.07500041
v -0.01003855 -0.4474138 -0.07500041
v -0.01003855 -0.4474138 0.004999593
v -0.01003855 -0.5274137 0.004999593
v 0.1499614 -0.5274137 -0.07500041
v 0.1499614 -0.5274138 0.004999593
v 0.1499614 -0.4474138 0.004999645
v 0.1499614 -0.4474137 -0.07500035
v 0.06996146 -0.5274137 -0.07500046
v 0.06996146 -0.4474137 -0.07500041
v 0.0699614 -0.4474138 0.004999593
v 0.0699614 -0.5274138 0.004999541
v 0.2299614 -0.5274136 -0.07500041
v 0.2299614 -0.5274136 0.004999593
v 0.2299614 -0.4474137 0.004999593
v 0.2299614 -0.4474137 -0.07500041
v 0.1499614 -0.5274136 -0.07500041
v 0.1499614 -0.4474137 -0.07500041
v 0.1499614 -0.4474137 0.004999593
v 0.1499614 -0.5274136 0.004999593
v -0.01003857 -0.5274136 -0.07500042
v -0.01003864 -0.5274137 0.004999578
v -0.01003858 -0.4474137 0.004999675
v -0.01003851 -0.4474137 -0.07500032
v -0.09003857 -0.5274136 -0.07500049
v -0.09003851 -0.4474136 -0.07500039
v -0.09003858 -0.4474137 0.004999608
v -0.09003864 -0.5274136 0.004999511
v -0.09003855 -0.5274137 -0.07500042
v -0.09003864 -0.5274138 0.004999578
v -0.09003858 -0.4474138 0.00499969
v -0.0900385 -0.4474137 -0.07500031
v -0.1700386 -0.5274137 -0.0750005
v -0.1700385 -0.4474137 -0.07500039
v -0.1700386 -0.4474138 0.004999608
v -0.1700386 -0.5274138 0.004999496
v -0.1700386 -0.5274137 -0.07500042
v -0.1700386 -0.5274138 0.004999578
v -0.1700386 -0.4474138 0.004999705
v -0.1700385 -0.4474137 -0.07500029
v -0.2500385 -0.5274137 -0.07500052
v -0.2500385 -0.4474137 -0.07500039
v -0.2500386 -0.4474138 0.004999608
v -0.2500386 -0.5274138 0.004999481
v 0.3099614 -0.4474137 -0.07500041
v 0.3099614 -0.4474137 0.004999593
v 0.3099614 -0.3674138 0.004999608
v 0.3099614 -0.3674138 -0.07500039
v 0.2299614 -0.4474137 -0.07500042
v 0.2299614 -0.3674138 -0.07500041
v 0.2299614 -0.3674138 0.004999593
v 0.2299614 -0.4474137 0.004999578
v 0.2299614 -0.4474137 -0.0750004
v 0.2299614 -0.4474137 0.0049996
v 0.2299614 -0.3674138 0.0049996
v 0.2299614 -0.3674138 -0.0750004
v 0.1499614 -0.4474137 -0.07500041
v 0.1499614 -0.3674138 -0.07500041
v 0.1499614 -0.3674138 0.004999585
v 0.1499614 -0.4474137 0.004999585
v 0.1499614 -0.4474137 -0.0750004
v 0.1499614 -0.4474137 0.0049996
v 0.1499614 -0.3674138 0.004999615
v 0.1499614 -0.3674138 -0.07500038
v 0.06996143 -0.4474137 -0.07500043
v 0.06996143 -0.3674138 -0.07500041
v 0.0699614 -0.3674138 0.004999585
v 0.0699614 -0.4474137 0.004999571
v 0.06996147 -0.4474136 -0.07500041
v 0.0699614 -0.4474137 0.004999593
v 0.0699614 -0.3674136 0.00499966
v 0.06996147 -0.3674135 -0.07500033
v -0.01003852 -0.4474136 -0.07500048
v -0.01003852 -0.3674135 -0.07500041
v -0.0100386 -0.3674136 0.004999593
v -0.0100386 -0.4474137 0.004999526
v -0.01003855 -0.4474137 -0.07500042
v -0.01003864 -0.4474138 0.004999578
v -0.01003858 -0.3674138 0.00499969
v -0.01003851 -0.3674136 -0.07500031
v -0.09003856 -0.4474137 -0.0750005
v -0.09003851 -0.3674136 -0.07500039
v -0.09003859 -0.3674138 0.004999608
v -0.09003864 -0.4474138 0.004999496
v 0.06996144 -0.1274136 -0.07500041
v 0.0699614 -0.1274137 0.004999593
v 0.06996143 -0.04741371 0.00499963
v 0.06996147 -0.04741371 -0.07500036
v -0.01003855 -0.1274136 -0.07500045
v -0.01003852 -0.04741359 -0.07500041
v -0.01003857 -0.04741371 0.004999593
v -0.0100386 -0.1274136 0.004999556
v -0.1700386 -0.4474136 -0.07500042
v -0.1700386 -0.4474137 0.004999578
v -0.1700386 -0.3674136 0.004999705
v -0.1700385 -0.3674135 -0.07500029
v -0.2500385 -0.4474136 -0.07500052
v -0.2500385 -0.3674135 -0.07500039
v -0.2500386 -0.3674136 0.004999608
v -0.2500386 -0.4474137 0.004999481
v -0.2500385 -0.4474137 -0.07500042
v -0.2500387 -0.4474138 0.004999578
v -0.2500386 -0.3674139 0.004999734
v -0.2500385 -0.3674136 -0.07500026
v -0.3300385 -0.4474136 -0.07500055
v -0.3300385 -0.3674136 -0.07500039
v -0.3300386 -0.3674138 0.004999608
v -0.3300386 -0.4474138 0.004999451
v -0.3300385 -0.4474137 -0.07500043
v -0.3300387 -0.4474138 0.004999571
v -0.3300386 -0.3674139 0.004999734
v -0.3300385 -0.3674136 -0.07500026
v -0.4100385 -0.4474136 -0.07500055
v -0.4100385 -0.3674136 -0.07500038
v -0.4100386 -0.3674138 0.004999615
v -0.4100387 -0.4474138 0.004999451
v -0.4100386 -0.4474136 -0.07500045
v -0.4100387 -0.4474138 0.004999556
v -0.4100386 -0.3674138 0.004999764
v -0.4100385 -0.3674135 -0.07500024
v -0.4900385 -0.4474134 -0.07500057
v -0.4900385 -0.3674134 -0.07500036
v -0.4900386 -0.3674136 0.00499963
v -0.4900387 -0.4474137 0.004999422
v 0.3899614 -0.3674136 -0.07500041
v 0.3899614 -0.3674138 0.004999593
v 0.3899614 -0.2874137 0.00499963
v 0.3899614 -0.2874136 -0.07500036
v 0.3099614 -0.3674136 -0.07500045
v 0.3099614 -0.2874136 -0.07500041
v 0.3099614 -0.2874137 0.004999593
v 0.3099614 -0.3674138 0.004999556
v 0.3099614 -0.3674136 -0.0750004
v 0.3099614 -0.3674136 0.0049996
v 0.3099614 -0.2874137 0.004999615
v 0.3099614 -0.2874137 -0.07500038
v 0.2299614 -0.3674136 -0.07500043
v 0.2299614 -0.2874137 -0.07500041
v 0.2299614 -0.2874137 0.004999585
v 0.2299614 -0.3674136 0.004999571
v 0.2299614 -0.3674136 -0.0750004
v 0.2299614 -0.3674136 0.0049996
v 0.2299614 -0.2874137 0.00499963
v 0.2299614 -0.2874137 -0.07500038
v 0.1499614 -0.3674136 -0.07500044
v 0.1499614 -0.2874137 -0.07500041
v 0.1499614 -0.2874137 0.004999585
v 0.1499614 -0.3674136 0.004999556
v 0.1499614 -0.3674136 -0.0750004
v 0.1499614 -0.3674138 0.0049996
v 0.1499614 -0.2874137 0.004999645
v 0.1499614 -0.2874136 -0.07500036
v 0.06996146 -0.3674136 -0.07500045
v 0.06996146 -0.2874136 -0.07500041
v 0.0699614 -0.2874137 0.004999585
v 0.0699614 -0.3674138 0.004999541
v 0.06996147 -0.3674136 -0.0750004
v 0.0699614 -0.3674138 0.0049996
v 0.0699614 -0.2874137 0.00499966
v 0.06996147 -0.2874136 -0.07500035
v -0.01003852 -0.3674136 -0.07500046
v -0.01003852 -0.2874136 -0.07500041
v -0.0100386 -0.2874137 0.004999585
v -0.0100386 -0.3674138 0.004999526
v -0.01003855 -0.3674136 -0.07500042
v -0.01003866 -0.3674138 0.004999578
v -0.0100386 -0.2874137 0.004999705
v -0.0100385 -0.2874136 -0.07500029
v -0.09003855 -0.3674136 -0.07500052
v -0.09003849 -0.2874136 -0.07500039
v -0.0900386 -0.2874137 0.004999608
v -0.09003866 -0.3674138 0.004999481
v -0.09003854 -0.3674136 -0.07500042
v -0.09003866 -0.3674138 0.004999578
v -0.0900386 -0.2874138 0.00499972
v -0.09003849 -0.2874136 -0.07500028
v -0.1700385 -0.3674135 -0.07500053
v -0.1700385 -0.2874136 -0.07500039
v -0.1700386 -0.2874137 0.004999608
v -0.1700387 -0.3674138 0.004999466
v -0.1700386 -0.3674136 -0.07500041
v -0.1700386 -0.3674136 0.004999593
v -0.1700386 -0.2874137 0.004999608
v -0.1700386 -0.2874137 -0.07500039
v -0.2500386 -0.3674136 -0.07500042
v -0.2500386 -0.2874137 -0.07500041
v -0.2500386 -0.2874137 0.004999593
v -0.2500386 -0.3674136 0.004999578
v -0.2500385 -0.3674136 -0.07500042
v -0.2500387 -0.3674138 0.004999578
v -0.2500386 -0.2874138 0.004999749
v -0.2500384 -0.2874136 -0.07500026
v -0.3300385 -0.3674135 -0.07500055
v -0.3300385 -0.2874136 -0.07500039
v -0.3300386 -0.2874137 0.004999608
v -0.3300387 -0.3674138 0.004999436
v -0.3300385 -0.3674136 -0.0750004
v -0.3300386 -0.3674138 0.0049996
v -0.3300386 -0.2874137 0.004999675
v -0.3300385 -0.2874136 -0.07500033
v -0.4100385 -0.3674136 -0.07500048
v -0.4100385 -0.2874136 -0.07500041
v -0.4100386 -0.2874137 0.004999585
v -0.4100386 -0.3674138 0.004999511
v -0.4100385 -0.3674136 -0.07500045
v -0.4100387 -0.3674139 0.004999541
v -0.4100386 -0.2874138 0.004999764
v -0.4100384 -0.2874136 -0.07500023
v -0.4900385 -0.3674135 -0.07500058
v -0.4900384 -0.2874135 -0.07500036
v -0.4900386 -0.2874137 0.004999645
v -0.4900387 -0.3674138 0.004999422
v -0.4900385 -0.2874137 -0.07500046
v -0.4900387 -0.287414 0.004999541
v -0.4900386 -0.2074139 0.004999779
v -0.4900385 -0.2074137 -0.07500023
v -0.5700386 -0.2874136 -0.07500058
v -0.5700384 -0.2074136 -0.07500035
v -0.5700386 -0.2074138 0.004999645
v -0.5700387 -0.2874138 0.004999407
v -0.4100385 -0.2874136 -0.07500041
v -0.4100386 -0.2874137 0.004999593
v -0.4100386 -0.2074137 0.004999675
v -0.4100385 -0.2074136 -0.07500032
v -0.4900385 -0.2874136 -0.07500049
v -0.4900385 -0.2074136 -0.07500041
v -0.4900386 -0.2074137 0.004999593
v -0.4900386 -0.2874137 0.004999511
v -0.3300385 -0.2874136 -0.07500041
v -0.3300386 -0.2874137 0.004999585
v -0.3300386 -0.2074137 0.004999682
v -0.3300385 -0.2074136 -0.07500032
v -0.4100385 -0.2874136 -0.07500049
v -0.4100385 -0.2074136 -0.0750004
v -0.4100386 -0.2074137 0.0049996
v -0.4100386 -0.2874137 0.004999503
v -0.2500385 -0.2874136 -0.07500042
v -0.2500387 -0.2874137 0.004999578
v -0.2500386 -0.2074138 0.004999764
v -0.2500384 -0.2074136 -0.07500024
v -0.3300385 -0.2874135 -0.07500057
v -0.3300385 -0.2074136 -0.07500039
v -0.3300386 -0.2074137 0.004999608
v -0.3300387 -0.2874137 0.004999422
v -0.1700386 -0.2874136 -0.07500041
v -0.1700386 -0.2874136 0.004999593
v -0.1700386 -0.2074137 0.004999623
v -0.1700386 -0.2074137 -0.07500038
v -0.2500386 -0.2874136 -0.07500044
v -0.2500386 -0.2074137 -0.07500041
v -0.2500386 -0.2074137 0.004999593
v -0.2500386 -0.2874136 0.004999563
v -0.09003855 -0.2874136 -0.07500041
v -0.09003861 -0.2874137 0.004999593
v -0.0900386 -0.2074137 0.004999645
v -0.09003854 -0.2074137 -0.07500035
v -0.1700386 -0.2874136 -0.07500046
v -0.1700385 -0.2074136 -0.07500041
v -0.1700386 -0.2074137 0.004999593
v -0.1700386 -0.2874136 0.004999541
v -0.1700385 -0.2074137 -0.07500041
v -0.1700386 -0.2074138 0.004999593
v -0.1700386 -0.1274137 0.004999675
v -0.1700385 -0.1274136 -0.07500032
v -0.2500385 -0.2074137 -0.07500049
v -0.2500385 -0.1274136 -0.07500041
v -0.2500386 -0.1274137 0.004999593
v -0.2500386 -0.2074138 0.004999511
v -0.09003853 -0.2074137 -0.07500041
v -0.09003863 -0.2074138 0.004999593
v -0.09003861 -0.1274137 0.00499969
v -0.09003852 -0.1274136 -0.07500031
v -0.1700385 -0.2074137 -0.0750005
v -0.1700385 -0.1274136 -0.07500041
v -0.1700386 -0.1274137 0.004999593
v -0.1700386 -0.2074138 0.004999496
v -0.01003852 -0.2074137 -0.07500041
v -0.01003863 -0.2074138 0.004999593
v -0.01003861 -0.1274137 0.004999705
v -0.01003851 -0.1274136 -0.07500029
v -0.09003852 -0.2074137 -0.07500052
v -0.09003851 -0.1274136 -0.07500041
v -0.09003861 -0.1274137 0.004999593
v -0.09003863 -0.2074138 0.004999481
v 0.06996149 -0.2074137 -0.07500042
v 0.06996132 -0.2074138 0.004999578
v 0.06996138 -0.1274139 0.004999779
v 0.06996155 -0.1274136 -0.07500023
v -0.01003851 -0.2074136 -0.07500058
v -0.01003845 -0.1274136 -0.07500039
v -0.01003861 -0.1274137 0.004999608
v -0.01003867 -0.2074138 0.004999407
v -0.01003852 -0.2874136 -0.07500042
v -0.01003867 -0.2874137 0.004999578
v -0.01003863 -0.2074138 0.004999764
v -0.01003847 -0.2074136 -0.07500024
v -0.09003852 -0.2874135 -0.07500057
v -0.09003847 -0.2074136 -0.07500039
v -0.09003863 -0.2074137 0.004999608
v -0.09003868 -0.2874137 0.004999422
v 0.06996149 -0.2874136 -0.0750004
v 0.06996138 -0.2874137 0.0049996
v 0.06996138 -0.2074137 0.004999682
v 0.06996149 -0.2074136 -0.07500032
v -0.01003851 -0.2874136 -0.07500049
v -0.01003851 -0.2074136 -0.07500041
v -0.01003861 -0.2074137 0.004999585
v -0.01003861 -0.2874137 0.004999503
v 0.1499615 -0.2874136 -0.0750004
v 0.1499614 -0.2874137 0.0049996
v 0.1499614 -0.2074137 0.004999697
v 0.1499615 -0.2074136 -0.0750003
v 0.06996147 -0.2874136 -0.07500051
v 0.06996147 -0.2074136 -0.07500041
v 0.06996137 -0.2074137 0.004999585
v 0.06996137 -0.2874137 0.004999489
v 0.2299615 -0.2874136 -0.0750004
v 0.2299613 -0.2874137 0.0049996
v 0.2299613 -0.2074137 0.004999727
v 0.2299615 -0.2074136 -0.07500027
v 0.1499615 -0.2874136 -0.07500054
v 0.1499615 -0.2074136 -0.07500041
v 0.1499613 -0.2074137 0.004999585
v 0.1499613 -0.2874137 0.004999459
v 0.3099615 -0.2874137 -0.0750004
v 0.3099613 -0.2874138 0.0049996
v 0.3099613 -0.2074138 0.004999734
v 0.3099615 -0.2074137 -0.07500026
v 0.2299615 -0.2874137 -0.07500055
v 0.2299615 -0.2074137 -0.07500041
v 0.2299613 -0.2074138 0.004999585
v 0.2299613 -0.2874138 0.004999451
v 0.1499615 -0.2074137 -0.0750004
v 0.1499614 -0.2074138 0.0049996
v 0.1499614 -0.1274137 0.004999734
v 0.1499615 -0.1274136 -0.07500026
v 0.0699615 -0.2074137 -0.07500055
v 0.0699615 -0.1274136 -0.07500041
v 0.06996134 -0.1274137 0.004999585
v 0.06996134 -0.2074138 0.004999451
v 0.2299615 -0.2074137 -0.0750004
v 0.2299613 -0.2074138 0.0049996
v 0.2299613 -0.1274137 0.004999749
v 0.2299615 -0.1274136 -0.07500024
v 0.1499615 -0.2074137 -0.07500057
v 0.1499615 -0.1274136 -0.07500041
v 0.1499614 -0.1274137 0.004999585
v 0.1499614 -0.2074138 0.004999436
v 0.3899615 -0.2874136 -0.07500041
v 0.3899614 -0.2874137 0.004999593
v 0.3899614 -0.2074137 0.004999645
v 0.3899615 -0.2074136 -0.07500035
v 0.3099614 -0.2874136 -0.07500046
v 0.3099614 -0.2074136 -0.07500041
v 0.3099614 -0.2074137 0.004999593
v 0.3099614 -0.2874137 0.004999541
v 0.3099614 -0.2074137 -0.07500041
v 0.3099614 -0.2074138 0.004999593
v 0.3099614 -0.1274137 0.00499966
v 0.3099614 -0.1274136 -0.07500033
v 0.2299615 -0.2074137 -0.07500048
v 0.2299615 -0.1274136 -0.07500041
v 0.2299614 -0.1274137 0.004999593
v 0.2299614 -0.2074138 0.004999526
v 0.3899615 -0.2074137 -0.07500041
v 0.3899613 -0.2074138 0.004999585
v 0.3899613 -0.1274137 0.004999712
v 0.3899615 -0.1274136 -0.07500029
v 0.3099614 -0.2074137 -0.07500052
v 0.3099615 -0.1274136 -0.0750004
v 0.3099613 -0.1274137 0.0049996
v 0.3099613 -0.2074138 0.004999474
v 0.3099615 -0.1274137 -0.07500041
v 0.3099613 -0.1274139 0.004999585
v 0.3099613 -0.04741383 0.004999734
v 0.3099615 -0.04741371 -0.07500026
v 0.2299615 -0.1274137 -0.07500055
v 0.2299615 -0.04741371 -0.0750004
v 0.2299614 -0.04741383 0.0049996
v 0.2299613 -0.1274139 0.004999451
v 0.2299615 -0.04741371 -0.07500041
v 0.2299613 -0.04741383 0.004999585
v 0.2299614 0.0325861 0.004999749
v 0.2299615 0.03258634 -0.07500024
v 0.1499615 -0.04741371 -0.07500057
v 0.1499615 0.03258634 -0.0750004
v 0.1499614 0.0325861 0.0049996
v 0.1499614 -0.04741383 0.004999436
v 0.2299615 -0.1274136 -0.07500041
v 0.2299614 -0.1274137 0.004999593
v 0.2299614 -0.04741371 0.004999675
v 0.2299615 -0.04741359 -0.07500032
v 0.1499614 -0.1274136 -0.07500049
v 0.1499614 -0.04741359 -0.07500041
v 0.1499614 -0.04741371 0.004999593
v 0.1499614 -0.1274137 0.004999511
v 0.4699614 -0.2874136 -0.07500041
v 0.4699614 -0.2874137 0.004999593
v 0.4699614 -0.2074137 0.004999675
v 0.4699614 -0.2074136 -0.07500032
v 0.3899615 -0.2874136 -0.07500049
v 0.3899615 -0.2074136 -0.07500041
v 0.3899614 -0.2074137 0.004999593
v 0.3899614 -0.2874137 0.004999511
v 0.4699614 -0.2074137 -0.07500041
v 0.4699614 -0.2074138 0.004999593
v 0.4699614 -0.1274137 0.00499969
v 0.4699615 -0.1274136 -0.07500031
v 0.3899615 -0.2074137 -0.0750005
v 0.3899615 -0.1274136 -0.07500041
v 0.3899614 -0.1274137 0.004999593
v 0.3899613 -0.2074138 0.004999496
v 0.3899615 -0.1274136 -0.07500041
v 0.3899613 -0.1274137 0.004999593
v 0.3899613 -0.04741371 0.004999705
v 0.3899615 -0.04741359 -0.07500029
v 0.3099614 -0.1274136 -0.07500052
v 0.3099615 -0.04741359 -0.07500041
v 0.3099613 -0.04741371 0.004999593
v 0.3099613 -0.1274137 0.004999481
v 0.3099615 -0.04741371 -0.07500041
v 0.3099613 -0.04741383 0.004999593
v 0.3099613 0.0325861 0.004999734
v 0.3099615 0.03258634 -0.07500026
v 0.2299615 -0.04741371 -0.07500055
v 0.2299615 0.03258634 -0.07500041
v 0.2299614 0.0325861 0.004999593
v 0.2299613 -0.04741383 0.004999451
v 0.1499615 -0.1274136 -0.07500041
v 0.1499614 -0.1274137 0.004999593
v 0.1499614 -0.04741371 0.00499969
v 0.1499615 -0.04741359 -0.07500031
v 0.06996147 -0.1274136 -0.0750005
v 0.06996147 -0.04741359 -0.07500041
v 0.06996137 -0.04741371 0.004999593
v 0.06996137 -0.1274137 0.004999496
v 0.1499615 -0.04741359 -0.07500041
v 0.1499614 -0.04741371 0.004999593
v 0.1499614 0.03258634 0.004999705
v 0.1499615 0.03258634 -0.07500029
v -0.3300385 -0.04741359 -0.07500108
v -0.3300385 0.03258634 -0.07500096
v -0.3300386 0.03258634 0.004999034
v -0.3300386 -0.04741371 0.004998922
v -0.01003852 -0.1274137 -0.07500041
v -0.01003864 -0.1274139 0.004999593
v -0.01003863 -0.04741383 0.00499972
v -0.01003851 -0.04741371 -0.07500028
v -0.09003852 -0.1274137 -0.07500053
v -0.09003851 -0.04741371 -0.07500041
v -0.09003863 -0.04741383 0.004999593
v -0.09003864 -0.1274139 0.004999466
v -0.09003851 -0.1274136 -0.07500041
v -0.09003865 -0.1274137 0.004999593
v -0.09003863 -0.04741371 0.004999734
v -0.09003849 -0.04741359 -0.07500026
v -0.1700385 -0.1274136 -0.07500055
v -0.1700385 -0.04741359 -0.07500041
v -0.1700386 -0.04741371 0.004999593
v -0.1700386 -0.1274137 0.004999451
v -0.1700385 -0.1274136 -0.07500041
v -0.1700386 -0.1274137 0.004999585
v -0.1700386 -0.04741371 0.004999734
v -0.1700385 -0.04741359 -0.07500026
v -0.2500385 -0.1274136 -0.07500055
v -0.2500385 -0.04741359 -0.0750004
v -0.2500386 -0.04741371 0.0049996
v -0.2500387 -0.1274137 0.004999451
v -0.2500385 -0.2074137 -0.07500042
v -0.2500387 -0.2074138 0.004999578
v -0.2500386 -0.1274139 0.004999794
v -0.2500384 -0.1274136 -0.07500021
v -0.3300385 -0.2074136 -0.0750006
v -0.3300384 -0.1274136 -0.07500039
v -0.3300386 -0.1274137 0.004999608
v -0.3300387 -0.2074138 0.004999392
v -0.2500385 -0.1274137 -0.07500042
v -0.2500387 -0.127414 0.004999578
v -0.2500386 -0.04741395 0.004999816
v -0.2500384 -0.04741371 -0.07500018
v -0.3300385 -0.1274136 -0.07500063
v -0.3300384 -0.04741359 -0.07500039
v -0.3300386 -0.04741383 0.004999608
v -0.3300387 -0.1274139 0.004999369
v -0.3300385 -0.2074137 -0.07500041
v -0.3300386 -0.2074138 0.004999585
v -0.3300386 -0.1274137 0.004999712
v -0.3300385 -0.1274136 -0.07500029
v -0.4100385 -0.2074137 -0.07500052
v -0.4100385 -0.1274136 -0.0750004
v -0.4100386 -0.1274137 0.0049996
v -0.4100386 -0.2074138 0.004999474
v -0.4100385 -0.2074137 -0.07500041
v -0.4100386 -0.2074138 0.004999585
v -0.4100386 -0.1274137 0.004999727
v -0.4100385 -0.1274136 -0.07500027
v -0.4900385 -0.2074137 -0.07500054
v -0.4900385 -0.1274136 -0.0750004
v -0.4900386 -0.1274137 0.0049996
v -0.4900386 -0.2074138 0.004999459
v -0.4900385 -0.2074137 -0.07500046
v -0.4900387 -0.2074139 0.004999526
v -0.4900386 -0.1274139 0.004999779
v -0.4900385 -0.1274136 -0.07500021
v -0.5700386 -0.2074136 -0.0750006
v -0.5700384 -0.1274135 -0.07500035
v -0.5700386 -0.1274137 0.00499966
v -0.5700387 -0.2074138 0.004999407
v -0.4900385 -0.1274137 -0.07500048
v -0.4900387 -0.127414 0.004999526
v -0.4900386 -0.04741395 0.004999794
v -0.4900385 -0.04741371 -0.07500021
v -0.5700386 -0.1274136 -0.0750006
v -0.5700384 -0.04741359 -0.07500033
v -0.5700386 -0.04741383 0.00499966
v -0.5700387 -0.1274139 0.004999392
v -0.4100386 -0.1274137 -0.07500048
v -0.4100387 -0.127414 0.004999511
v -0.4100386 -0.04741395 0.004999794
v -0.4100385 -0.04741371 -0.0750002
v -0.4900386 -0.1274136 -0.07500061
v -0.4900385 -0.04741359 -0.07500033
v -0.4900386 -0.04741383 0.004999675
v -0.4900387 -0.1274139 0.004999392
v -0.3300385 -0.1274136 -0.07500049
v -0.3300387 -0.1274139 0.004999511
v -0.3300386 -0.04741383 0.004999802
v -0.3300385 -0.04741359 -0.0750002
v -0.4100386 -0.1274135 -0.07500061
v -0.4100384 -0.04741347 -0.07500032
v -0.4100386 -0.04741371 0.004999675
v -0.4100387 -0.1274137 0.004999384
v -0.4100386 -0.04741359 -0.07500049
v -0.4100387 -0.04741383 0.004999511
v -0.4100386 0.0325861 0.004999802
v -0.4100384 0.03258657 -0.0750002
v -0.4900385 -0.04741347 -0.07500061
v -0.4900384 0.03258657 -0.07500032
v -0.4900385 0.03258634 0.004999675
v -0.4900387 -0.04741371 0.004999384
v -0.3300385 -0.04741371 -0.07500048
v -0.3300387 -0.04741395 0.004999511
v -0.3300386 0.0325861 0.004999794
v -0.3300385 0.03258634 -0.0750002
v -0.4100386 -0.04741359 -0.07500061
v -0.4100384 0.03258634 -0.07500033
v -0.4100386 0.0325861 0.004999675
v -0.4100387 -0.04741383 0.004999392
v -0.09003857 -0.4474137 -0.07500041
v -0.09003858 -0.4474137 0.004999593
v -0.09003858 -0.3674138 0.004999608
v -0.09003857 -0.3674138 -0.07500039
v -0.1700386 -0.4474137 -0.07500042
v -0.1700386 -0.3674138 -0.07500041
v -0.1700386 -0.3674138 0.004999593
v -0.1700386 -0.4474137 0.004999578
v 0.2299615 0.03258634 -0.07500041
v 0.2299613 0.0325861 0.004999593
v 0.2299614 0.1125863 0.004999749
v 0.2299615 0.1125863 -0.07500026
v 0.1499615 0.03258634 -0.07500055
v 0.1499615 0.1125865 -0.07500041
v 0.1499614 0.1125863 0.004999593
v 0.1499614 0.03258634 0.004999436
v 0.3099615 0.03258634 -0.07500041
v 0.3099613 0.0325861 0.004999585
v 0.3099613 0.1125863 0.004999749
v 0.3099615 0.1125863 -0.07500024
v 0.2299615 0.03258634 -0.07500057
v 0.2299615 0.1125865 -0.0750004
v 0.2299614 0.1125863 0.0049996
v 0.2299613 0.03258634 0.004999436
v 0.3899615 0.03258634 -0.07500041
v 0.3899613 0.0325861 0.004999585
v 0.3899613 0.1125863 0.004999764
v 0.3899615 0.1125863 -0.07500023
v 0.3099615 0.03258634 -0.07500058
v 0.3099615 0.1125865 -0.0750004
v 0.3099613 0.1125863 0.0049996
v 0.3099613 0.03258634 0.004999422
v 0.4699615 0.03258634 -0.07500041
v 0.4699613 0.0325861 0.004999585
v 0.4699613 0.1125863 0.004999779
v 0.4699615 0.1125865 -0.07500021
v 0.3899615 0.03258634 -0.0750006
v 0.3899615 0.1125865 -0.0750004
v 0.3899613 0.1125863 0.0049996
v 0.3899613 0.0325861 0.004999407
v 0.5499614 0.03258634 -0.07500042
v 0.5499613 0.0325861 0.004999578
v 0.5499613 0.1125863 0.004999794
v 0.5499614 0.1125865 -0.07500021
v 0.4699615 0.03258634 -0.0750006
v 0.4699615 0.1125865 -0.07500039
v 0.4699613 0.1125863 0.004999608
v 0.4699613 0.0325861 0.004999392
v 0.6299615 0.03258634 -0.07500042
v 0.6299613 0.0325861 0.004999578
v 0.6299613 0.1125863 0.004999802
v 0.6299615 0.1125865 -0.0750002
v 0.5499614 0.03258634 -0.07500061
v 0.5499614 0.1125865 -0.07500039
v 0.5499613 0.1125863 0.004999608
v 0.5499612 0.0325861 0.004999384
v 0.7099614 0.03258634 -0.07500042
v 0.7099613 0.0325861 0.004999578
v 0.7099613 0.1125863 0.004999816
v 0.7099615 0.1125865 -0.07500018
v 0.6299615 0.03258634 -0.07500063
v 0.6299615 0.1125865 -0.07500039
v 0.6299613 0.1125863 0.004999608
v 0.6299613 0.0325861 0.004999369
v 0.7899615 0.03258634 -0.07500042
v 0.7899612 0.0325861 0.004999578
v 0.7899613 0.1125863 0.004999831
v 0.7899616 0.1125865 -0.07500017
v 0.7099615 0.03258634 -0.07500064
v 0.7099615 0.1125865 -0.07500039
v 0.7099613 0.1125863 0.004999608
v 0.7099613 0.0325861 0.004999354
v 0.8699615 0.03258634 -0.07500043
v 0.8699613 0.0325861 0.004999571
v 0.8699613 0.1125863 0.004999839
v 0.8699615 0.1125865 -0.07500016
v 0.7899615 0.03258634 -0.07500065
v 0.7899615 0.1125865 -0.07500038
v 0.7899613 0.1125863 0.004999615
v 0.7899612 0.0325861 0.004999347
v 0.1499615 0.03258634 -0.07500041
v 0.1499613 0.0325861 0.004999585
v 0.1499614 0.1125863 0.004999764
v 0.1499615 0.1125863 -0.07500023
v 0.06996149 0.03258634 -0.07500058
v 0.06996152 0.1125865 -0.0750004
v 0.06996135 0.1125863 0.0049996
v 0.06996132 0.03258634 0.004999422
v 0.06996152 0.03258634 -0.07500041
v 0.06996134 0.0325861 0.004999585
v 0.06996135 0.1125863 0.004999779
v 0.06996155 0.1125865 -0.07500021
v -0.01003848 0.03258634 -0.0750006
v -0.01003847 0.1125865 -0.0750004
v -0.01003864 0.1125863 0.0049996
v -0.01003867 0.0325861 0.004999407
v -0.0100385 0.03258634 -0.07500041
v -0.01003869 0.0325861 0.004999585
v -0.01003866 0.1125863 0.004999794
v -0.01003847 0.1125865 -0.0750002
v -0.09003849 0.03258634 -0.07500061
v -0.09003846 0.1125865 -0.0750004
v -0.09003866 0.1125863 0.0049996
v -0.09003869 0.0325861 0.004999392
v -0.09003848 0.03258634 -0.07500041
v -0.09003869 0.0325861 0.004999585
v -0.09003866 0.1125863 0.004999809
v -0.09003845 0.1125865 -0.07500019
v -0.1700385 0.03258634 -0.07500062
v -0.1700384 0.1125865 -0.0750004
v -0.1700387 0.1125863 0.0049996
v -0.1700387 0.0325861 0.004999377
v -0.1700385 0.03258634 -0.07500041
v -0.1700387 0.0325861 0.004999585
v -0.1700387 0.1125863 0.004999824
v -0.1700384 0.1125865 -0.07500017
v -0.2500385 0.03258634 -0.07500064
v -0.2500384 0.1125865 -0.0750004
v -0.2500387 0.1125863 0.0049996
v -0.2500387 0.0325861 0.004999362
v -0.2500384 0.03258634 -0.07500041
v -0.2500387 0.0325861 0.004999585
v -0.2500387 0.1125863 0.004999839
v -0.2500384 0.1125865 -0.07500016
v -0.3300385 0.03258634 -0.07500065
v -0.3300384 0.1125865 -0.0750004
v -0.3300387 0.1125863 0.0049996
v -0.3300387 0.0325861 0.004999347
v -0.3300385 0.03258634 -0.07500042
v -0.3300387 0.0325861 0.004999578
v -0.3300387 0.1125863 0.004999846
v -0.3300384 0.1125865 -0.07500015
v -0.4100385 0.03258634 -0.07500066
v -0.4100384 0.1125865 -0.07500039
v -0.4100387 0.1125863 0.004999608
v -0.4100387 0.0325861 0.00499934
v -0.4100386 0.03258634 -0.07500049
v -0.4100387 0.0325861 0.004999511
v -0.4100386 0.112586 0.004999816
v -0.4100384 0.1125865 -0.07500018
v -0.4900385 0.03258657 -0.07500063
v -0.4900384 0.1125865 -0.07500032
v -0.4900385 0.1125863 0.004999675
v -0.4900387 0.0325861 0.004999369
v -0.4900385 0.1125863 -0.07500049
v -0.4900387 0.112586 0.004999511
v -0.4900386 0.1925859 0.004999831
v -0.4900384 0.1925864 -0.07500017
v -0.5700386 0.1125865 -0.07500064
v -0.5700384 0.1925864 -0.07500032
v -0.5700386 0.1925862 0.004999675
v -0.5700387 0.112586 0.004999354
v -0.4100385 0.1125863 -0.07500042
v -0.4100387 0.112586 0.004999578
v -0.4100387 0.1925859 0.004999854
v -0.4100384 0.1925864 -0.07500014
v -0.4900385 0.1125865 -0.07500067
v -0.4900384 0.1925864 -0.07500039
v -0.4900387 0.1925862 0.004999608
v -0.4900387 0.112586 0.004999332
v 0.2299615 0.1125863 -0.07500042
v 0.2299613 0.112586 0.004999578
v 0.2299614 0.1925862 0.004999779
v 0.2299615 0.1925862 -0.07500023
v -0.4100385 0.1125865 -0.07500176
v -0.4100385 0.1925867 -0.07500157
v -0.4100386 0.1925864 0.004998431
v -0.4100387 0.1125865 0.004998229
v 0.3099614 0.1125863 -0.07500041
v 0.3099614 0.1125863 0.004999593
v 0.3099614 0.1925862 0.004999645
v 0.3099615 0.1925862 -0.07500035
v 0.2299614 0.1125863 -0.07500046
v 0.2299615 0.1925862 -0.07500041
v 0.2299614 0.1925862 0.004999593
v 0.2299614 0.1125863 0.004999541
v 0.3899614 0.1125863 -0.07500041
v 0.3899613 0.1125863 0.004999593
v 0.3899614 0.1925862 0.004999675
v 0.3899615 0.1925862 -0.07500032
v 0.3099614 0.1125863 -0.07500049
v 0.3099615 0.1925862 -0.07500041
v 0.3099614 0.1925862 0.004999593
v 0.3099613 0.1125863 0.004999511
v 0.4699614 0.1125863 -0.07500041
v 0.4699614 0.1125863 0.004999593
v 0.4699614 0.1925862 0.004999675
v 0.4699615 0.1925862 -0.07500032
v 0.3899615 0.1125863 -0.07500049
v 0.3899615 0.1925862 -0.07500041
v 0.3899614 0.1925862 0.004999593
v 0.3899613 0.1125863 0.004999511
v 0.5499614 0.1125863 -0.07500041
v 0.5499613 0.1125863 0.004999593
v 0.5499614 0.1925862 0.00499969
v 0.5499616 0.1925862 -0.07500031
v 0.4699615 0.1125863 -0.0750005
v 0.4699616 0.1925862 -0.07500041
v 0.4699614 0.1925862 0.004999593
v 0.4699614 0.1125863 0.004999496
v 0.6299615 0.1125863 -0.07500041
v 0.6299614 0.1125863 0.004999585
v 0.6299614 0.1925862 0.004999697
v 0.6299615 0.1925862 -0.0750003
v 0.5499614 0.1125863 -0.07500051
v 0.5499616 0.1925862 -0.0750004
v 0.5499614 0.1925862 0.0049996
v 0.5499613 0.1125863 0.004999489
v 0.7099614 0.1125863 -0.07500041
v 0.7099613 0.112586 0.004999585
v 0.7099614 0.1925862 0.004999712
v 0.7099615 0.1925862 -0.07500029
v 0.6299615 0.1125863 -0.07500052
v 0.6299615 0.1925864 -0.0750004
v 0.6299614 0.1925862 0.0049996
v 0.6299614 0.1125863 0.004999474
v 0.7899615 0.1125863 -0.07500043
v 0.7899612 0.112586 0.004999571
v 0.7899613 0.1925862 0.004999854
v 0.7899616 0.1925864 -0.07500015
v 0.7099615 0.1125863 -0.07500066
v 0.7099615 0.1925864 -0.07500038
v 0.7099613 0.1925862 0.004999615
v 0.7099613 0.112586 0.004999332
v 0.7099615 0.1925862 -0.07500043
v 0.7099613 0.1925859 0.004999571
v 0.7099613 0.2725859 0.004999883
v 0.7099615 0.2725863 -0.07500012
v 0.6299615 0.1925864 -0.07500069
v 0.6299616 0.2725863 -0.07500038
v 0.6299613 0.2725861 0.004999615
v 0.6299613 0.1925859 0.004999302
v 0.2299614 0.1925867 -0.07500052
v 0.6299614 0.1925864 -0.07500038
v 0.6299615 0.2725863 -0.07500041
v 0.2299614 0.2725866 -0.07500056
v 0.2299614 0.1925867 0.004999496
v 0.2299614 0.2725866 0.004999466
v 0.6299615 0.2725863 0.0049996
v 0.6299614 0.1925864 0.00499963
v 0.2299615 0.1925864 -0.07500041
v 0.2299613 0.1925862 0.004999585
v 0.2299614 0.2725863 0.004999779
v 0.2299615 0.2725863 -0.07500021
v 0.1499615 0.1925864 -0.0750006
v 0.1499616 0.2725866 -0.0750004
v 0.1499614 0.2725863 0.0049996
v 0.1499613 0.1925864 0.004999407
v 0.1499615 0.1925864 -0.07500041
v 0.1499613 0.1925862 0.004999585
v 0.1499614 0.2725863 0.004999794
v 0.1499615 0.2725866 -0.0750002
v 0.0699615 0.1925864 -0.07500061
v 0.06996155 0.2725866 -0.0750004
v 0.06996134 0.2725863 0.0049996
v 0.06996131 0.1925862 0.004999392
v 0.06996152 0.1925862 -0.07500041
v 0.06996131 0.1925859 0.004999585
v 0.06996135 0.2725861 0.004999809
v 0.06996156 0.2725863 -0.07500019
v -0.01003848 0.1925862 -0.07500062
v -0.01003844 0.2725863 -0.0750004
v -0.01003864 0.2725861 0.0049996
v -0.01003869 0.1925859 0.004999377
v -0.01003851 0.1925864 0.004999541
v -0.01003866 0.2725863 0.004999667
v -0.01003864 0.2725866 -0.07500035
v -0.0100385 0.1925864 -0.07500046
v -0.3300385 0.1925857 0.004999496
v -0.3300385 0.1925859 -0.07500052
v -0.3300387 0.2725859 -0.07500041
v -0.3300387 0.2725859 0.00499963
v -0.4100385 0.1925862 -0.07500043
v -0.4100387 0.1925859 0.004999571
v -0.4100387 0.2725859 0.004999869
v -0.4100384 0.2725863 -0.07500014
v -0.4900385 0.1925864 -0.07500067
v -0.4900384 0.2725863 -0.07500038
v -0.4900387 0.2725861 0.004999615
v -0.4900387 0.1925859 0.004999317
v -0.3300385 0.1925864 -0.07500044
v -0.3300387 0.1925862 0.004999563
v -0.3300387 0.2725861 0.004999869
v -0.3300384 0.2725866 -0.07500012
v -0.4100385 0.1925867 -0.07500069
v -0.4100384 0.2725866 -0.07500038
v -0.4100387 0.2725863 0.004999623
v -0.4100387 0.1925862 0.004999317
v -0.4900385 0.1925862 -0.07500049
v -0.4900387 0.1925859 0.004999511
v -0.4900386 0.2725859 0.004999846
v -0.4900384 0.2725863 -0.07500015
v -0.5700386 0.1925864 -0.07500066
v -0.5700384 0.2725863 -0.07500032
v -0.5700386 0.2725861 0.004999675
v -0.5700387 0.1925859 0.00499934
v -0.4900385 0.2725863 -0.07500049
v -0.4900387 0.2725861 0.004999503
v -0.4900386 0.352586 0.004999854
v -0.4900384 0.3525865 -0.07500015
v -0.5700386 0.2725866 -0.07500066
v -0.5700384 0.3525865 -0.07500032
v -0.5700386 0.3525863 0.004999682
v -0.5700387 0.2725861 0.004999332
v -0.5700386 0.2725863 -0.07500049
v -0.5700387 0.2725861 0.004999503
v -0.5700386 0.352586 0.004999854
v -0.5700384 0.3525865 -0.07500015
v -0.6500385 0.2725866 -0.07500066
v -0.6500384 0.3525865 -0.07500032
v -0.6500386 0.3525863 0.004999682
v -0.6500387 0.2725861 0.004999332
v -0.4100385 0.2725863 -0.0750005
v -0.4100387 0.2725861 0.004999496
v -0.4100386 0.352586 0.004999854
v -0.4100384 0.3525865 -0.07500014
v -0.4900385 0.2725866 -0.07500067
v -0.4900384 0.3525865 -0.07500031
v -0.4900386 0.3525863 0.00499969
v -0.4900387 0.2725861 0.004999332
v -0.3300385 0.2725863 0.004999563
v -0.3300387 0.3525863 0.004999675
v -0.3300386 0.3525865 -0.07500033
v -0.3300385 0.2725863 -0.07500044
v -0.4100385 0.2725861 0.004999526
v -0.4100385 0.2725863 -0.07500049
v -0.4100386 0.3525863 -0.07500038
v -0.4100387 0.3525863 0.00499963
v -0.2500385 0.2725863 -0.07500049
v -0.2500387 0.2725861 0.004999503
v -0.2500386 0.352586 0.004999839
v -0.2500384 0.3525865 -0.07500016
v -0.3300385 0.2725866 -0.07500065
v -0.3300384 0.3525865 -0.07500032
v -0.3300386 0.3525863 0.004999682
v -0.3300387 0.2725861 0.004999347
v -0.2500385 0.3525863 -0.07500049
v -0.2500387 0.352586 0.004999503
v -0.2500386 0.432586 0.004999854
v -0.2500384 0.4325864 -0.07500015
v -0.3300385 0.3525865 -0.07500066
v -0.3300384 0.4325864 -0.07500032
v -0.3300386 0.4325862 0.004999682
v -0.3300387 0.352586 0.004999332
v -0.2500385 0.4325864 -0.07500049
v -0.2500387 0.4325862 0.004999503
v -0.2500386 0.5125861 0.004999869
v -0.2500384 0.5125866 -0.07500014
v -0.3300385 0.4325867 -0.07500067
v -0.3300384 0.5125866 -0.07500032
v -0.3300386 0.5125864 0.004999682
v -0.3300387 0.4325862 0.004999317
v -0.1700385 0.2725863 0.004999556
v -0.1700386 0.3525863 0.004999682
v -0.1700386 0.3525865 -0.07500033
v -0.1700385 0.2725863 -0.07500045
v -0.2500385 0.2725861 0.004999511
v -0.2500385 0.2725863 -0.07500049
v -0.2500386 0.3525863 -0.07500037
v -0.2500386 0.3525863 0.004999638
v -0.09003855 0.2725863 0.004999556
v -0.09003865 0.3525863 0.00499969
v -0.0900386 0.3525865 -0.07500032
v -0.09003849 0.2725863 -0.07500045
v -0.1700386 0.2725861 0.004999496
v -0.1700385 0.2725863 -0.07500051
v -0.1700386 0.3525863 -0.07500037
v -0.1700386 0.3525863 0.004999638
v -0.01003855 0.2725863 0.004999556
v -0.01003866 0.3525863 0.004999705
v -0.01003858 0.3525865 -0.0750003
v -0.0100385 0.2725863 -0.07500045
v -0.09003856 0.2725861 0.004999481
v -0.09003849 0.2725863 -0.07500052
v -0.09003859 0.3525863 -0.07500037
v -0.09003866 0.3525863 0.004999638
v 0.06996152 0.2725863 -0.07500041
v 0.06996131 0.2725861 0.004999585
v 0.06996134 0.3525863 0.004999824
v 0.06996158 0.3525865 -0.07500017
v -0.01003847 0.2725863 -0.07500064
v -0.01003844 0.3525865 -0.0750004
v -0.01003864 0.3525863 0.0049996
v -0.0100387 0.2725861 0.004999362
v 0.1499615 0.2725863 -0.07500041
v 0.1499613 0.2725861 0.004999585
v 0.1499613 0.3525863 0.004999839
v 0.1499616 0.3525865 -0.07500016
v 0.06996152 0.2725863 -0.07500065
v 0.06996156 0.3525865 -0.0750004
v 0.06996132 0.3525863 0.0049996
v 0.06996128 0.2725861 0.004999347
v 0.2299614 0.2725863 0.0049996
v 0.2299614 0.3525863 0.00499966
v 0.2299615 0.3525863 -0.07500035
v 0.2299615 0.2725863 -0.07500041
v 0.1499614 0.2725863 0.004999533
v 0.1499615 0.2725863 -0.07500047
v 0.1499614 0.3525863 -0.07500042
v 0.1499614 0.3525863 0.004999593
v 0.6299615 0.2725863 -0.07500043
v 0.6299613 0.2725861 0.004999571
v 0.6299613 0.352586 0.004999898
v 0.6299615 0.3525865 -0.07500011
v 0.5499614 0.2725866 -0.0750007
v 0.5499616 0.3525865 -0.07500038
v 0.5499612 0.3525863 0.004999615
v 0.5499612 0.2725861 0.004999287
v 0.3099614 0.2725863 0.0049996
v 0.3099614 0.3525863 0.00499963
v 0.3099614 0.3525863 -0.07500038
v 0.3099615 0.2725863 -0.07500041
v 0.2299614 0.2725863 0.004999563
v 0.2299615 0.2725863 -0.07500045
v 0.2299614 0.3525863 -0.07500042
v 0.2299614 0.3525863 0.004999585
v 0.3899614 0.2725863 0.0049996
v 0.3899614 0.3525863 0.004999645
v 0.3899614 0.3525863 -0.07500037
v 0.3899615 0.2725863 -0.07500041
v 0.3099614 0.2725863 0.004999556
v 0.3099614 0.2725863 -0.07500045
v 0.3099614 0.3525863 -0.07500041
v 0.3099614 0.3525863 0.0049996
v 0.4699614 0.2725863 0.0049996
v 0.4699614 0.3525863 0.004999653
v 0.4699614 0.3525863 -0.07500035
v 0.4699614 0.2725863 -0.07500041
v 0.3899614 0.2725863 0.004999541
v 0.3899615 0.2725863 -0.07500046
v 0.3899615 0.3525863 -0.07500041
v 0.3899614 0.3525863 0.0049996
v 0.5499613 0.2725863 0.0049996
v 0.5499613 0.3525863 0.004999667
v 0.5499614 0.3525863 -0.07500034
v 0.5499614 0.2725863 -0.07500041
v 0.4699614 0.2725863 0.004999526
v 0.4699614 0.2725863 -0.07500048
v 0.4699614 0.3525863 -0.07500041
v 0.4699614 0.3525863 0.0049996
v -0.1700386 0.3525863 -0.07500041
v -0.1700386 0.3525863 0.004999593
v -0.1700386 0.4325862 0.004999608
v -0.1700386 0.4325862 -0.07500039
v -0.2500386 0.3525863 -0.07500042
v -0.2500386 0.4325862 -0.07500041
v -0.2500386 0.4325862 0.004999593
v -0.2500386 0.3525863 0.004999578
v -0.09003857 0.3525863 -0.07500041
v -0.09003857 0.3525863 0.004999593
v -0.09003857 0.4325862 0.004999593
v -0.09003857 0.4325862 -0.07500041
v -0.1700386 0.3525863 -0.07500041
v -0.1700386 0.4325862 -0.07500041
v -0.1700386 0.4325862 0.004999593
v -0.1700386 0.3525863 0.004999593
v -0.01003857 0.3525863 -0.07500041
v -0.01003857 0.3525863 0.004999593
v -0.01003857 0.4325862 0.004999593
v -0.01003857 0.4325862 -0.07500041
v -0.09003857 0.3525863 -0.07500041
v -0.09003857 0.4325862 -0.07500041
v -0.09003857 0.4325862 0.004999593
v -0.09003857 0.3525863 0.004999593
v 0.06996143 0.3525863 -0.07500041
v 0.06996143 0.3525863 0.004999593
v 0.06996143 0.4325862 0.004999593
v 0.06996143 0.4325862 -0.07500041
v -0.01003855 0.3525863 -0.07500041
v -0.01003855 0.4325862 -0.07500041
v -0.01003855 0.4325862 0.004999593
v -0.01003855 0.3525863 0.004999593
v -0.4100386 0.3525863 -0.0750004
v -0.4100386 0.3525863 0.0049996
v -0.4100386 0.4325862 0.004999615
v -0.4100385 0.4325862 -0.07500038
v -0.4900385 0.3525863 -0.07500043
v -0.4900385 0.4325862 -0.07500041
v -0.4900385 0.4325862 0.004999585
v -0.4900386 0.3525863 0.004999571
v -0.3300385 0.3525863 -0.07500041
v -0.3300387 0.352586 0.004999585
v -0.3300387 0.4325862 0.004999839
v -0.3300384 0.4325864 -0.07500016
v -0.4100385 0.3525863 -0.07500065
v -0.4100384 0.4325864 -0.0750004
v -0.4100387 0.4325862 0.0049996
v -0.4100387 0.352586 0.004999347
v -0.4900385 0.3525863 -0.07500049
v -0.4900387 0.352586 0.004999503
v -0.4900386 0.432586 0.004999869
v -0.4900384 0.4325864 -0.07500014
v -0.5700386 0.3525865 -0.07500067
v -0.5700384 0.4325864 -0.07500032
v -0.5700386 0.4325862 0.004999682
v -0.5700387 0.352586 0.004999317
v -0.4900385 0.4325864 -0.07500049
v -0.4900387 0.4325862 0.004999503
v -0.4900386 0.5125861 0.004999883
v -0.4900384 0.5125866 -0.07500012
v -0.5700386 0.4325867 -0.07500069
v -0.5700384 0.5125866 -0.07500032
v -0.5700386 0.5125864 0.004999682
v -0.5700387 0.4325862 0.004999302
v -0.4100386 0.4325864 -0.0750004
v -0.4100386 0.4325864 0.0049996
v -0.4100386 0.5125864 0.00499963
v -0.4100385 0.5125864 -0.07500038
v -0.4900385 0.4325864 -0.07500044
v -0.4900385 0.5125864 -0.07500041
v -0.4900385 0.5125864 0.004999585
v -0.4900386 0.4325864 0.004999556
v -0.3300385 0.4325862 -0.07500041
v -0.3300387 0.432586 0.004999585
v -0.3300387 0.5125859 0.004999854
v -0.3300384 0.5125864 -0.07500015
v -0.4100385 0.4325864 -0.07500066
v -0.4100384 0.5125864 -0.0750004
v -0.4100387 0.5125861 0.0049996
v -0.4100387 0.432586 0.004999332
v 0.06996146 0.5125861 -0.07500023
v 0.0699614 0.5125861 0.004999757
v 0.06996146 0.592586 0.004999794
v 0.06996146 0.592586 -0.0750002
v -0.3300385 0.5125864 -0.07500045
v -0.3300385 0.5925863 -0.07500041
v -0.3300385 0.5925863 0.004999593
v -0.3300386 0.5125864 0.004999556
v -0.3300385 0.5125864 -0.07500041
v -0.3300387 0.5125861 0.004999585
v -0.3300387 0.592586 0.004999883
v -0.3300384 0.5925865 -0.07500012
v -0.4100385 0.5125866 -0.07500069
v -0.4100384 0.5925865 -0.0750004
v -0.4100387 0.5925863 0.0049996
v -0.4100387 0.5125861 0.004999302
v -0.4100384 0.5125864 -0.07500041
v -0.4100387 0.5125861 0.004999585
v -0.4100387 0.592586 0.004999898
v -0.4100384 0.5925865 -0.07500011
v -0.4900385 0.5125866 -0.0750007
v -0.4900384 0.5925865 -0.0750004
v -0.4900387 0.5925863 0.0049996
v -0.4900388 0.5125861 0.004999287
v -0.4900385 0.5125864 -0.07500041
v -0.4900388 0.5125861 0.004999585
v -0.4900387 0.592586 0.004999906
v -0.4900384 0.5925865 -0.07500009
v -0.5700384 0.5125866 -0.07500072
v -0.5700384 0.5925865 -0.0750004
v -0.5700387 0.5925863 0.0049996
v -0.5700388 0.5125861 0.00499928
v -0.5700385 0.5125864 -0.07500049
v -0.5700387 0.5125861 0.004999503
v -0.5700386 0.592586 0.004999898
v -0.5700384 0.5925865 -0.07500011
v -0.6500385 0.5125866 -0.0750007
v -0.6500384 0.5925865 -0.07500032
v -0.6500386 0.5925863 0.004999682
v -0.6500387 0.5125861 0.004999287
v 0.1499615 0.3525863 -0.07500041
v 0.1499613 0.352586 0.004999585
v 0.1499613 0.4325862 0.004999854
v 0.1499616 0.4325864 -0.07500015
v 0.06996152 0.3525863 -0.07500066
v 0.06996156 0.4325864 -0.0750004
v 0.06996131 0.4325862 0.0049996
v 0.06996128 0.352586 0.004999332
v 0.2299615 0.3525863 -0.07500041
v 0.2299612 0.352586 0.004999585
v 0.2299613 0.432586 0.004999869
v 0.2299615 0.4325864 -0.07500014
v 0.1499615 0.3525865 -0.07500067
v 0.1499616 0.4325864 -0.0750004
v 0.1499613 0.4325862 0.0049996
v 0.1499613 0.352586 0.004999317
v 0.3099615 0.3525863 -0.07500041
v 0.3099613 0.352586 0.004999585
v 0.3099613 0.432586 0.004999883
v 0.3099616 0.4325864 -0.07500012
v 0.2299615 0.3525865 -0.07500069
v 0.2299616 0.4325864 -0.0750004
v 0.2299613 0.4325862 0.0049996
v 0.2299612 0.352586 0.004999302
v 0.3899615 0.3525863 -0.07500041
v 0.3899612 0.352586 0.004999585
v 0.3899613 0.432586 0.004999898
v 0.3899616 0.4325864 -0.07500011
v 0.3099615 0.3525865 -0.0750007
v 0.3099616 0.4325864 -0.0750004
v 0.3099613 0.4325862 0.0049996
v 0.3099612 0.352586 0.004999287
v 0.4699616 0.3525863 -0.07500041
v 0.4699613 0.352586 0.004999585
v 0.4699613 0.432586 0.004999906
v 0.4699616 0.4325864 -0.07500009
v 0.3899615 0.3525865 -0.07500072
v 0.3899616 0.4325864 -0.0750004
v 0.3899613 0.4325862 0.0049996
v 0.3899612 0.352586 0.00499928
v 0.5499616 0.3525863 -0.07500043
v 0.5499612 0.352586 0.004999571
v 0.5499612 0.432586 0.004999906
v 0.5499616 0.4325864 -0.07500009
v 0.4699616 0.3525865 -0.07500072
v 0.4699616 0.4325864 -0.07500038
v 0.4699613 0.4325862 0.004999615
v 0.4699613 0.352586 0.00499928
v 0.6299616 0.3525865 -0.07500043
v 0.6299613 0.352586 0.004999571
v 0.6299613 0.432586 0.004999921
v 0.6299616 0.4325864 -0.07500008
v 0.5499616 0.3525865 -0.07500073
v 0.5499616 0.4325864 -0.07500038
v 0.5499613 0.432586 0.004999615
v 0.5499613 0.352586 0.004999265
v 0.7099615 0.3525865 -0.07500043
v 0.7099613 0.352586 0.004999571
v 0.7099613 0.432586 0.004999951
v 0.7099617 0.4325864 -0.07500005
v 0.6299616 0.3525865 -0.07500076
v 0.6299616 0.4325864 -0.07500038
v 0.6299613 0.432586 0.004999615
v 0.6299613 0.352586 0.004999235
v 0.7899616 0.3525865 -0.07500044
v 0.7899612 0.352586 0.004999563
v 0.7899612 0.432586 0.004999973
v 0.7899616 0.4325864 -0.07500003
v 0.7099615 0.3525865 -0.07500078
v 0.7099617 0.4325864 -0.07500038
v 0.7099613 0.432586 0.004999623
v 0.7099612 0.352586 0.004999213
v 0.8699615 0.3525865 -0.07500044
v 0.8699611 0.352586 0.004999563
v 0.8699611 0.432586 0.004999988
v 0.8699615 0.4325864 -0.07500002
v 0.7899616 0.3525865 -0.07500079
v 0.7899616 0.4325864 -0.07500038
v 0.7899612 0.432586 0.004999623
v 0.7899612 0.352586 0.004999198
v 0.9499617 0.3525865 -0.07500044
v 0.9499613 0.352586 0.004999556
v 0.9499613 0.432586 0.005000003
v 0.9499617 0.4325864 -0.07499999
v 0.8699616 0.3525865 -0.07500082
v 0.8699616 0.4325864 -0.07500038
v 0.8699613 0.432586 0.00499963
v 0.8699613 0.352586 0.004999183
v 0.5499616 0.4325864 -0.07500042
v 0.5499612 0.4325862 0.004999578
v 0.5499613 0.5125861 0.004999913
v 0.5499617 0.5125866 -0.07500008
v 0.4699616 0.4325867 -0.07500073
v 0.4699617 0.5125866 -0.07500039
v 0.4699613 0.5125864 0.004999608
v 0.4699613 0.4325862 0.004999273
v 0.6299615 0.4325862 -0.07500043
v 0.6299611 0.432586 0.004999571
v 0.6299613 0.5125859 0.004999921
v 0.6299616 0.5125864 -0.07500008
v 0.5499614 0.4325864 -0.07500073
v 0.5499616 0.5125864 -0.07500038
v 0.5499612 0.5125861 0.004999615
v 0.5499612 0.432586 0.004999265
v 0.7099615 0.4325862 -0.07500043
v 0.7099612 0.432586 0.004999571
v 0.7099613 0.5125859 0.004999936
v 0.7099617 0.5125864 -0.07500006
v 0.6299615 0.4325864 -0.07500075
v 0.6299616 0.5125864 -0.07500038
v 0.6299613 0.5125861 0.004999615
v 0.6299613 0.432586 0.00499925
v 0.7899616 0.4325862 -0.07500043
v 0.7899612 0.432586 0.004999571
v 0.7899613 0.5125859 0.004999951
v 0.7899616 0.5125864 -0.07500005
v 0.7099615 0.4325864 -0.07500076
v 0.7099617 0.5125864 -0.07500038
v 0.7099613 0.5125861 0.004999615
v 0.7099612 0.432586 0.004999235
v 0.8699615 0.4325864 -0.07500044
v 0.8699611 0.432586 0.004999556
v 0.8699611 0.5125859 0.005000018
v 0.8699616 0.5125864 -0.07499997
v 0.7899616 0.4325864 -0.07500084
v 0.7899616 0.5125864 -0.07500038
v 0.7899612 0.5125859 0.00499963
v 0.7899612 0.432586 0.004999168
v 0.4699616 0.4325864 -0.07500041
v 0.4699612 0.4325862 0.004999585
v 0.4699613 0.5125861 0.004999921
v 0.4699616 0.5125866 -0.07500008
v 0.3899616 0.4325867 -0.07500073
v 0.3899616 0.5125866 -0.0750004
v 0.3899613 0.5125864 0.0049996
v 0.3899612 0.4325862 0.004999265
v 0.3899615 0.4325864 -0.07500041
v 0.3899612 0.4325862 0.004999585
v 0.3899613 0.5125861 0.004999936
v 0.3899616 0.5125866 -0.07500006
v 0.3099615 0.4325867 -0.07500075
v 0.3099616 0.5125866 -0.0750004
v 0.3099613 0.5125864 0.0049996
v 0.3099612 0.4325862 0.00499925
v 0.3099616 0.4325864 -0.07500041
v 0.3099612 0.4325862 0.004999585
v 0.3099613 0.5125861 0.004999951
v 0.3099616 0.5125866 -0.07500005
v 0.2299616 0.4325867 -0.07500076
v 0.2299616 0.5125866 -0.0750004
v 0.2299613 0.5125864 0.0049996
v 0.2299612 0.4325862 0.004999235
v 0.3099616 0.6725864 -0.07500041
v 0.3099612 0.6725862 0.004999593
v 0.3099613 0.7525861 0.004999973
v 0.3099616 0.7525866 -0.07500003
v -0.5700384 0.6725874 -0.07500456
v -0.5700383 0.7525873 -0.07500418
v -0.5700387 0.7525871 0.004995815
v -0.5700387 0.6725869 0.004995435
v 0.1499616 0.4325864 -0.07500041
v 0.1499612 0.432586 0.004999585
v 0.1499613 0.5125859 0.004999973
v 0.1499616 0.5125864 -0.07500002
v 0.06996158 0.4325864 -0.07500079
v 0.06996164 0.5125864 -0.0750004
v 0.06996126 0.5125859 0.0049996
v 0.06996121 0.432586 0.004999213
v 0.06996144 0.4325862 -0.07500041
v 0.06996143 0.4325862 0.004999593
v 0.06996143 0.5125861 0.004999608
v 0.06996144 0.5125861 -0.07500039
v -0.01003855 0.4325862 -0.07500042
v -0.01003855 0.5125861 -0.07500041
v -0.01003857 0.5125861 0.004999593
v -0.01003857 0.4325862 0.004999578
v -0.01003855 0.4325864 -0.07500041
v -0.01003858 0.4325864 0.004999593
v -0.01003858 0.5125864 0.004999623
v -0.01003855 0.5125864 -0.07500038
v -0.09003856 0.4325864 -0.07500044
v -0.09003856 0.5125864 -0.07500041
v -0.09003859 0.5125864 0.004999593
v -0.09003859 0.4325864 0.004999563
v -0.09003855 0.4325864 -0.07500041
v -0.0900386 0.4325864 0.004999593
v -0.0900386 0.5125864 0.00499963
v -0.09003855 0.5125864 -0.07500036
v -0.1700386 0.4325864 -0.07500045
v -0.1700386 0.5125864 -0.07500041
v -0.1700386 0.5125864 0.004999593
v -0.1700386 0.4325864 0.004999556
v -0.1700385 0.4325864 -0.07500041
v -0.1700386 0.4325864 0.004999593
v -0.1700386 0.5125864 0.004999645
v -0.1700385 0.5125864 -0.07500035
v -0.2500385 0.4325864 -0.07500046
v -0.2500385 0.5125864 -0.07500041
v -0.2500386 0.5125864 0.004999593
v -0.2500386 0.4325864 0.004999541
v 0.7899616 0.5125866 -0.07500044
v 0.7899612 0.5125861 0.004999556
v 0.7899612 0.592586 0.005000032
v 0.7899616 0.5925865 -0.07499997
v 0.7099615 0.5125866 -0.07500084
v 0.7099617 0.5925865 -0.07500038
v 0.7099612 0.592586 0.00499963
v 0.7099612 0.5125861 0.004999153
v 0.7099615 0.5125864 -0.07500043
v 0.7099612 0.5125861 0.004999571
v 0.7099613 0.592586 0.004999965
v 0.7099615 0.5925865 -0.07500003
v 0.06996152 0.5125873 -0.07500322
v 0.06996164 0.5925872 -0.07500283
v 0.06996128 0.592587 0.004997164
v 0.06996122 0.5125868 0.004996769
v -0.2500384 0.5925863 -0.07500042
v -0.2500387 0.592586 0.004999578
v -0.2500387 0.672586 0.004999883
v -0.2500384 0.6725864 -0.07500011
v -0.5700386 0.5925868 -0.07500154
v -0.5700384 0.6725867 -0.07500122
v -0.5700387 0.6725864 0.004998766
v -0.5700388 0.5925863 0.00499846
v -0.01003855 0.5925863 -0.07500041
v -0.01003861 0.5925863 0.004999593
v -0.0100386 0.6725862 0.004999645
v -0.01003854 0.6725862 -0.07500035
v -0.2500386 0.5925863 -0.07500057
v -0.2500385 0.6725862 -0.07500052
v -0.2500386 0.6725862 0.004999481
v -0.2500386 0.5925863 0.004999429
v 0.7099617 0.5925865 -0.07500044
v 0.7099612 0.592586 0.004999556
v 0.7099612 0.672586 0.005000047
v 0.7099617 0.6725864 -0.07499995
v 0.6299616 0.5925865 -0.07500086
v 0.6299616 0.6725864 -0.07500038
v 0.6299613 0.672586 0.00499963
v 0.6299611 0.592586 0.004999138
v 0.6299615 0.592586 -0.07499908
v 0.6299613 0.5925858 0.005000919
v 0.6299613 0.672586 0.005001172
v 0.6299615 0.6725862 -0.07499883
v -0.01003852 0.5925863 -0.07500087
v -0.01003847 0.6725864 -0.07500061
v -0.01003869 0.6725862 0.004999384
v -0.01003875 0.592586 0.004999131
v -0.5700385 0.5925863 -0.0750005
v -0.5700387 0.592586 0.004999496
v -0.5700386 0.672586 0.004999898
v -0.5700384 0.6725864 -0.07500009
v -0.6500385 0.5925865 -0.07500072
v -0.6500384 0.6725864 -0.07500031
v -0.6500386 0.6725862 0.00499969
v -0.6500387 0.592586 0.004999287
v -0.5700385 0.6725864 -0.0750005
v -0.5700387 0.6725862 0.004999496
v -0.5700386 0.7525861 0.004999913
v -0.5700384 0.7525866 -0.07500008
v -0.6500385 0.6725867 -0.07500073
v -0.6500384 0.7525866 -0.07500031
v -0.6500386 0.7525864 0.00499969
v -0.6500387 0.6725862 0.004999273
v -0.4900385 0.7525864 -0.07500051
v -0.4900388 0.7525861 0.004999489
v -0.4900386 0.8325861 0.004999921
v -0.4900384 0.8325865 -0.07500008
v -0.5700386 0.7525866 -0.07500073
v -0.5700384 0.8325865 -0.0750003
v -0.5700386 0.8325863 0.004999697
v -0.5700388 0.7525861 0.004999265
v -0.4900385 0.8325863 -0.07500051
v -0.4900388 0.8325861 0.004999489
v -0.4900386 0.912586 0.004999936
v -0.4900384 0.9125865 -0.07500006
v -0.5700386 0.8325865 -0.07500075
v -0.5700383 0.9125865 -0.0750003
v -0.5700386 0.9125862 0.004999697
v -0.5700388 0.8325861 0.00499925
v -0.4900385 0.9125862 -0.07500051
v -0.4900388 0.912586 0.004999489
v -0.4900386 0.9925859 0.004999951
v -0.4900384 0.9925864 -0.07500005
v -0.5700386 0.9125865 -0.07500076
v -0.5700383 0.9925864 -0.0750003
v -0.5700386 0.9925861 0.004999697
v -0.5700388 0.912586 0.004999235
v -0.4900385 0.9925864 -0.07500051
v -0.4900388 0.9925861 0.004999489
v -0.4900386 1.072586 0.004999965
v -0.4900384 1.072587 -0.07500003
v -0.5700386 0.9925866 -0.07500078
v -0.5700383 1.072587 -0.0750003
v -0.5700386 1.072586 0.004999697
v -0.5700388 0.9925861 0.00499922
v -0.4100385 0.9925864 -0.07500052
v -0.4100388 0.9925859 0.004999481
v -0.4100386 1.072586 0.004999973
v -0.4100383 1.072587 -0.07500003
v -0.4900385 0.9925866 -0.07500078
v -0.4900383 1.072587 -0.07500029
v -0.4900386 1.072586 0.004999705
v -0.4900388 0.9925861 0.004999213
v -0.3300385 0.9125865 -0.07500053
v -0.3300388 0.912586 0.004999466
v -0.3300386 0.9925861 0.004999988
v -0.3300383 0.9925866 -0.07500002
v -0.4100385 0.9125867 -0.07500079
v -0.4100383 0.9925869 -0.07500028
v -0.4100386 0.9925864 0.00499972
v -0.4100388 0.9125862 0.004999198
v -0.2500385 0.9125865 -0.07500054
v -0.2500388 0.912586 0.004999459
v -0.2500386 0.9925861 0.004999988
v -0.2500383 0.9925866 -0.075
v -0.3300385 0.9125867 -0.07500081
v -0.3300383 0.9925869 -0.07500027
v -0.3300386 0.9925864 0.004999727
v -0.3300388 0.9125862 0.004999198
v -0.1700385 0.9125867 -0.07500054
v -0.1700388 0.912586 0.004999459
v -0.1700386 0.9925861 0.005000003
v -0.1700383 0.9925866 -0.07499999
v -0.2500385 0.9125867 -0.07500082
v -0.2500383 0.9925869 -0.07500027
v -0.2500386 0.9925861 0.004999727
v -0.2500388 0.9125862 0.004999183
v -0.09003854 0.9925866 -0.07500055
v -0.09003882 0.9925859 0.004999451
v -0.0900386 1.072586 0.005000018
v -0.09003831 1.072587 -0.07499999
v -0.1700385 0.9925866 -0.07500082
v -0.1700383 1.072587 -0.07500026
v -0.1700386 1.072586 0.004999734
v -0.1700388 0.9925861 0.004999168
v 0.6299616 0.6725864 -0.07500044
v 0.6299611 0.672586 0.004999556
v 0.6299611 0.7525859 0.005000062
v 0.6299616 0.7525864 -0.07499994
v 0.5499616 0.6725864 -0.07500087
v 0.5499616 0.7525864 -0.07500038
v 0.5499612 0.7525859 0.00499963
v 0.5499611 0.672586 0.004999124
v 0.7099615 0.7525866 -0.07500044
v 0.7099611 0.7525861 0.004999556
v 0.7099612 0.8325861 0.005000077
v 0.7099617 0.8325865 -0.07499992
v 0.6299616 0.7525866 -0.07500089
v 0.6299616 0.8325865 -0.07500038
v 0.6299611 0.8325861 0.00499963
v 0.6299611 0.7525861 0.004999109
v 0.7899616 0.8325865 -0.07500045
v 0.7899611 0.8325861 0.004999556
v 0.7899612 0.912586 0.005000077
v 0.7899617 0.9125865 -0.07499991
v 0.7099617 0.8325865 -0.0750009
v 0.7099617 0.9125865 -0.07500036
v 0.7099612 0.912586 0.00499963
v 0.7099612 0.8325861 0.004999109
v 0.8699616 0.9125867 -0.07500045
v 0.8699611 0.9125862 0.004999541
v 0.8699611 0.9925861 0.005000092
v 0.8699616 0.9925866 -0.07499991
v 0.7899616 0.9125867 -0.0750009
v 0.7899616 0.9925866 -0.07500036
v 0.7899612 0.9925861 0.004999645
v 0.7899611 0.9125862 0.004999094
v 0.7899616 0.9925866 -0.07500045
v 0.7899611 0.9925861 0.004999541
v 0.7899612 1.072586 0.005000107
v 0.7899617 1.072587 -0.0749999
v -0.09003845 0.9925871 -0.07500553
v -0.09003839 1.072587 -0.07500497
v -0.09003887 1.072587 0.004995033
v -0.09003893 0.9925866 0.004994467
v 0.5499616 0.6725862 -0.07500041
v 0.5499612 0.672586 0.004999585
v 0.5499613 0.7525859 0.004999936
v 0.5499617 0.7525864 -0.07500006
v 0.4699616 0.6725864 -0.07500075
v 0.4699617 0.7525864 -0.0750004
v 0.4699613 0.7525861 0.0049996
v 0.4699613 0.672586 0.00499925
v 0.4699616 0.6725867 -0.07500044
v 0.4699611 0.6725862 0.004999556
v 0.4699612 0.7525861 0.005000092
v 0.4699617 0.7525866 -0.07499991
v 0.3899616 0.6725867 -0.0750009
v 0.3899617 0.7525866 -0.07500038
v 0.3899612 0.7525861 0.00499963
v 0.3899612 0.6725862 0.004999094
v 0.4699616 0.7525866 -0.07500044
v 0.4699611 0.7525861 0.004999556
v 0.4699612 0.8325861 0.005000107
v 0.4699617 0.8325865 -0.0749999
v 0.3899616 0.7525866 -0.07500091
v 0.3899617 0.8325865 -0.07500038
v 0.3899612 0.8325861 0.00499963
v 0.3899612 0.7525861 0.004999079
v 0.4699616 0.8325865 -0.07500044
v 0.4699611 0.8325861 0.004999556
v 0.4699612 0.912586 0.005000122
v 0.4699617 0.9125865 -0.07499988
v 0.3899616 0.8325865 -0.07500093
v 0.3899617 0.9125865 -0.07500038
v 0.3899612 0.912586 0.00499963
v 0.3899612 0.8325861 0.004999064
v 0.3899615 0.6725862 -0.07500041
v 0.3899613 0.672586 0.004999585
v 0.3899613 0.7525861 0.004999764
v 0.3899615 0.7525864 -0.07500023
v 0.3099615 0.6725862 -0.07500058
v 0.3099615 0.7525864 -0.0750004
v 0.3099613 0.7525861 0.0049996
v 0.3099613 0.672586 0.004999422
v 0.3899615 0.7525864 -0.07500041
v 0.3899613 0.7525861 0.004999585
v 0.3899613 0.8325863 0.004999779
v 0.3899615 0.8325865 -0.07500021
v 0.3099615 0.7525864 -0.0750006
v 0.3099615 0.8325865 -0.0750004
v 0.3099613 0.8325863 0.0049996
v 0.3099613 0.7525861 0.004999407
v 0.3899615 0.8325863 -0.07500041
v 0.3899613 0.8325861 0.004999585
v 0.3899613 0.9125862 0.004999794
v 0.3899615 0.9125865 -0.0750002
v 0.3099615 0.8325863 -0.07500061
v 0.3099615 0.9125865 -0.0750004
v 0.3099613 0.9125862 0.0049996
v 0.3099613 0.8325861 0.004999392
v 0.5499616 0.7525864 -0.07500042
v 0.5499612 0.7525861 0.004999578
v 0.5499613 0.8325861 0.004999943
v 0.5499617 0.8325865 -0.07500006
v 0.4699616 0.7525866 -0.07500076
v 0.4699617 0.8325865 -0.07500039
v 0.4699613 0.8325863 0.004999608
v 0.4699613 0.7525861 0.004999243
v 0.3099615 0.7525864 -0.07500041
v 0.3099613 0.7525861 0.004999585
v 0.3099613 0.8325863 0.004999809
v 0.3099615 0.8325865 -0.07500019
v 0.2299615 0.7525864 -0.07500062
v 0.2299615 0.8325865 -0.0750004
v 0.2299613 0.8325863 0.0049996
v 0.2299613 0.7525861 0.004999377
v 0.6299615 0.7525864 -0.07500043
v 0.6299611 0.7525861 0.004999571
v 0.6299613 0.8325861 0.004999951
v 0.6299616 0.8325865 -0.07500005
v 0.5499614 0.7525866 -0.07500076
v 0.5499616 0.8325865 -0.07500038
v 0.5499612 0.8325863 0.004999615
v 0.5499612 0.7525861 0.004999235
v 0.7099615 0.8325863 -0.07500043
v 0.7099612 0.8325861 0.004999571
v 0.7099613 0.912586 0.004999965
v 0.7099617 0.9125865 -0.07500003
v 0.4699615 0.8325868 -0.07500148
v 0.4699616 0.9125867 -0.07500108
v 0.4699613 0.9125865 0.004998915
v 0.4699612 0.8325863 0.00499852
v 0.7899616 0.9125865 -0.07500043
v 0.7899612 0.9125862 0.004999571
v 0.7899612 0.9925861 0.004999973
v 0.7899616 0.9925866 -0.07500002
v -0.1700384 0.9125876 -0.07500479
v -0.1700383 0.9925876 -0.07500438
v -0.1700387 0.9925873 0.004995614
v -0.1700387 0.9125872 0.004995212
v 0.2299616 0.7525866 -0.07500041
v 0.2299612 0.7525861 0.004999593
v 0.2299613 0.8325861 0.005000003
v 0.2299617 0.8325865 -0.075
v -0.4900385 0.7525871 -0.07500406
v -0.4900384 0.832587 -0.07500365
v -0.4900388 0.8325865 0.004996344
v -0.4900389 0.7525866 0.004995935
v 0.3099616 0.8325865 -0.07500041
v 0.3099612 0.8325861 0.004999593
v 0.3099613 0.912586 0.005000003
v 0.3099616 0.9125865 -0.075
v -0.4900385 0.8325872 -0.07500446
v -0.4900385 0.9125872 -0.07500406
v -0.4900388 0.9125867 0.004995942
v -0.4900389 0.8325868 0.004995532
v -0.4100385 0.9125865 -0.07500042
v -0.4100388 0.9125862 0.004999578
v -0.4100387 0.9925861 0.004999883
v -0.4100384 0.9925866 -0.07500011
v -0.4900385 0.9125867 -0.0750007
v -0.4900384 0.9925866 -0.07500039
v -0.4900387 0.9925864 0.004999608
v -0.4900388 0.9125862 0.004999302
v 0.2299615 0.4325862 -0.07500041
v 0.2299612 0.432586 0.004999593
v 0.2299613 0.5125859 0.004999869
v 0.2299616 0.5125864 -0.07500012
v 0.1499615 0.4325864 -0.07500069
v 0.1499616 0.5125864 -0.07500041
v 0.1499613 0.5125861 0.004999593
v 0.1499612 0.432586 0.004999317
v -0.4900384 0.9925866 -0.005000487
v -0.4900387 0.9925861 0.0749995
v -0.4900385 1.072586 0.07499998
v -0.4900382 1.072587 -0.00500001
v -0.5700384 0.9925869 -0.005000755
v -0.5700382 1.072587 -0.005000278
v -0.5700385 1.072587 0.07499971
v -0.5700387 0.9925864 0.07499924
v -0.4100384 0.9925866 -0.005000494
v -0.4100387 0.9925861 0.0749995
v -0.4100385 1.072586 0.075
v -0.4100382 1.072587 -0.005000003
v -0.4900384 0.9925869 -0.005000763
v -0.4900382 1.072587 -0.005000271
v -0.4900385 1.072587 0.07499973
v -0.4900387 0.9925864 0.07499924
v 0.7899617 0.9925869 -0.005000435
v 0.7899612 0.9925864 0.07499956
v 0.7899613 1.072586 0.07500013
v 0.7899618 1.072587 -0.004999869
v -0.09003833 0.9925873 -0.005005509
v -0.09003827 1.072587 -0.00500495
v -0.09003875 1.072587 0.07499506
v -0.09003881 0.9925869 0.0749945
v -0.09003843 0.9925869 -0.005000524
v -0.09003872 0.9925861 0.07499947
v -0.09003849 1.072586 0.07500004
v -0.09003821 1.072587 -0.004999958
v -0.1700384 0.9925869 -0.005000807
v -0.1700382 1.072587 -0.005000241
v -0.1700385 1.072586 0.07499976
v -0.1700387 0.9925864 0.07499919
v -0.2500384 0.9125867 -0.005000517
v -0.2500387 0.9125862 0.07499947
v -0.2500385 0.9925864 0.07500001
v -0.2500382 0.9925869 -0.004999988
v -0.3300384 0.9125869 -0.005000778
v -0.3300382 0.9925871 -0.005000249
v -0.3300385 0.9925866 0.07499974
v -0.3300387 0.9125865 0.07499922
v -0.3300385 0.9125867 -0.005000509
v -0.3300387 0.9125862 0.07499949
v -0.3300385 0.9925864 0.07500001
v -0.3300382 0.9925869 -0.004999988
v -0.4100384 0.9125869 -0.005000778
v -0.4100382 0.9925871 -0.005000256
v -0.4100385 0.9925866 0.07499974
v -0.4100387 0.9125865 0.07499922
v -0.4100384 0.9125867 -0.005000398
v -0.4100387 0.9125865 0.07499959
v -0.4100386 0.9925864 0.07499991
v -0.4100383 0.9925869 -0.005000092
v -0.4900384 0.9125869 -0.005000673
v -0.4900383 0.9925869 -0.005000368
v -0.4900386 0.9925866 0.07499962
v -0.4900386 0.9125865 0.07499932
v 0.7899617 0.9125867 -0.005000405
v 0.7899613 0.9125865 0.07499959
v 0.7899613 0.9925864 0.075
v 0.7899617 0.9925869 -0.005000003
v -0.1700383 0.9125879 -0.005004771
v -0.1700382 0.9925878 -0.005004361
v -0.1700386 0.9925876 0.07499563
v -0.1700386 0.9125874 0.07499524
v 0.7099617 0.8325865 -0.005000405
v 0.7099613 0.8325863 0.07499959
v 0.7099614 0.9125862 0.07499998
v 0.7099618 0.9125867 -0.00500001
v 0.4699616 0.832587 -0.005001456
v 0.4699617 0.9125869 -0.005001061
v 0.4699614 0.9125867 0.07499894
v 0.4699613 0.8325865 0.07499855
v 0.8699616 0.9125869 -0.005000435
v 0.8699613 0.9125865 0.07499956
v 0.8699613 0.9925864 0.07500011
v 0.8699617 0.9925869 -0.004999883
v 0.7899617 0.9125869 -0.005000882
v 0.7899617 0.9925869 -0.005000331
v 0.7899613 0.9925864 0.07499967
v 0.7899612 0.9125865 0.07499912
v 0.6299616 0.7525866 -0.005000405
v 0.6299613 0.7525864 0.07499959
v 0.6299614 0.8325863 0.07499998
v 0.6299617 0.8325868 -0.005000025
v 0.5499616 0.7525868 -0.00500074
v 0.5499617 0.8325868 -0.00500036
v 0.5499613 0.8325865 0.07499964
v 0.5499613 0.7525864 0.07499927
v 0.5499617 0.7525866 -0.005000398
v 0.5499613 0.7525864 0.07499959
v 0.5499614 0.8325863 0.07499997
v 0.5499618 0.8325868 -0.005000032
v 0.4699617 0.7525868 -0.005000733
v 0.4699618 0.8325868 -0.005000368
v 0.4699614 0.8325865 0.07499962
v 0.4699614 0.7525864 0.07499927
v 0.4699617 0.7525868 -0.00500042
v 0.4699613 0.7525864 0.07499958
v 0.4699613 0.8325863 0.07500013
v 0.4699618 0.8325868 -0.004999869
v 0.3899617 0.7525868 -0.005000897
v 0.3899618 0.8325868 -0.005000345
v 0.3899613 0.8325863 0.07499965
v 0.3899613 0.7525864 0.0749991
v 0.4699617 0.8325868 -0.00500042
v 0.4699613 0.8325863 0.07499958
v 0.4699613 0.9125862 0.07500014
v 0.4699618 0.9125867 -0.004999854
v 0.3899617 0.8325868 -0.005000912
v 0.3899618 0.9125867 -0.005000345
v 0.3899613 0.9125862 0.07499965
v 0.3899613 0.8325863 0.07499909
v 0.7899617 0.8325868 -0.00500042
v 0.7899612 0.8325863 0.07499958
v 0.7899613 0.9125862 0.0750001
v 0.7899618 0.9125867 -0.004999898
v 0.7099618 0.8325868 -0.005000867
v 0.7099618 0.9125867 -0.005000345
v 0.7099613 0.9125862 0.07499965
v 0.7099613 0.8325863 0.07499913
v 0.4699617 0.6725869 -0.00500042
v 0.4699613 0.6725864 0.07499958
v 0.4699613 0.7525864 0.07500011
v 0.4699618 0.7525868 -0.004999883
v 0.3899617 0.6725869 -0.005000882
v 0.3899618 0.7525868 -0.005000345
v 0.3899613 0.7525864 0.07499965
v 0.3899613 0.6725864 0.07499912
v 0.3899616 0.7525866 -0.00500039
v 0.3899614 0.7525864 0.07499961
v 0.3899614 0.8325865 0.0749998
v 0.3899616 0.8325868 -0.005000196
v 0.3099616 0.7525866 -0.005000569
v 0.3099616 0.8325868 -0.005000375
v 0.3099614 0.8325865 0.07499962
v 0.3099614 0.7525864 0.07499943
v 0.3899616 0.8325865 -0.00500039
v 0.3899614 0.8325863 0.07499961
v 0.3899614 0.9125865 0.07499982
v 0.3899616 0.9125867 -0.005000181
v 0.3099616 0.8325865 -0.005000584
v 0.3099616 0.9125867 -0.005000375
v 0.3099614 0.9125865 0.07499962
v 0.3099614 0.8325863 0.07499941
v 0.6299616 0.5925863 -0.004999056
v 0.6299614 0.592586 0.07500093
v 0.6299614 0.6725862 0.0750012
v 0.6299616 0.6725864 -0.004998803
v -0.01003841 0.5925865 -0.005000845
v -0.01003835 0.6725867 -0.005000591
v -0.01003857 0.6725864 0.07499941
v -0.01003863 0.5925863 0.07499915
v 0.3099616 0.6725867 -0.005000383
v 0.3099613 0.6725864 0.07499962
v 0.3099613 0.7525864 0.075
v 0.3099617 0.7525868 -0.005000003
v -0.5700383 0.6725876 -0.005004533
v -0.5700382 0.7525876 -0.00500416
v -0.5700386 0.7525873 0.07499584
v -0.5700387 0.6725872 0.07499545
v 0.2299617 0.7525868 -0.005000383
v 0.2299613 0.7525864 0.07499962
v 0.2299614 0.8325863 0.07500003
v 0.2299618 0.8325868 -0.004999973
v -0.4900384 0.7525873 -0.005004033
v -0.4900383 0.8325872 -0.005003624
v -0.4900387 0.8325868 0.07499637
v -0.4900388 0.7525868 0.07499596
v 0.3099617 0.8325868 -0.005000383
v 0.3099613 0.8325863 0.07499962
v 0.3099613 0.9125862 0.07500003
v 0.3099617 0.9125867 -0.004999973
v -0.4900384 0.8325875 -0.005004443
v -0.4900384 0.9125874 -0.005004033
v -0.4900387 0.9125869 0.07499596
v -0.4900388 0.832587 0.07499555
v 0.3099616 0.7525866 -0.00500039
v 0.3099614 0.7525864 0.07499961
v 0.3099614 0.8325865 0.07499983
v 0.3099616 0.8325868 -0.005000167
v 0.2299616 0.7525866 -0.005000599
v 0.2299616 0.8325868 -0.005000375
v 0.2299614 0.8325865 0.07499962
v 0.2299614 0.7525864 0.0749994
v 0.06996155 0.5125864 -0.005000211
v 0.06996149 0.5125864 0.07499977
v 0.06996155 0.5925863 0.07499982
v 0.06996155 0.5925863 -0.005000167
v -0.3300385 0.5125866 -0.00500042
v -0.3300384 0.5925865 -0.005000383
v -0.3300385 0.5925865 0.07499962
v -0.3300385 0.5125866 0.07499958
v -0.01003845 0.5925865 -0.005000383
v -0.01003851 0.5925865 0.07499962
v -0.0100385 0.6725864 0.07499967
v -0.01003844 0.6725864 -0.005000331
v -0.2500384 0.5925865 -0.005000554
v -0.2500384 0.6725864 -0.005000494
v -0.2500385 0.6725864 0.0749995
v -0.2500385 0.5925865 0.07499944
v -0.1700384 0.9125869 -0.005000517
v -0.1700387 0.9125862 0.07499947
v -0.1700385 0.9925864 0.07500003
v -0.1700382 0.9925869 -0.004999973
v -0.2500384 0.9125869 -0.005000792
v -0.2500382 0.9925871 -0.005000249
v -0.2500385 0.9925864 0.07499974
v -0.2500387 0.9125865 0.07499921
v -0.2500384 0.5925865 -0.005000398
v -0.2500387 0.5925863 0.07499959
v -0.2500386 0.6725862 0.07499991
v -0.2500383 0.6725867 -0.005000092
v -0.5700384 0.592587 -0.005001515
v -0.5700383 0.6725869 -0.00500121
v -0.5700386 0.6725867 0.07499879
v -0.5700387 0.5925865 0.07499849
v -0.4100384 0.5125866 -0.00500039
v -0.4100387 0.5125864 0.07499961
v -0.4100386 0.5925863 0.07499992
v -0.4100383 0.5925868 -0.005000077
v -0.4900384 0.5125868 -0.005000688
v -0.4900383 0.5925868 -0.005000375
v -0.4900386 0.5925865 0.07499962
v -0.4900387 0.5125864 0.07499931
v -0.4900384 0.7525866 -0.005000487
v -0.4900386 0.7525864 0.0749995
v -0.4900385 0.8325863 0.07499995
v -0.4900382 0.8325868 -0.005000055
v -0.5700384 0.7525868 -0.00500071
v -0.5700383 0.8325868 -0.005000278
v -0.5700384 0.8325865 0.07499971
v -0.5700387 0.7525864 0.0749993
v -0.4900384 0.8325865 -0.005000487
v -0.4900387 0.8325863 0.0749995
v -0.4900385 0.9125862 0.07499995
v -0.4900382 0.9125867 -0.00500004
v -0.5700384 0.8325868 -0.005000725
v -0.5700382 0.9125867 -0.005000278
v -0.5700384 0.9125865 0.07499971
v -0.5700387 0.8325863 0.07499927
v -0.5700384 0.6725867 -0.00500048
v -0.5700386 0.6725864 0.07499952
v -0.5700384 0.7525864 0.07499994
v -0.5700383 0.7525868 -0.005000062
v -0.6500384 0.6725869 -0.005000703
v -0.6500382 0.7525868 -0.005000286
v -0.6500385 0.7525866 0.07499971
v -0.6500386 0.6725864 0.0749993
v -0.4900384 0.9125865 -0.005000487
v -0.4900387 0.9125862 0.0749995
v -0.4900385 0.9925861 0.07499998
v -0.4900382 0.9925866 -0.005000025
v -0.5700384 0.9125867 -0.00500074
v -0.5700382 0.9925866 -0.005000278
v -0.5700385 0.9925864 0.07499971
v -0.5700387 0.9125862 0.07499927
v -0.5700384 0.5925865 -0.00500048
v -0.5700386 0.5925863 0.07499952
v -0.5700384 0.6725862 0.07499992
v -0.5700383 0.6725867 -0.005000077
v -0.6500384 0.5925868 -0.005000688
v -0.6500382 0.6725867 -0.005000286
v -0.6500385 0.6725864 0.07499971
v -0.6500386 0.5925863 0.07499931
v -0.4900383 0.5125866 -0.00500039
v -0.4900386 0.5125864 0.07499961
v -0.4900385 0.5925863 0.07499992
v -0.4900382 0.5925868 -0.00500007
v -0.5700383 0.5125868 -0.005000696
v -0.5700383 0.5925868 -0.005000375
v -0.5700386 0.5925865 0.07499962
v -0.5700387 0.5125864 0.0749993
v -0.5700384 0.5125866 -0.005000472
v -0.5700386 0.5125864 0.07499953
v -0.5700384 0.5925863 0.07499992
v -0.5700383 0.5925868 -0.005000077
v -0.6500384 0.5125868 -0.005000688
v -0.6500382 0.5925868 -0.005000293
v -0.6500385 0.5925865 0.07499971
v -0.6500386 0.5125864 0.07499931
v -0.4100384 0.4325867 -0.005000375
v -0.4100385 0.4325867 0.07499962
v -0.4100385 0.5125866 0.07499965
v -0.4100384 0.5125866 -0.005000345
v -0.4900385 0.4325867 -0.00500042
v -0.4900384 0.5125866 -0.00500039
v -0.4900385 0.5125866 0.07499961
v -0.4900385 0.4325867 0.07499958
v -0.4900384 0.4325867 -0.005000472
v -0.4900386 0.4325864 0.07499953
v -0.4900385 0.5125864 0.07499991
v -0.4900383 0.5125868 -0.005000092
v -0.5700384 0.4325869 -0.005000673
v -0.5700383 0.5125868 -0.005000293
v -0.5700384 0.5125866 0.07499971
v -0.5700386 0.4325864 0.07499932
v -0.1700384 0.4325867 -0.005000383
v -0.1700385 0.4325867 0.07499962
v -0.1700385 0.5125866 0.07499967
v -0.1700384 0.5125866 -0.005000331
v -0.2500384 0.4325867 -0.005000435
v -0.2500384 0.5125866 -0.005000383
v -0.2500385 0.5125866 0.07499962
v -0.2500385 0.4325867 0.07499956
v -0.2500384 0.3525865 -0.005000472
v -0.2500386 0.3525863 0.07499953
v -0.2500385 0.4325862 0.07499988
v -0.2500383 0.4325867 -0.005000122
v -0.3300385 0.3525867 -0.005000643
v -0.3300383 0.4325867 -0.005000293
v -0.3300385 0.4325864 0.07499971
v -0.3300386 0.3525863 0.07499935
v -0.3300384 0.2725866 0.07499959
v -0.3300385 0.3525865 0.0749997
v -0.3300385 0.3525867 -0.005000316
v -0.3300384 0.2725866 -0.00500042
v -0.4100384 0.2725863 0.07499955
v -0.4100384 0.2725866 -0.005000465
v -0.4100385 0.3525865 -0.005000353
v -0.4100386 0.3525865 0.07499965
v -0.4100385 0.3525865 -0.005000375
v -0.4100385 0.3525865 0.07499962
v -0.4100385 0.4325864 0.07499964
v -0.4100384 0.4325864 -0.00500036
v -0.4900385 0.3525865 -0.005000405
v -0.4900384 0.4325864 -0.00500039
v -0.4900385 0.4325864 0.07499961
v -0.4900385 0.3525865 0.07499959
v -0.4900384 0.3525865 -0.005000472
v -0.4900386 0.3525863 0.07499953
v -0.4900385 0.4325862 0.07499989
v -0.4900383 0.4325867 -0.005000107
v -0.5700384 0.3525867 -0.005000658
v -0.5700383 0.4325867 -0.005000293
v -0.5700384 0.4325864 0.07499971
v -0.5700386 0.3525863 0.07499934
v -0.1700385 0.3525865 -0.005000383
v -0.1700385 0.3525865 0.07499962
v -0.1700385 0.4325864 0.07499962
v -0.1700385 0.4325864 -0.005000368
v -0.2500384 0.3525865 -0.005000398
v -0.2500384 0.4325864 -0.005000383
v -0.2500385 0.4325864 0.07499962
v -0.2500385 0.3525865 0.07499959
v -0.3300384 0.3525865 -0.00500039
v -0.3300386 0.3525863 0.07499961
v -0.3300386 0.4325864 0.07499986
v -0.3300383 0.4325867 -0.005000137
v -0.4100384 0.3525865 -0.005000629
v -0.4100383 0.4325867 -0.005000375
v -0.4100386 0.4325864 0.07499962
v -0.4100386 0.3525863 0.07499937
v -0.3300384 0.4325864 -0.00500039
v -0.3300386 0.4325862 0.07499961
v -0.3300386 0.5125861 0.07499988
v -0.3300383 0.5125866 -0.005000122
v -0.4100384 0.4325867 -0.005000643
v -0.4100383 0.5125866 -0.005000375
v -0.4100386 0.5125864 0.07499962
v -0.4100386 0.4325862 0.07499935
v -0.01003847 0.3525865 -0.005000383
v -0.01003847 0.3525865 0.07499962
v -0.01003847 0.4325864 0.07499962
v -0.01003847 0.4325864 -0.005000383
v -0.09003846 0.3525865 -0.005000383
v -0.09003846 0.4325864 -0.005000383
v -0.09003846 0.4325864 0.07499962
v -0.09003846 0.3525865 0.07499962
v -0.09003846 0.3525865 -0.005000383
v -0.09003846 0.3525865 0.07499962
v -0.09003846 0.4325864 0.07499962
v -0.09003846 0.4325864 -0.005000383
v -0.1700385 0.3525865 -0.005000383
v -0.1700385 0.4325864 -0.005000383
v -0.1700385 0.4325864 0.07499962
v -0.1700385 0.3525865 0.07499962
v -0.2500384 0.4325867 -0.005000472
v -0.2500386 0.4325864 0.07499953
v -0.2500385 0.5125864 0.07499989
v -0.2500383 0.5125868 -0.005000107
v -0.3300384 0.4325869 -0.005000658
v -0.3300383 0.5125868 -0.005000293
v -0.3300385 0.5125866 0.07499971
v -0.3300386 0.4325864 0.07499934
v 0.7099617 0.5125866 -0.005000405
v 0.7099613 0.5125864 0.07499959
v 0.7099614 0.5925863 0.07499998
v 0.7099617 0.5925868 -0.00500001
v 0.06996164 0.5125875 -0.005003206
v 0.06996176 0.5925875 -0.005002804
v 0.0699614 0.5925872 0.07499718
v 0.06996134 0.5125871 0.07499679
v 0.06996155 0.3525865 -0.005000383
v 0.06996155 0.3525865 0.07499962
v 0.06996155 0.4325864 0.07499962
v 0.06996155 0.4325864 -0.005000383
v -0.01003847 0.3525865 -0.005000383
v -0.01003847 0.4325864 -0.005000383
v -0.01003847 0.4325864 0.07499962
v -0.01003847 0.3525865 0.07499962
v -0.09003845 0.4325867 -0.005000383
v -0.09003849 0.4325867 0.07499962
v -0.09003849 0.5125866 0.07499965
v -0.09003845 0.5125866 -0.005000345
v -0.1700384 0.4325867 -0.00500042
v -0.1700384 0.5125866 -0.005000383
v -0.1700385 0.5125866 0.07499962
v -0.1700385 0.4325867 0.07499958
v 0.3899616 0.6725864 -0.00500039
v 0.3899614 0.6725862 0.07499961
v 0.3899614 0.7525864 0.07499979
v 0.3899616 0.7525866 -0.005000211
v 0.3099616 0.6725864 -0.005000554
v 0.3099616 0.7525866 -0.005000375
v 0.3099614 0.7525864 0.07499962
v 0.3099614 0.6725862 0.07499944
v 0.1499617 0.4325867 -0.00500039
v 0.1499613 0.4325862 0.07499961
v 0.1499614 0.5125861 0.075
v 0.1499617 0.5125866 -0.005000003
v 0.0699617 0.4325867 -0.005000763
v 0.06996176 0.5125866 -0.005000375
v 0.06996138 0.5125861 0.07499962
v 0.06996132 0.4325862 0.07499924
v 0.3099616 0.3525865 -0.00500039
v 0.3099613 0.3525863 0.07499961
v 0.3099614 0.4325862 0.07499991
v 0.3099617 0.4325867 -0.005000092
v 0.2299616 0.3525867 -0.005000673
v 0.2299617 0.4325867 -0.005000375
v 0.2299614 0.4325864 0.07499962
v 0.2299613 0.3525863 0.07499932
v 0.2299616 0.4325864 -0.005000383
v 0.2299614 0.4325862 0.07499962
v 0.2299614 0.5125861 0.07499989
v 0.2299617 0.5125866 -0.005000107
v 0.1499617 0.4325867 -0.005000658
v 0.1499617 0.5125866 -0.005000383
v 0.1499614 0.5125864 0.07499962
v 0.1499614 0.4325862 0.07499934
v 0.5499617 0.6725864 -0.00500039
v 0.5499613 0.6725862 0.07499961
v 0.5499614 0.7525861 0.07499995
v 0.5499618 0.7525866 -0.00500004
v 0.4699617 0.6725867 -0.005000725
v 0.4699618 0.7525866 -0.005000375
v 0.4699614 0.7525864 0.07499962
v 0.4699614 0.6725862 0.07499927
v 0.6299617 0.6725867 -0.00500042
v 0.6299613 0.6725862 0.07499958
v 0.6299613 0.7525861 0.07500008
v 0.6299617 0.7525866 -0.004999913
v 0.5499617 0.6725867 -0.005000852
v 0.5499617 0.7525866 -0.005000345
v 0.5499613 0.7525861 0.07499965
v 0.5499612 0.6725862 0.07499915
v 0.7099618 0.5925868 -0.00500042
v 0.7099613 0.5925863 0.07499958
v 0.7099613 0.6725862 0.07500007
v 0.7099618 0.6725867 -0.004999928
v 0.6299617 0.5925868 -0.005000837
v 0.6299617 0.6725867 -0.005000345
v 0.6299614 0.6725862 0.07499965
v 0.6299613 0.5925863 0.07499916
v 0.4699617 0.4325867 -0.00500039
v 0.4699613 0.4325864 0.07499961
v 0.4699614 0.5125864 0.07499995
v 0.4699617 0.5125868 -0.005000055
v 0.3899617 0.4325869 -0.00500071
v 0.3899617 0.5125868 -0.005000375
v 0.3899614 0.5125866 0.07499962
v 0.3899613 0.4325864 0.0749993
v 0.7899617 0.4325864 -0.005000405
v 0.7899613 0.4325862 0.07499959
v 0.7899615 0.5125861 0.07499998
v 0.7899617 0.5125866 -0.005000025
v 0.7099617 0.4325867 -0.00500074
v 0.7099618 0.5125866 -0.00500036
v 0.7099614 0.5125864 0.07499964
v 0.7099613 0.4325862 0.07499927
v 0.6299617 0.3525867 -0.005000405
v 0.6299614 0.3525863 0.07499959
v 0.6299614 0.4325862 0.07499995
v 0.6299617 0.4325867 -0.005000055
v 0.5499617 0.3525867 -0.00500071
v 0.5499617 0.4325867 -0.00500036
v 0.5499614 0.4325862 0.07499964
v 0.5499614 0.3525863 0.0749993
v 0.5499617 0.4325867 -0.005000398
v 0.5499613 0.4325864 0.07499959
v 0.5499614 0.5125864 0.07499994
v 0.5499618 0.5125868 -0.005000062
v 0.4699617 0.4325869 -0.005000703
v 0.4699618 0.5125868 -0.005000368
v 0.4699614 0.5125866 0.07499962
v 0.4699614 0.4325864 0.0749993
v 0.8699616 0.4325867 -0.00500042
v 0.8699613 0.4325862 0.07499958
v 0.8699613 0.5125861 0.07500004
v 0.8699617 0.5125866 -0.004999958
v 0.7899617 0.4325867 -0.005000807
v 0.7899617 0.5125866 -0.005000345
v 0.7899613 0.5125861 0.07499965
v 0.7899613 0.4325862 0.07499919
v 0.6299616 0.4325864 -0.005000405
v 0.6299613 0.4325862 0.07499959
v 0.6299614 0.5125861 0.07499995
v 0.6299617 0.5125866 -0.005000055
v 0.5499616 0.4325867 -0.00500071
v 0.5499617 0.5125866 -0.00500036
v 0.5499613 0.5125864 0.07499964
v 0.5499613 0.4325862 0.0749993
v 0.7899617 0.5125868 -0.00500042
v 0.7899613 0.5125864 0.07499958
v 0.7899613 0.5925863 0.07500006
v 0.7899617 0.5925868 -0.004999943
v 0.7099617 0.5125868 -0.005000822
v 0.7099618 0.5925868 -0.005000345
v 0.7099613 0.5925863 0.07499965
v 0.7099613 0.5125864 0.07499918
v 0.8699616 0.3525867 -0.005000412
v 0.8699613 0.3525863 0.07499959
v 0.8699613 0.4325862 0.07500001
v 0.8699616 0.4325867 -0.004999988
v 0.7899617 0.3525867 -0.005000778
v 0.7899617 0.4325867 -0.005000353
v 0.7899613 0.4325862 0.07499965
v 0.7899613 0.3525863 0.07499922
v 0.5499614 0.2725866 0.07499962
v 0.5499614 0.3525865 0.07499968
v 0.5499616 0.3525865 -0.005000316
v 0.5499616 0.2725866 -0.00500039
v 0.4699615 0.2725866 0.07499955
v 0.4699616 0.2725866 -0.005000457
v 0.4699616 0.3525865 -0.00500039
v 0.4699615 0.3525865 0.07499962
v 0.4699617 0.3525865 -0.00500039
v 0.4699614 0.3525863 0.07499961
v 0.4699614 0.4325862 0.07499992
v 0.4699617 0.4325867 -0.00500007
v 0.3899616 0.3525867 -0.005000696
v 0.3899617 0.4325867 -0.005000375
v 0.3899614 0.4325864 0.07499962
v 0.3899613 0.3525863 0.0749993
v 0.7099617 0.4325864 -0.005000405
v 0.7099613 0.4325862 0.07499959
v 0.7099614 0.5125861 0.07499995
v 0.7099618 0.5125866 -0.00500004
v 0.6299616 0.4325867 -0.005000725
v 0.6299617 0.5125866 -0.00500036
v 0.6299614 0.5125864 0.07499964
v 0.6299614 0.4325862 0.07499927
v 0.7899617 0.3525867 -0.005000412
v 0.7899613 0.3525863 0.07499959
v 0.7899613 0.4325862 0.075
v 0.7899617 0.4325867 -0.005000003
v 0.7099617 0.3525867 -0.005000763
v 0.7099618 0.4325867 -0.005000353
v 0.7099614 0.4325862 0.07499965
v 0.7099613 0.3525863 0.07499924
v 0.4699615 0.2725866 0.07499962
v 0.4699615 0.3525865 0.07499968
v 0.4699616 0.3525865 -0.005000331
v 0.4699616 0.2725866 -0.00500039
v 0.3899615 0.2725866 0.07499956
v 0.3899616 0.2725866 -0.005000442
v 0.3899616 0.3525865 -0.00500039
v 0.3899615 0.3525865 0.07499962
v 0.3899615 0.2725866 0.07499962
v 0.3899615 0.3525865 0.07499967
v 0.3899615 0.3525865 -0.005000345
v 0.3899615 0.2725866 -0.00500039
v 0.3099615 0.2725866 0.07499958
v 0.3099615 0.2725866 -0.005000435
v 0.3099615 0.3525865 -0.00500039
v 0.3099615 0.3525865 0.07499962
v 0.3899616 0.3525865 -0.00500039
v 0.3899613 0.3525863 0.07499961
v 0.3899614 0.4325862 0.07499992
v 0.3899616 0.4325867 -0.005000077
v 0.3099616 0.3525867 -0.005000688
v 0.3099616 0.4325867 -0.005000375
v 0.3099613 0.4325864 0.07499962
v 0.3099613 0.3525863 0.07499931
v 0.3899616 0.4325867 -0.00500039
v 0.3899613 0.4325864 0.07499961
v 0.3899613 0.5125864 0.07499995
v 0.3899617 0.5125868 -0.00500004
v 0.3099616 0.4325869 -0.005000725
v 0.3099617 0.5125868 -0.005000375
v 0.3099613 0.5125866 0.07499962
v 0.3099613 0.4325864 0.07499927
v 0.9499618 0.3525867 -0.00500042
v 0.9499614 0.3525863 0.07499958
v 0.9499614 0.4325862 0.07500003
v 0.9499618 0.4325867 -0.004999973
v 0.8699617 0.3525867 -0.005000792
v 0.8699617 0.4325867 -0.005000345
v 0.8699614 0.4325862 0.07499965
v 0.8699614 0.3525863 0.07499921
v 0.7099617 0.3525867 -0.005000405
v 0.7099614 0.3525863 0.07499959
v 0.7099614 0.4325862 0.07499998
v 0.7099618 0.4325867 -0.005000025
v 0.6299617 0.3525867 -0.00500074
v 0.6299617 0.4325867 -0.00500036
v 0.6299614 0.4325862 0.07499964
v 0.6299614 0.3525863 0.07499927
v 0.5499617 0.3525865 -0.005000405
v 0.5499613 0.3525863 0.07499959
v 0.5499613 0.4325862 0.07499992
v 0.5499617 0.4325867 -0.00500007
v 0.4699617 0.3525867 -0.005000696
v 0.4699617 0.4325867 -0.00500036
v 0.4699614 0.4325864 0.07499964
v 0.4699614 0.3525863 0.0749993
v 0.1499617 0.3525865 -0.00500039
v 0.1499614 0.3525863 0.07499961
v 0.1499614 0.4325864 0.07499988
v 0.1499617 0.4325867 -0.005000122
v 0.06996164 0.3525865 -0.005000643
v 0.06996168 0.4325867 -0.005000375
v 0.06996143 0.4325864 0.07499962
v 0.0699614 0.3525863 0.07499935
v 0.3099616 0.4325867 -0.00500039
v 0.3099613 0.4325864 0.07499961
v 0.3099613 0.5125864 0.07499998
v 0.3099617 0.5125868 -0.005000025
v 0.2299617 0.4325869 -0.00500074
v 0.2299617 0.5125868 -0.005000375
v 0.2299614 0.5125866 0.07499962
v 0.2299613 0.4325864 0.07499927
v 0.06996155 0.4325864 -0.005000383
v 0.06996153 0.4325864 0.07499962
v 0.06996153 0.5125864 0.07499962
v 0.06996155 0.5125864 -0.005000368
v -0.01003845 0.4325864 -0.005000398
v -0.01003845 0.5125864 -0.005000383
v -0.01003847 0.5125864 0.07499962
v -0.01003847 0.4325864 0.07499959
v -0.01003847 0.4325867 -0.005000383
v -0.0100385 0.4325867 0.07499962
v -0.0100385 0.5125866 0.07499965
v -0.01003847 0.5125866 -0.005000353
v -0.09003846 0.4325867 -0.005000412
v -0.09003846 0.5125866 -0.005000383
v -0.09003849 0.5125866 0.07499962
v -0.09003849 0.4325867 0.07499959
v 0.2299616 0.3525865 -0.00500039
v 0.2299614 0.3525863 0.07499961
v 0.2299614 0.4325862 0.07499989
v 0.2299617 0.4325867 -0.005000107
v 0.1499616 0.3525867 -0.005000658
v 0.1499617 0.4325867 -0.005000375
v 0.1499614 0.4325864 0.07499962
v 0.1499614 0.3525863 0.07499934
v 0.06996164 0.2725866 -0.00500039
v 0.0699614 0.2725863 0.07499961
v 0.06996146 0.3525865 0.07499985
v 0.06996167 0.3525867 -0.005000152
v -0.01003838 0.2725866 -0.005000614
v -0.01003832 0.3525867 -0.005000375
v -0.01003855 0.3525865 0.07499962
v -0.01003858 0.2725863 0.07499938
v -0.01003847 0.2725866 0.07499958
v -0.01003855 0.3525865 0.07499973
v -0.0100385 0.3525867 -0.005000271
v -0.01003839 0.2725866 -0.005000427
v -0.09003846 0.2725863 0.0749995
v -0.09003839 0.2725866 -0.005000494
v -0.09003849 0.3525865 -0.005000345
v -0.09003855 0.3525865 0.07499965
v -0.09003845 0.2725866 0.07499958
v -0.09003855 0.3525865 0.07499971
v -0.09003849 0.3525867 -0.005000286
v -0.09003839 0.2725866 -0.005000427
v -0.1700384 0.2725863 0.07499952
v -0.1700384 0.2725866 -0.00500048
v -0.1700385 0.3525865 -0.005000345
v -0.1700386 0.3525865 0.07499965
v -0.1700384 0.2725866 0.07499958
v -0.1700385 0.3525865 0.07499971
v -0.1700385 0.3525867 -0.005000301
v -0.1700384 0.2725866 -0.005000427
v -0.2500384 0.2725863 0.07499953
v -0.2500384 0.2725866 -0.005000472
v -0.2500385 0.3525865 -0.005000345
v -0.2500385 0.3525865 0.07499965
v -0.3300384 0.5125866 -0.00500039
v -0.3300387 0.5125864 0.07499961
v -0.3300386 0.5925863 0.07499991
v -0.3300383 0.5925868 -0.005000092
v -0.4100384 0.5125868 -0.005000673
v -0.4100383 0.5925868 -0.005000375
v -0.4100386 0.5925865 0.07499962
v -0.4100387 0.5125864 0.07499932
v -0.2500384 0.2725866 -0.005000472
v -0.2500386 0.2725863 0.07499953
v -0.2500385 0.3525863 0.07499986
v -0.2500383 0.3525867 -0.005000137
v -0.3300385 0.2725868 -0.005000629
v -0.3300383 0.3525867 -0.005000293
v -0.3300385 0.3525865 0.07499971
v -0.3300386 0.2725863 0.07499937
v -0.4100384 0.2725866 -0.00500048
v -0.4100386 0.2725863 0.07499952
v -0.4100385 0.3525863 0.07499988
v -0.4100383 0.3525867 -0.005000122
v -0.4900385 0.2725868 -0.005000643
v -0.4900383 0.3525867 -0.005000286
v -0.4900385 0.3525865 0.07499971
v -0.4900386 0.2725863 0.07499935
v -0.4900384 0.2725866 -0.005000472
v -0.4900386 0.2725863 0.07499953
v -0.4900385 0.3525863 0.07499988
v -0.4900383 0.3525867 -0.005000122
v -0.5700384 0.2725868 -0.005000643
v -0.5700383 0.3525867 -0.005000293
v -0.5700384 0.3525865 0.07499971
v -0.5700386 0.2725863 0.07499935
v -0.5700384 0.2725866 -0.005000472
v -0.5700386 0.2725863 0.07499953
v -0.5700384 0.3525863 0.07499988
v -0.5700383 0.3525867 -0.005000122
v -0.6500384 0.2725868 -0.005000643
v -0.6500382 0.3525867 -0.005000293
v -0.6500385 0.3525865 0.07499971
v -0.6500386 0.2725863 0.07499935
v 0.1499616 0.2725866 -0.00500039
v 0.1499614 0.2725863 0.07499961
v 0.1499614 0.3525865 0.07499986
v 0.1499617 0.3525867 -0.005000137
v 0.06996164 0.2725866 -0.005000629
v 0.06996168 0.3525867 -0.005000375
v 0.06996144 0.3525865 0.07499962
v 0.0699614 0.2725863 0.07499937
v 0.6299616 0.2725866 -0.005000405
v 0.6299614 0.2725863 0.07499959
v 0.6299614 0.3525863 0.07499992
v 0.6299616 0.3525867 -0.005000077
v 0.5499616 0.2725868 -0.005000688
v 0.5499617 0.3525867 -0.00500036
v 0.5499613 0.3525865 0.07499964
v 0.5499613 0.2725863 0.07499931
v 0.7099617 0.1925864 -0.005000405
v 0.7099614 0.1925862 0.07499959
v 0.7099614 0.2725861 0.07499991
v 0.7099617 0.2725866 -0.005000092
v 0.6299616 0.1925867 -0.005000673
v 0.6299617 0.2725866 -0.00500036
v 0.6299614 0.2725863 0.07499964
v 0.6299614 0.1925862 0.07499932
v 0.2299615 0.1925869 -0.005000509
v 0.6299615 0.1925867 -0.00500036
v 0.6299616 0.2725866 -0.00500039
v 0.2299615 0.2725868 -0.005000539
v 0.2299615 0.1925869 0.07499952
v 0.2299615 0.2725868 0.07499949
v 0.6299616 0.2725866 0.07499962
v 0.6299615 0.1925867 0.07499965
v 0.3099615 0.2725866 0.07499962
v 0.3099615 0.3525865 0.07499965
v 0.3099615 0.3525865 -0.005000353
v 0.3099616 0.2725866 -0.005000375
v 0.2299615 0.2725866 0.07499959
v 0.2299615 0.2725866 -0.00500042
v 0.2299615 0.3525865 -0.00500039
v 0.2299615 0.3525865 0.07499961
v 0.2299615 0.2725866 0.07499962
v 0.2299615 0.3525865 0.07499968
v 0.2299615 0.3525865 -0.005000323
v 0.2299616 0.2725866 -0.005000383
v 0.1499615 0.2725866 0.07499956
v 0.1499616 0.2725866 -0.00500045
v 0.1499615 0.3525865 -0.00500039
v 0.1499615 0.3525865 0.07499962
v -0.3300384 0.1925867 -0.005000412
v -0.3300386 0.1925864 0.07499959
v -0.3300386 0.2725863 0.07499989
v -0.3300383 0.2725868 -0.005000107
v -0.4100384 0.1925869 -0.005000658
v -0.4100383 0.2725868 -0.005000353
v -0.4100386 0.2725866 0.07499965
v -0.4100386 0.1925864 0.07499934
v -0.4900384 0.1925864 -0.005000465
v -0.4900386 0.1925862 0.07499953
v -0.4900385 0.2725861 0.07499986
v -0.4900383 0.2725866 -0.005000129
v -0.5700384 0.1925867 -0.005000636
v -0.5700383 0.2725866 -0.005000301
v -0.5700384 0.2725863 0.0749997
v -0.5700386 0.1925862 0.07499935
v -0.4900384 0.1125865 -0.005000465
v -0.4900386 0.1125863 0.07499953
v -0.4900385 0.1925862 0.07499986
v -0.4900383 0.1925867 -0.005000144
v -0.5700384 0.1125867 -0.005000621
v -0.5700383 0.1925867 -0.005000301
v -0.5700384 0.1925864 0.0749997
v -0.5700386 0.1125863 0.07499938
v -0.4100384 0.1925864 -0.005000405
v -0.4100386 0.1925862 0.07499959
v -0.4100386 0.2725861 0.07499989
v -0.4100383 0.2725866 -0.005000107
v -0.4900384 0.1925867 -0.005000658
v -0.4900383 0.2725866 -0.00500036
v -0.4900385 0.2725863 0.07499964
v -0.4900386 0.1925862 0.07499934
v -0.4100384 0.1125865 -0.005000398
v -0.4100386 0.1125863 0.07499959
v -0.4100386 0.1925862 0.07499988
v -0.4100383 0.1925867 -0.005000122
v -0.4900384 0.1125867 -0.005000643
v -0.4900383 0.1925867 -0.005000368
v -0.4900386 0.1925864 0.07499962
v -0.4900386 0.1125863 0.07499935
v 0.2299616 0.1125865 -0.005000398
v 0.2299614 0.1125863 0.07499959
v 0.2299615 0.1925864 0.0749998
v 0.2299616 0.1925864 -0.005000196
v -0.4100384 0.1125867 -0.005001739
v -0.4100384 0.1925869 -0.005001538
v -0.4100385 0.1925867 0.07499846
v -0.4100386 0.1125867 0.07499825
v -0.01003841 0.1925867 0.07499956
v -0.01003855 0.2725866 0.07499968
v -0.01003854 0.2725868 -0.005000316
v -0.01003839 0.1925867 -0.005000442
v -0.3300384 0.1925859 0.07499952
v -0.3300384 0.1925862 -0.005000509
v -0.3300385 0.2725861 -0.00500039
v -0.3300385 0.2725861 0.07499965
v -0.4100384 0.03258657 -0.005000465
v -0.4100386 0.03258634 0.07499953
v -0.4100385 0.1125863 0.07499983
v -0.4100383 0.1125867 -0.005000159
v -0.4900385 0.03258681 -0.005000606
v -0.4900383 0.1125867 -0.005000301
v -0.4900385 0.1125865 0.0749997
v -0.4900386 0.03258634 0.07499938
v -0.3300384 0.03258657 -0.005000398
v -0.3300386 0.03258634 0.07499959
v -0.3300386 0.1125865 0.07499986
v -0.3300383 0.1125867 -0.005000129
v -0.4100384 0.03258657 -0.005000636
v -0.4100384 0.1125867 -0.005000368
v -0.4100386 0.1125865 0.07499962
v -0.4100386 0.03258634 0.07499935
v -0.4100385 -0.04741335 -0.005000465
v -0.4100386 -0.04741359 0.07499953
v -0.4100385 0.03258634 0.07499983
v -0.4100383 0.03258681 -0.005000174
v -0.4900385 -0.04741323 -0.005000591
v -0.4900383 0.03258681 -0.005000301
v -0.4900385 0.03258657 0.0749997
v -0.4900386 -0.04741347 0.07499941
v -0.4900384 -0.1274135 -0.00500045
v -0.4900385 -0.1274137 0.07499955
v -0.4900385 -0.04741371 0.07499982
v -0.4900383 -0.04741347 -0.005000181
v -0.5700384 -0.1274134 -0.005000584
v -0.5700383 -0.04741335 -0.005000316
v -0.5700384 -0.04741359 0.07499968
v -0.5700386 -0.1274136 0.07499941
v -0.4100384 -0.1274135 -0.005000465
v -0.4100386 -0.1274137 0.07499953
v -0.4100385 -0.04741371 0.07499982
v -0.4100384 -0.04741347 -0.005000181
v -0.4900385 -0.1274134 -0.005000584
v -0.4900383 -0.04741335 -0.005000301
v -0.4900385 -0.04741359 0.0749997
v -0.4900386 -0.1274136 0.07499941
v -0.3300385 -0.04741347 -0.005000465
v -0.3300386 -0.04741371 0.07499953
v -0.3300385 0.03258634 0.07499982
v -0.3300384 0.03258657 -0.005000181
v -0.4100385 -0.04741335 -0.005000584
v -0.4100384 0.03258657 -0.005000301
v -0.4100385 0.03258634 0.0749997
v -0.4100386 -0.04741359 0.07499941
v -0.2500384 0.03258657 -0.00500039
v -0.2500386 0.03258634 0.07499961
v -0.2500386 0.1125865 0.07499986
v -0.2500383 0.1125867 -0.005000137
v -0.3300384 0.03258657 -0.005000629
v -0.3300383 0.1125867 -0.005000375
v -0.3300386 0.1125865 0.07499962
v -0.3300386 0.03258634 0.07499937
v -0.1700384 0.03258657 -0.00500039
v -0.1700386 0.03258634 0.07499961
v -0.1700386 0.1125865 0.07499985
v -0.1700383 0.1125867 -0.005000152
v -0.2500384 0.03258657 -0.005000614
v -0.2500383 0.1125867 -0.005000375
v -0.2500386 0.1125865 0.07499962
v -0.2500386 0.03258634 0.07499938
v 0.1499616 -0.04741335 -0.005000383
v 0.1499615 -0.04741347 0.07499962
v 0.1499615 0.03258657 0.07499973
v 0.1499616 0.03258657 -0.005000271
v -0.3300384 -0.04741335 -0.005001053
v -0.3300384 0.03258657 -0.005000941
v -0.3300385 0.03258657 0.07499906
v -0.3300385 -0.04741347 0.07499894
v -0.3300385 -0.1274134 -0.005000465
v -0.3300386 -0.1274136 0.07499953
v -0.3300385 -0.04741359 0.07499983
v -0.3300384 -0.04741335 -0.005000174
v -0.4100385 -0.1274133 -0.005000591
v -0.4100384 -0.04741323 -0.005000301
v -0.4100385 -0.04741347 0.0749997
v -0.4100386 -0.1274135 0.07499941
v -0.2500384 -0.1274135 -0.005000398
v -0.2500386 -0.1274137 0.07499959
v -0.2500386 -0.04741371 0.07499983
v -0.2500383 -0.04741347 -0.005000159
v -0.3300384 -0.1274134 -0.005000606
v -0.3300383 -0.04741335 -0.005000368
v -0.3300385 -0.04741359 0.07499962
v -0.3300386 -0.1274136 0.07499938
v -0.09003837 0.03258657 -0.00500039
v -0.09003858 0.03258634 0.07499961
v -0.09003855 0.1125865 0.07499983
v -0.09003834 0.1125867 -0.005000167
v -0.1700384 0.03258657 -0.005000599
v -0.1700383 0.1125867 -0.005000375
v -0.1700386 0.1125865 0.07499962
v -0.1700386 0.03258634 0.0749994
v -0.1700384 -0.1274134 -0.00500039
v -0.1700385 -0.1274135 0.07499961
v -0.1700385 -0.04741347 0.07499976
v -0.1700384 -0.04741335 -0.005000241
v -0.2500384 -0.1274134 -0.005000524
v -0.2500384 -0.04741335 -0.005000375
v -0.2500385 -0.04741347 0.07499962
v -0.2500385 -0.1274135 0.07499947
v -0.01003839 0.03258657 -0.00500039
v -0.01003858 0.03258634 0.07499961
v -0.01003855 0.1125865 0.07499982
v -0.01003836 0.1125867 -0.005000181
v -0.09003839 0.03258657 -0.005000584
v -0.09003836 0.1125867 -0.005000375
v -0.09003855 0.1125865 0.07499962
v -0.09003858 0.03258634 0.07499941
v 0.06996162 0.1925864 -0.00500039
v 0.06996141 0.1925862 0.07499961
v 0.06996146 0.2725863 0.07499983
v 0.06996167 0.2725866 -0.005000167
v -0.01003838 0.1925864 -0.005000599
v -0.01003833 0.2725866 -0.005000375
v -0.01003854 0.2725863 0.07499962
v -0.01003858 0.1925862 0.0749994
v -0.0900384 -0.1274134 -0.005000383
v -0.09003855 -0.1274135 0.07499962
v -0.09003853 -0.04741347 0.07499976
v -0.09003839 -0.04741335 -0.005000241
v -0.1700384 -0.1274134 -0.005000524
v -0.1700384 -0.04741335 -0.005000383
v -0.1700385 -0.04741347 0.07499962
v -0.1700386 -0.1274135 0.07499947
v 0.06996162 0.03258657 -0.00500039
v 0.06996143 0.03258634 0.07499961
v 0.06996146 0.1125865 0.0749998
v 0.06996164 0.1125867 -0.005000196
v -0.01003838 0.03258657 -0.005000569
v -0.01003835 0.1125867 -0.005000375
v -0.01003854 0.1125865 0.07499962
v -0.01003855 0.03258634 0.07499943
v -0.01003842 -0.1274135 -0.005000383
v -0.01003854 -0.1274136 0.07499962
v -0.01003852 -0.04741359 0.07499974
v -0.01003841 -0.04741347 -0.005000256
v -0.09003842 -0.1274135 -0.005000509
v -0.0900384 -0.04741347 -0.005000383
v -0.09003852 -0.04741359 0.07499962
v -0.09003854 -0.1274136 0.07499949
v 0.06996155 -0.1274134 -0.005000383
v 0.0699615 -0.1274135 0.07499962
v 0.06996153 -0.04741347 0.07499965
v 0.06996158 -0.04741347 -0.005000345
v -0.01003845 -0.1274134 -0.00500042
v -0.01003842 -0.04741335 -0.005000383
v -0.01003847 -0.04741347 0.07499962
v -0.0100385 -0.1274134 0.07499958
v 0.1499616 0.03258657 -0.00500039
v 0.1499614 0.03258634 0.07499961
v 0.1499615 0.1125865 0.07499979
v 0.1499616 0.1125865 -0.005000211
v 0.06996161 0.03258657 -0.005000554
v 0.06996164 0.1125867 -0.005000375
v 0.06996147 0.1125865 0.07499962
v 0.06996144 0.03258657 0.07499944
v 0.2299616 0.03258657 -0.005000383
v 0.2299614 0.03258634 0.07499962
v 0.2299615 0.1125865 0.07499977
v 0.2299616 0.1125865 -0.005000226
v 0.1499616 0.03258657 -0.005000539
v 0.1499616 0.1125867 -0.005000383
v 0.1499615 0.1125865 0.07499962
v 0.1499614 0.03258657 0.07499946
v 0.3099615 0.1125865 -0.005000383
v 0.3099615 0.1125865 0.07499962
v 0.3099615 0.1925864 0.07499967
v 0.3099616 0.1925864 -0.005000331
v 0.2299615 0.1125865 -0.005000435
v 0.2299615 0.1925864 -0.005000383
v 0.2299615 0.1925864 0.07499962
v 0.2299615 0.1125865 0.07499956
v 0.2299616 -0.04741347 -0.00500039
v 0.2299614 -0.04741359 0.07499961
v 0.2299615 0.03258634 0.07499977
v 0.2299616 0.03258657 -0.005000226
v 0.1499616 -0.04741347 -0.005000539
v 0.1499616 0.03258657 -0.005000375
v 0.1499614 0.03258634 0.07499962
v 0.1499614 -0.04741359 0.07499946
v 0.1499616 -0.1274134 -0.005000383
v 0.1499615 -0.1274135 0.07499962
v 0.1499615 -0.04741347 0.07499971
v 0.1499616 -0.04741335 -0.005000286
v 0.06996159 -0.1274134 -0.00500048
v 0.06996159 -0.04741335 -0.005000383
v 0.06996149 -0.04741347 0.07499962
v 0.06996149 -0.1274135 0.07499952
v 0.2299616 -0.1274134 -0.005000383
v 0.2299615 -0.1274135 0.07499962
v 0.2299615 -0.04741347 0.0749997
v 0.2299616 -0.04741335 -0.005000301
v 0.1499616 -0.1274134 -0.005000465
v 0.1499616 -0.04741335 -0.005000383
v 0.1499615 -0.04741347 0.07499962
v 0.1499615 -0.1274135 0.07499953
v 0.3099616 0.03258657 -0.00500039
v 0.3099614 0.03258634 0.07499961
v 0.3099614 0.1125865 0.07499977
v 0.3099616 0.1125865 -0.005000226
v 0.2299616 0.03258657 -0.005000539
v 0.2299616 0.1125867 -0.005000375
v 0.2299615 0.1125865 0.07499962
v 0.2299614 0.03258657 0.07499946
v 0.3899615 0.1125865 -0.005000383
v 0.3899615 0.1125865 0.07499962
v 0.3899615 0.1925864 0.0749997
v 0.3899616 0.1925864 -0.005000301
v 0.3099615 0.1125865 -0.005000465
v 0.3099616 0.1925864 -0.005000383
v 0.3099615 0.1925864 0.07499962
v 0.3099614 0.1125865 0.07499953
v 0.3099616 -0.04741347 -0.005000383
v 0.3099614 -0.04741359 0.07499962
v 0.3099614 0.03258634 0.07499976
v 0.3099616 0.03258657 -0.005000241
v 0.2299616 -0.04741347 -0.005000524
v 0.2299616 0.03258657 -0.005000383
v 0.2299615 0.03258634 0.07499962
v 0.2299614 -0.04741359 0.07499947
v 0.4699616 0.1125865 -0.005000383
v 0.4699615 0.1125865 0.07499962
v 0.4699615 0.1925864 0.0749997
v 0.4699616 0.1925864 -0.005000301
v 0.3899616 0.1125865 -0.005000465
v 0.3899616 0.1925864 -0.005000383
v 0.3899615 0.1925864 0.07499962
v 0.3899615 0.1125865 0.07499953
v 0.3899616 0.03258657 -0.00500039
v 0.3899614 0.03258634 0.07499961
v 0.3899614 0.1125865 0.07499979
v 0.3899616 0.1125865 -0.005000211
v 0.3099616 0.03258657 -0.005000554
v 0.3099616 0.1125867 -0.005000375
v 0.3099614 0.1125865 0.07499962
v 0.3099614 0.03258657 0.07499944
v 0.4699616 0.03258657 -0.00500039
v 0.4699614 0.03258634 0.07499961
v 0.4699614 0.1125865 0.0749998
v 0.4699616 0.1125867 -0.005000196
v 0.3899616 0.03258657 -0.005000569
v 0.3899616 0.1125867 -0.005000375
v 0.3899615 0.1125865 0.07499962
v 0.3899615 0.03258634 0.07499943
v 0.5499616 0.1125865 -0.005000383
v 0.5499614 0.1125865 0.07499962
v 0.5499616 0.1925864 0.07499971
v 0.5499617 0.1925864 -0.005000286
v 0.4699616 0.1125865 -0.00500048
v 0.4699617 0.1925864 -0.005000383
v 0.4699616 0.1925864 0.07499962
v 0.4699615 0.1125865 0.07499952
v 0.6299616 0.1125865 -0.00500039
v 0.6299615 0.1125865 0.07499961
v 0.6299615 0.1925864 0.07499971
v 0.6299616 0.1925864 -0.005000278
v 0.5499616 0.1125865 -0.005000487
v 0.5499617 0.1925864 -0.005000375
v 0.5499616 0.1925864 0.07499962
v 0.5499614 0.1125865 0.0749995
v 0.5499616 0.03258657 -0.005000398
v 0.5499614 0.03258634 0.07499959
v 0.5499614 0.1125865 0.07499982
v 0.5499616 0.1125867 -0.005000181
v 0.4699616 0.03258657 -0.005000584
v 0.4699616 0.1125867 -0.005000368
v 0.4699614 0.1125865 0.07499962
v 0.4699614 0.03258634 0.07499941
v 0.7099615 0.1125865 -0.00500039
v 0.7099614 0.1125863 0.07499961
v 0.7099615 0.1925864 0.07499974
v 0.7099617 0.1925864 -0.005000263
v 0.6299616 0.1125865 -0.005000502
v 0.6299616 0.1925867 -0.005000375
v 0.6299615 0.1925864 0.07499962
v 0.6299615 0.1125865 0.0749995
v 0.6299616 0.03258657 -0.005000398
v 0.6299614 0.03258634 0.07499959
v 0.6299614 0.1125865 0.07499983
v 0.6299616 0.1125867 -0.005000174
v 0.5499616 0.03258657 -0.005000591
v 0.5499616 0.1125867 -0.005000368
v 0.5499614 0.1125865 0.07499962
v 0.5499613 0.03258634 0.07499941
v 0.7099615 0.03258657 -0.005000398
v 0.7099614 0.03258634 0.07499959
v 0.7099614 0.1125865 0.07499983
v 0.7099617 0.1125867 -0.005000159
v 0.6299616 0.03258657 -0.005000606
v 0.6299616 0.1125867 -0.005000368
v 0.6299614 0.1125865 0.07499962
v 0.6299614 0.03258634 0.07499938
v 0.7899616 0.1125865 -0.005000405
v 0.7899613 0.1125863 0.07499959
v 0.7899615 0.1925864 0.07499988
v 0.7899617 0.1925867 -0.005000122
v 0.7099617 0.1125865 -0.005000643
v 0.7099617 0.1925867 -0.00500036
v 0.7099614 0.1925864 0.07499964
v 0.7099614 0.1125863 0.07499935
v 0.7899616 0.03258657 -0.005000398
v 0.7899613 0.03258634 0.07499959
v 0.7899615 0.1125865 0.07499986
v 0.7899617 0.1125867 -0.005000144
v 0.7099617 0.03258657 -0.005000621
v 0.7099617 0.1125867 -0.005000368
v 0.7099614 0.1125865 0.07499962
v 0.7099614 0.03258634 0.07499938
v 0.8699616 0.03258657 -0.005000405
v 0.8699614 0.03258634 0.07499959
v 0.8699614 0.1125865 0.07499986
v 0.8699616 0.1125867 -0.005000137
v 0.7899616 0.03258657 -0.005000629
v 0.7899616 0.1125867 -0.00500036
v 0.7899615 0.1125865 0.07499964
v 0.7899613 0.03258634 0.07499937
v 0.3899615 -0.1274134 -0.005000383
v 0.3899615 -0.1274135 0.07499962
v 0.3899615 -0.04741347 0.07499973
v 0.3899616 -0.04741335 -0.005000271
v 0.3099615 -0.1274134 -0.005000494
v 0.3099616 -0.04741335 -0.005000383
v 0.3099614 -0.04741347 0.07499962
v 0.3099614 -0.1274135 0.0749995
v 0.4699616 -0.2074134 -0.005000383
v 0.4699615 -0.2074136 0.07499962
v 0.4699615 -0.1274135 0.07499971
v 0.4699616 -0.1274134 -0.005000286
v 0.3899616 -0.2074134 -0.00500048
v 0.3899616 -0.1274134 -0.005000383
v 0.3899615 -0.1274135 0.07499962
v 0.3899615 -0.2074136 0.07499952
v 0.3099616 -0.1274135 -0.00500039
v 0.3099614 -0.1274136 0.07499961
v 0.3099614 -0.04741359 0.07499976
v 0.3099616 -0.04741347 -0.005000241
v 0.2299616 -0.1274135 -0.005000524
v 0.2299616 -0.04741347 -0.005000375
v 0.2299615 -0.04741359 0.07499962
v 0.2299614 -0.1274136 0.07499947
v 0.3099615 -0.2074134 -0.005000383
v 0.3099615 -0.2074136 0.07499962
v 0.3099615 -0.1274135 0.07499968
v 0.3099615 -0.1274134 -0.005000316
v 0.2299615 -0.2074134 -0.00500045
v 0.2299615 -0.1274134 -0.005000383
v 0.2299615 -0.1274135 0.07499962
v 0.2299615 -0.2074136 0.07499955
v 0.3899615 -0.2074134 -0.00500039
v 0.3899615 -0.2074136 0.07499961
v 0.3899615 -0.1274135 0.07499974
v 0.3899616 -0.1274134 -0.005000263
v 0.3099615 -0.2074134 -0.005000502
v 0.3099616 -0.1274134 -0.005000375
v 0.3099614 -0.1274135 0.07499962
v 0.3099614 -0.2074136 0.0749995
v 0.2299616 -0.2074134 -0.005000375
v 0.2299614 -0.2074136 0.07499962
v 0.2299614 -0.1274135 0.07499977
v 0.2299616 -0.1274134 -0.005000226
v 0.1499616 -0.2074134 -0.005000539
v 0.1499616 -0.1274134 -0.00500039
v 0.1499614 -0.1274135 0.07499961
v 0.1499614 -0.2074136 0.07499946
v 0.1499616 -0.2074134 -0.005000375
v 0.1499615 -0.2074136 0.07499962
v 0.1499615 -0.1274135 0.07499976
v 0.1499616 -0.1274134 -0.005000241
v 0.06996162 -0.2074134 -0.005000524
v 0.06996162 -0.1274134 -0.00500039
v 0.06996146 -0.1274135 0.07499961
v 0.06996146 -0.2074136 0.07499947
v 0.06996159 -0.2074134 -0.005000398
v 0.06996143 -0.2074136 0.07499959
v 0.06996149 -0.1274136 0.0749998
v 0.06996165 -0.1274134 -0.005000196
v -0.01003841 -0.2074133 -0.005000569
v -0.01003835 -0.1274134 -0.005000368
v -0.01003851 -0.1274135 0.07499962
v -0.01003857 -0.2074136 0.07499943
v 0.3099616 -0.2874135 -0.005000375
v 0.3099614 -0.2874136 0.07499962
v 0.3099614 -0.2074136 0.07499976
v 0.3099616 -0.2074134 -0.005000241
v 0.2299616 -0.2874135 -0.005000524
v 0.2299616 -0.2074134 -0.00500039
v 0.2299614 -0.2074136 0.07499961
v 0.2299614 -0.2874136 0.07499947
v 0.3899615 -0.2874134 -0.005000383
v 0.3899615 -0.2874135 0.07499962
v 0.3899615 -0.2074134 0.07499967
v 0.3899615 -0.2074133 -0.005000331
v 0.3099615 -0.2874134 -0.005000435
v 0.3099615 -0.2074133 -0.005000383
v 0.3099615 -0.2074134 0.07499962
v 0.3099615 -0.2874135 0.07499956
v 0.4699616 -0.2874134 -0.005000383
v 0.4699615 -0.2874135 0.07499962
v 0.4699615 -0.2074134 0.0749997
v 0.4699616 -0.2074133 -0.005000301
v 0.3899616 -0.2874134 -0.005000465
v 0.3899616 -0.2074133 -0.005000383
v 0.3899615 -0.2074134 0.07499962
v 0.3899615 -0.2874135 0.07499953
v -0.01003842 -0.2074134 -0.005000383
v -0.01003852 -0.2074136 0.07499962
v -0.01003851 -0.1274135 0.07499973
v -0.01003841 -0.1274134 -0.005000271
v -0.09003842 -0.2074134 -0.005000494
v -0.0900384 -0.1274134 -0.005000383
v -0.09003851 -0.1274135 0.07499962
v -0.09003852 -0.2074136 0.0749995
v -0.09003843 -0.2074134 -0.005000383
v -0.09003852 -0.2074136 0.07499962
v -0.09003851 -0.1274135 0.07499971
v -0.09003841 -0.1274134 -0.005000286
v -0.1700384 -0.2074134 -0.00500048
v -0.1700384 -0.1274134 -0.005000383
v -0.1700385 -0.1274135 0.07499962
v -0.1700385 -0.2074136 0.07499952
v -0.4900384 -0.2074134 -0.00500045
v -0.4900385 -0.2074137 0.07499955
v -0.4900385 -0.1274136 0.0749998
v -0.4900383 -0.1274134 -0.005000196
v -0.5700384 -0.2074133 -0.005000569
v -0.5700383 -0.1274133 -0.005000316
v -0.5700384 -0.1274135 0.07499968
v -0.5700386 -0.2074136 0.07499943
v -0.4900384 -0.2874135 -0.005000435
v -0.4900385 -0.2874137 0.07499956
v -0.4900385 -0.2074137 0.0749998
v -0.4900383 -0.2074134 -0.005000196
v -0.5700384 -0.2874134 -0.005000569
v -0.5700383 -0.2074133 -0.005000331
v -0.5700384 -0.2074136 0.07499967
v -0.5700386 -0.2874136 0.07499943
v -0.4100384 -0.3674134 -0.005000435
v -0.4100386 -0.3674136 0.07499956
v -0.4100385 -0.2874136 0.07499979
v -0.4100384 -0.2874134 -0.005000211
v -0.4900385 -0.3674133 -0.005000554
v -0.4900384 -0.2874132 -0.005000331
v -0.4900385 -0.2874135 0.07499967
v -0.4900386 -0.3674135 0.07499944
v -0.4100384 -0.2874134 -0.005000383
v -0.4100385 -0.2874135 0.07499962
v -0.4100385 -0.2074134 0.0749997
v -0.4100384 -0.2074133 -0.005000301
v -0.4900384 -0.2874134 -0.005000465
v -0.4900384 -0.2074133 -0.005000383
v -0.4900385 -0.2074134 0.07499962
v -0.4900385 -0.2874135 0.07499953
v -0.4100384 -0.2074134 -0.00500039
v -0.4100385 -0.2074136 0.07499961
v -0.4100385 -0.1274135 0.07499974
v -0.4100384 -0.1274134 -0.005000249
v -0.4900384 -0.2074134 -0.005000517
v -0.4900384 -0.1274134 -0.005000375
v -0.4900385 -0.1274135 0.07499962
v -0.4900385 -0.2074136 0.07499947
v -0.4100384 -0.4474133 -0.00500042
v -0.4100386 -0.4474136 0.07499958
v -0.4100385 -0.3674135 0.07499979
v -0.4100384 -0.3674133 -0.005000211
v -0.4900384 -0.4474132 -0.005000554
v -0.4900384 -0.3674132 -0.005000345
v -0.4900385 -0.3674134 0.07499965
v -0.4900386 -0.4474134 0.07499944
v -0.3300384 -0.2074134 -0.00500039
v -0.3300385 -0.2074136 0.07499961
v -0.3300385 -0.1274135 0.07499974
v -0.3300384 -0.1274134 -0.005000263
v -0.4100384 -0.2074134 -0.005000502
v -0.4100384 -0.1274134 -0.005000375
v -0.4100385 -0.1274135 0.07499962
v -0.4100385 -0.2074136 0.0749995
v -0.3300384 -0.2874134 -0.00500039
v -0.3300385 -0.2874135 0.07499961
v -0.3300385 -0.2074134 0.07499971
v -0.3300384 -0.2074133 -0.005000293
v -0.4100384 -0.2874134 -0.005000472
v -0.4100384 -0.2074133 -0.005000375
v -0.4100385 -0.2074134 0.07499962
v -0.4100385 -0.2874135 0.07499953
v -0.3300384 -0.3674134 -0.005000375
v -0.3300385 -0.3674135 0.07499962
v -0.3300385 -0.2874135 0.0749997
v -0.3300384 -0.2874134 -0.005000301
v -0.4100384 -0.3674134 -0.005000465
v -0.4100384 -0.2874134 -0.00500039
v -0.4100385 -0.2874135 0.07499961
v -0.4100385 -0.3674135 0.07499953
v -0.3300384 -0.4474134 -0.005000405
v -0.3300386 -0.4474136 0.07499959
v -0.3300385 -0.3674136 0.07499976
v -0.3300384 -0.3674134 -0.005000241
v -0.4100384 -0.4474133 -0.005000524
v -0.4100384 -0.3674134 -0.00500036
v -0.4100385 -0.3674135 0.07499964
v -0.4100386 -0.4474136 0.07499947
v -0.2500384 -0.2074134 -0.005000398
v -0.2500386 -0.2074136 0.07499959
v -0.2500385 -0.1274136 0.07499982
v -0.2500384 -0.1274134 -0.005000181
v -0.3300384 -0.2074133 -0.005000584
v -0.3300383 -0.1274134 -0.005000368
v -0.3300385 -0.1274135 0.07499962
v -0.3300386 -0.2074136 0.07499941
v -0.2500384 -0.2874134 -0.005000398
v -0.2500386 -0.2874135 0.07499959
v -0.2500385 -0.2074136 0.07499979
v -0.2500384 -0.2074133 -0.005000211
v -0.3300384 -0.2874132 -0.005000554
v -0.3300384 -0.2074133 -0.005000368
v -0.3300385 -0.2074134 0.07499962
v -0.3300386 -0.2874135 0.07499944
v -0.2500384 -0.3674134 -0.005000398
v -0.2500386 -0.3674135 0.07499959
v -0.2500385 -0.2874136 0.07499977
v -0.2500384 -0.2874134 -0.005000226
v -0.3300384 -0.3674133 -0.005000539
v -0.3300384 -0.2874134 -0.005000368
v -0.3300385 -0.2874135 0.07499962
v -0.3300385 -0.3674135 0.07499946
v -0.1700385 -0.3674134 -0.005000383
v -0.1700385 -0.3674134 0.07499962
v -0.1700385 -0.2874135 0.07499962
v -0.1700384 -0.2874135 -0.005000368
v -0.2500384 -0.3674134 -0.005000398
v -0.2500384 -0.2874135 -0.005000383
v -0.2500384 -0.2874135 0.07499962
v -0.2500385 -0.3674134 0.07499959
v -0.09003843 -0.3674134 -0.005000398
v -0.09003855 -0.3674135 0.07499959
v -0.09003849 -0.2874136 0.07499974
v -0.09003838 -0.2874134 -0.005000256
v -0.1700384 -0.3674133 -0.005000509
v -0.1700384 -0.2874134 -0.005000368
v -0.1700385 -0.2874135 0.07499962
v -0.1700386 -0.3674135 0.07499949
v -0.01003845 -0.3674134 -0.005000398
v -0.01003855 -0.3674135 0.07499959
v -0.0100385 -0.2874135 0.07499973
v -0.01003839 -0.2874134 -0.005000271
v -0.09003845 -0.3674134 -0.005000494
v -0.09003839 -0.2874134 -0.005000368
v -0.09003849 -0.2874135 0.07499962
v -0.09003855 -0.3674135 0.0749995
v 0.06996159 -0.2874134 -0.005000375
v 0.06996149 -0.2874135 0.07499962
v 0.06996149 -0.2074134 0.07499971
v 0.06996159 -0.2074133 -0.005000293
v -0.01003841 -0.2874134 -0.005000472
v -0.01003841 -0.2074133 -0.00500039
v -0.01003851 -0.2074134 0.07499961
v -0.01003851 -0.2874135 0.07499953
v 0.1499616 -0.2874134 -0.005000375
v 0.1499615 -0.2874135 0.07499962
v 0.1499615 -0.2074134 0.07499971
v 0.1499616 -0.2074133 -0.005000278
v 0.06996159 -0.2874134 -0.005000487
v 0.06996159 -0.2074133 -0.00500039
v 0.06996149 -0.2074134 0.07499961
v 0.06996149 -0.2874135 0.0749995
v -0.01003842 -0.2874134 -0.005000398
v -0.01003858 -0.2874135 0.07499959
v -0.01003852 -0.2074136 0.07499979
v -0.01003838 -0.2074133 -0.005000211
v -0.09003842 -0.2874132 -0.005000554
v -0.09003837 -0.2074133 -0.005000368
v -0.09003852 -0.2074134 0.07499962
v -0.09003858 -0.2874135 0.07499944
v -0.09003845 -0.2874134 -0.005000383
v -0.0900385 -0.2874135 0.07499962
v -0.09003849 -0.2074134 0.07499967
v -0.09003843 -0.2074134 -0.005000331
v -0.1700384 -0.2874134 -0.005000435
v -0.1700384 -0.2074133 -0.005000383
v -0.1700385 -0.2074134 0.07499962
v -0.1700385 -0.2874134 0.07499956
v -0.1700385 -0.2874134 -0.005000383
v -0.1700385 -0.2874134 0.07499962
v -0.1700385 -0.2074134 0.07499965
v -0.1700384 -0.2074134 -0.005000353
v -0.2500384 -0.2874134 -0.005000412
v -0.2500384 -0.2074134 -0.005000383
v -0.2500385 -0.2074134 0.07499962
v -0.2500385 -0.2874134 0.07499959
v -0.1700384 -0.2074134 -0.005000383
v -0.1700385 -0.2074136 0.07499962
v -0.1700385 -0.1274135 0.0749997
v -0.1700384 -0.1274134 -0.005000301
v -0.2500384 -0.2074134 -0.005000465
v -0.2500384 -0.1274134 -0.005000383
v -0.2500385 -0.1274135 0.07499962
v -0.2500385 -0.2074136 0.07499953
v -0.1700384 -0.4474133 -0.005000398
v -0.1700385 -0.4474134 0.07499959
v -0.1700385 -0.3674134 0.07499973
v -0.1700384 -0.3674133 -0.005000271
v -0.2500384 -0.4474133 -0.005000494
v -0.2500384 -0.3674133 -0.005000368
v -0.2500385 -0.3674134 0.07499962
v -0.2500385 -0.4474134 0.0749995
v 0.2299616 -0.2874134 -0.005000375
v 0.2299615 -0.2874135 0.07499962
v 0.2299615 -0.2074134 0.07499974
v 0.2299616 -0.2074133 -0.005000249
v 0.1499616 -0.2874134 -0.005000517
v 0.1499616 -0.2074133 -0.00500039
v 0.1499614 -0.2074134 0.07499961
v 0.1499614 -0.2874135 0.07499947
v 0.2299615 -0.3674134 -0.005000375
v 0.2299615 -0.3674134 0.07499962
v 0.2299615 -0.2874135 0.07499965
v 0.2299615 -0.2874135 -0.005000345
v 0.1499616 -0.3674134 -0.00500042
v 0.1499616 -0.2874135 -0.00500039
v 0.1499615 -0.2874135 0.07499961
v 0.1499615 -0.3674134 0.07499958
v 0.1499616 -0.3674134 -0.005000375
v 0.1499615 -0.3674135 0.07499962
v 0.1499615 -0.2874135 0.07499967
v 0.1499616 -0.2874134 -0.005000331
v 0.06996158 -0.3674134 -0.005000435
v 0.06996158 -0.2874134 -0.00500039
v 0.06996152 -0.2874135 0.07499961
v 0.06996152 -0.3674135 0.07499956
v 0.06996158 -0.3674134 -0.005000375
v 0.0699615 -0.3674135 0.07499962
v 0.0699615 -0.2874135 0.07499968
v 0.06996158 -0.2874134 -0.005000316
v -0.01003842 -0.3674134 -0.00500045
v -0.01003842 -0.2874134 -0.00500039
v -0.0100385 -0.2874135 0.07499961
v -0.0100385 -0.3674135 0.07499955
v -0.01003847 -0.4474134 -0.005000398
v -0.01003854 -0.4474136 0.07499959
v -0.0100385 -0.3674135 0.07499971
v -0.01003841 -0.3674134 -0.005000286
v -0.09003846 -0.4474134 -0.00500048
v -0.0900384 -0.3674134 -0.005000368
v -0.09003849 -0.3674135 0.07499962
v -0.09003854 -0.4474136 0.07499952
v -0.09003846 -0.4474134 -0.005000383
v -0.09003848 -0.4474134 0.07499962
v -0.09003848 -0.3674135 0.07499962
v -0.09003846 -0.3674135 -0.005000368
v -0.1700385 -0.4474134 -0.005000398
v -0.1700385 -0.3674135 -0.005000383
v -0.1700385 -0.3674135 0.07499962
v -0.1700385 -0.4474134 0.07499959
v 0.06996158 -0.4474133 -0.005000383
v 0.0699615 -0.4474134 0.07499962
v 0.0699615 -0.3674134 0.07499968
v 0.06996158 -0.3674133 -0.005000316
v -0.01003842 -0.4474133 -0.00500045
v -0.01003842 -0.3674133 -0.005000383
v -0.0100385 -0.3674134 0.07499962
v -0.0100385 -0.4474134 0.07499955
v 0.3899615 -0.3674134 -0.005000383
v 0.3899615 -0.3674135 0.07499962
v 0.3899615 -0.2874135 0.07499965
v 0.3899615 -0.2874134 -0.005000345
v 0.3099615 -0.3674134 -0.00500042
v 0.3099615 -0.2874134 -0.005000383
v 0.3099615 -0.2874135 0.07499962
v 0.3099615 -0.3674135 0.07499958
v 0.3099615 -0.3674134 -0.005000375
v 0.3099615 -0.3674134 0.07499962
v 0.3099615 -0.2874135 0.07499964
v 0.3099615 -0.2874135 -0.00500036
v 0.2299615 -0.3674134 -0.005000405
v 0.2299615 -0.2874135 -0.00500039
v 0.2299615 -0.2874135 0.07499961
v 0.2299615 -0.3674134 0.07499959
v 0.3099615 -0.4474134 -0.005000383
v 0.3099615 -0.4474134 0.07499962
v 0.3099615 -0.3674135 0.07499962
v 0.3099615 -0.3674135 -0.005000368
v 0.2299615 -0.4474134 -0.005000398
v 0.2299615 -0.3674135 -0.005000383
v 0.2299615 -0.3674135 0.07499962
v 0.2299615 -0.4474134 0.07499959
v 0.2299615 -0.4474134 -0.005000375
v 0.2299615 -0.4474134 0.07499962
v 0.2299615 -0.3674135 0.07499962
v 0.2299615 -0.3674135 -0.005000375
v 0.1499615 -0.4474134 -0.00500039
v 0.1499615 -0.3674135 -0.00500039
v 0.1499615 -0.3674135 0.07499961
v 0.1499615 -0.4474134 0.07499961
v 0.1499616 -0.4474134 -0.005000375
v 0.1499615 -0.4474134 0.07499962
v 0.1499615 -0.3674135 0.07499964
v 0.1499616 -0.3674135 -0.00500036
v 0.06996155 -0.4474134 -0.005000405
v 0.06996155 -0.3674135 -0.00500039
v 0.06996152 -0.3674135 0.07499961
v 0.06996152 -0.4474134 0.07499959
v -0.2500384 -0.4474134 -0.005000398
v -0.2500386 -0.4474136 0.07499959
v -0.2500385 -0.3674136 0.07499976
v -0.2500384 -0.3674134 -0.005000241
v -0.3300384 -0.4474133 -0.005000524
v -0.3300384 -0.3674134 -0.005000368
v -0.3300385 -0.3674135 0.07499962
v -0.3300385 -0.4474136 0.07499947
v -0.09003845 -0.5274135 -0.005000398
v -0.09003854 -0.5274136 0.07499959
v -0.09003848 -0.4474136 0.07499971
v -0.0900384 -0.4474134 -0.005000286
v -0.1700384 -0.5274135 -0.00500048
v -0.1700384 -0.4474134 -0.005000368
v -0.1700385 -0.4474136 0.07499962
v -0.1700385 -0.5274136 0.07499952
v -0.01003847 -0.5274134 -0.005000398
v -0.01003854 -0.5274135 0.07499959
v -0.01003848 -0.4474134 0.0749997
v -0.01003841 -0.4474134 -0.005000301
v -0.09003846 -0.5274134 -0.005000465
v -0.0900384 -0.4474133 -0.005000368
v -0.09003848 -0.4474134 0.07499962
v -0.09003854 -0.5274134 0.07499953
v 0.06996155 -0.5274135 -0.005000383
v 0.06996155 -0.5274135 0.07499962
v 0.06996155 -0.4474136 0.07499962
v 0.06996155 -0.4474136 -0.005000383
v -0.01003847 -0.5274135 -0.005000383
v -0.01003847 -0.4474136 -0.005000383
v -0.01003847 -0.4474136 0.07499962
v -0.01003847 -0.5274135 0.07499962
v 0.1499616 -0.5274135 -0.005000383
v 0.1499615 -0.5274136 0.07499962
v 0.1499615 -0.4474136 0.07499967
v 0.1499616 -0.4474134 -0.005000331
v 0.06996158 -0.5274135 -0.005000435
v 0.06996158 -0.4474134 -0.005000383
v 0.06996152 -0.4474136 0.07499962
v 0.06996152 -0.5274136 0.07499956
v 0.1499616 -0.6074134 -0.005000375
v 0.1499615 -0.6074135 0.07499962
v 0.1499615 -0.5274135 0.07499968
v 0.1499616 -0.5274134 -0.005000316
v 0.06996158 -0.6074134 -0.00500045
v 0.06996158 -0.5274134 -0.00500039
v 0.06996152 -0.5274135 0.07499961
v 0.0699615 -0.6074135 0.07499955
v -0.0900384 -0.6074134 -0.005000412
v -0.09003855 -0.6074135 0.07499959
v -0.09003853 -0.5274136 0.0749998
v -0.09003837 -0.5274134 -0.005000196
v -0.1700384 -0.6074133 -0.005000569
v -0.1700384 -0.5274134 -0.005000353
v -0.1700385 -0.5274135 0.07499965
v -0.1700386 -0.6074135 0.07499943
v -0.1700384 -0.5274135 -0.005000398
v -0.1700385 -0.5274136 0.07499959
v -0.1700385 -0.4474136 0.07499973
v -0.1700384 -0.4474134 -0.005000271
v -0.2500384 -0.5274135 -0.005000494
v -0.2500384 -0.4474134 -0.005000368
v -0.2500385 -0.4474136 0.07499962
v -0.2500385 -0.5274136 0.0749995
v 0.2299615 -0.5274134 -0.005000383
v 0.2299615 -0.5274134 0.07499962
v 0.2299615 -0.4474134 0.07499962
v 0.2299615 -0.4474134 -0.005000383
v 0.1499615 -0.5274134 -0.005000383
v 0.1499615 -0.4474134 -0.005000383
v 0.1499615 -0.4474134 0.07499962
v 0.1499615 -0.5274134 0.07499962
v 0.2299615 -0.6074134 -0.005000375
v 0.2299615 -0.6074135 0.07499962
v 0.2299615 -0.5274135 0.07499967
v 0.2299615 -0.5274135 -0.005000331
v 0.1499616 -0.6074134 -0.005000435
v 0.1499616 -0.5274134 -0.00500039
v 0.1499615 -0.5274135 0.07499961
v 0.1499615 -0.6074134 0.07499956
v -0.1700384 -0.6074134 -0.005000412
v -0.1700385 -0.6074135 0.07499959
v -0.1700385 -0.5274136 0.07499977
v -0.1700384 -0.5274134 -0.005000226
v -0.2500384 -0.6074133 -0.005000539
v -0.2500384 -0.5274134 -0.005000353
v -0.2500385 -0.5274135 0.07499965
v -0.2500385 -0.6074135 0.07499946
v -0.2500385 -0.6074134 -0.00500042
v -0.2500385 -0.6074135 0.07499958
v -0.2500384 -0.5274135 0.07499968
v -0.2500384 -0.5274134 -0.005000316
v -0.3300385 -0.6074134 -0.00500045
v -0.3300384 -0.5274134 -0.005000345
v -0.3300385 -0.5274135 0.07499965
v -0.3300385 -0.6074135 0.07499955
v -0.3300385 -0.6074134 -0.00500042
v -0.3300385 -0.6074135 0.07499958
v -0.3300385 -0.5274135 0.07499968
v -0.3300384 -0.5274134 -0.005000316
v -0.4100385 -0.6074134 -0.00500045
v -0.4100384 -0.5274134 -0.005000345
v -0.4100385 -0.5274135 0.07499965
v -0.4100385 -0.6074135 0.07499955
v -0.1700384 -0.6874133 -0.005000412
v -0.1700385 -0.6874135 0.07499959
v -0.1700385 -0.6074135 0.07499976
v -0.1700384 -0.6074133 -0.005000241
v -0.2500384 -0.6874132 -0.005000524
v -0.2500384 -0.6074133 -0.005000353
v -0.2500385 -0.6074134 0.07499965
v -0.2500385 -0.6874135 0.07499947
v -0.01003847 -0.6074134 -0.005000398
v -0.01003851 -0.6074135 0.07499959
v -0.01003847 -0.5274135 0.07499967
v -0.01003842 -0.5274135 -0.005000331
v -0.09003847 -0.6074134 -0.005000435
v -0.09003842 -0.5274134 -0.005000368
v -0.09003846 -0.5274135 0.07499962
v -0.09003851 -0.6074134 0.07499956
v 0.06996158 -0.6874133 -0.00500042
v 0.06996146 -0.6874135 0.07499958
v 0.0699615 -0.6074135 0.07499976
v 0.06996162 -0.6074133 -0.005000241
v -0.01003842 -0.6874132 -0.005000524
v -0.01003838 -0.6074133 -0.005000345
v -0.0100385 -0.6074134 0.07499965
v -0.01003854 -0.6874135 0.07499947
v 0.06996155 -0.6074134 -0.005000383
v 0.06996152 -0.6074134 0.07499962
v 0.06996155 -0.5274135 0.07499962
v 0.06996155 -0.5274135 -0.005000368
v -0.01003847 -0.6074134 -0.005000398
v -0.01003844 -0.5274135 -0.005000383
v -0.01003847 -0.5274135 0.07499962
v -0.01003847 -0.6074134 0.07499959
v 0.1499616 -0.6874133 -0.00500042
v 0.1499614 -0.6874135 0.07499958
v 0.1499615 -0.6074135 0.07499977
v 0.1499616 -0.6074133 -0.005000226
v 0.06996158 -0.6874132 -0.005000539
v 0.06996162 -0.6074133 -0.005000345
v 0.0699615 -0.6074134 0.07499965
v 0.06996146 -0.6874135 0.07499946
v -0.3300385 -0.6874135 -0.005000375
v -0.3300385 -0.6874135 0.07499962
v -0.3300385 -0.6074135 0.07499964
v -0.3300385 -0.6074135 -0.00500036
v -0.4100385 -0.6874135 -0.005000405
v -0.4100385 -0.6074135 -0.00500039
v -0.4100385 -0.6074135 0.07499961
v -0.4100385 -0.6874135 0.07499959
v -0.4100385 -0.6874135 -0.005000412
v -0.4100385 -0.6874136 0.07499959
v -0.4100384 -0.6074135 0.07499967
v -0.4100384 -0.6074135 -0.005000331
v -0.4900385 -0.6874135 -0.005000435
v -0.4900384 -0.6074134 -0.005000353
v -0.4900385 -0.6074135 0.07499965
v -0.4900385 -0.6874135 0.07499956
v -0.2500384 -0.6874135 -0.005000412
v -0.2500385 -0.6874136 0.07499959
v -0.2500385 -0.6074135 0.07499974
v -0.2500384 -0.6074134 -0.005000256
v -0.3300384 -0.6874135 -0.005000509
v -0.3300384 -0.6074134 -0.005000353
v -0.3300385 -0.6074135 0.07499965
v -0.3300385 -0.6874136 0.07499949
v -0.01003848 -0.6874135 -0.005000398
v -0.01003851 -0.6874136 0.07499959
v -0.01003845 -0.6074135 0.07499965
v -0.01003842 -0.6074135 -0.005000345
v -0.09003848 -0.6874135 -0.00500042
v -0.09003842 -0.6074134 -0.005000368
v -0.09003845 -0.6074135 0.07499962
v -0.09003851 -0.6874135 0.07499958
v 0.3099615 -0.6874133 -0.005000375
v 0.3099615 -0.6874135 0.07499962
v 0.3099615 -0.6074134 0.07499967
v 0.3099615 -0.6074134 -0.005000331
v 0.2299615 -0.6874133 -0.005000435
v 0.2299615 -0.6074133 -0.00500039
v 0.2299615 -0.6074134 0.07499961
v 0.2299615 -0.6874133 0.07499956
v 0.2299615 -0.6874135 -0.005000375
v 0.2299615 -0.6874135 0.07499962
v 0.2299615 -0.6074135 0.07499965
v 0.2299615 -0.6074135 -0.005000345
v 0.1499615 -0.6874135 -0.00500042
v 0.1499616 -0.6074135 -0.00500039
v 0.1499615 -0.6074135 0.07499961
v 0.1499615 -0.6874135 0.07499958
v -0.09003848 -0.6874135 -0.005000398
v -0.09003849 -0.6874136 0.07499959
v -0.09003845 -0.6074135 0.07499965
v -0.09003843 -0.6074135 -0.005000353
v -0.1700385 -0.6874135 -0.005000412
v -0.1700384 -0.6074134 -0.005000368
v -0.1700384 -0.6074135 0.07499962
v -0.1700385 -0.6874135 0.07499959
v -0.01003847 -0.7674135 -0.005000375
v -0.01003848 -0.7674135 0.07499962
v -0.01003848 -0.6874136 0.07499962
v -0.01003847 -0.6874136 -0.005000375
v -0.09003846 -0.7674135 -0.00500039
v -0.09003846 -0.6874136 -0.00500039
v -0.09003848 -0.6874136 0.07499961
v -0.09003848 -0.7674135 0.07499961
v 0.06996156 -0.7674134 -0.005000412
v 0.0699615 -0.7674135 0.07499959
v 0.06996152 -0.6874135 0.0749997
v 0.06996158 -0.6874133 -0.005000301
v -0.01003844 -0.7674134 -0.005000465
v -0.01003842 -0.6874133 -0.005000353
v -0.01003848 -0.6874135 0.07499965
v -0.0100385 -0.7674135 0.07499953
v 0.1499616 -0.7674134 -0.005000412
v 0.1499615 -0.7674135 0.07499959
v 0.1499615 -0.6874135 0.07499968
v 0.1499616 -0.6874133 -0.005000316
v 0.06996155 -0.7674134 -0.00500045
v 0.06996158 -0.6874133 -0.005000353
v 0.06996152 -0.6874135 0.07499965
v 0.06996152 -0.7674135 0.07499955
v 0.2299615 -0.7674135 -0.005000412
v 0.2299615 -0.7674136 0.07499959
v 0.2299615 -0.6874136 0.07499967
v 0.2299615 -0.6874135 -0.005000331
v 0.1499615 -0.7674135 -0.005000435
v 0.1499616 -0.6874135 -0.005000353
v 0.1499615 -0.6874136 0.07499965
v 0.1499615 -0.7674136 0.07499956
v 0.3099615 -0.7674135 -0.005000375
v 0.3099615 -0.7674135 0.07499962
v 0.3099615 -0.6874136 0.07499964
v 0.3099615 -0.6874136 -0.00500036
v 0.2299615 -0.7674135 -0.005000405
v 0.2299615 -0.6874136 -0.00500039
v 0.2299615 -0.6874136 0.07499961
v 0.2299615 -0.7674135 0.07499959
v -0.1700385 -0.7674134 -0.00500039
v -0.1700385 -0.7674135 0.07499961
v -0.1700385 -0.6874135 0.07499964
v -0.1700384 -0.6874135 -0.00500036
v -0.2500385 -0.7674134 -0.005000405
v -0.2500384 -0.6874133 -0.005000375
v -0.2500384 -0.6874135 0.07499962
v -0.2500385 -0.7674134 0.07499959
v -0.2500384 -0.7674134 -0.00500039
v -0.2500385 -0.7674135 0.07499961
v -0.2500385 -0.6874135 0.07499967
v -0.2500384 -0.6874135 -0.005000331
v -0.3300385 -0.7674134 -0.005000435
v -0.3300384 -0.6874133 -0.005000375
v -0.3300385 -0.6874135 0.07499962
v -0.3300385 -0.7674134 0.07499956
v -0.3300385 -0.7674135 -0.005000383
v -0.3300385 -0.7674135 0.07499962
v -0.3300385 -0.6874136 0.07499962
v -0.3300385 -0.6874136 -0.005000368
v -0.4100385 -0.7674135 -0.005000398
v -0.4100385 -0.6874136 -0.005000383
v -0.4100385 -0.6874136 0.07499962
v -0.4100385 -0.7674135 0.07499959
v -0.4900385 -0.6874133 -0.005000405
v -0.4900385 -0.6874135 0.07499959
v -0.4900384 -0.6074134 0.07499967
v -0.4900384 -0.6074134 -0.005000331
v -0.5700384 -0.6874133 -0.005000435
v -0.5700384 -0.6074133 -0.00500036
v -0.5700384 -0.6074134 0.07499964
v -0.5700384 -0.6874133 0.07499956
v -0.5700384 -0.7674134 -0.00500039
v -0.5700384 -0.7674135 0.07499961
v -0.5700384 -0.6874135 0.07499965
v -0.5700384 -0.6874135 -0.005000345
v -0.6500384 -0.7674134 -0.00500042
v -0.6500384 -0.6874133 -0.005000375
v -0.6500384 -0.6874135 0.07499962
v -0.6500385 -0.7674134 0.07499958
v -0.6500384 -0.8474134 -0.005000383
v -0.6500384 -0.8474134 0.07499962
v -0.6500384 -0.7674135 0.07499962
v -0.6500384 -0.7674135 -0.005000383
v -0.7300384 -0.8474134 -0.005000383
v -0.7300384 -0.7674135 -0.005000383
v -0.7300384 -0.7674135 0.07499962
v -0.7300384 -0.8474134 0.07499962
v -0.5700384 -0.8474134 -0.005000375
v -0.5700384 -0.8474134 0.07499962
v -0.5700384 -0.7674135 0.07499962
v -0.5700384 -0.7674135 -0.005000375
v -0.6500384 -0.8474134 -0.00500039
v -0.6500384 -0.7674135 -0.00500039
v -0.6500384 -0.7674135 0.07499961
v -0.6500385 -0.8474134 0.07499961
v -0.4100384 -0.7674134 -0.005000383
v -0.4100385 -0.7674134 0.07499962
v -0.4100385 -0.6874135 0.07499965
v -0.4100384 -0.6874135 -0.005000353
v -0.4900385 -0.7674134 -0.005000412
v -0.4900385 -0.6874135 -0.005000383
v -0.4900385 -0.6874135 0.07499962
v -0.4900385 -0.7674134 0.07499959
v -0.4900384 -0.7674135 -0.005000383
v -0.4900385 -0.7674136 0.07499962
v -0.4900385 -0.6874136 0.07499965
v -0.4900384 -0.6874135 -0.005000345
v -0.5700384 -0.7674135 -0.00500042
v -0.5700384 -0.6874135 -0.005000383
v -0.5700384 -0.6874136 0.07499962
v -0.5700384 -0.7674136 0.07499958
v -0.6500385 -0.9274133 -0.005000383
v -0.6500385 -0.9274133 0.07499962
v -0.6500385 -0.8474134 0.07499962
v -0.6500385 -0.8474134 -0.005000383
v -0.7300385 -0.9274133 -0.005000383
v -0.7300385 -0.8474134 -0.005000383
v -0.7300385 -0.8474134 0.07499962
v -0.7300385 -0.9274133 0.07499962
v -0.4900385 -0.8474134 -0.005000383
v -0.4900385 -0.8474134 0.07499962
v -0.4900385 -0.7674135 0.07499962
v -0.4900385 -0.7674135 -0.005000383
v -0.5700384 -0.8474134 -0.005000383
v -0.5700384 -0.7674135 -0.005000383
v -0.5700384 -0.7674135 0.07499962
v -0.5700384 -0.8474134 0.07499962
v -0.5700384 -0.9274133 -0.005000383
v -0.5700384 -0.9274133 0.07499962
v -0.5700384 -0.8474134 0.07499962
v -0.5700384 -0.8474134 -0.005000383
v -0.6500384 -0.9274133 -0.005000383
v -0.6500384 -0.8474134 -0.005000383
v -0.6500384 -0.8474134 0.07499962
v -0.6500384 -0.9274133 0.07499962
v -0.4900385 -0.9274135 -0.00500039
v -0.4900385 -0.9274135 0.07499961
v -0.4900384 -0.8474135 0.07499962
v -0.4900384 -0.8474135 -0.005000375
v -0.5700384 -0.9274135 -0.00500039
v -0.5700384 -0.8474135 -0.005000375
v -0.5700384 -0.8474135 0.07499962
v -0.5700384 -0.9274135 0.07499961
v -0.4100385 -0.8474134 -0.005000383
v -0.4100385 -0.8474134 0.07499962
v -0.4100385 -0.7674135 0.07499962
v -0.4100385 -0.7674135 -0.005000383
v -0.4900385 -0.8474134 -0.005000383
v -0.4900385 -0.7674135 -0.005000383
v -0.4900385 -0.7674135 0.07499962
v -0.4900385 -0.8474134 0.07499962
v -0.4100385 -0.9274133 -0.005000383
v -0.4100385 -0.9274133 0.07499962
v -0.4100385 -0.8474134 0.07499962
v -0.4100385 -0.8474134 -0.005000383
v -0.4900385 -0.9274133 -0.005000383
v -0.4900385 -0.8474134 -0.005000383
v -0.4900385 -0.8474134 0.07499962
v -0.4900385 -0.9274133 0.07499962
v -0.3300385 -0.8474134 -0.005000383
v -0.3300385 -0.8474134 0.07499962
v -0.3300385 -0.7674135 0.07499962
v -0.3300385 -0.7674135 -0.005000368
v -0.4100385 -0.8474134 -0.005000398
v -0.4100385 -0.7674135 -0.005000383
v -0.4100385 -0.7674135 0.07499962
v -0.4100385 -0.8474134 0.07499959
v -0.09003843 -0.7674134 -0.005000412
v -0.09003851 -0.7674135 0.07499959
v -0.09003849 -0.6874135 0.07499971
v -0.09003843 -0.6874133 -0.005000286
v -0.1700384 -0.7674134 -0.00500048
v -0.1700384 -0.6874133 -0.005000353
v -0.1700385 -0.6874135 0.07499965
v -0.1700385 -0.7674135 0.07499952
v -0.1700385 -0.8474134 -0.005000398
v -0.1700385 -0.8474134 0.07499959
v -0.1700385 -0.7674135 0.07499962
v -0.1700385 -0.7674135 -0.005000368
v -0.2500384 -0.8474134 -0.005000398
v -0.2500384 -0.7674135 -0.005000368
v -0.2500384 -0.7674135 0.07499962
v -0.2500384 -0.8474134 0.07499959
v -0.2500385 -0.8474134 -0.00500039
v -0.2500385 -0.8474134 0.07499961
v -0.2500385 -0.7674135 0.07499962
v -0.2500385 -0.7674135 -0.005000375
v -0.3300385 -0.8474134 -0.00500039
v -0.3300385 -0.7674135 -0.005000375
v -0.3300385 -0.7674135 0.07499962
v -0.3300385 -0.8474134 0.07499961
v -0.3300385 -0.9274135 -0.005000383
v -0.3300385 -0.9274135 0.07499962
v -0.3300385 -0.8474135 0.07499962
v -0.3300385 -0.8474135 -0.005000383
v -0.4100385 -0.9274135 -0.005000383
v -0.4100385 -0.8474135 -0.005000383
v -0.4100385 -0.8474135 0.07499962
v -0.4100385 -0.9274135 0.07499962
v -0.09003846 -0.8474134 -0.005000412
v -0.09003846 -0.8474135 0.07499959
v -0.09003846 -0.7674135 0.07499965
v -0.09003846 -0.7674134 -0.005000353
v -0.1700385 -0.8474134 -0.005000412
v -0.1700385 -0.7674134 -0.005000353
v -0.1700385 -0.7674135 0.07499965
v -0.1700385 -0.8474135 0.07499959
v -0.09003848 -0.9274133 -0.00500039
v -0.09003848 -0.9274133 0.07499961
v -0.09003846 -0.8474134 0.07499962
v -0.09003846 -0.8474134 -0.005000375
v -0.1700385 -0.9274133 -0.00500039
v -0.1700385 -0.8474134 -0.005000375
v -0.1700385 -0.8474134 0.07499962
v -0.1700385 -0.9274133 0.07499961
v -0.1700385 -0.9274135 -0.00500039
v -0.1700385 -0.9274135 0.07499961
v -0.1700385 -0.8474135 0.07499962
v -0.1700385 -0.8474135 -0.005000375
v -0.2500384 -0.9274135 -0.00500039
v -0.2500384 -0.8474135 -0.005000375
v -0.2500384 -0.8474135 0.07499962
v -0.2500384 -0.9274135 0.07499961
v -0.2500385 -0.9274133 -0.005000405
v -0.2500385 -0.9274135 0.07499959
v -0.2500384 -0.8474134 0.07499964
v -0.2500384 -0.8474134 -0.00500036
v -0.3300385 -0.9274133 -0.005000405
v -0.3300384 -0.8474133 -0.00500036
v -0.3300384 -0.8474134 0.07499964
v -0.3300385 -0.9274133 0.07499959
v -0.01003847 -0.8474134 -0.00500042
v -0.01003847 -0.8474135 0.07499958
v -0.01003847 -0.7674135 0.07499965
v -0.01003847 -0.7674134 -0.005000345
v -0.09003846 -0.8474134 -0.00500042
v -0.09003846 -0.7674134 -0.005000345
v -0.09003846 -0.7674135 0.07499965
v -0.09003846 -0.8474135 0.07499958
v 0.06996155 -0.8474134 -0.005000383
v 0.06996155 -0.8474134 0.07499962
v 0.06996155 -0.7674135 0.07499962
v 0.06996155 -0.7674135 -0.005000383
v -0.01003847 -0.8474134 -0.005000383
v -0.01003847 -0.7674135 -0.005000383
v -0.01003847 -0.7674135 0.07499962
v -0.01003847 -0.8474134 0.07499962
v 0.06996155 -0.9274135 -0.005000383
v 0.06996155 -0.9274135 0.07499962
v 0.06996155 -0.8474135 0.07499962
v 0.06996155 -0.8474135 -0.005000383
v -0.01003847 -0.9274135 -0.005000383
v -0.01003847 -0.8474135 -0.005000383
v -0.01003847 -0.8474135 0.07499962
v -0.01003847 -0.9274135 0.07499962
v -0.01003847 -0.9274133 -0.005000383
v -0.01003847 -0.9274133 0.07499962
v -0.01003847 -0.8474134 0.07499962
v -0.01003847 -0.8474134 -0.005000383
v -0.09003846 -0.9274133 -0.005000383
v -0.09003846 -0.8474134 -0.005000383
v -0.09003846 -0.8474134 0.07499962
v -0.09003846 -0.9274133 0.07499962
v 0.1499616 -0.8474134 -0.00500042
v 0.1499615 -0.8474135 0.07499958
v 0.1499615 -0.7674135 0.07499968
v 0.1499616 -0.7674134 -0.005000316
v 0.06996155 -0.8474134 -0.00500045
v 0.06996155 -0.7674134 -0.005000345
v 0.06996152 -0.7674135 0.07499965
v 0.06996152 -0.8474135 0.07499955
v 0.2299615 -0.8474134 -0.00500042
v 0.2299615 -0.8474135 0.07499958
v 0.2299615 -0.7674135 0.07499967
v 0.2299615 -0.7674134 -0.005000331
v 0.1499615 -0.8474134 -0.005000435
v 0.1499615 -0.7674134 -0.005000345
v 0.1499615 -0.7674135 0.07499965
v 0.1499615 -0.8474135 0.07499956
v 0.3099615 -0.8474134 -0.005000375
v 0.3099615 -0.8474135 0.07499962
v 0.3099615 -0.7674135 0.07499964
v 0.3099615 -0.7674135 -0.00500036
v 0.2299615 -0.8474134 -0.005000405
v 0.2299615 -0.7674134 -0.00500039
v 0.2299615 -0.7674135 0.07499961
v 0.2299615 -0.8474134 0.07499959
v 0.2299615 -0.9274135 -0.005000383
v 0.2299615 -0.9274135 0.07499962
v 0.2299615 -0.8474135 0.07499962
v 0.2299615 -0.8474135 -0.005000383
v 0.1499615 -0.9274135 -0.005000383
v 0.1499615 -0.8474135 -0.005000383
v 0.1499615 -0.8474135 0.07499962
v 0.1499615 -0.9274135 0.07499962
v 0.1499615 -0.9274133 -0.005000383
v 0.1499615 -0.9274133 0.07499962
v 0.1499615 -0.8474134 0.07499962
v 0.1499615 -0.8474134 -0.005000383
v 0.06996155 -0.9274133 -0.005000383
v 0.06996155 -0.8474134 -0.005000383
v 0.06996155 -0.8474134 0.07499962
v 0.06996155 -0.9274133 0.07499962
v 0.3099615 -0.9274133 -0.005000383
v 0.3099615 -0.9274133 0.07499962
v 0.3099615 -0.8474134 0.07499962
v 0.3099615 -0.8474134 -0.005000368
v 0.2299615 -0.9274133 -0.005000398
v 0.2299615 -0.8474134 -0.005000383
v 0.2299615 -0.8474134 0.07499962
v 0.2299615 -0.9274133 0.07499959
v 0.7099617 0.7525868 -0.00500042
v 0.7099612 0.7525864 0.07499958
v 0.7099613 0.8325863 0.0750001
v 0.7099618 0.8325868 -0.004999898
v 0.6299617 0.7525868 -0.005000867
v 0.6299617 0.8325868 -0.005000345
v 0.6299613 0.8325863 0.07499965
v 0.6299613 0.7525864 0.07499913
v 0.1499615 0.1925864 -0.005000405
v 0.1499613 0.1925862 0.07499959
v 0.1499614 0.2725863 0.0749998
v 0.1499615 0.2725866 -0.005000196
v 0.0699615 0.1925864 -0.005000599
v 0.06996155 0.2725866 -0.00500039
v 0.06996134 0.2725863 0.07499961
v 0.06996131 0.1925862 0.0749994
v 0.2299615 0.1925864 -0.005000405
v 0.2299613 0.1925862 0.07499959
v 0.2299613 0.2725863 0.07499979
v 0.2299615 0.2725863 -0.005000211
v 0.1499615 0.1925864 -0.005000584
v 0.1499615 0.2725866 -0.00500039
v 0.1499613 0.2725863 0.07499961
v 0.1499613 0.1925864 0.07499941
vn 1 -1.651249E-07 1.748455E-07
vn -1 1.651249E-07 -1.748455E-07
vn -1.748455E-07 -1 -1.651249E-07
vn 1.748455E-07 1 1.651249E-07
vn 1.651249E-07 1.748456E-07 -1
vn -1.651249E-07 -1.748456E-07 1
vn 1 9.720679E-09 0
vn -1 -9.720679E-09 0
vn 0 -1 9.720679E-09
vn 0 1 -9.720679E-09
vn -9.720679E-09 0 -1
vn 9.720679E-09 0 1
vn 1 9.720679E-09 0
vn -1 -9.720679E-09 0
vn 0 -1 9.720679E-09
vn 0 1 -9.720679E-09
vn -9.720679E-09 0 -1
vn 9.720679E-09 0 1
vn 1 9.720679E-09 0
vn -1 -9.720679E-09 0
vn 0 -1 9.720679E-09
vn 0 1 -9.720679E-09
vn -9.720679E-09 0 -1
vn 9.720679E-09 0 1
vn 1 9.720679E-09 0
vn -1 -9.720679E-09 0
vn 0 -1 9.720679E-09
vn 0 1 -9.720679E-09
vn -9.720679E-09 0 -1
vn 9.720679E-09 0 1
vn 1 -1.651249E-07 -2.887135E-14
vn -1 1.651249E-07 2.887135E-14
vn -1.748456E-07 -1 -1.651249E-07
vn 1.748456E-07 1 1.651249E-07
vn -9.720679E-09 1.748456E-07 -1
vn 9.720679E-09 -1.748456E-07 1
vn 1 9.720679E-09 1.699618E-15
vn -1 -9.720679E-09 -1.699618E-15
vn 0 -1 -1.651249E-07
vn 0 1 1.651249E-07
vn -9.720679E-09 1.748456E-07 -1
vn 9.720679E-09 -1.748456E-07 1
vn 1 -5.14816E-07 -1.783269E-13
vn -1 5.14816E-07 1.783269E-13
vn -5.245366E-07 -1 -5.14816E-07
vn 5.245366E-07 1 5.14816E-07
vn -9.720588E-09 5.245366E-07 -1
vn 9.720588E-09 -5.245366E-07 1
vn 1 9.720679E-09 0
vn -1 -9.720679E-09 0
vn 0 -1 9.720679E-09
vn 0 1 -9.720679E-09
vn -9.720679E-09 0 -1
vn 9.720679E-09 0 1
vn 1 9.720679E-09 0
vn -1 -9.720679E-09 0
vn 0 -1 9.720679E-09
vn 0 1 -9.720679E-09
vn -9.720679E-09 0 -1
vn 9.720679E-09 0 1
vn 1 -1.651249E-07 -2.887135E-14
vn -1 1.651249E-07 2.887135E-14
vn -1.748456E-07 -1 -1.651249E-07
vn 1.748456E-07 1 1.651249E-07
vn -9.720679E-09 1.748456E-07 -1
vn 9.720679E-09 -1.748456E-07 1
vn 1 9.720679E-09 0
vn -1 -9.720679E-09 0
vn 0 -1 9.720679E-09
vn 0 1 -9.720679E-09
vn -9.720679E-09 0 -1
vn 9.720679E-09 0 1
vn 1 9.720679E-09 0
vn -1 -9.720679E-09 0
vn 0 -1 9.720679E-09
vn 0 1 -9.720679E-09
vn -9.720679E-09 0 -1
vn 9.720679E-09 0 1
vn 1 -3.399704E-07 3.496911E-07
vn -1 3.399704E-07 -3.496911E-07
vn -3.49691E-07 -1 -1.65125E-07
vn 3.49691E-07 1 1.65125E-07
vn 3.399705E-07 1.748455E-07 -1
vn -3.399705E-07 -1.748455E-07 1
vn 1 9.720679E-09 0
vn -1 -9.720679E-09 0
vn 0 -1 9.720679E-09
vn 0 1 -9.720679E-09
vn -9.720679E-09 0 -1
vn 9.720679E-09 0 1
vn 1 -1.651249E-07 1.748456E-07
vn -1 1.651249E-07 -1.748456E-07
vn -1.748456E-07 -1 9.720649E-09
vn 1.748456E-07 1 -9.720649E-09
vn 1.651249E-07 1.699618E-15 -1
vn -1.651249E-07 -1.699618E-15 1
vn 1 9.720679E-09 0
vn -1 -9.720679E-09 0
vn 0 -1 9.720679E-09
vn 0 1 -9.720679E-09
vn -9.720679E-09 0 -1
vn 9.720679E-09 0 1
vn 1 9.720679E-09 0
vn -1 -9.720679E-09 0
vn 0 -1 9.720679E-09
vn 0 1 -9.720679E-09
vn -9.720679E-09 0 -1
vn 9.720679E-09 0 1
vn 1 -1.651249E-07 1.748455E-07
vn -1 1.651249E-07 -1.748455E-07
vn -1.748455E-07 -1 -1.651249E-07
vn 1.748455E-07 1 1.651249E-07
vn 1.651249E-07 1.748456E-07 -1
vn -1.651249E-07 -1.748456E-07 1
vn 1 9.720679E-09 1.699618E-15
vn -1 -9.720679E-09 -1.699618E-15
vn 0 -1 -1.651249E-07
vn 0 1 1.651249E-07
vn -9.720679E-09 1.748456E-07 -1
vn 9.720679E-09 -1.748456E-07 1
vn 1 9.720679E-09 3.399235E-15
vn -1 -9.720679E-09 -3.399235E-15
vn 0 -1 -3.399704E-07
vn 0 1 3.399704E-07
vn -9.720679E-09 3.496911E-07 -1
vn 9.720679E-09 -3.496911E-07 1
vn 1 9.720679E-09 6.79847E-15
vn -1 -9.720679E-09 -6.79847E-15
vn 0 -1 -6.896615E-07
vn 0 1 6.896615E-07
vn -9.720679E-09 6.993822E-07 -1
vn 9.720679E-09 -6.993822E-07 1
vn 1 9.720679E-09 8.498088E-15
vn -1 -9.720679E-09 -8.498088E-15
vn 0 -1 -8.645071E-07
vn 0 1 8.645071E-07
vn -9.720679E-09 8.742278E-07 -1
vn 9.720679E-09 -8.742278E-07 1
vn 1 9.720679E-09 1.748456E-07
vn -1 -9.720679E-09 -1.748456E-07
vn 1.817262E-13 -1 -1.039353E-06
vn -1.817262E-13 1 1.039353E-06
vn 1.651249E-07 1.049073E-06 -1
vn -1.651249E-07 -1.049073E-06 1
vn 1 9.720649E-09 3.496911E-07
vn -1 -9.720649E-09 -3.496911E-07
vn 3.940234E-13 -1 -1.214198E-06
vn -3.940234E-13 1 1.214198E-06
vn 3.399704E-07 1.223919E-06 -1
vn -3.399704E-07 -1.223919E-06 1
vn 1 9.720679E-09 0
vn -1 -9.720679E-09 0
vn 0 -1 9.720679E-09
vn 0 1 -9.720679E-09
vn -9.720679E-09 0 -1
vn 9.720679E-09 0 1
vn 1 9.720679E-09 1.748456E-07
vn -1 -9.720679E-09 -1.748456E-07
vn -1.699618E-15 -1 9.720679E-09
vn 1.699618E-15 1 -9.720679E-09
vn 1.651249E-07 0 -1
vn -1.651249E-07 0 1
vn 1 -1.651249E-07 3.496911E-07
vn -1 1.651249E-07 -3.496911E-07
vn -1.748455E-07 -1 -1.651249E-07
vn 1.748455E-07 1 1.651249E-07
vn 3.399704E-07 1.748456E-07 -1
vn -3.399704E-07 -1.748456E-07 1
vn 1 -3.399705E-07 3.49691E-07
vn -1 3.399705E-07 -3.49691E-07
vn -3.49691E-07 -1 -5.148161E-07
vn 3.49691E-07 1 5.148161E-07
vn 3.399705E-07 5.245366E-07 -1
vn -3.399705E-07 -5.245366E-07 1
vn 1 -1.651249E-07 3.496911E-07
vn -1 1.651249E-07 -3.496911E-07
vn -1.748452E-07 -1 -1.039353E-06
vn 1.748452E-07 1 1.039353E-06
vn 3.399706E-07 1.049073E-06 -1
vn -3.399706E-07 -1.049073E-06 1
vn 1 -1.651249E-07 5.245366E-07
vn -1 1.651249E-07 -5.245366E-07
vn -1.74845E-07 -1 -1.214198E-06
vn 1.74845E-07 1 1.214198E-06
vn 5.148162E-07 1.223919E-06 -1
vn -5.148162E-07 -1.223919E-06 1
vn 1 -1.65125E-07 6.993822E-07
vn -1 1.65125E-07 -6.993822E-07
vn -1.748447E-07 -1 -1.389044E-06
vn 1.748447E-07 1 1.389044E-06
vn 6.896617E-07 1.398764E-06 -1
vn -6.896617E-07 -1.398764E-06 1
vn 1 -1.651252E-07 8.742277E-07
vn -1 1.651252E-07 -8.742277E-07
vn -1.748445E-07 -1 -1.56389E-06
vn 1.748445E-07 1 1.56389E-06
vn 8.645072E-07 1.57361E-06 -1
vn -8.645072E-07 -1.57361E-06 1
vn 1 -3.399705E-07 1.748455E-07
vn -1 3.399705E-07 -1.748455E-07
vn -3.496911E-07 -1 -3.399705E-07
vn 3.496911E-07 1 3.399705E-07
vn 1.651249E-07 3.496911E-07 -1
vn -1.651249E-07 -3.496911E-07 1
vn 1 -3.399705E-07 5.245365E-07
vn -1 3.399705E-07 -5.245365E-07
vn -3.496909E-07 -1 -6.896617E-07
vn 3.496909E-07 1 6.896617E-07
vn 5.14816E-07 6.993822E-07 -1
vn -5.14816E-07 -6.993822E-07 1
vn 1 9.720679E-09 1.748456E-07
vn -1 -9.720679E-09 -1.748456E-07
vn 2.887135E-14 -1 -1.651249E-07
vn -2.887135E-14 1 1.651249E-07
vn 1.651249E-07 1.748456E-07 -1
vn -1.651249E-07 -1.748456E-07 1
vn 1 9.720649E-09 3.496911E-07
vn -1 -9.720649E-09 -3.496911E-07
vn 8.831367E-14 -1 -3.399704E-07
vn -8.831367E-14 1 3.399704E-07
vn 3.399704E-07 3.496911E-07 -1
vn -3.399704E-07 -3.496911E-07 1
vn 1 9.720588E-09 5.245366E-07
vn -1 -9.720588E-09 -5.245366E-07
vn 1.783269E-13 -1 -5.14816E-07
vn -1.783269E-13 1 5.14816E-07
vn 5.14816E-07 5.245366E-07 -1
vn -5.14816E-07 -5.245366E-07 1
vn 1 -5.148162E-07 3.496908E-07
vn -1 5.148162E-07 -3.496908E-07
vn -5.245365E-07 -1 -8.645072E-07
vn 5.245365E-07 1 8.645072E-07
vn 3.399706E-07 8.742277E-07 -1
vn -3.399706E-07 -8.742277E-07 1
vn 1 -5.148162E-07 3.496907E-07
vn -1 5.148162E-07 -3.496907E-07
vn -5.245366E-07 -1 -1.039353E-06
vn 5.245366E-07 1 1.039353E-06
vn 3.399706E-07 1.049073E-06 -1
vn -3.399706E-07 -1.049073E-06 1
vn 1 9.720649E-09 3.496911E-07
vn -1 -9.720649E-09 -3.496911E-07
vn 2.717173E-14 -1 -1.651249E-07
vn -2.717173E-14 1 1.651249E-07
vn 3.399704E-07 1.748456E-07 -1
vn -3.399704E-07 -1.748456E-07 1
vn 1 -3.39971E-07 1.223919E-06
vn -1 3.39971E-07 -1.223919E-06
vn -3.496894E-07 -1 -1.913581E-06
vn 3.496894E-07 1 1.913581E-06
vn 1.214199E-06 1.923301E-06 -1
vn -1.214199E-06 -1.923301E-06 1
vn 1 -3.399713E-07 1.398764E-06
vn -1 3.399713E-07 -1.398764E-06
vn -3.49689E-07 -1 -2.088426E-06
vn 3.49689E-07 1 2.088426E-06
vn 1.389044E-06 2.098147E-06 -1
vn -1.389044E-06 -2.098147E-06 1
vn 1 -5.148161E-07 1.748454E-07
vn -1 5.148161E-07 -1.748454E-07
vn -5.245366E-07 -1 -5.14816E-07
vn 5.245366E-07 1 5.14816E-07
vn 1.65125E-07 5.245366E-07 -1
vn -1.65125E-07 -5.245366E-07 1
vn 1 -6.896616E-07 3.496908E-07
vn -1 6.896616E-07 -3.496908E-07
vn -6.993821E-07 -1 -6.896616E-07
vn 6.993821E-07 1 6.896616E-07
vn 3.399706E-07 6.993821E-07 -1
vn -3.399706E-07 -6.993821E-07 1
vn 1 -5.14817E-07 1.398764E-06
vn -1 5.14817E-07 -1.398764E-06
vn -5.245345E-07 -1 -2.263272E-06
vn 5.245345E-07 1 2.263272E-06
vn 1.389044E-06 2.272992E-06 -1
vn -1.389044E-06 -2.272992E-06 1
vn 1 -5.148173E-07 1.573609E-06
vn -1 5.148173E-07 -1.573609E-06
vn -5.245341E-07 -1 -2.438117E-06
vn 5.245341E-07 1 2.438117E-06
vn 1.56389E-06 2.447837E-06 -1
vn -1.56389E-06 -2.447837E-06 1
vn 1 -1.65125E-07 5.245366E-07
vn -1 1.65125E-07 -5.245366E-07
vn -1.748455E-07 -1 -3.399705E-07
vn 1.748455E-07 1 3.399705E-07
vn 5.14816E-07 3.496911E-07 -1
vn -5.14816E-07 -3.496911E-07 1
vn 1 -1.651251E-07 6.993821E-07
vn -1 1.651251E-07 -6.993821E-07
vn -1.748454E-07 -1 -5.148161E-07
vn 1.748454E-07 1 5.148161E-07
vn 6.896615E-07 5.245367E-07 -1
vn -6.896615E-07 -5.245367E-07 1
vn 1 -5.148163E-07 3.496906E-07
vn -1 5.148163E-07 -3.496906E-07
vn -5.245366E-07 -1 -1.214198E-06
vn 5.245366E-07 1 1.214198E-06
vn 3.399706E-07 1.223919E-06 -1
vn -3.399706E-07 -1.223919E-06 1
vn 1 -5.148164E-07 3.496905E-07
vn -1 5.148164E-07 -3.496905E-07
vn -5.245366E-07 -1 -1.389044E-06
vn 5.245366E-07 1 1.389044E-06
vn 3.399706E-07 1.398764E-06 -1
vn -3.399706E-07 -1.398764E-06 1
vn 1 -3.399715E-07 1.57361E-06
vn -1 3.399715E-07 -1.57361E-06
vn -3.496886E-07 -1 -2.263272E-06
vn 3.496886E-07 1 2.263272E-06
vn 1.56389E-06 2.272992E-06 -1
vn -1.56389E-06 -2.272992E-06 1
vn 1 -3.39972E-07 1.9233E-06
vn -1 3.39972E-07 -1.9233E-06
vn -3.496877E-07 -1 -2.612963E-06
vn 3.496877E-07 1 2.612963E-06
vn 1.913581E-06 2.622683E-06 -1
vn -1.913581E-06 -2.622683E-06 1
vn 1 -6.896617E-07 5.245362E-07
vn -1 6.896617E-07 -5.245362E-07
vn -6.993819E-07 -1 -8.645073E-07
vn 6.993819E-07 1 8.645073E-07
vn 5.148161E-07 8.742277E-07 -1
vn -5.148161E-07 -8.742277E-07 1
vn 1 -1.651251E-07 6.993821E-07
vn -1 1.651251E-07 -6.993821E-07
vn -1.748454E-07 -1 -5.148161E-07
vn 1.748454E-07 1 5.148161E-07
vn 6.896615E-07 5.245367E-07 -1
vn -6.896615E-07 -5.245367E-07 1
vn 1 -1.651252E-07 8.742276E-07
vn -1 1.651252E-07 -8.742276E-07
vn -1.748453E-07 -1 -6.896617E-07
vn 1.748453E-07 1 6.896617E-07
vn 8.645071E-07 6.993823E-07 -1
vn -8.645071E-07 -6.993823E-07 1
vn 1 -1.651249E-07 1.748455E-07
vn -1 1.651249E-07 -1.748455E-07
vn -1.748455E-07 -1 -1.651249E-07
vn 1.748455E-07 1 1.651249E-07
vn 1.651249E-07 1.748456E-07 -1
vn -1.651249E-07 -1.748456E-07 1
vn 1 9.720679E-09 0
vn -1 -9.720679E-09 0
vn 0 -1 9.720679E-09
vn 0 1 -9.720679E-09
vn -9.720679E-09 0 -1
vn 9.720679E-09 0 1
vn 1 9.720496E-09 6.993822E-07
vn -1 -9.720496E-09 -6.993822E-07
vn 2.989112E-13 -1 -6.896615E-07
vn -2.989112E-13 1 6.896615E-07
vn 6.896615E-07 6.993822E-07 -1
vn -6.896615E-07 -6.993822E-07 1
vn 1 9.720679E-09 0
vn -1 -9.720679E-09 0
vn 0 -1 9.720679E-09
vn 0 1 -9.720679E-09
vn -9.720679E-09 0 -1
vn 9.720679E-09 0 1
vn 1 -6.896619E-07 8.742271E-07
vn -1 6.896619E-07 -8.742271E-07
vn -6.993815E-07 -1 -1.214199E-06
vn 6.993815E-07 1 1.214199E-06
vn 8.645072E-07 1.223919E-06 -1
vn -8.645072E-07 -1.223919E-06 1
vn 1 -6.89662E-07 1.049072E-06
vn -1 6.89662E-07 -1.049072E-06
vn -6.993812E-07 -1 -1.389044E-06
vn 6.993812E-07 1 1.389044E-06
vn 1.039353E-06 1.398764E-06 -1
vn -1.039353E-06 -1.398764E-06 1
vn 1 -6.896622E-07 1.223918E-06
vn -1 6.896622E-07 -1.223918E-06
vn -6.99381E-07 -1 -1.56389E-06
vn 6.99381E-07 1 1.56389E-06
vn 1.214198E-06 1.57361E-06 -1
vn -1.214198E-06 -1.57361E-06 1
vn 1 9.720679E-09 1.748456E-07
vn -1 -9.720679E-09 -1.748456E-07
vn 2.887135E-14 -1 -1.651249E-07
vn -2.887135E-14 1 1.651249E-07
vn 1.651249E-07 1.748456E-07 -1
vn -1.651249E-07 -1.748456E-07 1
vn 1 9.720679E-09 1.748456E-07
vn -1 -9.720679E-09 -1.748456E-07
vn -1.699618E-15 -1 9.720679E-09
vn 1.699618E-15 1 -9.720679E-09
vn 1.651249E-07 0 -1
vn -1.651249E-07 0 1
vn 1 9.720649E-09 3.496911E-07
vn -1 -9.720649E-09 -3.496911E-07
vn 2.717173E-14 -1 -1.651249E-07
vn -2.717173E-14 1 1.651249E-07
vn 3.399704E-07 1.748456E-07 -1
vn -3.399704E-07 -1.748456E-07 1
vn 1 9.720374E-09 8.742278E-07
vn -1 -9.720374E-09 -8.742278E-07
vn 4.500664E-13 -1 -8.645071E-07
vn -4.500664E-13 1 8.645071E-07
vn 8.645071E-07 8.742278E-07 -1
vn -8.645071E-07 -8.742278E-07 1
vn 1 -6.89662E-07 1.049072E-06
vn -1 6.89662E-07 -1.049072E-06
vn -6.993812E-07 -1 -1.389044E-06
vn 6.993812E-07 1 1.389044E-06
vn 1.039353E-06 1.398764E-06 -1
vn -1.039353E-06 -1.398764E-06 1
vn 1 -3.399705E-07 5.245365E-07
vn -1 3.399705E-07 -5.245365E-07
vn -3.496909E-07 -1 -5.148162E-07
vn 3.496909E-07 1 5.148162E-07
vn 5.14816E-07 5.245366E-07 -1
vn -5.14816E-07 -5.245366E-07 1
vn 1 -6.896622E-07 1.223918E-06
vn -1 6.896622E-07 -1.223918E-06
vn -6.99381E-07 -1 -1.56389E-06
vn 6.99381E-07 1 1.56389E-06
vn 1.214198E-06 1.57361E-06 -1
vn -1.214198E-06 -1.57361E-06 1
vn 1 -6.896627E-07 1.573609E-06
vn -1 6.896627E-07 -1.573609E-06
vn -6.993803E-07 -1 -1.913581E-06
vn 6.993803E-07 1 1.913581E-06
vn 1.563889E-06 1.923301E-06 -1
vn -1.563889E-06 -1.923301E-06 1
vn 1 -6.896629E-07 1.573609E-06
vn -1 6.896629E-07 -1.573609E-06
vn -6.993803E-07 -1 -2.088427E-06
vn 6.993803E-07 1 2.088427E-06
vn 1.563889E-06 2.098147E-06 -1
vn -1.563889E-06 -2.098147E-06 1
vn 1 -1.039355E-06 1.573608E-06
vn -1 1.039355E-06 -1.573608E-06
vn -1.049071E-06 -1 -2.612963E-06
vn 1.049071E-06 1 2.612963E-06
vn 1.56389E-06 2.622682E-06 -1
vn -1.56389E-06 -2.622682E-06 1
vn 1 9.720588E-09 5.245366E-07
vn -1 -9.720588E-09 -5.245366E-07
vn 1.783269E-13 -1 -5.14816E-07
vn -1.783269E-13 1 5.14816E-07
vn 5.14816E-07 5.245366E-07 -1
vn -5.14816E-07 -5.245366E-07 1
vn 1 9.720649E-09 3.496911E-07
vn -1 -9.720649E-09 -3.496911E-07
vn 2.717173E-14 -1 -1.651249E-07
vn -2.717173E-14 1 1.651249E-07
vn 3.399704E-07 1.748456E-07 -1
vn -3.399704E-07 -1.748456E-07 1
vn 1 9.720588E-09 5.245366E-07
vn -1 -9.720588E-09 -5.245366E-07
vn 8.661405E-14 -1 -3.399704E-07
vn -8.661405E-14 1 3.399704E-07
vn 5.14816E-07 3.496911E-07 -1
vn -5.14816E-07 -3.496911E-07 1
vn 1 9.720496E-09 6.993822E-07
vn -1 -9.720496E-09 -6.993822E-07
vn 1.766273E-13 -1 -5.14816E-07
vn -1.766273E-13 1 5.14816E-07
vn 6.896615E-07 5.245367E-07 -1
vn -6.896615E-07 -5.245367E-07 1
vn 1 9.720374E-09 8.742277E-07
vn -1 -9.720374E-09 -8.742277E-07
vn 2.972116E-13 -1 -6.896616E-07
vn -2.972116E-13 1 6.896616E-07
vn 8.64507E-07 6.993823E-07 -1
vn -8.64507E-07 -6.993823E-07 1
vn 1 -6.896622E-07 1.223918E-06
vn -1 6.896622E-07 -1.223918E-06
vn -6.99381E-07 -1 -1.56389E-06
vn 6.99381E-07 1 1.56389E-06
vn 1.214198E-06 1.57361E-06 -1
vn -1.214198E-06 -1.57361E-06 1
vn 1 -6.896624E-07 1.398763E-06
vn -1 6.896624E-07 -1.398763E-06
vn -6.993807E-07 -1 -1.738736E-06
vn 6.993807E-07 1 1.738736E-06
vn 1.389044E-06 1.748455E-06 -1
vn -1.389044E-06 -1.748455E-06 1
vn 1 -1.651249E-07 1.748455E-07
vn -1 1.651249E-07 -1.748455E-07
vn -1.748455E-07 -1 -1.651249E-07
vn 1.748455E-07 1 1.651249E-07
vn 1.651249E-07 1.748456E-07 -1
vn -1.651249E-07 -1.748456E-07 1
vn 1 -6.896629E-07 1.748454E-06
vn -1 6.896629E-07 -1.748454E-06
vn -6.993799E-07 -1 -2.088427E-06
vn 6.993799E-07 1 2.088427E-06
vn 1.738735E-06 2.098146E-06 -1
vn -1.738735E-06 -2.098146E-06 1
vn 1 -1.651253E-07 1.049073E-06
vn -1 1.651253E-07 -1.049073E-06
vn -1.748451E-07 -1 -8.645072E-07
vn 1.748451E-07 1 8.645072E-07
vn 1.039353E-06 8.742276E-07 -1
vn -1.039353E-06 -8.742276E-07 1
vn 1 -1.214201E-06 1.573608E-06
vn -1 1.214201E-06 -1.573608E-06
vn -1.223917E-06 -1 -2.787809E-06
vn 1.223917E-06 1 2.787809E-06
vn 1.56389E-06 2.797528E-06 -1
vn -1.56389E-06 -2.797528E-06 1
vn 1 -1.214201E-06 1.573608E-06
vn -1 1.214201E-06 -1.573608E-06
vn -1.223917E-06 -1 -2.962654E-06
vn 1.223917E-06 1 2.962654E-06
vn 1.56389E-06 2.972373E-06 -1
vn -1.56389E-06 -2.972373E-06 1
vn 1 -1.651255E-07 1.049073E-06
vn -1 1.651255E-07 -1.049073E-06
vn -1.748451E-07 -1 -1.039353E-06
vn 1.748451E-07 1 1.039353E-06
vn 1.039353E-06 1.049073E-06 -1
vn -1.039353E-06 -1.049073E-06 1
vn 1 -1.651257E-07 1.049073E-06
vn -1 1.651257E-07 -1.049073E-06
vn -1.748451E-07 -1 -1.214198E-06
vn 1.748451E-07 1 1.214198E-06
vn 1.039353E-06 1.223919E-06 -1
vn -1.039353E-06 -1.223919E-06 1
vn 1 -6.896632E-07 1.9233E-06
vn -1 6.896632E-07 -1.9233E-06
vn -6.993795E-07 -1 -2.263273E-06
vn 6.993795E-07 1 2.263273E-06
vn 1.91358E-06 2.272992E-06 -1
vn -1.91358E-06 -2.272992E-06 1
vn 1 -1.651249E-07 3.49691E-07
vn -1 1.651249E-07 -3.49691E-07
vn -1.748455E-07 -1 -3.399705E-07
vn 1.748455E-07 1 3.399705E-07
vn 3.399704E-07 3.496911E-07 -1
vn -3.399704E-07 -3.496911E-07 1
vn 1 -1.651251E-07 6.993821E-07
vn -1 1.651251E-07 -6.993821E-07
vn -1.748453E-07 -1 -6.896616E-07
vn 1.748453E-07 1 6.896616E-07
vn 6.896615E-07 6.993822E-07 -1
vn -6.896615E-07 -6.993822E-07 1
vn 1 -1.651253E-07 1.049073E-06
vn -1 1.651253E-07 -1.049073E-06
vn -1.748449E-07 -1 -1.039353E-06
vn 1.748449E-07 1 1.039353E-06
vn 1.039353E-06 1.049073E-06 -1
vn -1.039353E-06 -1.049073E-06 1
vn 1 -1.651255E-07 1.223919E-06
vn -1 1.651255E-07 -1.223919E-06
vn -1.748447E-07 -1 -1.214198E-06
vn 1.748447E-07 1 1.214198E-06
vn 1.214198E-06 1.223919E-06 -1
vn -1.214198E-06 -1.223919E-06 1
vn 1 -1.651257E-07 1.398764E-06
vn -1 1.651257E-07 -1.398764E-06
vn -1.748445E-07 -1 -1.389044E-06
vn 1.748445E-07 1 1.389044E-06
vn 1.389044E-06 1.398764E-06 -1
vn -1.389044E-06 -1.398764E-06 1
vn 1 -6.896635E-07 2.098145E-06
vn -1 6.896635E-07 -2.098145E-06
vn -6.993791E-07 -1 -2.438118E-06
vn 6.993791E-07 1 2.438118E-06
vn 2.088426E-06 2.447837E-06 -1
vn -2.088426E-06 -2.447837E-06 1
vn 1 -6.896632E-07 1.9233E-06
vn -1 6.896632E-07 -1.9233E-06
vn -6.993795E-07 -1 -2.263273E-06
vn 6.993795E-07 1 2.263273E-06
vn 1.91358E-06 2.272992E-06 -1
vn -1.91358E-06 -2.272992E-06 1
vn 1 9.720037E-09 1.223919E-06
vn -1 -9.720037E-09 -1.223919E-06
vn 6.30093E-13 -1 -1.039353E-06
vn -6.30093E-13 1 1.039353E-06
vn 1.214198E-06 1.049073E-06 -1
vn -1.214198E-06 -1.049073E-06 1
vn 1 9.719823E-09 1.398764E-06
vn -1 -9.719823E-09 -1.398764E-06
vn 8.423903E-13 -1 -1.214198E-06
vn -8.423903E-13 1 1.214198E-06
vn 1.389044E-06 1.223919E-06 -1
vn -1.389044E-06 -1.223919E-06 1
vn 1 9.719304E-09 1.748456E-06
vn -1 -9.719304E-09 -1.748456E-06
vn 1.358698E-12 -1 -1.563889E-06
vn -1.358698E-12 1 1.563889E-06
vn 1.738735E-06 1.57361E-06 -1
vn -1.738735E-06 -1.57361E-06 1
vn 1 9.718998E-09 1.923301E-06
vn -1 -9.718998E-09 -1.923301E-06
vn 1.662708E-12 -1 -1.738735E-06
vn -1.662708E-12 1 1.738735E-06
vn 1.91358E-06 1.748456E-06 -1
vn -1.91358E-06 -1.748456E-06 1
vn 1 9.718998E-09 1.923301E-06
vn -1 -9.718998E-09 -1.923301E-06
vn 1.662708E-12 -1 -1.738735E-06
vn -1.662708E-12 1 1.738735E-06
vn 1.91358E-06 1.748456E-06 -1
vn -1.91358E-06 -1.748456E-06 1
vn 1 9.718661E-09 2.098147E-06
vn -1 -9.718661E-09 -2.098147E-06
vn 1.997289E-12 -1 -1.91358E-06
vn -1.997289E-12 1 1.91358E-06
vn 2.088426E-06 1.923301E-06 -1
vn -2.088426E-06 -1.923301E-06 1
vn 1 9.720496E-09 6.993822E-07
vn -1 -9.720496E-09 -6.993822E-07
vn 2.989112E-13 -1 -6.896615E-07
vn -2.989112E-13 1 6.896615E-07
vn 6.896615E-07 6.993822E-07 -1
vn -6.896615E-07 -6.993822E-07 1
vn 1 9.720374E-09 8.742278E-07
vn -1 -9.720374E-09 -8.742278E-07
vn 4.500664E-13 -1 -8.645071E-07
vn -4.500664E-13 1 8.645071E-07
vn 8.645071E-07 8.742278E-07 -1
vn -8.645071E-07 -8.742278E-07 1
vn 1 -1.65126E-07 1.398764E-06
vn -1 1.65126E-07 -1.398764E-06
vn -1.748445E-07 -1 -1.56389E-06
vn 1.748445E-07 1 1.56389E-06
vn 1.389044E-06 1.57361E-06 -1
vn -1.389044E-06 -1.57361E-06 1
vn 1 -1.651265E-07 1.748455E-06
vn -1 1.651265E-07 -1.748455E-06
vn -1.748438E-07 -1 -1.913581E-06
vn 1.748438E-07 1 1.913581E-06
vn 1.738735E-06 1.923301E-06 -1
vn -1.738735E-06 -1.923301E-06 1
vn 1 -1.651268E-07 1.923301E-06
vn -1 1.651268E-07 -1.923301E-06
vn -1.748435E-07 -1 -2.088426E-06
vn 1.748435E-07 1 2.088426E-06
vn 1.913581E-06 2.098147E-06 -1
vn -1.913581E-06 -2.098147E-06 1
vn 1 9.720221E-09 1.049073E-06
vn -1 -9.720221E-09 -1.049073E-06
vn 6.317927E-13 -1 -1.039353E-06
vn -6.317927E-13 1 1.039353E-06
vn 1.039353E-06 1.049073E-06 -1
vn -1.039353E-06 -1.049073E-06 1
vn 1 -1.651253E-07 1.049073E-06
vn -1 1.651253E-07 -1.049073E-06
vn -1.748449E-07 -1 -1.039353E-06
vn 1.748449E-07 1 1.039353E-06
vn 1.039353E-06 1.049073E-06 -1
vn -1.039353E-06 -1.049073E-06 1
vn 1 -1.651255E-07 1.223919E-06
vn -1 1.651255E-07 -1.223919E-06
vn -1.748447E-07 -1 -1.214198E-06
vn 1.748447E-07 1 1.214198E-06
vn 1.214198E-06 1.223919E-06 -1
vn -1.214198E-06 -1.223919E-06 1
vn 1 -1.651257E-07 1.398764E-06
vn -1 1.651257E-07 -1.398764E-06
vn -1.748445E-07 -1 -1.389044E-06
vn 1.748445E-07 1 1.389044E-06
vn 1.389044E-06 1.398764E-06 -1
vn -1.389044E-06 -1.398764E-06 1
vn 1 -1.651263E-07 1.748456E-06
vn -1 1.651263E-07 -1.748456E-06
vn -1.748439E-07 -1 -1.738735E-06
vn 1.748439E-07 1 1.738735E-06
vn 1.738735E-06 1.748455E-06 -1
vn -1.738735E-06 -1.748455E-06 1
vn 1 9.720037E-09 1.223919E-06
vn -1 -9.720037E-09 -1.223919E-06
vn 8.440899E-13 -1 -1.214198E-06
vn -8.440899E-13 1 1.214198E-06
vn 1.214198E-06 1.223919E-06 -1
vn -1.214198E-06 -1.223919E-06 1
vn 1 9.719823E-09 1.398765E-06
vn -1 2.728779E-07 -1.026235E-06
vn 4.65673E-08 -1 -1.443856E-06
vn -7.761032E-08 1 6.813356E-07
vn 1.397144E-06 1.398765E-06 -1
vn -1.397144E-06 -1.398765E-06 1
vn 1 -1.65126E-07 1.57361E-06
vn -1 1.65126E-07 -1.57361E-06
vn -1.748442E-07 -1 -1.56389E-06
vn 1.748442E-07 1 1.56389E-06
vn 1.563889E-06 1.57361E-06 -1
vn -1.563889E-06 -1.57361E-06 1
vn 1 -1.651263E-07 1.748455E-06
vn -1 1.651263E-07 -1.748455E-06
vn -1.748439E-07 -1 -1.738735E-06
vn 1.748439E-07 1 1.738735E-06
vn 1.738735E-06 1.748456E-06 -1
vn -1.738735E-06 -1.748456E-06 1
vn 1 -1.651266E-07 1.748455E-06
vn -1 1.651266E-07 -1.748455E-06
vn -1.748439E-07 -1 -1.913581E-06
vn 1.748439E-07 1 1.913581E-06
vn 1.738735E-06 1.923301E-06 -1
vn -1.738735E-06 -1.923301E-06 1
vn 1 -6.896639E-07 2.272991E-06
vn -1 6.896639E-07 -2.272991E-06
vn -6.993786E-07 -1 -2.612964E-06
vn 6.993786E-07 1 2.612964E-06
vn 2.263272E-06 2.622683E-06 -1
vn -2.263272E-06 -2.622683E-06 1
vn 1 -6.896647E-07 2.622682E-06
vn -1 6.896647E-07 -2.622682E-06
vn -6.993776E-07 -1 -2.962655E-06
vn 6.993776E-07 1 2.962655E-06
vn 2.612963E-06 2.972374E-06 -1
vn -2.612963E-06 -2.972374E-06 1
vn 1 -1.651261E-07 1.398764E-06
vn -1 1.651261E-07 -1.398764E-06
vn -1.748446E-07 -1 -1.563889E-06
vn 1.748446E-07 1 1.563889E-06
vn 1.389044E-06 1.57361E-06 -1
vn -1.389044E-06 -1.57361E-06 1
vn 1 -1.651263E-07 1.57361E-06
vn -1 1.651263E-07 -1.57361E-06
vn -1.748443E-07 -1 -1.738735E-06
vn 1.748443E-07 1 1.738735E-06
vn 1.563889E-06 1.748455E-06 -1
vn -1.563889E-06 -1.748455E-06 1
vn 1 -1.214201E-06 1.573607E-06
vn -1 1.214201E-06 -1.573607E-06
vn -1.223917E-06 -1 -3.1375E-06
vn 1.223917E-06 1 3.1375E-06
vn 1.56389E-06 3.147219E-06 -1
vn -1.56389E-06 -3.147219E-06 1
vn 1 -1.214201E-06 1.573607E-06
vn -1 1.214201E-06 -1.573607E-06
vn -1.223917E-06 -1 -3.312346E-06
vn 1.223917E-06 1 3.312346E-06
vn 1.56389E-06 3.322064E-06 -1
vn -1.56389E-06 -3.322064E-06 1
vn 1 -1.389047E-06 1.573607E-06
vn -1 1.389047E-06 -1.573607E-06
vn -1.398762E-06 -1 -3.487191E-06
vn 1.398762E-06 1 3.487191E-06
vn 1.563891E-06 3.49691E-06 -1
vn -1.563891E-06 -3.49691E-06 1
vn 1 -1.389047E-06 1.573607E-06
vn -1 1.389047E-06 -1.573607E-06
vn -1.398762E-06 -1 -3.662037E-06
vn 1.398762E-06 1 3.662037E-06
vn 1.563891E-06 3.671755E-06 -1
vn -1.563891E-06 -3.671755E-06 1
vn 1 -1.563893E-06 1.573606E-06
vn -1 1.563893E-06 -1.573606E-06
vn -1.573608E-06 -1 -3.662037E-06
vn 1.573608E-06 1 3.662037E-06
vn 1.563891E-06 3.671755E-06 -1
vn -1.563891E-06 -3.671755E-06 1
vn 1 -1.214202E-06 1.573607E-06
vn -1 1.214202E-06 -1.573607E-06
vn -1.223917E-06 -1 -3.487191E-06
vn 1.223917E-06 1 3.487191E-06
vn 1.56389E-06 3.49691E-06 -1
vn -1.56389E-06 -3.49691E-06 1
vn 1 9.720679E-09 1.748456E-07
vn -1 -9.720679E-09 -1.748456E-07
vn 2.887135E-14 -1 -1.651249E-07
vn -2.887135E-14 1 1.651249E-07
vn 1.651249E-07 1.748456E-07 -1
vn -1.651249E-07 -1.748456E-07 1
vn 1 -3.399721E-07 1.923301E-06
vn -1 3.399721E-07 -1.923301E-06
vn -3.496891E-07 -1 -1.91358E-06
vn 3.496891E-07 1 1.91358E-06
vn 1.913581E-06 1.923301E-06 -1
vn -1.913581E-06 -1.923301E-06 1
vn 1 -3.399725E-07 1.923301E-06
vn -1 3.399725E-07 -1.923301E-06
vn -3.496891E-07 -1 -2.088426E-06
vn 3.496891E-07 1 2.088426E-06
vn 1.913581E-06 2.098146E-06 -1
vn -1.913581E-06 -2.098146E-06 1
vn 1 -3.399728E-07 2.098147E-06
vn -1 3.399728E-07 -2.098147E-06
vn -3.496887E-07 -1 -2.263272E-06
vn 3.496887E-07 1 2.263272E-06
vn 2.088427E-06 2.272992E-06 -1
vn -2.088427E-06 -2.272992E-06 1
vn 1 -3.399732E-07 2.272992E-06
vn -1 3.399732E-07 -2.272992E-06
vn -3.496883E-07 -1 -2.438117E-06
vn 3.496883E-07 1 2.438117E-06
vn 2.263272E-06 2.447837E-06 -1
vn -2.263272E-06 -2.447837E-06 1
vn 1 -3.399736E-07 2.272992E-06
vn -1 3.399736E-07 -2.272992E-06
vn -3.496883E-07 -1 -2.612963E-06
vn 3.496883E-07 1 2.612963E-06
vn 2.263272E-06 2.622683E-06 -1
vn -2.263272E-06 -2.622683E-06 1
vn 1 -3.39974E-07 2.447838E-06
vn -1 3.39974E-07 -2.447838E-06
vn -3.496878E-07 -1 -2.787809E-06
vn 3.496878E-07 1 2.787809E-06
vn 2.438118E-06 2.797528E-06 -1
vn -2.438118E-06 -2.797528E-06 1
vn 1 -3.399744E-07 2.622683E-06
vn -1 3.399744E-07 -2.622683E-06
vn -3.496873E-07 -1 -2.962654E-06
vn 3.496873E-07 1 2.962654E-06
vn 2.612963E-06 2.972374E-06 -1
vn -2.612963E-06 -2.972374E-06 1
vn 1 -3.399748E-07 2.797529E-06
vn -1 3.399748E-07 -2.797529E-06
vn -3.496867E-07 -1 -3.1375E-06
vn 3.496867E-07 1 3.1375E-06
vn 2.787809E-06 3.14722E-06 -1
vn -2.787809E-06 -3.14722E-06 1
vn 1 -3.399753E-07 2.797529E-06
vn -1 3.399753E-07 -2.797529E-06
vn -3.496867E-07 -1 -3.312345E-06
vn 3.496867E-07 1 3.312345E-06
vn 2.787809E-06 3.322065E-06 -1
vn -2.787809E-06 -3.322065E-06 1
vn 1 -3.399727E-07 2.098147E-06
vn -1 3.399727E-07 -2.098147E-06
vn -3.496886E-07 -1 -2.263272E-06
vn 3.496886E-07 1 2.263272E-06
vn 2.088427E-06 2.272992E-06 -1
vn -2.088427E-06 -2.272992E-06 1
vn 1 -3.399731E-07 2.272992E-06
vn -1 3.399731E-07 -2.272992E-06
vn -3.496882E-07 -1 -2.438117E-06
vn 3.496882E-07 1 2.438117E-06
vn 2.263272E-06 2.447837E-06 -1
vn -2.263272E-06 -2.447837E-06 1
vn 1 -3.399735E-07 2.447838E-06
vn -1 3.399735E-07 -2.447838E-06
vn -3.496878E-07 -1 -2.612963E-06
vn 3.496878E-07 1 2.612963E-06
vn 2.438118E-06 2.622683E-06 -1
vn -2.438118E-06 -2.622683E-06 1
vn 1 -3.399739E-07 2.622683E-06
vn -1 3.399739E-07 -2.622683E-06
vn -3.496873E-07 -1 -2.787809E-06
vn 3.496873E-07 1 2.787809E-06
vn 2.612963E-06 2.797528E-06 -1
vn -2.612963E-06 -2.797528E-06 1
vn 1 -3.399743E-07 2.797529E-06
vn -1 3.399743E-07 -2.797529E-06
vn -3.496868E-07 -1 -2.962654E-06
vn 3.496868E-07 1 2.962654E-06
vn 2.787809E-06 2.972374E-06 -1
vn -2.787809E-06 -2.972374E-06 1
vn 1 -3.399749E-07 2.972374E-06
vn -1 3.399749E-07 -2.972374E-06
vn -3.496862E-07 -1 -3.1375E-06
vn 3.496862E-07 1 3.1375E-06
vn 2.962655E-06 3.14722E-06 -1
vn -2.962655E-06 -3.14722E-06 1
vn 1 -3.399754E-07 2.972374E-06
vn -1 3.399754E-07 -2.972374E-06
vn -3.496862E-07 -1 -3.312345E-06
vn 3.496862E-07 1 3.312345E-06
vn 2.962655E-06 3.322065E-06 -1
vn -2.962655E-06 -3.322065E-06 1
vn 1 -1.563893E-06 1.748452E-06
vn -1 1.563893E-06 -1.748452E-06
vn -1.573607E-06 -1 -3.836883E-06
vn 1.573607E-06 1 3.836883E-06
vn 1.738737E-06 3.846601E-06 -1
vn -1.738737E-06 -3.846601E-06 1
vn 1 -1.563894E-06 1.923297E-06
vn -1 1.563894E-06 -1.923297E-06
vn -1.573606E-06 -1 -4.011728E-06
vn 1.573606E-06 1 4.011728E-06
vn 1.913583E-06 4.021446E-06 -1
vn -1.913583E-06 -4.021446E-06 1
vn 1 -5.148215E-07 3.14722E-06
vn -1 5.148215E-07 -3.14722E-06
vn -5.245312E-07 -1 -3.487191E-06
vn 5.245312E-07 1 3.487191E-06
vn 3.137501E-06 3.49691E-06 -1
vn -3.137501E-06 -3.49691E-06 1
vn 1 -5.148186E-07 2.098147E-06
vn -1 6.828641E-07 -2.098146E-06
vn -4.634187E-07 -1 -1.221577E-06
vn 5.332648E-07 1 2.702962E-06
vn 2.096205E-06 2.47112E-06 -1
vn -2.10148E-06 -2.494403E-06 1
vn 1 -3.399706E-07 6.99382E-07
vn -1 3.399706E-07 -6.99382E-07
vn -3.496908E-07 -1 -6.896618E-07
vn 3.496908E-07 1 6.896618E-07
vn 6.896615E-07 6.993822E-07 -1
vn -6.896615E-07 -6.993822E-07 1
vn 1 -5.148165E-07 1.049073E-06
vn -1 5.148165E-07 -1.049073E-06
vn -5.24536E-07 -1 -1.039353E-06
vn 5.24536E-07 1 1.039353E-06
vn 1.039353E-06 1.049073E-06 -1
vn -1.039353E-06 -1.049073E-06 1
vn 1 -5.148165E-07 1.049073E-06
vn -1 5.148165E-07 -1.049073E-06
vn -5.24536E-07 -1 -1.039353E-06
vn 5.24536E-07 1 1.039353E-06
vn 1.039353E-06 1.049073E-06 -1
vn -1.039353E-06 -1.049073E-06 1
vn 1 -5.148166E-07 1.223918E-06
vn -1 5.148166E-07 -1.223918E-06
vn -5.245358E-07 -1 -1.214199E-06
vn 5.245358E-07 1 1.214199E-06
vn 1.214198E-06 1.223919E-06 -1
vn -1.214198E-06 -1.223919E-06 1
vn 1 -5.148169E-07 1.223918E-06
vn -1 5.148169E-07 -1.223918E-06
vn -5.245358E-07 -1 -1.389044E-06
vn 5.245358E-07 1 1.389044E-06
vn 1.214198E-06 1.398764E-06 -1
vn -1.214198E-06 -1.398764E-06 1
vn 1 -5.14817E-07 1.398764E-06
vn -1 5.14817E-07 -1.398764E-06
vn -5.245356E-07 -1 -1.56389E-06
vn 5.245356E-07 1 1.56389E-06
vn 1.389044E-06 1.57361E-06 -1
vn -1.389044E-06 -1.57361E-06 1
vn 1 -3.399758E-07 2.972374E-06
vn -1 3.399758E-07 -2.972374E-06
vn -3.496861E-07 -1 -3.487191E-06
vn 3.496861E-07 1 3.487191E-06
vn 2.962655E-06 3.496911E-06 -1
vn -2.962655E-06 -3.496911E-06 1
vn 1 -3.399769E-07 3.322065E-06
vn -1 3.399769E-07 -3.322065E-06
vn -3.496848E-07 -1 -3.836882E-06
vn 3.496848E-07 1 3.836882E-06
vn 3.312346E-06 3.846602E-06 -1
vn -3.312346E-06 -3.846602E-06 1
vn 3.715974E-07 -3.780966E-07 -1
vn -3.203747E-07 3.292022E-07 1
vn -7.603026E-07 -1 1.867095E-07
vn 5.705456E-07 1 -1.867095E-07
vn -1 6.993824E-07 -1.257272E-08
vn 1 -6.993823E-07 3.479071E-07
vn 1 -5.148186E-07 2.272992E-06
vn -1 5.148186E-07 -2.272992E-06
vn -5.245337E-07 -1 -2.438117E-06
vn 5.245337E-07 1 2.438117E-06
vn 2.263273E-06 2.447837E-06 -1
vn -2.263273E-06 -2.447837E-06 1
vn 1 -5.14819E-07 2.447838E-06
vn -1 5.14819E-07 -2.447838E-06
vn -5.245333E-07 -1 -2.612963E-06
vn 5.245333E-07 1 2.612963E-06
vn 2.438118E-06 2.622682E-06 -1
vn -2.438118E-06 -2.622682E-06 1
vn 1 -5.148194E-07 2.622683E-06
vn -1 5.148194E-07 -2.622683E-06
vn -5.245328E-07 -1 -2.787809E-06
vn 5.245328E-07 1 2.787809E-06
vn 2.612964E-06 2.797528E-06 -1
vn -2.612964E-06 -2.797528E-06 1
vn 1 1.923301E-06 1.651266E-07
vn -1 -2.109566E-06 -1.664657E-07
vn -1.340985E-07 -1.572013E-06 1
vn 2.039478E-07 1.525447E-06 -1
vn 1.999088E-06 -1 -2.271494E-06
vn -1.839017E-06 1 7.813784E-07
vn 1 -6.896676E-07 3.14722E-06
vn -1 6.896676E-07 -3.14722E-06
vn -6.993767E-07 -1 -3.662037E-06
vn 6.993767E-07 1 3.662037E-06
vn 3.137502E-06 3.671755E-06 -1
vn -3.137502E-06 -3.671755E-06 1
vn 1 -6.896681E-07 3.14722E-06
vn -1 6.896681E-07 -3.14722E-06
vn -6.993767E-07 -1 -3.836882E-06
vn 6.993767E-07 1 3.836882E-06
vn 3.137502E-06 3.846601E-06 -1
vn -3.137502E-06 -3.846601E-06 1
vn 1 -1.563894E-06 2.098142E-06
vn -1 1.563894E-06 -2.098142E-06
vn -1.573606E-06 -1 -4.186575E-06
vn 1.573606E-06 1 4.186575E-06
vn 2.088428E-06 4.196292E-06 -1
vn -2.088428E-06 -4.196292E-06 1
vn 1 -1.563894E-06 2.098142E-06
vn -1 1.563894E-06 -2.098142E-06
vn -1.573606E-06 -1 -4.36142E-06
vn 1.573606E-06 1 4.36142E-06
vn 2.088428E-06 4.371137E-06 -1
vn -2.088428E-06 -4.371137E-06 1
vn 1 -1.563894E-06 2.098142E-06
vn -1 1.563894E-06 -2.098142E-06
vn -1.573606E-06 -1 -4.36142E-06
vn 1.573606E-06 1 4.36142E-06
vn 2.088428E-06 4.371137E-06 -1
vn -2.088428E-06 -4.371137E-06 1
vn 1 -1.73874E-06 2.098142E-06
vn -1 1.73874E-06 -2.098142E-06
vn -1.748451E-06 -1 -4.536265E-06
vn 1.748451E-06 1 4.536265E-06
vn 2.088429E-06 4.545982E-06 -1
vn -2.088429E-06 -4.545982E-06 1
vn 1 1.398765E-06 5.148173E-07
vn -1 -1.398765E-06 -5.148173E-07
vn -5.245357E-07 -1.361186E-06 1
vn 5.245357E-07 1.361186E-06 -1
vn 1.389045E-06 -1 -1.370906E-06
vn -1.389045E-06 1 1.370906E-06
vn 1 -1.563894E-06 1.923297E-06
vn -1 1.563894E-06 -1.923297E-06
vn -1.573606E-06 -1 -4.186574E-06
vn 1.573606E-06 1 4.186574E-06
vn 1.913583E-06 4.196292E-06 -1
vn -1.913583E-06 -4.196292E-06 1
vn 1 -1.73874E-06 2.098142E-06
vn -1 1.73874E-06 -2.098142E-06
vn -1.748451E-06 -1 -4.36142E-06
vn 1.748451E-06 1 4.36142E-06
vn 2.088429E-06 4.371137E-06 -1
vn -2.088429E-06 -4.371137E-06 1
vn 1 -1.73874E-06 2.272987E-06
vn -1 1.73874E-06 -2.272987E-06
vn -1.74845E-06 -1 -4.536265E-06
vn 1.74845E-06 1 4.536265E-06
vn 2.263274E-06 4.545982E-06 -1
vn -2.263274E-06 -4.545982E-06 1
vn 1 1.223919E-06 5.148174E-07
vn -1 -1.223919E-06 -5.148174E-07
vn -5.24536E-07 -1.54E-06 1
vn 5.24536E-07 1.54E-06 -1
vn 1.214199E-06 -1 -1.54972E-06
vn -1.214199E-06 1 1.54972E-06
vn 1 1.223919E-06 6.896632E-07
vn -1 -1.223919E-06 -6.896632E-07
vn -6.993816E-07 -1.718814E-06 1
vn 6.993816E-07 1.718814E-06 -1
vn 1.214199E-06 -1 -1.728534E-06
vn -1.214199E-06 1 1.728534E-06
vn 1 1.223919E-06 8.64509E-07
vn -1 -1.223919E-06 -8.64509E-07
vn -8.742271E-07 -1.897628E-06 1
vn 8.742271E-07 1.897628E-06 -1
vn 1.2142E-06 -1 -1.907347E-06
vn -1.2142E-06 1 1.907347E-06
vn 1 -5.148198E-07 2.797529E-06
vn -1 5.148198E-07 -2.797529E-06
vn -5.245322E-07 -1 -2.962654E-06
vn 5.245322E-07 1 2.962654E-06
vn 2.78781E-06 2.972374E-06 -1
vn -2.78781E-06 -2.972374E-06 1
vn 1 -5.148203E-07 2.972374E-06
vn -1 5.148203E-07 -2.972374E-06
vn -5.245316E-07 -1 -3.1375E-06
vn 5.245316E-07 1 3.1375E-06
vn 2.962655E-06 3.147219E-06 -1
vn -2.962655E-06 -3.147219E-06 1
vn 1 5.245363E-07 8.645075E-07
vn -1 -5.245363E-07 -8.645075E-07
vn -8.742276E-07 -7.055349E-07 1
vn 8.742276E-07 7.055349E-07 -1
vn 5.148164E-07 -1 -7.152552E-07
vn -5.148164E-07 1 7.152552E-07
vn 1 -3.399775E-07 3.496911E-06
vn -1 3.399775E-07 -3.496911E-06
vn -3.496841E-07 -1 -4.011728E-06
vn 3.496841E-07 1 4.011728E-06
vn 3.487192E-06 4.021448E-06 -1
vn -3.487192E-06 -4.021448E-06 1
vn 1 5.245366E-07 5.148161E-07
vn -1 -5.245366E-07 -5.148161E-07
vn -5.245365E-07 -3.479072E-07 1
vn 5.245365E-07 3.479072E-07 -1
vn 5.148161E-07 -1 -3.576276E-07
vn -5.148161E-07 1 3.576276E-07
vn 1 3.496909E-07 5.148162E-07
vn -1 -3.496909E-07 -5.148162E-07
vn -5.245366E-07 -5.267211E-07 1
vn 5.245366E-07 5.267211E-07 -1
vn 3.399705E-07 -1 -5.364416E-07
vn -3.399705E-07 1 5.364416E-07
vn 1 1.748452E-07 6.896618E-07
vn -1 -1.748452E-07 -6.896618E-07
vn -6.993823E-07 -7.055349E-07 1
vn 6.993823E-07 7.055349E-07 -1
vn 1.651251E-07 -1 -7.152555E-07
vn -1.651251E-07 1 7.152555E-07
vn 1 1.748451E-07 8.645074E-07
vn -1 -1.748451E-07 -8.645074E-07
vn -8.742278E-07 -8.843488E-07 1
vn 8.742278E-07 8.843488E-07 -1
vn 1.651253E-07 -1 -8.940693E-07
vn -1.651253E-07 1 8.940693E-07
vn 1 9.720679E-09 1.748456E-07
vn -1 -9.720679E-09 -1.748456E-07
vn 2.887135E-14 -1 -1.651249E-07
vn -2.887135E-14 1 1.651249E-07
vn 1.651249E-07 1.748456E-07 -1
vn -1.651249E-07 -1.748456E-07 1
vn 1 9.720679E-09 0
vn -1 -9.720679E-09 0
vn 0 -1 9.720679E-09
vn 0 1 -9.720679E-09
vn -9.720679E-09 0 -1
vn 9.720679E-09 0 1
vn 1 9.720679E-09 0
vn -1 -9.720679E-09 0
vn 0 -1 9.720679E-09
vn 0 1 -9.720679E-09
vn -9.720679E-09 0 -1
vn 9.720679E-09 0 1
vn 1 9.720679E-09 0
vn -1 -9.720679E-09 0
vn 0 -1 9.720679E-09
vn 0 1 -9.720679E-09
vn -9.720679E-09 0 -1
vn 9.720679E-09 0 1
vn 1 -3.399705E-07 3.49691E-07
vn -1 3.399705E-07 -3.49691E-07
vn -3.496911E-07 -1 -1.65125E-07
vn 3.496911E-07 1 1.65125E-07
vn 3.399704E-07 1.748455E-07 -1
vn -3.399704E-07 -1.748455E-07 1
vn 1 -5.148203E-07 2.972374E-06
vn -1 5.148203E-07 -2.972374E-06
vn -5.245316E-07 -1 -3.1375E-06
vn 5.245316E-07 1 3.1375E-06
vn 2.962655E-06 3.147219E-06 -1
vn -2.962655E-06 -3.147219E-06 1
vn 1 -1.563895E-06 2.272987E-06
vn -1 1.563895E-06 -2.272987E-06
vn -1.573605E-06 -1 -4.536266E-06
vn 1.573605E-06 1 4.536266E-06
vn 2.263274E-06 4.545983E-06 -1
vn -2.263274E-06 -4.545983E-06 1
vn 1 -1.563895E-06 2.447832E-06
vn -1 1.563895E-06 -2.447832E-06
vn -1.573604E-06 -1 -4.711112E-06
vn 1.573604E-06 1 4.711112E-06
vn 2.438119E-06 4.720829E-06 -1
vn -2.438119E-06 -4.720829E-06 1
vn 1 -3.399705E-07 5.245365E-07
vn -1 3.399705E-07 -5.245365E-07
vn -3.49691E-07 -1 -3.399706E-07
vn 3.49691E-07 1 3.399706E-07
vn 5.14816E-07 3.496911E-07 -1
vn -5.14816E-07 -3.496911E-07 1
vn 1 -6.896664E-07 3.14722E-06
vn -1 6.896664E-07 -3.14722E-06
vn -6.993766E-07 -1 -3.312346E-06
vn 6.993766E-07 1 3.312346E-06
vn 3.137501E-06 3.322064E-06 -1
vn -3.137501E-06 -3.322064E-06 1
vn 1 -7.382756E-07 5.245363E-07
vn -1 5.148161E-07 -5.245365E-07
vn -5.57133E-07 -1 -2.851869E-07
vn 7.433975E-07 1 2.595757E-07
vn 5.281223E-07 5.245366E-07 -1
vn -5.173539E-07 -5.012535E-07 1
vn 1 -8.64513E-07 3.496911E-06
vn -1 8.64513E-07 -3.496911E-06
vn -8.742209E-07 -1 -3.662037E-06
vn 8.742209E-07 1 3.662037E-06
vn 3.487193E-06 3.671754E-06 -1
vn -3.487193E-06 -3.671754E-06 1
vn 1 -1.039359E-06 3.671756E-06
vn -1 1.039359E-06 -3.671756E-06
vn -1.049066E-06 -1 -3.836883E-06
vn 1.049066E-06 1 3.836883E-06
vn 3.662039E-06 3.8466E-06 -1
vn -3.662039E-06 -3.8466E-06 1
vn 1 -1.03936E-06 3.846601E-06
vn -1 1.03936E-06 -3.846601E-06
vn -1.049065E-06 -1 -4.011728E-06
vn 1.049065E-06 1 4.011728E-06
vn 3.836885E-06 4.021445E-06 -1
vn -3.836885E-06 -4.021445E-06 1
vn 1 -1.563895E-06 2.622678E-06
vn -1 1.563895E-06 -2.622678E-06
vn -1.573603E-06 -1 -4.885958E-06
vn 1.573603E-06 1 4.885958E-06
vn 2.612965E-06 4.895674E-06 -1
vn -2.612965E-06 -4.895674E-06 1
vn 1 -5.148208E-07 3.14722E-06
vn -1 5.148208E-07 -3.14722E-06
vn -5.245311E-07 -1 -3.312346E-06
vn 5.245311E-07 1 3.312346E-06
vn 3.137501E-06 3.322064E-06 -1
vn -3.137501E-06 -3.322064E-06 1
vn 1 -5.148213E-07 3.322065E-06
vn -1 5.148213E-07 -3.322065E-06
vn -5.245304E-07 -1 -3.487191E-06
vn 5.245304E-07 1 3.487191E-06
vn 3.312347E-06 3.49691E-06 -1
vn -3.312347E-06 -3.49691E-06 1
vn 1 -5.148219E-07 3.496911E-06
vn -1 5.148219E-07 -3.496911E-06
vn -5.245298E-07 -1 -3.662037E-06
vn 5.245298E-07 1 3.662037E-06
vn 3.487192E-06 3.671756E-06 -1
vn -3.487192E-06 -3.671756E-06 1
vn 1 -5.148224E-07 3.671757E-06
vn -1 5.148224E-07 -3.671757E-06
vn -5.24529E-07 -1 -3.836883E-06
vn 5.24529E-07 1 3.836883E-06
vn 3.662038E-06 3.846601E-06 -1
vn -3.662038E-06 -3.846601E-06 1
vn 1 -6.896686E-07 3.846602E-06
vn -1 6.896686E-07 -3.846602E-06
vn -6.993739E-07 -1 -4.011728E-06
vn 6.993739E-07 1 4.011728E-06
vn 3.836884E-06 4.021446E-06 -1
vn -3.836884E-06 -4.021446E-06 1
vn 1 -3.399781E-07 3.671757E-06
vn -1 3.399781E-07 -3.671757E-06
vn -3.496834E-07 -1 -4.186574E-06
vn 3.496834E-07 1 4.186574E-06
vn 3.662037E-06 4.196294E-06 -1
vn -3.662037E-06 -4.196294E-06 1
vn 1 -3.399788E-07 3.846602E-06
vn -1 3.399788E-07 -3.846602E-06
vn -3.496827E-07 -1 -4.36142E-06
vn 3.496827E-07 1 4.36142E-06
vn 3.836883E-06 4.371139E-06 -1
vn -3.836883E-06 -4.371139E-06 1
vn 1 -3.399801E-07 4.196293E-06
vn -1 3.399801E-07 -4.196293E-06
vn -3.49681E-07 -1 -4.711112E-06
vn 3.49681E-07 1 4.711112E-06
vn 4.186574E-06 4.72083E-06 -1
vn -4.186574E-06 -4.72083E-06 1
vn 1 -3.399816E-07 4.371138E-06
vn -1 3.399816E-07 -4.371138E-06
vn -3.496802E-07 -1 -5.060803E-06
vn 3.496802E-07 1 5.060803E-06
vn 4.361419E-06 5.070522E-06 -1
vn -4.361419E-06 -5.070522E-06 1
vn 1 -3.399823E-07 4.545983E-06
vn -1 3.399823E-07 -4.545983E-06
vn -3.496792E-07 -1 -5.235649E-06
vn 3.496792E-07 1 5.235649E-06
vn 4.536264E-06 5.245367E-06 -1
vn -4.536264E-06 -5.245367E-06 1
vn 1 -3.39984E-07 4.720829E-06
vn -1 3.39984E-07 -4.720829E-06
vn -3.496783E-07 -1 -5.58534E-06
vn 3.496783E-07 1 5.58534E-06
vn 4.71111E-06 5.595059E-06 -1
vn -4.71111E-06 -5.595059E-06 1
vn 1 -8.645148E-07 3.846602E-06
vn -1 8.645148E-07 -3.846602E-06
vn -8.742194E-07 -1 -4.186574E-06
vn 8.742194E-07 1 4.186574E-06
vn 3.836885E-06 4.196291E-06 -1
vn -3.836885E-06 -4.196291E-06 1
vn 1 -8.645155E-07 3.846602E-06
vn -1 8.645155E-07 -3.846602E-06
vn -8.742194E-07 -1 -4.36142E-06
vn 8.742194E-07 1 4.36142E-06
vn 3.836885E-06 4.371137E-06 -1
vn -3.836885E-06 -4.371137E-06 1
vn 1 -1.039362E-06 4.021447E-06
vn -1 1.039362E-06 -4.021447E-06
vn -1.049064E-06 -1 -4.536265E-06
vn 1.049064E-06 1 4.536265E-06
vn 4.011731E-06 4.545981E-06 -1
vn -4.011731E-06 -4.545981E-06 1
vn 1 -1.214208E-06 4.196293E-06
vn -1 1.214208E-06 -4.196293E-06
vn -1.223909E-06 -1 -4.711111E-06
vn 1.223909E-06 1 4.711111E-06
vn 4.186577E-06 4.720826E-06 -1
vn -4.186577E-06 -4.720826E-06 1
vn 1 -3.399848E-07 4.895674E-06
vn -1 3.399848E-07 -4.895674E-06
vn -3.496773E-07 -1 -5.760186E-06
vn 3.496773E-07 1 5.760186E-06
vn 4.885955E-06 5.769904E-06 -1
vn -4.885955E-06 -5.769904E-06 1
vn 1 -6.896693E-07 4.021447E-06
vn -1 6.896693E-07 -4.021447E-06
vn -6.993731E-07 -1 -4.186574E-06
vn 6.993731E-07 1 4.186574E-06
vn 4.011729E-06 4.196292E-06 -1
vn -4.011729E-06 -4.196292E-06 1
vn 1 -6.896699E-07 4.196293E-06
vn -1 6.896699E-07 -4.196293E-06
vn -6.993723E-07 -1 -4.36142E-06
vn 6.993723E-07 1 4.36142E-06
vn 4.186575E-06 4.371138E-06 -1
vn -4.186575E-06 -4.371138E-06 1
vn 1 -6.896707E-07 4.371138E-06
vn -1 6.896707E-07 -4.371138E-06
vn -6.993715E-07 -1 -4.536266E-06
vn 6.993715E-07 1 4.536266E-06
vn 4.36142E-06 4.545984E-06 -1
vn -4.36142E-06 -4.545984E-06 1
vn 1 -8.645169E-07 4.720829E-06
vn -1 -1.753659E-07 -3.975775E-06
vn -8.953789E-07 -1 -5.3256E-06
vn 9.461855E-07 1 3.803734E-06
vn 4.719023E-06 4.720828E-06 -1
vn -4.723256E-06 -4.744111E-06 1
vn 1 -6.896722E-07 4.720828E-06
vn -1 6.896722E-07 -4.720828E-06
vn -6.993698E-07 -1 -4.885958E-06
vn 6.993698E-07 1 4.885958E-06
vn 4.711111E-06 4.895675E-06 -1
vn -4.711111E-06 -4.895675E-06 1
vn 1 9.720679E-09 1.748456E-07
vn -1 -9.720679E-09 -1.748456E-07
vn 2.887135E-14 -1 -1.651249E-07
vn -2.887135E-14 1 1.651249E-07
vn 1.651249E-07 1.748456E-07 -1
vn -1.651249E-07 -1.748456E-07 1
vn 1 9.720649E-09 3.496911E-07
vn -1 -9.720649E-09 -3.496911E-07
vn 8.831367E-14 -1 -3.399704E-07
vn -8.831367E-14 1 3.399704E-07
vn 3.399704E-07 3.496911E-07 -1
vn -3.399704E-07 -3.496911E-07 1
vn 1 9.720588E-09 5.245366E-07
vn -1 -9.720588E-09 -5.245366E-07
vn 1.783269E-13 -1 -5.14816E-07
vn -1.783269E-13 1 5.14816E-07
vn 5.14816E-07 5.245366E-07 -1
vn -5.14816E-07 -5.245366E-07 1
vn 1 9.720496E-09 6.993822E-07
vn -1 -9.720496E-09 -6.993822E-07
vn 2.989112E-13 -1 -6.896615E-07
vn -2.989112E-13 1 6.896615E-07
vn 6.896615E-07 6.993822E-07 -1
vn -6.896615E-07 -6.993822E-07 1
vn 1 -5.148312E-07 5.070519E-06
vn -1 5.148312E-07 -5.070519E-06
vn -5.245218E-07 -1 -5.935031E-06
vn 5.245218E-07 1 5.935031E-06
vn 5.060801E-06 5.944749E-06 -1
vn -5.060801E-06 -5.944749E-06 1
vn 1 -1.389054E-06 4.371138E-06
vn -1 1.161286E-06 -3.99861E-06
vn -1.261963E-06 -1 -5.418556E-06
vn 1.331819E-06 1 3.941537E-06
vn 4.367747E-06 4.895671E-06 -1
vn -4.379025E-06 -4.895671E-06 1
vn 1 -1.039359E-06 3.49691E-06
vn -1 1.168755E-06 -3.683175E-06
vn -9.90855E-07 -1 -4.931187E-06
vn 1.130559E-06 1 3.422153E-06
vn 3.486117E-06 3.869883E-06 -1
vn -3.494484E-06 -3.8466E-06 1
vn 1 -1.651251E-07 6.993822E-07
vn -1 3.517973E-07 -8.856466E-07
vn -1.826065E-07 -1 -3.370202E-07
vn -1.278343E-07 1 3.486615E-07
vn 6.927466E-07 6.993822E-07 -1
vn -6.840154E-07 -6.760991E-07 1
vn 1 -5.14832E-07 5.245365E-06
vn -1 5.14832E-07 -5.245365E-06
vn -5.245207E-07 -1 -6.109877E-06
vn 5.245207E-07 1 6.109877E-06
vn 5.235647E-06 6.119595E-06 -1
vn -5.235647E-06 -6.119595E-06 1
vn 1 -2.281406E-07 3.542588E-06
vn -1 6.42576E-07 -2.797529E-06
vn -3.734152E-07 -1 -3.016718E-06
vn 3.734152E-07 1 3.019628E-06
vn 2.793224E-06 3.170501E-06 -1
vn -2.794133E-06 -3.170502E-06 1
vn 1 -1.563896E-06 2.622677E-06
vn -1 1.563896E-06 -2.622677E-06
vn -1.573603E-06 -1 -5.060803E-06
vn 1.573603E-06 1 5.060803E-06
vn 2.612965E-06 5.070519E-06 -1
vn -2.612965E-06 -5.070519E-06 1
vn 1 -1.738742E-06 2.797522E-06
vn -1 1.738742E-06 -2.797522E-06
vn -1.748448E-06 -1 -5.235649E-06
vn 1.748448E-06 1 5.235649E-06
vn 2.787811E-06 5.245365E-06 -1
vn -2.787811E-06 -5.245365E-06 1
vn 1 -1.913588E-06 2.797522E-06
vn -1 1.913588E-06 -2.797522E-06
vn -1.923293E-06 -1 -5.410494E-06
vn 1.923293E-06 1 5.410494E-06
vn 2.787812E-06 5.42021E-06 -1
vn -2.787812E-06 -5.42021E-06 1
vn 1 -2.088434E-06 2.972367E-06
vn -1 2.088434E-06 -2.972367E-06
vn -2.098138E-06 -1 -5.58534E-06
vn 2.098138E-06 1 5.58534E-06
vn 2.962658E-06 5.595055E-06 -1
vn -2.962658E-06 -5.595055E-06 1
vn 1 -2.088434E-06 3.147213E-06
vn -1 2.088434E-06 -3.147213E-06
vn -2.098137E-06 -1 -5.760186E-06
vn 2.098137E-06 1 5.760186E-06
vn 3.137504E-06 5.7699E-06 -1
vn -3.137504E-06 -5.7699E-06 1
vn 1 -2.088435E-06 3.322058E-06
vn -1 2.088435E-06 -3.322058E-06
vn -2.098136E-06 -1 -5.935032E-06
vn 2.098136E-06 1 5.935032E-06
vn 3.312349E-06 5.944746E-06 -1
vn -3.312349E-06 -5.944746E-06 1
vn 1 -2.263281E-06 3.322057E-06
vn -1 2.263281E-06 -3.322057E-06
vn -2.272981E-06 -1 -6.109878E-06
vn 2.272981E-06 1 6.109878E-06
vn 3.31235E-06 6.119591E-06 -1
vn -3.31235E-06 -6.119591E-06 1
vn 1 -2.612973E-06 3.322056E-06
vn -1 2.612973E-06 -3.322056E-06
vn -2.622673E-06 -1 -6.459569E-06
vn 2.622673E-06 1 6.459569E-06
vn 3.312352E-06 6.469281E-06 -1
vn -3.312352E-06 -6.469281E-06 1
vn 1 -2.78782E-06 3.322055E-06
vn -1 2.78782E-06 -3.322055E-06
vn -2.797518E-06 -1 -6.634415E-06
vn 2.797518E-06 1 6.634415E-06
vn 3.312353E-06 6.644126E-06 -1
vn -3.312353E-06 -6.644126E-06 1
vn 1 -2.78782E-06 3.4969E-06
vn -1 2.78782E-06 -3.4969E-06
vn -2.797517E-06 -1 -6.809261E-06
vn 2.797517E-06 1 6.809261E-06
vn 3.487199E-06 6.818972E-06 -1
vn -3.487199E-06 -6.818972E-06 1
vn 1 -2.787821E-06 3.4969E-06
vn -1 2.787821E-06 -3.4969E-06
vn -2.797517E-06 -1 -6.984106E-06
vn 2.797517E-06 1 6.984106E-06
vn 3.487199E-06 6.993817E-06 -1
vn -3.487199E-06 -6.993817E-06 1
vn 1 -5.148329E-07 5.42021E-06
vn -1 5.148329E-07 -5.42021E-06
vn -5.245196E-07 -1 -6.284723E-06
vn 5.245196E-07 1 6.284723E-06
vn 5.410493E-06 6.294441E-06 -1
vn -5.410493E-06 -6.294441E-06 1
vn 1 -5.148339E-07 5.595055E-06
vn -1 5.148339E-07 -5.595055E-06
vn -5.245184E-07 -1 -6.459569E-06
vn 5.245184E-07 1 6.459569E-06
vn 5.585338E-06 6.469287E-06 -1
vn -5.585338E-06 -6.469287E-06 1
vn 1 -5.148349E-07 5.595055E-06
vn -1 5.148349E-07 -5.595055E-06
vn -5.245184E-07 -1 -6.634414E-06
vn 5.245184E-07 1 6.634414E-06
vn 5.585338E-06 6.644132E-06 -1
vn -5.585338E-06 -6.644132E-06 1
vn 1 -5.148359E-07 5.595055E-06
vn -1 5.148359E-07 -5.595055E-06
vn -5.245184E-07 -1 -6.80926E-06
vn 5.245184E-07 1 6.80926E-06
vn 5.585338E-06 6.818977E-06 -1
vn -5.585338E-06 -6.818977E-06 1
vn 1 -5.148369E-07 5.7699E-06
vn -1 1.826548E-06 -5.769892E-06
vn -6.091859E-07 -1 -6.474657E-06
vn 5.245201E-07 1 6.483123E-06
vn 5.768888E-06 6.993823E-06 -1
vn -5.765713E-06 -7.040389E-06 1
vn 1 -1.039361E-06 4.196293E-06
vn -1 1.039361E-06 -4.196293E-06
vn -1.049063E-06 -1 -4.36142E-06
vn 1.049063E-06 1 4.36142E-06
vn 4.186576E-06 4.371136E-06 -1
vn -4.186576E-06 -4.371136E-06 1
vn 1 -6.896804E-07 5.769901E-06
vn -1 6.896804E-07 -5.769901E-06
vn -6.993628E-07 -1 -6.634414E-06
vn 6.993628E-07 1 6.634414E-06
vn 5.760185E-06 6.644131E-06 -1
vn -5.760185E-06 -6.644131E-06 1
vn 1 -6.896814E-07 5.944746E-06
vn -1 6.896814E-07 -5.944746E-06
vn -6.993616E-07 -1 -6.80926E-06
vn 6.993616E-07 1 6.80926E-06
vn 5.93503E-06 6.818977E-06 -1
vn -5.93503E-06 -6.818977E-06 1
vn 1 -6.896824E-07 6.119591E-06
vn -1 6.896824E-07 -6.119591E-06
vn -6.993604E-07 -1 -6.984106E-06
vn 6.993604E-07 1 6.984106E-06
vn 6.109875E-06 6.993822E-06 -1
vn -6.109875E-06 -6.993822E-06 1
vn 1 -1.651272E-07 2.098147E-06
vn -1 1.651272E-07 -2.098147E-06
vn -1.748431E-07 -1 -2.263272E-06
vn 1.748431E-07 1 2.263272E-06
vn 2.088426E-06 2.272992E-06 -1
vn -2.088426E-06 -2.272992E-06 1
vn 1 -1.651275E-07 2.272992E-06
vn -1 1.651275E-07 -2.272992E-06
vn -1.748427E-07 -1 -2.438117E-06
vn 1.748427E-07 1 2.438117E-06
vn 2.263272E-06 2.447838E-06 -1
vn -2.263272E-06 -2.447838E-06 1
vn 1 -1.651279E-07 2.447838E-06
vn -1 1.651279E-07 -2.447838E-06
vn -1.748422E-07 -1 -2.612963E-06
vn 1.748422E-07 1 2.612963E-06
vn 2.438117E-06 2.622683E-06 -1
vn -2.438117E-06 -2.622683E-06 1
vn 1 -1.214207E-06 4.196293E-06
vn -1 1.214207E-06 -4.196293E-06
vn -1.223909E-06 -1 -4.536266E-06
vn 1.223909E-06 1 4.536266E-06
vn 4.186577E-06 4.545981E-06 -1
vn -4.186577E-06 -4.545981E-06 1
vn 1 -1.651284E-07 2.622683E-06
vn -1 1.651284E-07 -2.622683E-06
vn -1.748417E-07 -1 -2.787809E-06
vn 1.748417E-07 1 2.787809E-06
vn 2.612963E-06 2.797529E-06 -1
vn -2.612963E-06 -2.797529E-06 1
vn 1 -1.214208E-06 4.196293E-06
vn -1 1.214208E-06 -4.196293E-06
vn -1.223909E-06 -1 -4.711111E-06
vn 1.223909E-06 1 4.711111E-06
vn 4.186577E-06 4.720826E-06 -1
vn -4.186577E-06 -4.720826E-06 1
vn 1 -1.214209E-06 4.371138E-06
vn -1 7.838788E-07 -4.184875E-06
vn -1.355843E-06 -1 -5.420013E-06
vn 1.542114E-06 1 3.957061E-06
vn 4.375665E-06 4.918955E-06 -1
vn -4.38003E-06 -4.918955E-06 1
vn 1 -1.214209E-06 4.545983E-06
vn -1 1.129867E-06 -4.545983E-06
vn -1.082266E-06 -1 -5.519188E-06
vn 1.128839E-06 1 4.01549E-06
vn 4.544936E-06 5.070518E-06 -1
vn -4.545179E-06 -5.047235E-06 1
vn 1 -8.645187E-07 5.070519E-06
vn -1 1.196475E-06 -4.697988E-06
vn -7.629701E-07 -1 -5.512074E-06
vn 6.594897E-07 1 5.53277E-06
vn 5.067503E-06 5.07052E-06 -1
vn -5.077528E-06 -5.093803E-06 1
vn 1 -8.645187E-07 5.070519E-06
vn -1 1.430237E-06 -4.697987E-06
vn -9.836417E-07 -1 -5.534323E-06
vn 8.905098E-07 1 5.464474E-06
vn 5.070715E-06 5.07052E-06 -1
vn -5.073189E-06 -5.093803E-06 1
vn 1 -8.645136E-07 3.496911E-06
vn -1 8.645136E-07 -3.496911E-06
vn -8.742209E-07 -1 -3.836882E-06
vn 8.742209E-07 1 3.836882E-06
vn 3.487193E-06 3.8466E-06 -1
vn -3.487193E-06 -3.8466E-06 1
vn 1 -5.148214E-07 3.496911E-06
vn -1 5.148214E-07 -3.496911E-06
vn -5.245298E-07 -1 -3.487191E-06
vn 5.245298E-07 1 3.487191E-06
vn 3.487192E-06 3.49691E-06 -1
vn -3.487192E-06 -3.49691E-06 1
vn 1 -2.088435E-06 3.322058E-06
vn -1 2.088435E-06 -3.322058E-06
vn -2.098136E-06 -1 -5.935032E-06
vn 2.098136E-06 1 5.935032E-06
vn 3.312349E-06 5.944746E-06 -1
vn -3.312349E-06 -5.944746E-06 1
vn 1 -2.263281E-06 3.322057E-06
vn -1 2.263281E-06 -3.322057E-06
vn -2.272981E-06 -1 -6.109878E-06
vn 2.272981E-06 1 6.109878E-06
vn 3.31235E-06 6.119591E-06 -1
vn -3.31235E-06 -6.119591E-06 1
vn 1 -5.148369E-07 5.7699E-06
vn -1 1.826548E-06 -5.769892E-06
vn -6.091859E-07 -1 -6.474657E-06
vn 5.245201E-07 1 6.483123E-06
vn 5.768888E-06 6.993823E-06 -1
vn -5.765713E-06 -7.040389E-06 1
vn 1 -2.787821E-06 3.4969E-06
vn -1 2.787821E-06 -3.4969E-06
vn -2.797517E-06 -1 -6.984106E-06
vn 2.797517E-06 1 6.984106E-06
vn 3.487199E-06 6.993817E-06 -1
vn -3.487199E-06 -6.993817E-06 1
vn 1 -2.78782E-06 3.322055E-06
vn -1 2.78782E-06 -3.322055E-06
vn -2.797518E-06 -1 -6.634415E-06
vn 2.797518E-06 1 6.634415E-06
vn 3.312353E-06 6.644126E-06 -1
vn -3.312353E-06 -6.644126E-06 1
vn 1 -2.612973E-06 3.322056E-06
vn -1 2.612973E-06 -3.322056E-06
vn -2.622673E-06 -1 -6.459569E-06
vn 2.622673E-06 1 6.459569E-06
vn 3.312352E-06 6.469281E-06 -1
vn -3.312352E-06 -6.469281E-06 1
vn 1 -8.645136E-07 3.496911E-06
vn -1 8.645136E-07 -3.496911E-06
vn -8.742209E-07 -1 -3.836882E-06
vn 8.742209E-07 1 3.836882E-06
vn 3.487193E-06 3.8466E-06 -1
vn -3.487193E-06 -3.8466E-06 1
vn 1 -1.214209E-06 4.545983E-06
vn -1 1.129867E-06 -4.545983E-06
vn -1.082266E-06 -1 -5.519188E-06
vn 1.128839E-06 1 4.01549E-06
vn 4.544936E-06 5.070518E-06 -1
vn -4.545179E-06 -5.047235E-06 1
vn 1 -1.214209E-06 4.371138E-06
vn -1 7.838788E-07 -4.184875E-06
vn -1.355843E-06 -1 -5.420013E-06
vn 1.542114E-06 1 3.957061E-06
vn 4.375665E-06 4.918955E-06 -1
vn -4.38003E-06 -4.918955E-06 1
vn 1 -5.148359E-07 5.595055E-06
vn -1 5.148359E-07 -5.595055E-06
vn -5.245184E-07 -1 -6.80926E-06
vn 5.245184E-07 1 6.80926E-06
vn 5.585338E-06 6.818977E-06 -1
vn -5.585338E-06 -6.818977E-06 1
vn 1 -1.214208E-06 4.196293E-06
vn -1 1.214208E-06 -4.196293E-06
vn -1.223909E-06 -1 -4.711111E-06
vn 1.223909E-06 1 4.711111E-06
vn 4.186577E-06 4.720826E-06 -1
vn -4.186577E-06 -4.720826E-06 1
vn 1 -1.214207E-06 4.196293E-06
vn -1 1.214207E-06 -4.196293E-06
vn -1.223909E-06 -1 -4.536266E-06
vn 1.223909E-06 1 4.536266E-06
vn 4.186577E-06 4.545981E-06 -1
vn -4.186577E-06 -4.545981E-06 1
vn 1 -6.896814E-07 5.944746E-06
vn -1 6.896814E-07 -5.944746E-06
vn -6.993616E-07 -1 -6.80926E-06
vn 6.993616E-07 1 6.80926E-06
vn 5.93503E-06 6.818977E-06 -1
vn -5.93503E-06 -6.818977E-06 1
vn 1 -6.896824E-07 6.119591E-06
vn -1 6.896824E-07 -6.119591E-06
vn -6.993604E-07 -1 -6.984106E-06
vn 6.993604E-07 1 6.984106E-06
vn 6.109875E-06 6.993822E-06 -1
vn -6.109875E-06 -6.993822E-06 1
vn 1 -5.148349E-07 5.595055E-06
vn -1 5.148349E-07 -5.595055E-06
vn -5.245184E-07 -1 -6.634414E-06
vn 5.245184E-07 1 6.634414E-06
vn 5.585338E-06 6.644132E-06 -1
vn -5.585338E-06 -6.644132E-06 1
vn 1 -6.896804E-07 5.769901E-06
vn -1 6.896804E-07 -5.769901E-06
vn -6.993628E-07 -1 -6.634414E-06
vn 6.993628E-07 1 6.634414E-06
vn 5.760185E-06 6.644131E-06 -1
vn -5.760185E-06 -6.644131E-06 1
vn 1 -1.651275E-07 2.272992E-06
vn -1 1.651275E-07 -2.272992E-06
vn -1.748427E-07 -1 -2.438117E-06
vn 1.748427E-07 1 2.438117E-06
vn 2.263272E-06 2.447838E-06 -1
vn -2.263272E-06 -2.447838E-06 1
vn 1 -1.651279E-07 2.447838E-06
vn -1 1.651279E-07 -2.447838E-06
vn -1.748422E-07 -1 -2.612963E-06
vn 1.748422E-07 1 2.612963E-06
vn 2.438117E-06 2.622683E-06 -1
vn -2.438117E-06 -2.622683E-06 1
vn 1 -2.281406E-07 3.542588E-06
vn -1 6.42576E-07 -2.797529E-06
vn -3.734152E-07 -1 -3.016718E-06
vn 3.734152E-07 1 3.019628E-06
vn 2.793224E-06 3.170501E-06 -1
vn -2.794133E-06 -3.170502E-06 1
vn 1 -8.645169E-07 4.720829E-06
vn -1 -1.753659E-07 -3.975775E-06
vn -8.953789E-07 -1 -5.3256E-06
vn 9.461855E-07 1 3.803734E-06
vn 4.719023E-06 4.720828E-06 -1
vn -4.723256E-06 -4.744111E-06 1
vn 1 -8.645187E-07 5.070519E-06
vn -1 1.196475E-06 -4.697988E-06
vn -7.629701E-07 -1 -5.512074E-06
vn 6.594897E-07 1 5.53277E-06
vn 5.067503E-06 5.07052E-06 -1
vn -5.077528E-06 -5.093803E-06 1
vn 1 -8.645187E-07 5.070519E-06
vn -1 1.430237E-06 -4.697987E-06
vn -9.836417E-07 -1 -5.534323E-06
vn 8.905098E-07 1 5.464474E-06
vn 5.070715E-06 5.07052E-06 -1
vn -5.073189E-06 -5.093803E-06 1
vn 1 -1.651284E-07 2.622683E-06
vn -1 1.651284E-07 -2.622683E-06
vn -1.748417E-07 -1 -2.787809E-06
vn 1.748417E-07 1 2.787809E-06
vn 2.612963E-06 2.797529E-06 -1
vn -2.612963E-06 -2.797529E-06 1
vn 1 -7.382756E-07 5.245363E-07
vn -1 5.148161E-07 -5.245365E-07
vn -5.57133E-07 -1 -2.851869E-07
vn 7.433975E-07 1 2.595757E-07
vn 5.281223E-07 5.245366E-07 -1
vn -5.173539E-07 -5.012535E-07 1
vn 1 -1.651251E-07 6.993822E-07
vn -1 3.517973E-07 -8.856466E-07
vn -1.826065E-07 -1 -3.370202E-07
vn -1.278343E-07 1 3.486615E-07
vn 6.927466E-07 6.993822E-07 -1
vn -6.840154E-07 -6.760991E-07 1
vn 1 -2.78782E-06 3.4969E-06
vn -1 2.78782E-06 -3.4969E-06
vn -2.797517E-06 -1 -6.809261E-06
vn 2.797517E-06 1 6.809261E-06
vn 3.487199E-06 6.818972E-06 -1
vn -3.487199E-06 -6.818972E-06 1
vn 1 -1.039359E-06 3.49691E-06
vn -1 1.168755E-06 -3.683175E-06
vn -9.90855E-07 -1 -4.931187E-06
vn 1.130559E-06 1 3.422153E-06
vn 3.486117E-06 3.869883E-06 -1
vn -3.494484E-06 -3.8466E-06 1
vn 1 -1.039359E-06 3.671756E-06
vn -1 1.039359E-06 -3.671756E-06
vn -1.049066E-06 -1 -3.836883E-06
vn 1.049066E-06 1 3.836883E-06
vn 3.662039E-06 3.8466E-06 -1
vn -3.662039E-06 -3.8466E-06 1
vn 1 -1.913588E-06 2.797522E-06
vn -1 1.913588E-06 -2.797522E-06
vn -1.923293E-06 -1 -5.410494E-06
vn 1.923293E-06 1 5.410494E-06
vn 2.787812E-06 5.42021E-06 -1
vn -2.787812E-06 -5.42021E-06 1
vn 1 -2.088434E-06 2.972367E-06
vn -1 2.088434E-06 -2.972367E-06
vn -2.098138E-06 -1 -5.58534E-06
vn 2.098138E-06 1 5.58534E-06
vn 2.962658E-06 5.595055E-06 -1
vn -2.962658E-06 -5.595055E-06 1
vn 1 -1.738742E-06 2.797522E-06
vn -1 1.738742E-06 -2.797522E-06
vn -1.748448E-06 -1 -5.235649E-06
vn 1.748448E-06 1 5.235649E-06
vn 2.787811E-06 5.245365E-06 -1
vn -2.787811E-06 -5.245365E-06 1
vn 1 -2.088434E-06 3.147213E-06
vn -1 2.088434E-06 -3.147213E-06
vn -2.098137E-06 -1 -5.760186E-06
vn 2.098137E-06 1 5.760186E-06
vn 3.137504E-06 5.7699E-06 -1
vn -3.137504E-06 -5.7699E-06 1
vn 1 -1.563896E-06 2.622677E-06
vn -1 1.563896E-06 -2.622677E-06
vn -1.573603E-06 -1 -5.060803E-06
vn 1.573603E-06 1 5.060803E-06
vn 2.612965E-06 5.070519E-06 -1
vn -2.612965E-06 -5.070519E-06 1
vn 1 -1.03936E-06 3.846601E-06
vn -1 1.03936E-06 -3.846601E-06
vn -1.049065E-06 -1 -4.011728E-06
vn 1.049065E-06 1 4.011728E-06
vn 3.836885E-06 4.021445E-06 -1
vn -3.836885E-06 -4.021445E-06 1
vn 1 -1.563895E-06 2.622678E-06
vn -1 1.563895E-06 -2.622678E-06
vn -1.573603E-06 -1 -4.885958E-06
vn 1.573603E-06 1 4.885958E-06
vn 2.612965E-06 4.895674E-06 -1
vn -2.612965E-06 -4.895674E-06 1
vn 1 -3.399705E-07 5.245365E-07
vn -1 3.399705E-07 -5.245365E-07
vn -3.49691E-07 -1 -3.399706E-07
vn 3.49691E-07 1 3.399706E-07
vn 5.14816E-07 3.496911E-07 -1
vn -5.14816E-07 -3.496911E-07 1
vn 1 -1.563895E-06 2.447832E-06
vn -1 1.563895E-06 -2.447832E-06
vn -1.573604E-06 -1 -4.711112E-06
vn 1.573604E-06 1 4.711112E-06
vn 2.438119E-06 4.720829E-06 -1
vn -2.438119E-06 -4.720829E-06 1
vn 1 9.720496E-09 6.993822E-07
vn -1 -9.720496E-09 -6.993822E-07
vn 2.989112E-13 -1 -6.896615E-07
vn -2.989112E-13 1 6.896615E-07
vn 6.896615E-07 6.993822E-07 -1
vn -6.896615E-07 -6.993822E-07 1
vn 1 -1.73874E-06 2.098142E-06
vn -1 1.73874E-06 -2.098142E-06
vn -1.748451E-06 -1 -4.36142E-06
vn 1.748451E-06 1 4.36142E-06
vn 2.088429E-06 4.371137E-06 -1
vn -2.088429E-06 -4.371137E-06 1
vn 1 1.398765E-06 5.148173E-07
vn -1 -1.398765E-06 -5.148173E-07
vn -5.245357E-07 -1.361186E-06 1
vn 5.245357E-07 1.361186E-06 -1
vn 1.389045E-06 -1 -1.370906E-06
vn -1.389045E-06 1 1.370906E-06
vn 1 -3.399705E-07 3.49691E-07
vn -1 3.399705E-07 -3.49691E-07
vn -3.496911E-07 -1 -1.65125E-07
vn 3.496911E-07 1 1.65125E-07
vn 3.399704E-07 1.748455E-07 -1
vn -3.399704E-07 -1.748455E-07 1
vn 1 -1.563895E-06 2.272987E-06
vn -1 1.563895E-06 -2.272987E-06
vn -1.573605E-06 -1 -4.536266E-06
vn 1.573605E-06 1 4.536266E-06
vn 2.263274E-06 4.545983E-06 -1
vn -2.263274E-06 -4.545983E-06 1
vn 1 9.720679E-09 1.748456E-07
vn -1 -9.720679E-09 -1.748456E-07
vn 2.887135E-14 -1 -1.651249E-07
vn -2.887135E-14 1 1.651249E-07
vn 1.651249E-07 1.748456E-07 -1
vn -1.651249E-07 -1.748456E-07 1
vn 1 -5.148203E-07 2.972374E-06
vn -1 5.148203E-07 -2.972374E-06
vn -5.245316E-07 -1 -3.1375E-06
vn 5.245316E-07 1 3.1375E-06
vn 2.962655E-06 3.147219E-06 -1
vn -2.962655E-06 -3.147219E-06 1
vn 1 -6.896664E-07 3.14722E-06
vn -1 6.896664E-07 -3.14722E-06
vn -6.993766E-07 -1 -3.312346E-06
vn 6.993766E-07 1 3.312346E-06
vn 3.137501E-06 3.322064E-06 -1
vn -3.137501E-06 -3.322064E-06 1
vn 1 9.720679E-09 0
vn -1 -9.720679E-09 0
vn 0 -1 9.720679E-09
vn 0 1 -9.720679E-09
vn -9.720679E-09 0 -1
vn 9.720679E-09 0 1
vn 1 9.720679E-09 0
vn -1 -9.720679E-09 0
vn 0 -1 9.720679E-09
vn 0 1 -9.720679E-09
vn -9.720679E-09 0 -1
vn 9.720679E-09 0 1
vn 1 -1.73874E-06 2.272987E-06
vn -1 1.73874E-06 -2.272987E-06
vn -1.74845E-06 -1 -4.536265E-06
vn 1.74845E-06 1 4.536265E-06
vn 2.263274E-06 4.545982E-06 -1
vn -2.263274E-06 -4.545982E-06 1
vn 1 -1.389054E-06 4.371138E-06
vn -1 1.161286E-06 -3.99861E-06
vn -1.261963E-06 -1 -5.418556E-06
vn 1.331819E-06 1 3.941537E-06
vn 4.367747E-06 4.895671E-06 -1
vn -4.379025E-06 -4.895671E-06 1
vn 1 9.720679E-09 0
vn -1 -9.720679E-09 0
vn 0 -1 9.720679E-09
vn 0 1 -9.720679E-09
vn -9.720679E-09 0 -1
vn 9.720679E-09 0 1
vn 1 9.720588E-09 5.245366E-07
vn -1 -9.720588E-09 -5.245366E-07
vn 1.783269E-13 -1 -5.14816E-07
vn -1.783269E-13 1 5.14816E-07
vn 5.14816E-07 5.245366E-07 -1
vn -5.14816E-07 -5.245366E-07 1
vn 1 -1.651272E-07 2.098147E-06
vn -1 1.651272E-07 -2.098147E-06
vn -1.748431E-07 -1 -2.263272E-06
vn 1.748431E-07 1 2.263272E-06
vn 2.088426E-06 2.272992E-06 -1
vn -2.088426E-06 -2.272992E-06 1
vn 1 -6.896722E-07 4.720828E-06
vn -1 6.896722E-07 -4.720828E-06
vn -6.993698E-07 -1 -4.885958E-06
vn 6.993698E-07 1 4.885958E-06
vn 4.711111E-06 4.895675E-06 -1
vn -4.711111E-06 -4.895675E-06 1
vn 1 -5.148219E-07 3.496911E-06
vn -1 5.148219E-07 -3.496911E-06
vn -5.245298E-07 -1 -3.662037E-06
vn 5.245298E-07 1 3.662037E-06
vn 3.487192E-06 3.671756E-06 -1
vn -3.487192E-06 -3.671756E-06 1
vn 1 -5.148214E-07 3.496911E-06
vn -1 5.148214E-07 -3.496911E-06
vn -5.245298E-07 -1 -3.487191E-06
vn 5.245298E-07 1 3.487191E-06
vn 3.487192E-06 3.49691E-06 -1
vn -3.487192E-06 -3.49691E-06 1
vn 1 -1.039361E-06 4.196293E-06
vn -1 1.039361E-06 -4.196293E-06
vn -1.049063E-06 -1 -4.36142E-06
vn 1.049063E-06 1 4.36142E-06
vn 4.186576E-06 4.371136E-06 -1
vn -4.186576E-06 -4.371136E-06 1
vn 1 -5.148329E-07 5.42021E-06
vn -1 5.148329E-07 -5.42021E-06
vn -5.245196E-07 -1 -6.284723E-06
vn 5.245196E-07 1 6.284723E-06
vn 5.410493E-06 6.294441E-06 -1
vn -5.410493E-06 -6.294441E-06 1
vn 1 -5.14832E-07 5.245365E-06
vn -1 5.14832E-07 -5.245365E-06
vn -5.245207E-07 -1 -6.109877E-06
vn 5.245207E-07 1 6.109877E-06
vn 5.235647E-06 6.119595E-06 -1
vn -5.235647E-06 -6.119595E-06 1
vn 1 -6.896693E-07 4.021447E-06
vn -1 6.896693E-07 -4.021447E-06
vn -6.993731E-07 -1 -4.186574E-06
vn 6.993731E-07 1 4.186574E-06
vn 4.011729E-06 4.196292E-06 -1
vn -4.011729E-06 -4.196292E-06 1
vn 1 -1.214208E-06 4.196293E-06
vn -1 1.214208E-06 -4.196293E-06
vn -1.223909E-06 -1 -4.711111E-06
vn 1.223909E-06 1 4.711111E-06
vn 4.186577E-06 4.720826E-06 -1
vn -4.186577E-06 -4.720826E-06 1
vn 1 -3.399788E-07 3.846602E-06
vn -1 3.399788E-07 -3.846602E-06
vn -3.496827E-07 -1 -4.36142E-06
vn 3.496827E-07 1 4.36142E-06
vn 3.836883E-06 4.371139E-06 -1
vn -3.836883E-06 -4.371139E-06 1
vn 1 -8.645148E-07 3.846602E-06
vn -1 8.645148E-07 -3.846602E-06
vn -8.742194E-07 -1 -4.186574E-06
vn 8.742194E-07 1 4.186574E-06
vn 3.836885E-06 4.196291E-06 -1
vn -3.836885E-06 -4.196291E-06 1
vn 1 -3.399848E-07 4.895674E-06
vn -1 3.399848E-07 -4.895674E-06
vn -3.496773E-07 -1 -5.760186E-06
vn 3.496773E-07 1 5.760186E-06
vn 4.885955E-06 5.769904E-06 -1
vn -4.885955E-06 -5.769904E-06 1
vn 1 -8.645155E-07 3.846602E-06
vn -1 8.645155E-07 -3.846602E-06
vn -8.742194E-07 -1 -4.36142E-06
vn 8.742194E-07 1 4.36142E-06
vn 3.836885E-06 4.371137E-06 -1
vn -3.836885E-06 -4.371137E-06 1
vn 1 -5.148312E-07 5.070519E-06
vn -1 5.148312E-07 -5.070519E-06
vn -5.245218E-07 -1 -5.935031E-06
vn 5.245218E-07 1 5.935031E-06
vn 5.060801E-06 5.944749E-06 -1
vn -5.060801E-06 -5.944749E-06 1
vn 1 -3.399823E-07 4.545983E-06
vn -1 3.399823E-07 -4.545983E-06
vn -3.496792E-07 -1 -5.235649E-06
vn 3.496792E-07 1 5.235649E-06
vn 4.536264E-06 5.245367E-06 -1
vn -4.536264E-06 -5.245367E-06 1
vn 1 1.748451E-07 8.645074E-07
vn -1 -1.748451E-07 -8.645074E-07
vn -8.742278E-07 -8.843488E-07 1
vn 8.742278E-07 8.843488E-07 -1
vn 1.651253E-07 -1 -8.940693E-07
vn -1.651253E-07 1 8.940693E-07
vn 1 -6.896686E-07 3.846602E-06
vn -1 6.896686E-07 -3.846602E-06
vn -6.993739E-07 -1 -4.011728E-06
vn 6.993739E-07 1 4.011728E-06
vn 3.836884E-06 4.021446E-06 -1
vn -3.836884E-06 -4.021446E-06 1
vn 1 -1.039362E-06 4.021447E-06
vn -1 1.039362E-06 -4.021447E-06
vn -1.049064E-06 -1 -4.536265E-06
vn 1.049064E-06 1 4.536265E-06
vn 4.011731E-06 4.545981E-06 -1
vn -4.011731E-06 -4.545981E-06 1
vn 1 -3.399816E-07 4.371138E-06
vn -1 3.399816E-07 -4.371138E-06
vn -3.496802E-07 -1 -5.060803E-06
vn 3.496802E-07 1 5.060803E-06
vn 4.361419E-06 5.070522E-06 -1
vn -4.361419E-06 -5.070522E-06 1
vn 1 1.748452E-07 6.896618E-07
vn -1 -1.748452E-07 -6.896618E-07
vn -6.993823E-07 -7.055349E-07 1
vn 6.993823E-07 7.055349E-07 -1
vn 1.651251E-07 -1 -7.152555E-07
vn -1.651251E-07 1 7.152555E-07
vn 1 3.496909E-07 5.148162E-07
vn -1 -3.496909E-07 -5.148162E-07
vn -5.245366E-07 -5.267211E-07 1
vn 5.245366E-07 5.267211E-07 -1
vn 3.399705E-07 -1 -5.364416E-07
vn -3.399705E-07 1 5.364416E-07
vn 1 -5.148224E-07 3.671757E-06
vn -1 5.148224E-07 -3.671757E-06
vn -5.24529E-07 -1 -3.836883E-06
vn 5.24529E-07 1 3.836883E-06
vn 3.662038E-06 3.846601E-06 -1
vn -3.662038E-06 -3.846601E-06 1
vn 1 -6.896699E-07 4.196293E-06
vn -1 6.896699E-07 -4.196293E-06
vn -6.993723E-07 -1 -4.36142E-06
vn 6.993723E-07 1 4.36142E-06
vn 4.186575E-06 4.371138E-06 -1
vn -4.186575E-06 -4.371138E-06 1
vn 1 -3.39984E-07 4.720829E-06
vn -1 3.39984E-07 -4.720829E-06
vn -3.496783E-07 -1 -5.58534E-06
vn 3.496783E-07 1 5.58534E-06
vn 4.71111E-06 5.595059E-06 -1
vn -4.71111E-06 -5.595059E-06 1
vn 1 -3.399801E-07 4.196293E-06
vn -1 3.399801E-07 -4.196293E-06
vn -3.49681E-07 -1 -4.711112E-06
vn 3.49681E-07 1 4.711112E-06
vn 4.186574E-06 4.72083E-06 -1
vn -4.186574E-06 -4.72083E-06 1
vn 1 -3.399781E-07 3.671757E-06
vn -1 3.399781E-07 -3.671757E-06
vn -3.496834E-07 -1 -4.186574E-06
vn 3.496834E-07 1 4.186574E-06
vn 3.662037E-06 4.196294E-06 -1
vn -3.662037E-06 -4.196294E-06 1
vn 1 -5.148208E-07 3.14722E-06
vn -1 5.148208E-07 -3.14722E-06
vn -5.245311E-07 -1 -3.312346E-06
vn 5.245311E-07 1 3.312346E-06
vn 3.137501E-06 3.322064E-06 -1
vn -3.137501E-06 -3.322064E-06 1
vn 1 -6.896707E-07 4.371138E-06
vn -1 6.896707E-07 -4.371138E-06
vn -6.993715E-07 -1 -4.536266E-06
vn 6.993715E-07 1 4.536266E-06
vn 4.36142E-06 4.545984E-06 -1
vn -4.36142E-06 -4.545984E-06 1
vn 1 9.720679E-09 1.748456E-07
vn -1 -9.720679E-09 -1.748456E-07
vn 2.887135E-14 -1 -1.651249E-07
vn -2.887135E-14 1 1.651249E-07
vn 1.651249E-07 1.748456E-07 -1
vn -1.651249E-07 -1.748456E-07 1
vn 1 9.720649E-09 3.496911E-07
vn -1 -9.720649E-09 -3.496911E-07
vn 8.831367E-14 -1 -3.399704E-07
vn -8.831367E-14 1 3.399704E-07
vn 3.399704E-07 3.496911E-07 -1
vn -3.399704E-07 -3.496911E-07 1
vn 1 -5.148213E-07 3.322065E-06
vn -1 5.148213E-07 -3.322065E-06
vn -5.245304E-07 -1 -3.487191E-06
vn 5.245304E-07 1 3.487191E-06
vn 3.312347E-06 3.49691E-06 -1
vn -3.312347E-06 -3.49691E-06 1
vn 1 -5.148198E-07 2.797529E-06
vn -1 5.148198E-07 -2.797529E-06
vn -5.245322E-07 -1 -2.962654E-06
vn 5.245322E-07 1 2.962654E-06
vn 2.78781E-06 2.972374E-06 -1
vn -2.78781E-06 -2.972374E-06 1
vn 1 1.223919E-06 8.64509E-07
vn -1 -1.223919E-06 -8.64509E-07
vn -8.742271E-07 -1.897628E-06 1
vn 8.742271E-07 1.897628E-06 -1
vn 1.2142E-06 -1 -1.907347E-06
vn -1.2142E-06 1 1.907347E-06
vn 1 1.223919E-06 6.896632E-07
vn -1 -1.223919E-06 -6.896632E-07
vn -6.993816E-07 -1.718814E-06 1
vn 6.993816E-07 1.718814E-06 -1
vn 1.214199E-06 -1 -1.728534E-06
vn -1.214199E-06 1 1.728534E-06
vn 1 1.223919E-06 5.148174E-07
vn -1 -1.223919E-06 -5.148174E-07
vn -5.24536E-07 -1.54E-06 1
vn 5.24536E-07 1.54E-06 -1
vn 1.214199E-06 -1 -1.54972E-06
vn -1.214199E-06 1 1.54972E-06
vn 1 -8.64513E-07 3.496911E-06
vn -1 8.64513E-07 -3.496911E-06
vn -8.742209E-07 -1 -3.662037E-06
vn 8.742209E-07 1 3.662037E-06
vn 3.487193E-06 3.671754E-06 -1
vn -3.487193E-06 -3.671754E-06 1
vn 1 -1.563894E-06 1.923297E-06
vn -1 1.563894E-06 -1.923297E-06
vn -1.573606E-06 -1 -4.186574E-06
vn 1.573606E-06 1 4.186574E-06
vn 1.913583E-06 4.196292E-06 -1
vn -1.913583E-06 -4.196292E-06 1
vn 1 -1.73874E-06 2.098142E-06
vn -1 1.73874E-06 -2.098142E-06
vn -1.748451E-06 -1 -4.536265E-06
vn 1.748451E-06 1 4.536265E-06
vn 2.088429E-06 4.545982E-06 -1
vn -2.088429E-06 -4.545982E-06 1
vn 1 -1.563894E-06 2.098142E-06
vn -1 1.563894E-06 -2.098142E-06
vn -1.573606E-06 -1 -4.36142E-06
vn 1.573606E-06 1 4.36142E-06
vn 2.088428E-06 4.371137E-06 -1
vn -2.088428E-06 -4.371137E-06 1
vn 1 -1.563894E-06 2.098142E-06
vn -1 1.563894E-06 -2.098142E-06
vn -1.573606E-06 -1 -4.36142E-06
vn 1.573606E-06 1 4.36142E-06
vn 2.088428E-06 4.371137E-06 -1
vn -2.088428E-06 -4.371137E-06 1
vn 1 -5.148203E-07 2.972374E-06
vn -1 5.148203E-07 -2.972374E-06
vn -5.245316E-07 -1 -3.1375E-06
vn 5.245316E-07 1 3.1375E-06
vn 2.962655E-06 3.147219E-06 -1
vn -2.962655E-06 -3.147219E-06 1
vn 1 -3.399775E-07 3.496911E-06
vn -1 3.399775E-07 -3.496911E-06
vn -3.496841E-07 -1 -4.011728E-06
vn 3.496841E-07 1 4.011728E-06
vn 3.487192E-06 4.021448E-06 -1
vn -3.487192E-06 -4.021448E-06 1
vn 1 -3.399769E-07 3.322065E-06
vn -1 3.399769E-07 -3.322065E-06
vn -3.496848E-07 -1 -3.836882E-06
vn 3.496848E-07 1 3.836882E-06
vn 3.312346E-06 3.846602E-06 -1
vn -3.312346E-06 -3.846602E-06 1
vn 3.715974E-07 -3.780966E-07 -1
vn -3.203747E-07 3.292022E-07 1
vn -7.603026E-07 -1 1.867095E-07
vn 5.705456E-07 1 -1.867095E-07
vn -1 6.993824E-07 -1.257272E-08
vn 1 -6.993823E-07 3.479071E-07
vn 1 5.245366E-07 5.148161E-07
vn -1 -5.245366E-07 -5.148161E-07
vn -5.245365E-07 -3.479072E-07 1
vn 5.245365E-07 3.479072E-07 -1
vn 5.148161E-07 -1 -3.576276E-07
vn -5.148161E-07 1 3.576276E-07
vn 1 5.245363E-07 8.645075E-07
vn -1 -5.245363E-07 -8.645075E-07
vn -8.742276E-07 -7.055349E-07 1
vn 8.742276E-07 7.055349E-07 -1
vn 5.148164E-07 -1 -7.152552E-07
vn -5.148164E-07 1 7.152552E-07
vn 1 -6.896681E-07 3.14722E-06
vn -1 6.896681E-07 -3.14722E-06
vn -6.993767E-07 -1 -3.836882E-06
vn 6.993767E-07 1 3.836882E-06
vn 3.137502E-06 3.846601E-06 -1
vn -3.137502E-06 -3.846601E-06 1
vn 1 -1.563894E-06 2.098142E-06
vn -1 1.563894E-06 -2.098142E-06
vn -1.573606E-06 -1 -4.186575E-06
vn 1.573606E-06 1 4.186575E-06
vn 2.088428E-06 4.196292E-06 -1
vn -2.088428E-06 -4.196292E-06 1
vn 1 -1.563894E-06 1.923297E-06
vn -1 1.563894E-06 -1.923297E-06
vn -1.573606E-06 -1 -4.011728E-06
vn 1.573606E-06 1 4.011728E-06
vn 1.913583E-06 4.021446E-06 -1
vn -1.913583E-06 -4.021446E-06 1
vn 1 -6.896676E-07 3.14722E-06
vn -1 6.896676E-07 -3.14722E-06
vn -6.993767E-07 -1 -3.662037E-06
vn 6.993767E-07 1 3.662037E-06
vn 3.137502E-06 3.671755E-06 -1
vn -3.137502E-06 -3.671755E-06 1
vn 1 -5.148215E-07 3.14722E-06
vn -1 5.148215E-07 -3.14722E-06
vn -5.245312E-07 -1 -3.487191E-06
vn 5.245312E-07 1 3.487191E-06
vn 3.137501E-06 3.49691E-06 -1
vn -3.137501E-06 -3.49691E-06 1
vn 1 -5.148186E-07 2.098147E-06
vn -1 6.828641E-07 -2.098146E-06
vn -4.634187E-07 -1 -1.221577E-06
vn 5.332648E-07 1 2.702962E-06
vn 2.096205E-06 2.47112E-06 -1
vn -2.10148E-06 -2.494403E-06 1
vn 1 1.923301E-06 1.651266E-07
vn -1 -2.109566E-06 -1.664657E-07
vn -1.340985E-07 -1.572013E-06 1
vn 2.039478E-07 1.525447E-06 -1
vn 1.999088E-06 -1 -2.271494E-06
vn -1.839017E-06 1 7.813784E-07
vn 1 -1.563893E-06 1.748452E-06
vn -1 1.563893E-06 -1.748452E-06
vn -1.573607E-06 -1 -3.836883E-06
vn 1.573607E-06 1 3.836883E-06
vn 1.738737E-06 3.846601E-06 -1
vn -1.738737E-06 -3.846601E-06 1
vn 1 -3.399754E-07 2.972374E-06
vn -1 3.399754E-07 -2.972374E-06
vn -3.496862E-07 -1 -3.312345E-06
vn 3.496862E-07 1 3.312345E-06
vn 2.962655E-06 3.322065E-06 -1
vn -2.962655E-06 -3.322065E-06 1
vn 1 -1.563893E-06 1.573606E-06
vn -1 1.563893E-06 -1.573606E-06
vn -1.573608E-06 -1 -3.662037E-06
vn 1.573608E-06 1 3.662037E-06
vn 1.563891E-06 3.671755E-06 -1
vn -1.563891E-06 -3.671755E-06 1
vn 1 -1.214201E-06 1.573607E-06
vn -1 1.214201E-06 -1.573607E-06
vn -1.223917E-06 -1 -3.312346E-06
vn 1.223917E-06 1 3.312346E-06
vn 1.56389E-06 3.322064E-06 -1
vn -1.56389E-06 -3.322064E-06 1
vn 1 -1.389047E-06 1.573607E-06
vn -1 1.389047E-06 -1.573607E-06
vn -1.398762E-06 -1 -3.487191E-06
vn 1.398762E-06 1 3.487191E-06
vn 1.563891E-06 3.49691E-06 -1
vn -1.563891E-06 -3.49691E-06 1
vn 1 -1.214202E-06 1.573607E-06
vn -1 1.214202E-06 -1.573607E-06
vn -1.223917E-06 -1 -3.487191E-06
vn 1.223917E-06 1 3.487191E-06
vn 1.56389E-06 3.49691E-06 -1
vn -1.56389E-06 -3.49691E-06 1
vn 1 -3.399749E-07 2.972374E-06
vn -1 3.399749E-07 -2.972374E-06
vn -3.496862E-07 -1 -3.1375E-06
vn 3.496862E-07 1 3.1375E-06
vn 2.962655E-06 3.14722E-06 -1
vn -2.962655E-06 -3.14722E-06 1
vn 1 -3.399743E-07 2.797529E-06
vn -1 3.399743E-07 -2.797529E-06
vn -3.496868E-07 -1 -2.962654E-06
vn 3.496868E-07 1 2.962654E-06
vn 2.787809E-06 2.972374E-06 -1
vn -2.787809E-06 -2.972374E-06 1
vn 1 9.719823E-09 1.398765E-06
vn -1 2.728779E-07 -1.026235E-06
vn 4.65673E-08 -1 -1.443856E-06
vn -7.761032E-08 1 6.813356E-07
vn 1.397144E-06 1.398765E-06 -1
vn -1.397144E-06 -1.398765E-06 1
vn 1 -1.389047E-06 1.573607E-06
vn -1 1.389047E-06 -1.573607E-06
vn -1.398762E-06 -1 -3.662037E-06
vn 1.398762E-06 1 3.662037E-06
vn 1.563891E-06 3.671755E-06 -1
vn -1.563891E-06 -3.671755E-06 1
vn 1 -6.896647E-07 2.622682E-06
vn -1 6.896647E-07 -2.622682E-06
vn -6.993776E-07 -1 -2.962655E-06
vn 6.993776E-07 1 2.962655E-06
vn 2.612963E-06 2.972374E-06 -1
vn -2.612963E-06 -2.972374E-06 1
vn 1 -3.399739E-07 2.622683E-06
vn -1 3.399739E-07 -2.622683E-06
vn -3.496873E-07 -1 -2.787809E-06
vn 3.496873E-07 1 2.787809E-06
vn 2.612963E-06 2.797528E-06 -1
vn -2.612963E-06 -2.797528E-06 1
vn 1 -1.651266E-07 1.748455E-06
vn -1 1.651266E-07 -1.748455E-06
vn -1.748439E-07 -1 -1.913581E-06
vn 1.748439E-07 1 1.913581E-06
vn 1.738735E-06 1.923301E-06 -1
vn -1.738735E-06 -1.923301E-06 1
vn 1 -3.399735E-07 2.447838E-06
vn -1 3.399735E-07 -2.447838E-06
vn -3.496878E-07 -1 -2.612963E-06
vn 3.496878E-07 1 2.612963E-06
vn 2.438118E-06 2.622683E-06 -1
vn -2.438118E-06 -2.622683E-06 1
vn 1 -5.148194E-07 2.622683E-06
vn -1 5.148194E-07 -2.622683E-06
vn -5.245328E-07 -1 -2.787809E-06
vn 5.245328E-07 1 2.787809E-06
vn 2.612964E-06 2.797528E-06 -1
vn -2.612964E-06 -2.797528E-06 1
vn 1 -1.651263E-07 1.748455E-06
vn -1 1.651263E-07 -1.748455E-06
vn -1.748439E-07 -1 -1.738735E-06
vn 1.748439E-07 1 1.738735E-06
vn 1.738735E-06 1.748456E-06 -1
vn -1.738735E-06 -1.748456E-06 1
vn 1 -3.399731E-07 2.272992E-06
vn -1 3.399731E-07 -2.272992E-06
vn -3.496882E-07 -1 -2.438117E-06
vn 3.496882E-07 1 2.438117E-06
vn 2.263272E-06 2.447837E-06 -1
vn -2.263272E-06 -2.447837E-06 1
vn 1 -1.65126E-07 1.57361E-06
vn -1 1.65126E-07 -1.57361E-06
vn -1.748442E-07 -1 -1.56389E-06
vn 1.748442E-07 1 1.56389E-06
vn 1.563889E-06 1.57361E-06 -1
vn -1.563889E-06 -1.57361E-06 1
vn 1 -3.399705E-07 5.245365E-07
vn -1 3.399705E-07 -5.245365E-07
vn -3.496909E-07 -1 -5.148162E-07
vn 3.496909E-07 1 5.148162E-07
vn 5.14816E-07 5.245366E-07 -1
vn -5.14816E-07 -5.245366E-07 1
vn 1 -3.399727E-07 2.098147E-06
vn -1 3.399727E-07 -2.098147E-06
vn -3.496886E-07 -1 -2.263272E-06
vn 3.496886E-07 1 2.263272E-06
vn 2.088427E-06 2.272992E-06 -1
vn -2.088427E-06 -2.272992E-06 1
vn 1 -3.399721E-07 1.923301E-06
vn -1 3.399721E-07 -1.923301E-06
vn -3.496891E-07 -1 -1.91358E-06
vn 3.496891E-07 1 1.91358E-06
vn 1.913581E-06 1.923301E-06 -1
vn -1.913581E-06 -1.923301E-06 1
vn 1 -3.399706E-07 6.99382E-07
vn -1 3.399706E-07 -6.99382E-07
vn -3.496908E-07 -1 -6.896618E-07
vn 3.496908E-07 1 6.896618E-07
vn 6.896615E-07 6.993822E-07 -1
vn -6.896615E-07 -6.993822E-07 1
vn 1 -1.651268E-07 1.923301E-06
vn -1 1.651268E-07 -1.923301E-06
vn -1.748435E-07 -1 -2.088426E-06
vn 1.748435E-07 1 2.088426E-06
vn 1.913581E-06 2.098147E-06 -1
vn -1.913581E-06 -2.098147E-06 1
vn 1 9.720037E-09 1.223919E-06
vn -1 -9.720037E-09 -1.223919E-06
vn 8.440899E-13 -1 -1.214198E-06
vn -8.440899E-13 1 1.214198E-06
vn 1.214198E-06 1.223919E-06 -1
vn -1.214198E-06 -1.223919E-06 1
vn 1 9.720221E-09 1.049073E-06
vn -1 -9.720221E-09 -1.049073E-06
vn 6.317927E-13 -1 -1.039353E-06
vn -6.317927E-13 1 1.039353E-06
vn 1.039353E-06 1.049073E-06 -1
vn -1.039353E-06 -1.049073E-06 1
vn 1 -3.399725E-07 1.923301E-06
vn -1 3.399725E-07 -1.923301E-06
vn -3.496891E-07 -1 -2.088426E-06
vn 3.496891E-07 1 2.088426E-06
vn 1.913581E-06 2.098146E-06 -1
vn -1.913581E-06 -2.098146E-06 1
vn 1 -5.148165E-07 1.049073E-06
vn -1 5.148165E-07 -1.049073E-06
vn -5.24536E-07 -1 -1.039353E-06
vn 5.24536E-07 1 1.039353E-06
vn 1.039353E-06 1.049073E-06 -1
vn -1.039353E-06 -1.049073E-06 1
vn 1 -1.651263E-07 1.748456E-06
vn -1 1.651263E-07 -1.748456E-06
vn -1.748439E-07 -1 -1.738735E-06
vn 1.748439E-07 1 1.738735E-06
vn 1.738735E-06 1.748455E-06 -1
vn -1.738735E-06 -1.748455E-06 1
vn 1 -5.148165E-07 1.049073E-06
vn -1 5.148165E-07 -1.049073E-06
vn -5.24536E-07 -1 -1.039353E-06
vn 5.24536E-07 1 1.039353E-06
vn 1.039353E-06 1.049073E-06 -1
vn -1.039353E-06 -1.049073E-06 1
vn 1 -3.399728E-07 2.098147E-06
vn -1 3.399728E-07 -2.098147E-06
vn -3.496887E-07 -1 -2.263272E-06
vn 3.496887E-07 1 2.263272E-06
vn 2.088427E-06 2.272992E-06 -1
vn -2.088427E-06 -2.272992E-06 1
vn 1 -3.399732E-07 2.272992E-06
vn -1 3.399732E-07 -2.272992E-06
vn -3.496883E-07 -1 -2.438117E-06
vn 3.496883E-07 1 2.438117E-06
vn 2.263272E-06 2.447837E-06 -1
vn -2.263272E-06 -2.447837E-06 1
vn 1 -5.148166E-07 1.223918E-06
vn -1 5.148166E-07 -1.223918E-06
vn -5.245358E-07 -1 -1.214199E-06
vn 5.245358E-07 1 1.214199E-06
vn 1.214198E-06 1.223919E-06 -1
vn -1.214198E-06 -1.223919E-06 1
vn 1 -5.148169E-07 1.223918E-06
vn -1 5.148169E-07 -1.223918E-06
vn -5.245358E-07 -1 -1.389044E-06
vn 5.245358E-07 1 1.389044E-06
vn 1.214198E-06 1.398764E-06 -1
vn -1.214198E-06 -1.398764E-06 1
vn 1 -3.399736E-07 2.272992E-06
vn -1 3.399736E-07 -2.272992E-06
vn -3.496883E-07 -1 -2.612963E-06
vn 3.496883E-07 1 2.612963E-06
vn 2.263272E-06 2.622683E-06 -1
vn -2.263272E-06 -2.622683E-06 1
vn 1 -5.14817E-07 1.398764E-06
vn -1 5.14817E-07 -1.398764E-06
vn -5.245356E-07 -1 -1.56389E-06
vn 5.245356E-07 1 1.56389E-06
vn 1.389044E-06 1.57361E-06 -1
vn -1.389044E-06 -1.57361E-06 1
vn 1 -3.39974E-07 2.447838E-06
vn -1 3.39974E-07 -2.447838E-06
vn -3.496878E-07 -1 -2.787809E-06
vn 3.496878E-07 1 2.787809E-06
vn 2.438118E-06 2.797528E-06 -1
vn -2.438118E-06 -2.797528E-06 1
vn 1 -3.399744E-07 2.622683E-06
vn -1 3.399744E-07 -2.622683E-06
vn -3.496873E-07 -1 -2.962654E-06
vn 3.496873E-07 1 2.962654E-06
vn 2.612963E-06 2.972374E-06 -1
vn -2.612963E-06 -2.972374E-06 1
vn 1 -3.399758E-07 2.972374E-06
vn -1 3.399758E-07 -2.972374E-06
vn -3.496861E-07 -1 -3.487191E-06
vn 3.496861E-07 1 3.487191E-06
vn 2.962655E-06 3.496911E-06 -1
vn -2.962655E-06 -3.496911E-06 1
vn 1 -3.399748E-07 2.797529E-06
vn -1 3.399748E-07 -2.797529E-06
vn -3.496867E-07 -1 -3.1375E-06
vn 3.496867E-07 1 3.1375E-06
vn 2.787809E-06 3.14722E-06 -1
vn -2.787809E-06 -3.14722E-06 1
vn 1 -3.399753E-07 2.797529E-06
vn -1 3.399753E-07 -2.797529E-06
vn -3.496867E-07 -1 -3.312345E-06
vn 3.496867E-07 1 3.312345E-06
vn 2.787809E-06 3.322065E-06 -1
vn -2.787809E-06 -3.322065E-06 1
vn 1 -1.651257E-07 1.398764E-06
vn -1 1.651257E-07 -1.398764E-06
vn -1.748445E-07 -1 -1.389044E-06
vn 1.748445E-07 1 1.389044E-06
vn 1.389044E-06 1.398764E-06 -1
vn -1.389044E-06 -1.398764E-06 1
vn 1 -1.651255E-07 1.223919E-06
vn -1 1.651255E-07 -1.223919E-06
vn -1.748447E-07 -1 -1.214198E-06
vn 1.748447E-07 1 1.214198E-06
vn 1.214198E-06 1.223919E-06 -1
vn -1.214198E-06 -1.223919E-06 1
vn 1 -1.651265E-07 1.748455E-06
vn -1 1.651265E-07 -1.748455E-06
vn -1.748438E-07 -1 -1.913581E-06
vn 1.748438E-07 1 1.913581E-06
vn 1.738735E-06 1.923301E-06 -1
vn -1.738735E-06 -1.923301E-06 1
vn 1 9.720374E-09 8.742278E-07
vn -1 -9.720374E-09 -8.742278E-07
vn 4.500664E-13 -1 -8.645071E-07
vn -4.500664E-13 1 8.645071E-07
vn 8.645071E-07 8.742278E-07 -1
vn -8.645071E-07 -8.742278E-07 1
vn 1 -1.65126E-07 1.398764E-06
vn -1 1.65126E-07 -1.398764E-06
vn -1.748445E-07 -1 -1.56389E-06
vn 1.748445E-07 1 1.56389E-06
vn 1.389044E-06 1.57361E-06 -1
vn -1.389044E-06 -1.57361E-06 1
vn 1 9.718661E-09 2.098147E-06
vn -1 -9.718661E-09 -2.098147E-06
vn 1.997289E-12 -1 -1.91358E-06
vn -1.997289E-12 1 1.91358E-06
vn 2.088426E-06 1.923301E-06 -1
vn -2.088426E-06 -1.923301E-06 1
vn 1 9.718998E-09 1.923301E-06
vn -1 -9.718998E-09 -1.923301E-06
vn 1.662708E-12 -1 -1.738735E-06
vn -1.662708E-12 1 1.738735E-06
vn 1.91358E-06 1.748456E-06 -1
vn -1.91358E-06 -1.748456E-06 1
vn 1 -6.896635E-07 2.098145E-06
vn -1 6.896635E-07 -2.098145E-06
vn -6.993791E-07 -1 -2.438118E-06
vn 6.993791E-07 1 2.438118E-06
vn 2.088426E-06 2.447837E-06 -1
vn -2.088426E-06 -2.447837E-06 1
vn 1 9.718998E-09 1.923301E-06
vn -1 -9.718998E-09 -1.923301E-06
vn 1.662708E-12 -1 -1.738735E-06
vn -1.662708E-12 1 1.738735E-06
vn 1.91358E-06 1.748456E-06 -1
vn -1.91358E-06 -1.748456E-06 1
vn 1 9.720496E-09 6.993822E-07
vn -1 -9.720496E-09 -6.993822E-07
vn 2.989112E-13 -1 -6.896615E-07
vn -2.989112E-13 1 6.896615E-07
vn 6.896615E-07 6.993822E-07 -1
vn -6.896615E-07 -6.993822E-07 1
vn 1 -1.651253E-07 1.049073E-06
vn -1 1.651253E-07 -1.049073E-06
vn -1.748449E-07 -1 -1.039353E-06
vn 1.748449E-07 1 1.039353E-06
vn 1.039353E-06 1.049073E-06 -1
vn -1.039353E-06 -1.049073E-06 1
vn 1 -1.651257E-07 1.398764E-06
vn -1 1.651257E-07 -1.398764E-06
vn -1.748445E-07 -1 -1.389044E-06
vn 1.748445E-07 1 1.389044E-06
vn 1.389044E-06 1.398764E-06 -1
vn -1.389044E-06 -1.398764E-06 1
vn 1 -1.651255E-07 1.223919E-06
vn -1 1.651255E-07 -1.223919E-06
vn -1.748447E-07 -1 -1.214198E-06
vn 1.748447E-07 1 1.214198E-06
vn 1.214198E-06 1.223919E-06 -1
vn -1.214198E-06 -1.223919E-06 1
vn 1 -1.214201E-06 1.573607E-06
vn -1 1.214201E-06 -1.573607E-06
vn -1.223917E-06 -1 -3.1375E-06
vn 1.223917E-06 1 3.1375E-06
vn 1.56389E-06 3.147219E-06 -1
vn -1.56389E-06 -3.147219E-06 1
vn 1 -1.214201E-06 1.573608E-06
vn -1 1.214201E-06 -1.573608E-06
vn -1.223917E-06 -1 -2.962654E-06
vn 1.223917E-06 1 2.962654E-06
vn 1.56389E-06 2.972373E-06 -1
vn -1.56389E-06 -2.972373E-06 1
vn 1 -1.214201E-06 1.573608E-06
vn -1 1.214201E-06 -1.573608E-06
vn -1.223917E-06 -1 -2.787809E-06
vn 1.223917E-06 1 2.787809E-06
vn 1.56389E-06 2.797528E-06 -1
vn -1.56389E-06 -2.797528E-06 1
vn 1 -1.651255E-07 1.049073E-06
vn -1 1.651255E-07 -1.049073E-06
vn -1.748451E-07 -1 -1.039353E-06
vn 1.748451E-07 1 1.039353E-06
vn 1.039353E-06 1.049073E-06 -1
vn -1.039353E-06 -1.049073E-06 1
vn 1 -1.651263E-07 1.57361E-06
vn -1 1.651263E-07 -1.57361E-06
vn -1.748443E-07 -1 -1.738735E-06
vn 1.748443E-07 1 1.738735E-06
vn 1.563889E-06 1.748455E-06 -1
vn -1.563889E-06 -1.748455E-06 1
vn 1 -1.039355E-06 1.573608E-06
vn -1 1.039355E-06 -1.573608E-06
vn -1.049071E-06 -1 -2.612963E-06
vn 1.049071E-06 1 2.612963E-06
vn 1.56389E-06 2.622682E-06 -1
vn -1.56389E-06 -2.622682E-06 1
vn 1 -1.651261E-07 1.398764E-06
vn -1 1.651261E-07 -1.398764E-06
vn -1.748446E-07 -1 -1.563889E-06
vn 1.748446E-07 1 1.563889E-06
vn 1.389044E-06 1.57361E-06 -1
vn -1.389044E-06 -1.57361E-06 1
vn 1 -1.651257E-07 1.049073E-06
vn -1 1.651257E-07 -1.049073E-06
vn -1.748451E-07 -1 -1.214198E-06
vn 1.748451E-07 1 1.214198E-06
vn 1.039353E-06 1.223919E-06 -1
vn -1.039353E-06 -1.223919E-06 1
vn 1 -1.651253E-07 1.049073E-06
vn -1 1.651253E-07 -1.049073E-06
vn -1.748451E-07 -1 -8.645072E-07
vn 1.748451E-07 1 8.645072E-07
vn 1.039353E-06 8.742276E-07 -1
vn -1.039353E-06 -8.742276E-07 1
vn 1 -6.896629E-07 1.573609E-06
vn -1 6.896629E-07 -1.573609E-06
vn -6.993803E-07 -1 -2.088427E-06
vn 6.993803E-07 1 2.088427E-06
vn 1.563889E-06 2.098147E-06 -1
vn -1.563889E-06 -2.098147E-06 1
vn 1 -6.896639E-07 2.272991E-06
vn -1 6.896639E-07 -2.272991E-06
vn -6.993786E-07 -1 -2.612964E-06
vn 6.993786E-07 1 2.612964E-06
vn 2.263272E-06 2.622683E-06 -1
vn -2.263272E-06 -2.622683E-06 1
vn 1 -6.896632E-07 1.9233E-06
vn -1 6.896632E-07 -1.9233E-06
vn -6.993795E-07 -1 -2.263273E-06
vn 6.993795E-07 1 2.263273E-06
vn 1.91358E-06 2.272992E-06 -1
vn -1.91358E-06 -2.272992E-06 1
vn 1 -6.896629E-07 1.748454E-06
vn -1 6.896629E-07 -1.748454E-06
vn -6.993799E-07 -1 -2.088427E-06
vn 6.993799E-07 1 2.088427E-06
vn 1.738735E-06 2.098146E-06 -1
vn -1.738735E-06 -2.098146E-06 1
vn 1 -1.651249E-07 1.748455E-07
vn -1 1.651249E-07 -1.748455E-07
vn -1.748455E-07 -1 -1.651249E-07
vn 1.748455E-07 1 1.651249E-07
vn 1.651249E-07 1.748456E-07 -1
vn -1.651249E-07 -1.748456E-07 1
vn 1 -6.896624E-07 1.398763E-06
vn -1 6.896624E-07 -1.398763E-06
vn -6.993807E-07 -1 -1.738736E-06
vn 6.993807E-07 1 1.738736E-06
vn 1.389044E-06 1.748455E-06 -1
vn -1.389044E-06 -1.748455E-06 1
vn 1 -6.896622E-07 1.223918E-06
vn -1 6.896622E-07 -1.223918E-06
vn -6.99381E-07 -1 -1.56389E-06
vn 6.99381E-07 1 1.56389E-06
vn 1.214198E-06 1.57361E-06 -1
vn -1.214198E-06 -1.57361E-06 1
vn 1 9.720037E-09 1.223919E-06
vn -1 -9.720037E-09 -1.223919E-06
vn 6.30093E-13 -1 -1.039353E-06
vn -6.30093E-13 1 1.039353E-06
vn 1.214198E-06 1.049073E-06 -1
vn -1.214198E-06 -1.049073E-06 1
vn 1 9.719823E-09 1.398764E-06
vn -1 -9.719823E-09 -1.398764E-06
vn 8.423903E-13 -1 -1.214198E-06
vn -8.423903E-13 1 1.214198E-06
vn 1.389044E-06 1.223919E-06 -1
vn -1.389044E-06 -1.223919E-06 1
vn 1 -6.896632E-07 1.9233E-06
vn -1 6.896632E-07 -1.9233E-06
vn -6.993795E-07 -1 -2.263273E-06
vn 6.993795E-07 1 2.263273E-06
vn 1.91358E-06 2.272992E-06 -1
vn -1.91358E-06 -2.272992E-06 1
vn 1 -1.651251E-07 6.993821E-07
vn -1 1.651251E-07 -6.993821E-07
vn -1.748453E-07 -1 -6.896616E-07
vn 1.748453E-07 1 6.896616E-07
vn 6.896615E-07 6.993822E-07 -1
vn -6.896615E-07 -6.993822E-07 1
vn 1 -1.651249E-07 3.49691E-07
vn -1 1.651249E-07 -3.49691E-07
vn -1.748455E-07 -1 -3.399705E-07
vn 1.748455E-07 1 3.399705E-07
vn 3.399704E-07 3.496911E-07 -1
vn -3.399704E-07 -3.496911E-07 1
vn 1 -1.651253E-07 1.049073E-06
vn -1 1.651253E-07 -1.049073E-06
vn -1.748449E-07 -1 -1.039353E-06
vn 1.748449E-07 1 1.039353E-06
vn 1.039353E-06 1.049073E-06 -1
vn -1.039353E-06 -1.049073E-06 1
vn 1 -6.896622E-07 1.223918E-06
vn -1 6.896622E-07 -1.223918E-06
vn -6.99381E-07 -1 -1.56389E-06
vn 6.99381E-07 1 1.56389E-06
vn 1.214198E-06 1.57361E-06 -1
vn -1.214198E-06 -1.57361E-06 1
vn 1 9.719304E-09 1.748456E-06
vn -1 -9.719304E-09 -1.748456E-06
vn 1.358698E-12 -1 -1.563889E-06
vn -1.358698E-12 1 1.563889E-06
vn 1.738735E-06 1.57361E-06 -1
vn -1.738735E-06 -1.57361E-06 1
vn 1 9.720588E-09 5.245366E-07
vn -1 -9.720588E-09 -5.245366E-07
vn 8.661405E-14 -1 -3.399704E-07
vn -8.661405E-14 1 3.399704E-07
vn 5.14816E-07 3.496911E-07 -1
vn -5.14816E-07 -3.496911E-07 1
vn 1 9.720496E-09 6.993822E-07
vn -1 -9.720496E-09 -6.993822E-07
vn 1.766273E-13 -1 -5.14816E-07
vn -1.766273E-13 1 5.14816E-07
vn 6.896615E-07 5.245367E-07 -1
vn -6.896615E-07 -5.245367E-07 1
vn 1 9.720374E-09 8.742277E-07
vn -1 -9.720374E-09 -8.742277E-07
vn 2.972116E-13 -1 -6.896616E-07
vn -2.972116E-13 1 6.896616E-07
vn 8.64507E-07 6.993823E-07 -1
vn -8.64507E-07 -6.993823E-07 1
vn 1 -6.89662E-07 1.049072E-06
vn -1 6.89662E-07 -1.049072E-06
vn -6.993812E-07 -1 -1.389044E-06
vn 6.993812E-07 1 1.389044E-06
vn 1.039353E-06 1.398764E-06 -1
vn -1.039353E-06 -1.398764E-06 1
vn 1 9.720679E-09 1.748456E-07
vn -1 -9.720679E-09 -1.748456E-07
vn 2.887135E-14 -1 -1.651249E-07
vn -2.887135E-14 1 1.651249E-07
vn 1.651249E-07 1.748456E-07 -1
vn -1.651249E-07 -1.748456E-07 1
vn 1 9.720374E-09 8.742278E-07
vn -1 -9.720374E-09 -8.742278E-07
vn 4.500664E-13 -1 -8.645071E-07
vn -4.500664E-13 1 8.645071E-07
vn 8.645071E-07 8.742278E-07 -1
vn -8.645071E-07 -8.742278E-07 1
vn 1 9.720588E-09 5.245366E-07
vn -1 -9.720588E-09 -5.245366E-07
vn 1.783269E-13 -1 -5.14816E-07
vn -1.783269E-13 1 5.14816E-07
vn 5.14816E-07 5.245366E-07 -1
vn -5.14816E-07 -5.245366E-07 1
vn 1 9.720649E-09 3.496911E-07
vn -1 -9.720649E-09 -3.496911E-07
vn 2.717173E-14 -1 -1.651249E-07
vn -2.717173E-14 1 1.651249E-07
vn 3.399704E-07 1.748456E-07 -1
vn -3.399704E-07 -1.748456E-07 1
vn 1 9.720679E-09 1.748456E-07
vn -1 -9.720679E-09 -1.748456E-07
vn 2.887135E-14 -1 -1.651249E-07
vn -2.887135E-14 1 1.651249E-07
vn 1.651249E-07 1.748456E-07 -1
vn -1.651249E-07 -1.748456E-07 1
vn 1 9.720679E-09 1.748456E-07
vn -1 -9.720679E-09 -1.748456E-07
vn -1.699618E-15 -1 9.720679E-09
vn 1.699618E-15 1 -9.720679E-09
vn 1.651249E-07 0 -1
vn -1.651249E-07 0 1
vn 1 9.720649E-09 3.496911E-07
vn -1 -9.720649E-09 -3.496911E-07
vn 2.717173E-14 -1 -1.651249E-07
vn -2.717173E-14 1 1.651249E-07
vn 3.399704E-07 1.748456E-07 -1
vn -3.399704E-07 -1.748456E-07 1
vn 1 -6.896627E-07 1.573609E-06
vn -1 6.896627E-07 -1.573609E-06
vn -6.993803E-07 -1 -1.913581E-06
vn 6.993803E-07 1 1.913581E-06
vn 1.563889E-06 1.923301E-06 -1
vn -1.563889E-06 -1.923301E-06 1
vn 1 -6.89662E-07 1.049072E-06
vn -1 6.89662E-07 -1.049072E-06
vn -6.993812E-07 -1 -1.389044E-06
vn 6.993812E-07 1 1.389044E-06
vn 1.039353E-06 1.398764E-06 -1
vn -1.039353E-06 -1.398764E-06 1
vn 1 -6.896619E-07 8.742271E-07
vn -1 6.896619E-07 -8.742271E-07
vn -6.993815E-07 -1 -1.214199E-06
vn 6.993815E-07 1 1.214199E-06
vn 8.645072E-07 1.223919E-06 -1
vn -8.645072E-07 -1.223919E-06 1
vn 1 9.720679E-09 0
vn -1 -9.720679E-09 0
vn 0 -1 9.720679E-09
vn 0 1 -9.720679E-09
vn -9.720679E-09 0 -1
vn 9.720679E-09 0 1
vn 1 9.720496E-09 6.993822E-07
vn -1 -9.720496E-09 -6.993822E-07
vn 2.989112E-13 -1 -6.896615E-07
vn -2.989112E-13 1 6.896615E-07
vn 6.896615E-07 6.993822E-07 -1
vn -6.896615E-07 -6.993822E-07 1
vn 1 -1.651252E-07 8.742276E-07
vn -1 1.651252E-07 -8.742276E-07
vn -1.748453E-07 -1 -6.896617E-07
vn 1.748453E-07 1 6.896617E-07
vn 8.645071E-07 6.993823E-07 -1
vn -8.645071E-07 -6.993823E-07 1
vn 1 -3.39972E-07 1.9233E-06
vn -1 3.39972E-07 -1.9233E-06
vn -3.496877E-07 -1 -2.612963E-06
vn 3.496877E-07 1 2.612963E-06
vn 1.913581E-06 2.622683E-06 -1
vn -1.913581E-06 -2.622683E-06 1
vn 1 -6.896622E-07 1.223918E-06
vn -1 6.896622E-07 -1.223918E-06
vn -6.99381E-07 -1 -1.56389E-06
vn 6.99381E-07 1 1.56389E-06
vn 1.214198E-06 1.57361E-06 -1
vn -1.214198E-06 -1.57361E-06 1
vn 1 9.720679E-09 0
vn -1 -9.720679E-09 0
vn 0 -1 9.720679E-09
vn 0 1 -9.720679E-09
vn -9.720679E-09 0 -1
vn 9.720679E-09 0 1
vn 1 -1.651251E-07 6.993821E-07
vn -1 1.651251E-07 -6.993821E-07
vn -1.748454E-07 -1 -5.148161E-07
vn 1.748454E-07 1 5.148161E-07
vn 6.896615E-07 5.245367E-07 -1
vn -6.896615E-07 -5.245367E-07 1
vn 1 -3.399715E-07 1.57361E-06
vn -1 3.399715E-07 -1.57361E-06
vn -3.496886E-07 -1 -2.263272E-06
vn 3.496886E-07 1 2.263272E-06
vn 1.56389E-06 2.272992E-06 -1
vn -1.56389E-06 -2.272992E-06 1
vn 1 -5.148164E-07 3.496905E-07
vn -1 5.148164E-07 -3.496905E-07
vn -5.245366E-07 -1 -1.389044E-06
vn 5.245366E-07 1 1.389044E-06
vn 3.399706E-07 1.398764E-06 -1
vn -3.399706E-07 -1.398764E-06 1
vn 1 -5.148163E-07 3.496906E-07
vn -1 5.148163E-07 -3.496906E-07
vn -5.245366E-07 -1 -1.214198E-06
vn 5.245366E-07 1 1.214198E-06
vn 3.399706E-07 1.223919E-06 -1
vn -3.399706E-07 -1.223919E-06 1
vn 1 -3.399713E-07 1.398764E-06
vn -1 3.399713E-07 -1.398764E-06
vn -3.49689E-07 -1 -2.088426E-06
vn 3.49689E-07 1 2.088426E-06
vn 1.389044E-06 2.098147E-06 -1
vn -1.389044E-06 -2.098147E-06 1
vn 1 -6.896617E-07 5.245362E-07
vn -1 6.896617E-07 -5.245362E-07
vn -6.993819E-07 -1 -8.645073E-07
vn 6.993819E-07 1 8.645073E-07
vn 5.148161E-07 8.742277E-07 -1
vn -5.148161E-07 -8.742277E-07 1
vn 1 -5.14817E-07 1.398764E-06
vn -1 5.14817E-07 -1.398764E-06
vn -5.245345E-07 -1 -2.263272E-06
vn 5.245345E-07 1 2.263272E-06
vn 1.389044E-06 2.272992E-06 -1
vn -1.389044E-06 -2.272992E-06 1
vn 1 -1.651249E-07 1.748455E-07
vn -1 1.651249E-07 -1.748455E-07
vn -1.748455E-07 -1 -1.651249E-07
vn 1.748455E-07 1 1.651249E-07
vn 1.651249E-07 1.748456E-07 -1
vn -1.651249E-07 -1.748456E-07 1
vn 1 -5.148173E-07 1.573609E-06
vn -1 5.148173E-07 -1.573609E-06
vn -5.245341E-07 -1 -2.438117E-06
vn 5.245341E-07 1 2.438117E-06
vn 1.56389E-06 2.447837E-06 -1
vn -1.56389E-06 -2.447837E-06 1
vn 1 9.720649E-09 3.496911E-07
vn -1 -9.720649E-09 -3.496911E-07
vn 2.717173E-14 -1 -1.651249E-07
vn -2.717173E-14 1 1.651249E-07
vn 3.399704E-07 1.748456E-07 -1
vn -3.399704E-07 -1.748456E-07 1
vn 1 -5.148162E-07 3.496907E-07
vn -1 5.148162E-07 -3.496907E-07
vn -5.245366E-07 -1 -1.039353E-06
vn 5.245366E-07 1 1.039353E-06
vn 3.399706E-07 1.049073E-06 -1
vn -3.399706E-07 -1.049073E-06 1
vn 1 -3.39971E-07 1.223919E-06
vn -1 3.39971E-07 -1.223919E-06
vn -3.496894E-07 -1 -1.913581E-06
vn 3.496894E-07 1 1.913581E-06
vn 1.214199E-06 1.923301E-06 -1
vn -1.214199E-06 -1.923301E-06 1
vn 1 -6.896616E-07 3.496908E-07
vn -1 6.896616E-07 -3.496908E-07
vn -6.993821E-07 -1 -6.896616E-07
vn 6.993821E-07 1 6.896616E-07
vn 3.399706E-07 6.993821E-07 -1
vn -3.399706E-07 -6.993821E-07 1
vn 1 -1.651251E-07 6.993821E-07
vn -1 1.651251E-07 -6.993821E-07
vn -1.748454E-07 -1 -5.148161E-07
vn 1.748454E-07 1 5.148161E-07
vn 6.896615E-07 5.245367E-07 -1
vn -6.896615E-07 -5.245367E-07 1
vn 1 -1.65125E-07 5.245366E-07
vn -1 1.65125E-07 -5.245366E-07
vn -1.748455E-07 -1 -3.399705E-07
vn 1.748455E-07 1 3.399705E-07
vn 5.14816E-07 3.496911E-07 -1
vn -5.14816E-07 -3.496911E-07 1
vn 1 -5.148161E-07 1.748454E-07
vn -1 5.148161E-07 -1.748454E-07
vn -5.245366E-07 -1 -5.14816E-07
vn 5.245366E-07 1 5.14816E-07
vn 1.65125E-07 5.245366E-07 -1
vn -1.65125E-07 -5.245366E-07 1
vn 1 9.720679E-09 1.748456E-07
vn -1 -9.720679E-09 -1.748456E-07
vn -1.699618E-15 -1 9.720679E-09
vn 1.699618E-15 1 -9.720679E-09
vn 1.651249E-07 0 -1
vn -1.651249E-07 0 1
vn 1 -1.65125E-07 6.993822E-07
vn -1 1.65125E-07 -6.993822E-07
vn -1.748447E-07 -1 -1.389044E-06
vn 1.748447E-07 1 1.389044E-06
vn 6.896617E-07 1.398764E-06 -1
vn -6.896617E-07 -1.398764E-06 1
vn 1 -1.651249E-07 5.245366E-07
vn -1 1.651249E-07 -5.245366E-07
vn -1.74845E-07 -1 -1.214198E-06
vn 1.74845E-07 1 1.214198E-06
vn 5.148162E-07 1.223919E-06 -1
vn -5.148162E-07 -1.223919E-06 1
vn 1 -1.651249E-07 3.496911E-07
vn -1 1.651249E-07 -3.496911E-07
vn -1.748452E-07 -1 -1.039353E-06
vn 1.748452E-07 1 1.039353E-06
vn 3.399706E-07 1.049073E-06 -1
vn -3.399706E-07 -1.049073E-06 1
vn 1 -1.651249E-07 3.496911E-07
vn -1 1.651249E-07 -3.496911E-07
vn -1.748455E-07 -1 -1.651249E-07
vn 1.748455E-07 1 1.651249E-07
vn 3.399704E-07 1.748456E-07 -1
vn -3.399704E-07 -1.748456E-07 1
vn 1 -3.399705E-07 1.748455E-07
vn -1 3.399705E-07 -1.748455E-07
vn -3.496911E-07 -1 -3.399705E-07
vn 3.496911E-07 1 3.399705E-07
vn 1.651249E-07 3.496911E-07 -1
vn -1.651249E-07 -3.496911E-07 1
vn 1 -3.399705E-07 5.245365E-07
vn -1 3.399705E-07 -5.245365E-07
vn -3.496909E-07 -1 -6.896617E-07
vn 3.496909E-07 1 6.896617E-07
vn 5.14816E-07 6.993822E-07 -1
vn -5.14816E-07 -6.993822E-07 1
vn 1 9.720679E-09 1.748456E-07
vn -1 -9.720679E-09 -1.748456E-07
vn 2.887135E-14 -1 -1.651249E-07
vn -2.887135E-14 1 1.651249E-07
vn 1.651249E-07 1.748456E-07 -1
vn -1.651249E-07 -1.748456E-07 1
vn 1 -5.148162E-07 3.496908E-07
vn -1 5.148162E-07 -3.496908E-07
vn -5.245365E-07 -1 -8.645072E-07
vn 5.245365E-07 1 8.645072E-07
vn 3.399706E-07 8.742277E-07 -1
vn -3.399706E-07 -8.742277E-07 1
vn 1 -3.399705E-07 3.49691E-07
vn -1 3.399705E-07 -3.49691E-07
vn -3.49691E-07 -1 -5.148161E-07
vn 3.49691E-07 1 5.148161E-07
vn 3.399705E-07 5.245366E-07 -1
vn -3.399705E-07 -5.245366E-07 1
vn 1 9.720679E-09 0
vn -1 -9.720679E-09 0
vn 0 -1 9.720679E-09
vn 0 1 -9.720679E-09
vn -9.720679E-09 0 -1
vn 9.720679E-09 0 1
vn 1 -1.651249E-07 1.748456E-07
vn -1 1.651249E-07 -1.748456E-07
vn -1.748456E-07 -1 9.720649E-09
vn 1.748456E-07 1 -9.720649E-09
vn 1.651249E-07 1.699618E-15 -1
vn -1.651249E-07 -1.699618E-15 1
vn 1 9.720649E-09 3.496911E-07
vn -1 -9.720649E-09 -3.496911E-07
vn 8.831367E-14 -1 -3.399704E-07
vn -8.831367E-14 1 3.399704E-07
vn 3.399704E-07 3.496911E-07 -1
vn -3.399704E-07 -3.496911E-07 1
vn 1 9.720588E-09 5.245366E-07
vn -1 -9.720588E-09 -5.245366E-07
vn 1.783269E-13 -1 -5.14816E-07
vn -1.783269E-13 1 5.14816E-07
vn 5.14816E-07 5.245366E-07 -1
vn -5.14816E-07 -5.245366E-07 1
vn 1 9.720679E-09 0
vn -1 -9.720679E-09 0
vn 0 -1 9.720679E-09
vn 0 1 -9.720679E-09
vn -9.720679E-09 0 -1
vn 9.720679E-09 0 1
vn 1 9.720679E-09 0
vn -1 -9.720679E-09 0
vn 0 -1 9.720679E-09
vn 0 1 -9.720679E-09
vn -9.720679E-09 0 -1
vn 9.720679E-09 0 1
vn 1 9.720679E-09 0
vn -1 -9.720679E-09 0
vn 0 -1 9.720679E-09
vn 0 1 -9.720679E-09
vn -9.720679E-09 0 -1
vn 9.720679E-09 0 1
vn 1 -1.651249E-07 -2.887135E-14
vn -1 1.651249E-07 2.887135E-14
vn -1.748456E-07 -1 -1.651249E-07
vn 1.748456E-07 1 1.651249E-07
vn -9.720679E-09 1.748456E-07 -1
vn 9.720679E-09 -1.748456E-07 1
vn 1 9.720679E-09 0
vn -1 -9.720679E-09 0
vn 0 -1 9.720679E-09
vn 0 1 -9.720679E-09
vn -9.720679E-09 0 -1
vn 9.720679E-09 0 1
vn 1 9.720679E-09 0
vn -1 -9.720679E-09 0
vn 0 -1 9.720679E-09
vn 0 1 -9.720679E-09
vn -9.720679E-09 0 -1
vn 9.720679E-09 0 1
vn 1 -1.651249E-07 1.748455E-07
vn -1 1.651249E-07 -1.748455E-07
vn -1.748455E-07 -1 -1.651249E-07
vn 1.748455E-07 1 1.651249E-07
vn 1.651249E-07 1.748456E-07 -1
vn -1.651249E-07 -1.748456E-07 1
vn 1 -1.651252E-07 8.742277E-07
vn -1 1.651252E-07 -8.742277E-07
vn -1.748445E-07 -1 -1.56389E-06
vn 1.748445E-07 1 1.56389E-06
vn 8.645072E-07 1.57361E-06 -1
vn -8.645072E-07 -1.57361E-06 1
vn 1 9.720679E-09 3.399235E-15
vn -1 -9.720679E-09 -3.399235E-15
vn 0 -1 -3.399704E-07
vn 0 1 3.399704E-07
vn -9.720679E-09 3.496911E-07 -1
vn 9.720679E-09 -3.496911E-07 1
vn 1 9.720679E-09 1.699618E-15
vn -1 -9.720679E-09 -1.699618E-15
vn 0 -1 -1.651249E-07
vn 0 1 1.651249E-07
vn -9.720679E-09 1.748456E-07 -1
vn 9.720679E-09 -1.748456E-07 1
vn 1 9.720679E-09 0
vn -1 -9.720679E-09 0
vn 0 -1 9.720679E-09
vn 0 1 -9.720679E-09
vn -9.720679E-09 0 -1
vn 9.720679E-09 0 1
vn 1 9.720679E-09 6.79847E-15
vn -1 -9.720679E-09 -6.79847E-15
vn 0 -1 -6.896615E-07
vn 0 1 6.896615E-07
vn -9.720679E-09 6.993822E-07 -1
vn 9.720679E-09 -6.993822E-07 1
vn 1 -1.651249E-07 -2.887135E-14
vn -1 1.651249E-07 2.887135E-14
vn -1.748456E-07 -1 -1.651249E-07
vn 1.748456E-07 1 1.651249E-07
vn -9.720679E-09 1.748456E-07 -1
vn 9.720679E-09 -1.748456E-07 1
vn 1 9.720679E-09 1.699618E-15
vn -1 -9.720679E-09 -1.699618E-15
vn 0 -1 -1.651249E-07
vn 0 1 1.651249E-07
vn -9.720679E-09 1.748456E-07 -1
vn 9.720679E-09 -1.748456E-07 1
vn 1 -5.14816E-07 -1.783269E-13
vn -1 5.14816E-07 1.783269E-13
vn -5.245366E-07 -1 -5.14816E-07
vn 5.245366E-07 1 5.14816E-07
vn -9.720588E-09 5.245366E-07 -1
vn 9.720588E-09 -5.245366E-07 1
vn 1 9.720679E-09 8.498088E-15
vn -1 -9.720679E-09 -8.498088E-15
vn 0 -1 -8.645071E-07
vn 0 1 8.645071E-07
vn -9.720679E-09 8.742278E-07 -1
vn 9.720679E-09 -8.742278E-07 1
vn 1 9.720679E-09 0
vn -1 -9.720679E-09 0
vn 0 -1 9.720679E-09
vn 0 1 -9.720679E-09
vn -9.720679E-09 0 -1
vn 9.720679E-09 0 1
vn 1 9.720679E-09 0
vn -1 -9.720679E-09 0
vn 0 -1 9.720679E-09
vn 0 1 -9.720679E-09
vn -9.720679E-09 0 -1
vn 9.720679E-09 0 1
vn 1 9.720679E-09 0
vn -1 -9.720679E-09 0
vn 0 -1 9.720679E-09
vn 0 1 -9.720679E-09
vn -9.720679E-09 0 -1
vn 9.720679E-09 0 1
vn 1 9.720649E-09 3.496911E-07
vn -1 -9.720649E-09 -3.496911E-07
vn 3.940234E-13 -1 -1.214198E-06
vn -3.940234E-13 1 1.214198E-06
vn 3.399704E-07 1.223919E-06 -1
vn -3.399704E-07 -1.223919E-06 1
vn 1 9.720679E-09 1.748456E-07
vn -1 -9.720679E-09 -1.748456E-07
vn 1.817262E-13 -1 -1.039353E-06
vn -1.817262E-13 1 1.039353E-06
vn 1.651249E-07 1.049073E-06 -1
vn -1.651249E-07 -1.049073E-06 1
vn 1 -3.399704E-07 3.496911E-07
vn -1 3.399704E-07 -3.496911E-07
vn -3.49691E-07 -1 -1.65125E-07
vn 3.49691E-07 1 1.65125E-07
vn 3.399705E-07 1.748455E-07 -1
vn -3.399705E-07 -1.748455E-07 1
vn 1 9.720679E-09 0
vn -1 -9.720679E-09 0
vn 0 -1 9.720679E-09
vn 0 1 -9.720679E-09
vn -9.720679E-09 0 -1
vn 9.720679E-09 0 1
vn 1 9.720679E-09 0
vn -1 -9.720679E-09 0
vn 0 -1 9.720679E-09
vn 0 1 -9.720679E-09
vn -9.720679E-09 0 -1
vn 9.720679E-09 0 1
vn 1 -1.651249E-07 1.748455E-07
vn -1 1.651249E-07 -1.748455E-07
vn -1.748455E-07 -1 -1.651249E-07
vn 1.748455E-07 1 1.651249E-07
vn 1.651249E-07 1.748456E-07 -1
vn -1.651249E-07 -1.748456E-07 1
vn 1 -5.148339E-07 5.595055E-06
vn -1 5.148339E-07 -5.595055E-06
vn -5.245184E-07 -1 -6.459569E-06
vn 5.245184E-07 1 6.459569E-06
vn 5.585338E-06 6.469287E-06 -1
vn -5.585338E-06 -6.469287E-06 1
vn 1 -5.14819E-07 2.447838E-06
vn -1 5.14819E-07 -2.447838E-06
vn -5.245333E-07 -1 -2.612963E-06
vn 5.245333E-07 1 2.612963E-06
vn 2.438118E-06 2.622682E-06 -1
vn -2.438118E-06 -2.622682E-06 1
vn 1 -5.148186E-07 2.272992E-06
vn -1 5.148186E-07 -2.272992E-06
vn -5.245337E-07 -1 -2.438117E-06
vn 5.245337E-07 1 2.438117E-06
vn 2.263273E-06 2.447837E-06 -1
vn -2.263273E-06 -2.447837E-06 1
vt 0.06428496 0.08311707
vt 0.07079482 0.07846717
vt 0.07544472 0.08497702
vt 0.06893486 0.08962693
vt -0.06428495 0.08311707
vt -0.06893486 0.08962693
vt -0.07544472 0.08497702
vt -0.07079482 0.07846717
vt 0.01923842 0.04197477
vt 0.01654773 0.03444083
vt 0.02408166 0.03175014
vt 0.02677236 0.03928407
vt -0.01923842 0.04197477
vt -0.02677236 0.03928407
vt -0.02408167 0.03175014
vt -0.01654773 0.03444083
vt -0.07334305 0.08810108
vt -0.08049845 0.09167879
vt -0.08407616 0.08452337
vt -0.07692075 0.08094566
vt 0.07334305 0.08810108
vt 0.07692076 0.08094566
vt 0.08407616 0.08452337
vt 0.08049846 0.09167879
vt 0.06428495 0.08311706
vt 0.07079481 0.07846715
vt 0.07544471 0.08497702
vt 0.06893485 0.08962692
vt -0.06428495 0.08311706
vt -0.06893485 0.08962692
vt -0.07544471 0.08497702
vt -0.07079481 0.07846715
vt 0.01654775 0.03444085
vt 0.01385706 0.02690691
vt 0.021391 0.02421622
vt 0.02408169 0.03175015
vt -0.01654775 0.03444085
vt -0.02408169 0.03175015
vt -0.021391 0.02421622
vt -0.01385706 0.02690691
vt -0.07692074 0.08094566
vt -0.08407615 0.08452336
vt -0.08765386 0.07736795
vt -0.08049845 0.07379024
vt 0.07692074 0.08094566
vt 0.08049845 0.07379024
vt 0.08765386 0.07736795
vt 0.08407615 0.08452336
vt 0.06428496 0.08311708
vt 0.07079483 0.07846717
vt 0.07544473 0.08497703
vt 0.06893486 0.08962693
vt -0.06428496 0.08311708
vt -0.06893486 0.08962693
vt -0.07544473 0.08497703
vt -0.07079483 0.07846717
vt 0.01385706 0.02690691
vt 0.01116637 0.01937298
vt 0.01870031 0.01668229
vt 0.021391 0.02421622
vt -0.01385706 0.02690691
vt -0.021391 0.02421622
vt -0.01870031 0.01668229
vt -0.01116637 0.01937298
vt -0.08049846 0.07379024
vt -0.08765387 0.07736795
vt -0.09123158 0.07021254
vt -0.08407617 0.06663483
vt 0.08049846 0.07379024
vt 0.08407617 0.06663483
vt 0.09123158 0.07021254
vt 0.08765387 0.07736795
vt 0.06428495 0.08311706
vt 0.07079481 0.07846715
vt 0.07544471 0.08497702
vt 0.06893485 0.08962692
vt -0.06428495 0.08311706
vt -0.06893485 0.08962692
vt -0.07544472 0.08497702
vt -0.07079481 0.07846715
vt 0.01116637 0.01937298
vt 0.008475679 0.01183904
vt 0.01600961 0.009148352
vt 0.01870031 0.01668229
vt -0.01116637 0.01937298
vt -0.01870031 0.01668229
vt -0.01600961 0.009148352
vt -0.008475679 0.01183904
vt -0.08407615 0.06663483
vt -0.09123157 0.07021253
vt -0.09480928 0.06305712
vt -0.08765386 0.05947941
vt 0.08407615 0.06663483
vt 0.08765386 0.05947941
vt 0.09480928 0.06305712
vt 0.09123157 0.07021253
vt 0.06428496 0.08311708
vt 0.07079483 0.07846717
vt 0.07544473 0.08497703
vt 0.06893486 0.08962693
vt -0.06428496 0.08311708
vt -0.06893486 0.08962693
vt -0.07544473 0.08497703
vt -0.07079483 0.07846717
vt 0.008475678 0.01183904
vt 0.005784987 0.004305106
vt 0.01331892 0.001614415
vt 0.01600961 0.00914835
vt -0.008475678 0.01183904
vt -0.01600961 0.00914835
vt -0.01331892 0.001614415
vt -0.005784987 0.004305106
vt -0.08765388 0.05947942
vt -0.09480929 0.06305712
vt -0.098387 0.0559017
vt -0.09123158 0.052324
vt 0.08765388 0.05947942
vt 0.09123158 0.052324
vt 0.098387 0.0559017
vt 0.09480929 0.06305712
vt 0.06428494 0.08311708
vt 0.0707948 0.07846718
vt 0.0754447 0.08497704
vt 0.06893484 0.08962695
vt -0.06428494 0.08311708
vt -0.06893484 0.08962694
vt -0.0754447 0.08497704
vt -0.0707948 0.07846718
vt 0.005784963 0.004305094
vt 0.003094271 -0.003228842
vt 0.01062821 -0.005919534
vt 0.0133189 0.001614401
vt -0.005784963 0.004305094
vt -0.0133189 0.001614401
vt -0.01062821 -0.005919534
vt -0.003094271 -0.003228842
vt -0.09123158 0.05232399
vt -0.098387 0.0559017
vt -0.1019647 0.04874628
vt -0.09480929 0.04516857
vt 0.09123159 0.05232399
vt 0.09480929 0.04516857
vt 0.1019647 0.04874628
vt 0.098387 0.0559017
vt 0.06428495 0.08311706
vt 0.07079481 0.07846715
vt 0.07544472 0.08497702
vt 0.06893485 0.08962692
vt -0.06428495 0.08311706
vt -0.06893485 0.08962692
vt -0.07544472 0.08497702
vt -0.07079481 0.07846715
vt 0.003094278 -0.003228823
vt 0.000403586 -0.01076276
vt 0.007937521 -0.01345345
vt 0.01062821 -0.005919515
vt -0.003094278 -0.003228823
vt -0.01062821 -0.005919515
vt -0.007937521 -0.01345345
vt -0.0004035861 -0.01076276
vt -0.09480928 0.04516857
vt -0.1019647 0.04874627
vt -0.1055424 0.04159085
vt -0.09838699 0.03801315
vt 0.09480928 0.04516857
vt 0.09838699 0.03801315
vt 0.1055424 0.04159085
vt 0.1019647 0.04874627
vt 0.06428491 0.0831171
vt 0.07079477 0.07846718
vt 0.07544468 0.08497705
vt 0.06893481 0.08962695
vt -0.06428491 0.08311709
vt -0.06893481 0.08962696
vt -0.07544467 0.08497705
vt -0.07079477 0.07846719
vt 0.0004035281 -0.0107628
vt -0.002287165 -0.01829673
vt 0.005246769 -0.02098743
vt 0.007937462 -0.01345349
vt -0.0004035285 -0.0107628
vt -0.007937463 -0.01345349
vt -0.005246769 -0.02098743
vt 0.002287165 -0.01829673
vt -0.09838701 0.03801315
vt -0.1055424 0.04159085
vt -0.1091201 0.03443544
vt -0.1019647 0.03085773
vt 0.098387 0.03801314
vt 0.1019647 0.03085773
vt 0.1091201 0.03443544
vt 0.1055424 0.04159085
vt 0.06428495 0.08311706
vt 0.07079481 0.07846715
vt 0.07544472 0.08497702
vt 0.06893485 0.08962692
vt -0.06428495 0.08311706
vt -0.06893485 0.08962692
vt -0.07544472 0.08497702
vt -0.07079481 0.07846715
vt -0.002287087 -0.0182967
vt -0.004977778 -0.02583064
vt 0.002556158 -0.02852133
vt 0.005246849 -0.02098739
vt 0.002287087 -0.0182967
vt -0.005246849 -0.02098739
vt -0.002556158 -0.02852133
vt 0.004977778 -0.02583064
vt -0.1019647 0.03085774
vt -0.1091201 0.03443544
vt -0.1126978 0.02728003
vt -0.1055424 0.02370232
vt 0.1019647 0.03085774
vt 0.1055424 0.02370232
vt 0.1126978 0.02728003
vt 0.1091201 0.03443544
vt 0.06428496 0.08311708
vt 0.07079483 0.07846717
vt 0.07544473 0.08497703
vt 0.06893486 0.08962693
vt -0.06428496 0.08311708
vt -0.06893486 0.08962693
vt -0.07544473 0.08497703
vt -0.07079483 0.07846717
vt -0.004977779 -0.02583064
vt -0.007668469 -0.03336457
vt -0.0001345338 -0.03605526
vt 0.002556157 -0.02852133
vt 0.004977779 -0.02583064
vt -0.002556157 -0.02852133
vt 0.0001345338 -0.03605526
vt 0.007668469 -0.03336457
vt -0.1055424 0.02370232
vt -0.1126978 0.02728003
vt -0.1162755 0.02012461
vt -0.1091201 0.01654691
vt 0.1055424 0.02370232
vt 0.1091201 0.01654691
vt 0.1162755 0.02012461
vt 0.1126978 0.02728003
vt 0.06428492 0.08311707
vt 0.07079479 0.07846716
vt 0.07544469 0.08497702
vt 0.06893482 0.08962692
vt -0.06428492 0.08311706
vt -0.06893482 0.08962692
vt -0.07544468 0.08497702
vt -0.07079478 0.07846716
vt -0.007668497 -0.03336458
vt -0.01035919 -0.04089852
vt -0.002825254 -0.04358921
vt -0.0001345617 -0.03605527
vt 0.007668496 -0.03336458
vt 0.0001345611 -0.03605527
vt 0.002825253 -0.04358921
vt 0.01035919 -0.04089852
vt -0.1091201 0.0165469
vt -0.1162755 0.0201246
vt -0.1198532 0.01296918
vt -0.1126978 0.009391476
vt 0.1091201 0.0165469
vt 0.1126978 0.009391477
vt 0.1198532 0.01296919
vt 0.1162755 0.0201246
vt 0.06428496 0.08311708
vt 0.07079483 0.07846717
vt 0.07544473 0.08497703
vt 0.06893486 0.08962693
vt -0.06428496 0.08311708
vt -0.06893486 0.08962693
vt -0.07544473 0.08497703
vt -0.07079483 0.07846717
vt -0.01035916 -0.04089851
vt -0.01304985 -0.04843244
vt -0.005515915 -0.05112313
vt -0.002825225 -0.0435892
vt 0.01035916 -0.04089851
vt 0.002825224 -0.0435892
vt 0.005515915 -0.05112313
vt 0.01304985 -0.04843244
vt -0.1126978 0.00939149
vt -0.1198532 0.0129692
vt -0.123431 0.005813779
vt -0.1162755 0.002236074
vt 0.1126978 0.00939149
vt 0.1162755 0.002236074
vt 0.123431 0.005813779
vt 0.1198532 0.0129692
vt 0.06428496 0.08311708
vt 0.07079483 0.07846717
vt 0.07544473 0.08497703
vt 0.06893486 0.08962693
vt -0.06428496 0.08311708
vt -0.06893486 0.08962693
vt -0.07544473 0.08497703
vt -0.07079483 0.07846717
vt -0.01304985 -0.04843244
vt -0.01574054 -0.05596638
vt -0.008206609 -0.05865707
vt -0.005515916 -0.05112313
vt 0.01304985 -0.04843244
vt 0.005515916 -0.05112313
vt 0.008206609 -0.05865707
vt 0.01574054 -0.05596638
vt -0.1162755 0.002236071
vt -0.123431 0.005813777
vt -0.1270087 -0.001341645
vt -0.1198533 -0.004919351
vt 0.1162755 0.002236071
vt 0.1198533 -0.004919351
vt 0.1270087 -0.001341645
vt 0.123431 0.005813777
vt 0.06893487 0.08962695
vt 0.07544472 0.08497702
vt 0.08009463 0.09148689
vt 0.07358477 0.0961368
vt -0.06893486 0.08962694
vt -0.07358477 0.09613681
vt -0.08009463 0.09148689
vt -0.07544473 0.08497703
vt 0.01923842 0.04197475
vt 0.01654772 0.03444082
vt 0.02408166 0.03175012
vt 0.02677235 0.03928406
vt -0.01923842 0.04197475
vt -0.02677235 0.03928406
vt -0.02408166 0.03175012
vt -0.01654772 0.03444082
vt -0.08049844 0.09167878
vt -0.08765386 0.09525649
vt -0.09123157 0.08810108
vt -0.08407615 0.08452336
vt 0.08049844 0.09167878
vt 0.08407615 0.08452336
vt 0.09123157 0.08810107
vt 0.08765386 0.09525649
vt 0.06893486 0.08962693
vt 0.07544473 0.08497703
vt 0.08009463 0.09148689
vt 0.07358476 0.09613679
vt -0.06893486 0.08962693
vt -0.07358476 0.09613679
vt -0.08009463 0.09148689
vt -0.07544473 0.08497703
vt -0.01304985 -0.04843244
vt -0.01574054 -0.05596638
vt -0.008206607 -0.05865707
vt -0.005515915 -0.05112313
vt 0.01304985 -0.04843244
vt 0.005515915 -0.05112313
vt 0.008206607 -0.05865707
vt 0.01574054 -0.05596638
vt -0.123431 0.005813779
vt -0.1305864 0.009391485
vt -0.1341641 0.002236066
vt -0.1270087 -0.00134164
vt 0.123431 0.005813779
vt 0.1270087 -0.00134164
vt 0.1341641 0.002236066
vt 0.1305864 0.009391485
vt 0.06893486 0.08962691
vt 0.07544473 0.08497701
vt 0.08009463 0.09148686
vt 0.07358476 0.09613677
vt -0.06893486 0.08962691
vt -0.07358476 0.09613677
vt -0.08009463 0.09148686
vt -0.07544473 0.084977
vt -0.01035917 -0.04089852
vt -0.01304986 -0.04843246
vt -0.005515924 -0.05112315
vt -0.002825231 -0.04358922
vt 0.01035917 -0.04089852
vt 0.002825232 -0.04358922
vt 0.005515924 -0.05112315
vt 0.01304986 -0.04843246
vt -0.1198532 0.0129692
vt -0.1270086 0.01654691
vt -0.1305864 0.009391489
vt -0.123431 0.005813783
vt 0.1198532 0.0129692
vt 0.123431 0.005813782
vt 0.1305864 0.009391489
vt 0.1270086 0.01654691
vt 0.06893486 0.08962693
vt 0.07544473 0.08497703
vt 0.08009463 0.09148689
vt 0.07358476 0.09613679
vt -0.06893486 0.08962693
vt -0.07358476 0.09613679
vt -0.08009463 0.09148689
vt -0.07544473 0.08497703
vt -0.007668469 -0.03336457
vt -0.01035916 -0.04089851
vt -0.002825224 -0.0435892
vt -0.0001345338 -0.03605526
vt 0.007668469 -0.03336457
vt 0.0001345337 -0.03605526
vt 0.002825224 -0.0435892
vt 0.01035916 -0.04089851
vt -0.1162755 0.02012461
vt -0.123431 0.02370232
vt -0.1270087 0.0165469
vt -0.1198532 0.0129692
vt 0.1162755 0.02012461
vt 0.1198532 0.0129692
vt 0.1270087 0.0165469
vt 0.123431 0.02370232
vt 0.06893486 0.08962693
vt 0.07544473 0.08497703
vt 0.08009463 0.09148689
vt 0.07358476 0.09613679
vt -0.06893486 0.08962693
vt -0.07358476 0.09613679
vt -0.08009463 0.09148689
vt -0.07544473 0.08497703
vt -0.004977778 -0.02583064
vt -0.007668468 -0.03336457
vt -0.0001345328 -0.03605526
vt 0.002556158 -0.02852133
vt 0.004977777 -0.02583064
vt -0.002556158 -0.02852133
vt 0.0001345327 -0.03605526
vt 0.007668468 -0.03336457
vt -0.1126978 0.02728003
vt -0.1198532 0.03085774
vt -0.123431 0.02370232
vt -0.1162755 0.02012462
vt 0.1126978 0.02728003
vt 0.1162755 0.02012461
vt 0.123431 0.02370232
vt 0.1198532 0.03085774
vt 0.06893486 0.08962692
vt 0.07544473 0.08497702
vt 0.08009463 0.09148687
vt 0.07358476 0.09613678
vt -0.06893486 0.08962692
vt -0.07358476 0.09613677
vt -0.08009463 0.09148687
vt -0.07544472 0.08497701
vt -0.002287114 -0.01829671
vt -0.004977806 -0.02583065
vt 0.002556127 -0.02852134
vt 0.005246821 -0.0209874
vt 0.002287113 -0.01829671
vt -0.005246821 -0.02098741
vt -0.002556128 -0.02852134
vt 0.004977807 -0.02583065
vt -0.1091201 0.03443544
vt -0.1162755 0.03801315
vt -0.1198532 0.03085773
vt -0.1126978 0.02728003
vt 0.1091201 0.03443545
vt 0.1126978 0.02728003
vt 0.1198532 0.03085774
vt 0.1162755 0.03801315
vt 0.06893486 0.08962693
vt 0.07544473 0.08497703
vt 0.08009463 0.09148689
vt 0.07358476 0.09613679
vt -0.06893486 0.08962693
vt -0.07358476 0.09613679
vt -0.08009463 0.09148689
vt -0.07544473 0.08497703
vt 0.000403585 -0.01076276
vt -0.002287106 -0.01829669
vt 0.005246828 -0.02098738
vt 0.00793752 -0.01345345
vt -0.0004035851 -0.01076276
vt -0.00793752 -0.01345345
vt -0.005246828 -0.02098738
vt 0.002287106 -0.01829669
vt -0.1055424 0.04159086
vt -0.1126978 0.04516857
vt -0.1162755 0.03801315
vt -0.1091201 0.03443544
vt 0.1055424 0.04159086
vt 0.1091201 0.03443544
vt 0.1162755 0.03801315
vt 0.1126978 0.04516857
vt 0.06893486 0.08962693
vt 0.07544472 0.08497703
vt 0.08009463 0.09148689
vt 0.07358476 0.09613679
vt -0.06893486 0.08962693
vt -0.07358476 0.09613679
vt -0.08009463 0.09148689
vt -0.07544472 0.08497703
vt 0.003094257 -0.003228816
vt 0.0004035645 -0.01076275
vt 0.007937499 -0.01345344
vt 0.01062819 -0.005919509
vt -0.003094257 -0.003228816
vt -0.01062819 -0.005919509
vt -0.0079375 -0.01345344
vt -0.0004035648 -0.01076275
vt -0.1019647 0.04874627
vt -0.1091201 0.05232397
vt -0.1126978 0.04516856
vt -0.1055424 0.04159085
vt 0.1019647 0.04874627
vt 0.1055424 0.04159085
vt 0.1126978 0.04516856
vt 0.1091201 0.05232397
vt 0.06893486 0.08962694
vt 0.07544471 0.08497702
vt 0.08009463 0.09148689
vt 0.07358477 0.0961368
vt -0.06893486 0.08962694
vt -0.07358477 0.0961368
vt -0.08009463 0.09148689
vt -0.07544471 0.08497702
vt 0.005784911 0.004305131
vt 0.003094218 -0.003228803
vt 0.01062815 -0.005919497
vt 0.01331885 0.001614438
vt -0.005784912 0.004305131
vt -0.01331885 0.001614438
vt -0.01062815 -0.005919497
vt -0.003094218 -0.003228803
vt -0.09838701 0.05590168
vt -0.1055424 0.05947939
vt -0.1091201 0.05232397
vt -0.1019647 0.04874626
vt 0.098387 0.05590168
vt 0.1019647 0.04874626
vt 0.1091201 0.05232397
vt 0.1055424 0.05947939
vt 0.06893486 0.08962694
vt 0.07544471 0.08497702
vt 0.08009463 0.09148689
vt 0.07358477 0.0961368
vt -0.06893486 0.08962694
vt -0.07358477 0.0961368
vt -0.08009463 0.09148689
vt -0.07544471 0.08497702
vt 0.008475587 0.01183907
vt 0.005784892 0.004305138
vt 0.01331883 0.001614444
vt 0.01600952 0.009148379
vt -0.008475587 0.01183907
vt -0.01600952 0.009148379
vt -0.01331883 0.001614444
vt -0.005784892 0.004305138
vt -0.09480931 0.06305709
vt -0.1019647 0.0666348
vt -0.1055424 0.05947939
vt -0.09838702 0.05590168
vt 0.0948093 0.06305709
vt 0.09838701 0.05590168
vt 0.1055424 0.05947939
vt 0.1019647 0.0666348
vt 0.06893487 0.08962692
vt 0.07544472 0.084977
vt 0.08009464 0.09148686
vt 0.07358478 0.09613679
vt -0.06893487 0.08962692
vt -0.07358478 0.09613679
vt -0.08009464 0.09148686
vt -0.07544472 0.084977
vt 0.01654765 0.03444088
vt 0.01385696 0.02690695
vt 0.02139089 0.02421625
vt 0.02408159 0.03175018
vt -0.01654765 0.03444088
vt -0.02408159 0.03175018
vt -0.02139089 0.02421625
vt -0.01385696 0.02690695
vt -0.08407618 0.08452335
vt -0.0912316 0.08810106
vt -0.09480931 0.08094563
vt -0.08765389 0.07736792
vt 0.08407618 0.08452334
vt 0.08765389 0.07736792
vt 0.09480931 0.08094563
vt 0.0912316 0.08810105
vt 0.06893489 0.08962691
vt 0.07544474 0.08497699
vt 0.08009467 0.09148686
vt 0.07358481 0.09613677
vt -0.06893489 0.08962691
vt -0.07358481 0.09613677
vt -0.08009467 0.09148686
vt -0.07544474 0.08497699
vt 0.01385694 0.02690695
vt 0.01116624 0.01937302
vt 0.01870018 0.01668232
vt 0.02139087 0.02421626
vt -0.01385694 0.02690695
vt -0.02139088 0.02421626
vt -0.01870018 0.01668232
vt -0.01116624 0.01937302
vt -0.08765389 0.07736793
vt -0.09480931 0.08094564
vt -0.09838702 0.07379022
vt -0.0912316 0.07021251
vt 0.08765389 0.07736793
vt 0.09123159 0.07021251
vt 0.09838702 0.07379022
vt 0.09480931 0.08094564
vt 0.06893486 0.08962693
vt 0.07544473 0.08497703
vt 0.08009463 0.09148689
vt 0.07358476 0.09613679
vt -0.06893486 0.08962693
vt -0.07358476 0.09613679
vt -0.08009463 0.09148689
vt -0.07544473 0.08497703
vt 0.01116637 0.01937298
vt 0.008475679 0.01183904
vt 0.01600961 0.009148352
vt 0.01870031 0.01668229
vt -0.01116637 0.01937298
vt -0.01870031 0.01668229
vt -0.01600961 0.009148352
vt -0.008475679 0.01183904
vt -0.09123158 0.07021254
vt -0.09838699 0.07379024
vt -0.1019647 0.06663483
vt -0.09480929 0.06305712
vt 0.09123158 0.07021254
vt 0.09480929 0.06305712
vt 0.1019647 0.06663483
vt 0.09838699 0.07379024
vt 0.07358477 0.09613677
vt 0.08009464 0.09148686
vt 0.08474454 0.09799673
vt 0.07823467 0.1026466
vt -0.07358477 0.09613677
vt -0.07823467 0.1026466
vt -0.08474454 0.09799673
vt -0.08009464 0.09148686
vt 0.008475679 0.01183904
vt 0.005784987 0.004305106
vt 0.01331892 0.001614414
vt 0.01600961 0.009148348
vt -0.008475679 0.01183904
vt -0.01600961 0.009148348
vt -0.01331892 0.001614414
vt -0.005784987 0.004305106
vt -0.1019647 0.06663483
vt -0.1091201 0.07021253
vt -0.1126978 0.06305711
vt -0.1055424 0.05947941
vt 0.1019647 0.06663483
vt 0.1055424 0.05947941
vt 0.1126978 0.06305711
vt 0.1091201 0.07021253
vt 0.07358477 0.09613679
vt 0.08009463 0.09148689
vt 0.08474454 0.09799674
vt 0.07823467 0.1026466
vt -0.07358477 0.09613679
vt -0.07823467 0.1026466
vt -0.08474453 0.09799674
vt -0.08009463 0.09148689
vt 0.01923842 0.04197476
vt 0.01654773 0.03444083
vt 0.02408166 0.03175014
vt 0.02677236 0.03928407
vt -0.01923842 0.04197477
vt -0.02677236 0.03928407
vt -0.02408166 0.03175014
vt -0.01654773 0.03444083
vt -0.08765386 0.09525649
vt -0.09480926 0.0988342
vt -0.09838697 0.09167878
vt -0.09123157 0.08810107
vt 0.08765386 0.09525649
vt 0.09123157 0.08810107
vt 0.09838697 0.09167878
vt 0.09480927 0.0988342
vt 0.07358478 0.09613677
vt 0.08009464 0.09148686
vt 0.08474455 0.09799673
vt 0.07823469 0.1026466
vt -0.07358478 0.09613676
vt -0.07823469 0.1026466
vt -0.08474455 0.09799673
vt -0.08009464 0.09148686
vt -0.01035925 -0.04089852
vt -0.01304994 -0.04843245
vt -0.005516008 -0.05112315
vt -0.002825312 -0.04358922
vt 0.01035924 -0.04089852
vt 0.002825312 -0.04358922
vt 0.005516007 -0.05112315
vt 0.01304994 -0.04843245
vt -0.1270087 0.0165469
vt -0.1341641 0.0201246
vt -0.1377418 0.01296919
vt -0.1305864 0.009391481
vt 0.1270086 0.01654689
vt 0.1305864 0.009391484
vt 0.1377418 0.01296919
vt 0.1341641 0.02012461
vt 0.07358477 0.09613679
vt 0.08009462 0.09148687
vt 0.08474454 0.09799673
vt 0.07823468 0.1026466
vt -0.07358477 0.09613679
vt -0.07823468 0.1026466
vt -0.08474454 0.09799673
vt -0.08009462 0.09148687
vt 0.01654764 0.03444086
vt 0.01385694 0.02690693
vt 0.02139087 0.02421623
vt 0.02408157 0.03175016
vt -0.01654764 0.03444086
vt -0.02408157 0.03175016
vt -0.02139087 0.02421623
vt -0.01385694 0.02690693
vt -0.09123159 0.08810105
vt -0.09838701 0.09167877
vt -0.1019647 0.08452335
vt -0.0948093 0.08094564
vt 0.09123158 0.08810106
vt 0.09480929 0.08094563
vt 0.1019647 0.08452335
vt 0.09838701 0.09167876
vt 0.07358479 0.09613678
vt 0.08009465 0.09148686
vt 0.08474457 0.09799672
vt 0.07823472 0.1026466
vt -0.07358479 0.09613677
vt -0.07823472 0.1026466
vt -0.08474457 0.09799672
vt -0.08009465 0.09148686
vt 0.01385693 0.02690693
vt 0.01116623 0.019373
vt 0.01870016 0.0166823
vt 0.02139086 0.02421623
vt -0.01385693 0.02690693
vt -0.02139086 0.02421624
vt -0.01870016 0.0166823
vt -0.01116623 0.019373
vt -0.09480931 0.08094565
vt -0.1019647 0.08452336
vt -0.1055424 0.07736794
vt -0.09838702 0.07379022
vt 0.09480931 0.08094564
vt 0.09838702 0.07379023
vt 0.1055424 0.07736793
vt 0.1019647 0.08452336
vt 0.07358482 0.09613676
vt 0.08009468 0.09148684
vt 0.0847446 0.0979967
vt 0.07823475 0.1026466
vt -0.07358482 0.09613676
vt -0.07823475 0.1026466
vt -0.0847446 0.0979967
vt -0.08009468 0.09148683
vt 0.01116621 0.01937301
vt 0.008475512 0.01183908
vt 0.01600944 0.009148376
vt 0.01870014 0.01668231
vt -0.01116621 0.01937301
vt -0.01870014 0.01668231
vt -0.01600944 0.009148376
vt -0.008475512 0.01183908
vt -0.09838702 0.07379022
vt -0.1055424 0.07736794
vt -0.1091201 0.07021252
vt -0.1019647 0.06663481
vt 0.09838702 0.07379022
vt 0.1019647 0.0666348
vt 0.1091201 0.07021252
vt 0.1055424 0.07736794
vt 0.07358484 0.09613673
vt 0.0800947 0.09148681
vt 0.08474462 0.09799667
vt 0.07823477 0.1026466
vt -0.07358484 0.09613673
vt -0.07823477 0.1026466
vt -0.08474462 0.09799667
vt -0.0800947 0.09148681
vt 0.005784802 0.004305149
vt 0.003094099 -0.003228782
vt 0.01062803 -0.005919485
vt 0.01331873 0.001614446
vt -0.005784802 0.004305149
vt -0.01331873 0.001614446
vt -0.01062803 -0.005919485
vt -0.003094099 -0.003228782
vt -0.1055424 0.05947939
vt -0.1126979 0.06305709
vt -0.1162756 0.05590168
vt -0.1091201 0.05232397
vt 0.1055424 0.05947939
vt 0.1091201 0.05232397
vt 0.1162756 0.05590168
vt 0.1126979 0.06305709
vt 0.07358475 0.09613681
vt 0.08009461 0.09148689
vt 0.08474453 0.09799676
vt 0.07823466 0.1026467
vt -0.07358475 0.0961368
vt -0.07823466 0.1026467
vt -0.08474452 0.09799676
vt -0.08009462 0.0914869
vt 0.00309424 -0.003228857
vt 0.0004035457 -0.01076279
vt 0.00793748 -0.01345349
vt 0.01062817 -0.005919551
vt -0.003094241 -0.003228856
vt -0.01062817 -0.005919551
vt -0.00793748 -0.01345349
vt -0.000403546 -0.01076279
vt -0.1091201 0.05232398
vt -0.1162755 0.05590169
vt -0.1198533 0.04874628
vt -0.1126978 0.04516856
vt 0.1091201 0.05232398
vt 0.1126978 0.04516856
vt 0.1198532 0.04874627
vt 0.1162755 0.05590169
vt 0.07358479 0.09613677
vt 0.08009465 0.09148686
vt 0.08474457 0.09799672
vt 0.0782347 0.1026466
vt -0.07358479 0.09613676
vt -0.07823471 0.1026466
vt -0.08474457 0.09799672
vt -0.08009466 0.09148686
vt 0.0004035068 -0.01076278
vt -0.002287191 -0.01829671
vt 0.005246741 -0.02098741
vt 0.00793744 -0.01345347
vt -0.000403507 -0.01076278
vt -0.00793744 -0.01345347
vt -0.005246742 -0.02098741
vt 0.002287191 -0.01829671
vt -0.1126978 0.04516857
vt -0.1198532 0.04874628
vt -0.123431 0.04159086
vt -0.1162755 0.03801315
vt 0.1126978 0.04516856
vt 0.1162755 0.03801315
vt 0.123431 0.04159086
vt 0.1198532 0.04874628
vt 0.07358478 0.09613677
vt 0.08009464 0.09148686
vt 0.08474455 0.09799673
vt 0.07823468 0.1026466
vt -0.07358478 0.09613677
vt -0.07823468 0.1026466
vt -0.08474455 0.09799673
vt -0.08009464 0.09148686
vt -0.002287108 -0.01829669
vt -0.0049778 -0.02583063
vt 0.002556134 -0.02852132
vt 0.005246827 -0.02098739
vt 0.002287107 -0.01829669
vt -0.005246827 -0.02098739
vt -0.002556134 -0.02852132
vt 0.0049778 -0.02583063
vt -0.1162755 0.03801315
vt -0.1234309 0.04159086
vt -0.1270086 0.03443544
vt -0.1198532 0.03085773
vt 0.1162755 0.03801315
vt 0.1198532 0.03085774
vt 0.1270086 0.03443544
vt 0.1234309 0.04159086
vt 0.07358482 0.09613676
vt 0.08009468 0.09148686
vt 0.08474459 0.09799671
vt 0.07823472 0.1026466
vt -0.07358482 0.09613676
vt -0.07823472 0.1026466
vt -0.08474459 0.09799671
vt -0.08009468 0.09148686
vt -0.004977821 -0.02583062
vt -0.007668517 -0.03336456
vt -0.0001345831 -0.03605525
vt 0.002556113 -0.02852131
vt 0.004977821 -0.02583062
vt -0.002556113 -0.02852131
vt 0.0001345829 -0.03605525
vt 0.007668517 -0.03336456
vt -0.1198532 0.03085774
vt -0.1270086 0.03443544
vt -0.1305864 0.02728002
vt -0.123431 0.02370232
vt 0.1198532 0.03085774
vt 0.123431 0.02370232
vt 0.1305864 0.02728002
vt 0.1270086 0.03443544
vt 0.07358483 0.09613673
vt 0.08009469 0.09148681
vt 0.0847446 0.09799668
vt 0.07823475 0.1026466
vt -0.07358483 0.09613673
vt -0.07823475 0.1026466
vt -0.0847446 0.09799668
vt -0.08009469 0.09148681
vt -0.007668535 -0.03336455
vt -0.01035923 -0.04089848
vt -0.002825298 -0.04358918
vt -0.0001346023 -0.03605524
vt 0.007668535 -0.03336455
vt 0.0001346026 -0.03605524
vt 0.002825299 -0.04358918
vt 0.01035923 -0.04089848
vt -0.1234309 0.02370232
vt -0.1305864 0.02728003
vt -0.1341641 0.02012461
vt -0.1270086 0.0165469
vt 0.1234309 0.02370231
vt 0.1270086 0.01654689
vt 0.1341641 0.0201246
vt 0.1305864 0.02728002
vt 0.07823467 0.1026467
vt 0.08474453 0.09799674
vt 0.08939444 0.1045066
vt 0.08288457 0.1091565
vt -0.07823466 0.1026466
vt -0.08288458 0.1091565
vt -0.08939444 0.1045066
vt -0.08474453 0.09799675
vt -0.007668616 -0.03336459
vt -0.01035931 -0.04089853
vt -0.00282538 -0.04358922
vt -0.000134683 -0.03605529
vt 0.007668616 -0.03336459
vt 0.0001346819 -0.03605529
vt 0.00282538 -0.04358922
vt 0.01035931 -0.04089852
vt -0.1305864 0.02728001
vt -0.1377418 0.03085772
vt -0.1413195 0.02370231
vt -0.1341641 0.02012459
vt 0.1305864 0.02728001
vt 0.1341641 0.0201246
vt 0.1413195 0.0237023
vt 0.1377418 0.03085772
vt 0.07823466 0.1026466
vt 0.08474452 0.09799673
vt 0.08939444 0.1045066
vt 0.08288456 0.1091565
vt -0.07823466 0.1026466
vt -0.08288457 0.1091565
vt -0.08939444 0.1045066
vt -0.08474453 0.09799674
vt -0.004977946 -0.02583065
vt -0.007668645 -0.03336459
vt -0.0001347108 -0.03605528
vt 0.002555986 -0.02852135
vt 0.004977946 -0.02583065
vt -0.002555987 -0.02852135
vt 0.0001347114 -0.03605528
vt 0.007668644 -0.03336459
vt -0.1270087 0.03443541
vt -0.1341641 0.03801312
vt -0.1377418 0.03085771
vt -0.1305864 0.02728
vt 0.1270087 0.03443541
vt 0.1305864 0.02728
vt 0.1377418 0.03085771
vt 0.1341641 0.03801313
vt 0.07823472 0.1026466
vt 0.08474459 0.09799672
vt 0.08939449 0.1045066
vt 0.08288462 0.1091565
vt -0.07823472 0.1026466
vt -0.08288462 0.1091565
vt -0.08939449 0.1045066
vt -0.08474459 0.09799672
vt -0.002287108 -0.01829669
vt -0.004977803 -0.02583063
vt 0.002556131 -0.02852132
vt 0.005246826 -0.02098739
vt 0.002287107 -0.01829669
vt -0.005246826 -0.02098739
vt -0.002556132 -0.02852132
vt 0.004977802 -0.02583063
vt -0.1234309 0.04159087
vt -0.1305864 0.04516857
vt -0.1341641 0.03801315
vt -0.1270086 0.03443545
vt 0.1234309 0.04159087
vt 0.1270086 0.03443545
vt 0.1341641 0.03801315
vt 0.1305864 0.04516857
vt 0.07823479 0.1026466
vt 0.08474465 0.09799664
vt 0.08939458 0.1045065
vt 0.08288472 0.1091564
vt -0.07823479 0.1026466
vt -0.08288472 0.1091564
vt -0.08939458 0.1045065
vt -0.08474465 0.09799663
vt 0.0004033452 -0.01076272
vt -0.002287362 -0.01829665
vt 0.005246567 -0.02098736
vt 0.007937274 -0.01345343
vt -0.0004033455 -0.01076272
vt -0.007937275 -0.01345343
vt -0.005246568 -0.02098736
vt 0.002287361 -0.01829665
vt -0.1198533 0.04874624
vt -0.1270087 0.05232396
vt -0.1305864 0.04516854
vt -0.123431 0.04159082
vt 0.1198533 0.04874625
vt 0.123431 0.04159082
vt 0.1305864 0.04516854
vt 0.1270087 0.05232396
vt 0.07823483 0.1026466
vt 0.08474468 0.09799662
vt 0.08939461 0.1045065
vt 0.08288476 0.1091564
vt -0.07823483 0.1026466
vt -0.08288475 0.1091564
vt -0.08939461 0.1045065
vt -0.08474468 0.09799662
vt 0.003094021 -0.003228779
vt 0.0004033124 -0.01076271
vt 0.007937241 -0.01345342
vt 0.01062795 -0.005919488
vt -0.003094022 -0.003228779
vt -0.01062795 -0.005919488
vt -0.007937241 -0.01345342
vt -0.0004033129 -0.01076271
vt -0.1162756 0.05590167
vt -0.123431 0.05947939
vt -0.1270087 0.05232396
vt -0.1198533 0.04874626
vt 0.1162756 0.05590168
vt 0.1198533 0.04874625
vt 0.1270087 0.05232397
vt 0.123431 0.05947938
vt 0.07823463 0.1026467
vt 0.0847445 0.09799678
vt 0.08939441 0.1045066
vt 0.08288454 0.1091565
vt -0.07823463 0.1026467
vt -0.08288454 0.1091566
vt -0.08939441 0.1045066
vt -0.0847445 0.09799679
vt 0.0057849 0.004305062
vt 0.003094205 -0.003228872
vt 0.01062814 -0.005919567
vt 0.01331883 0.001614366
vt -0.0057849 0.004305062
vt -0.01331883 0.001614367
vt -0.01062814 -0.005919567
vt -0.003094205 -0.003228872
vt -0.1126978 0.0630571
vt -0.1198532 0.06663481
vt -0.123431 0.0594794
vt -0.1162755 0.05590169
vt 0.1126978 0.0630571
vt 0.1162755 0.05590169
vt 0.123431 0.0594794
vt 0.1198532 0.06663482
vt 0.07823465 0.1026467
vt 0.08474451 0.09799679
vt 0.08939442 0.1045066
vt 0.08288455 0.1091566
vt -0.07823464 0.1026467
vt -0.08288456 0.1091566
vt -0.08939441 0.1045066
vt -0.08474451 0.09799679
vt 0.008475566 0.01183898
vt 0.00578487 0.004305049
vt 0.0133188 0.001614351
vt 0.0160095 0.009148284
vt -0.008475566 0.01183898
vt -0.0160095 0.009148285
vt -0.0133188 0.001614352
vt -0.00578487 0.004305048
vt -0.1091201 0.07021252
vt -0.1162755 0.07379023
vt -0.1198532 0.06663482
vt -0.1126978 0.0630571
vt 0.1091201 0.07021251
vt 0.1126978 0.0630571
vt 0.1198532 0.06663481
vt 0.1162755 0.07379023
vt 0.07823479 0.1026466
vt 0.08474465 0.09799667
vt 0.08939457 0.1045065
vt 0.08288472 0.1091565
vt -0.07823479 0.1026466
vt -0.08288471 0.1091564
vt -0.08939458 0.1045065
vt -0.08474465 0.09799667
vt 0.01116609 0.019373
vt 0.00847538 0.01183908
vt 0.01600931 0.009148365
vt 0.01870002 0.01668229
vt -0.01116609 0.01937301
vt -0.01870002 0.01668229
vt -0.01600931 0.009148365
vt -0.00847538 0.01183908
vt -0.1055425 0.07736792
vt -0.1126979 0.08094563
vt -0.1162756 0.07379021
vt -0.1091202 0.07021251
vt 0.1055425 0.07736792
vt 0.1091202 0.07021251
vt 0.1162756 0.07379021
vt 0.1126979 0.08094563
vt 0.07823481 0.1026466
vt 0.08474465 0.09799667
vt 0.08939458 0.1045065
vt 0.08288474 0.1091565
vt -0.07823481 0.1026466
vt -0.08288474 0.1091565
vt -0.08939458 0.1045065
vt -0.08474465 0.09799667
vt 0.01385677 0.02690694
vt 0.01116606 0.01937301
vt 0.01869999 0.0166823
vt 0.0213907 0.02421623
vt -0.01385677 0.02690694
vt -0.0213907 0.02421623
vt -0.01869999 0.0166823
vt -0.01116606 0.01937301
vt -0.1019647 0.08452334
vt -0.1091202 0.08810104
vt -0.1126979 0.08094563
vt -0.1055425 0.07736792
vt 0.1019648 0.08452334
vt 0.1055425 0.07736792
vt 0.1126979 0.08094563
vt 0.1091202 0.08810104
vt 0.0782347 0.1026466
vt 0.08474457 0.09799673
vt 0.08939447 0.1045066
vt 0.08288461 0.1091565
vt -0.0782347 0.1026466
vt -0.08288461 0.1091565
vt -0.08939447 0.1045066
vt -0.08474457 0.09799673
vt 0.01654771 0.03444084
vt 0.01385701 0.0269069
vt 0.02139095 0.02421621
vt 0.02408164 0.03175014
vt -0.01654771 0.03444084
vt -0.02408164 0.03175014
vt -0.02139095 0.02421621
vt -0.01385701 0.0269069
vt -0.09838699 0.09167878
vt -0.1055424 0.09525649
vt -0.1091201 0.08810107
vt -0.1019647 0.08452336
vt 0.09838699 0.09167878
vt 0.1019647 0.08452337
vt 0.1091201 0.08810107
vt 0.1055424 0.09525649
vt 0.07823473 0.1026466
vt 0.08474459 0.09799672
vt 0.0893945 0.1045066
vt 0.08288464 0.1091565
vt -0.07823472 0.1026466
vt -0.08288465 0.1091565
vt -0.0893945 0.1045066
vt -0.08474459 0.09799673
vt 0.01923838 0.04197478
vt 0.01654768 0.03444085
vt 0.02408162 0.03175015
vt 0.02677231 0.03928408
vt -0.01923838 0.04197478
vt -0.02677231 0.03928408
vt -0.02408162 0.03175015
vt -0.01654768 0.03444085
vt -0.09480929 0.09883422
vt -0.1019647 0.1024119
vt -0.1055424 0.09525651
vt -0.098387 0.09167879
vt 0.09480928 0.09883421
vt 0.098387 0.0916788
vt 0.1055424 0.0952565
vt 0.1019647 0.1024119
vt 0.08288456 0.1091565
vt 0.08939443 0.1045066
vt 0.09404434 0.1110165
vt 0.08753448 0.1156664
vt -0.08288456 0.1091565
vt -0.08753448 0.1156664
vt -0.09404434 0.1110165
vt -0.08939443 0.1045066
vt -0.002287283 -0.01829671
vt -0.004977982 -0.02583064
vt 0.00255595 -0.02852134
vt 0.005246649 -0.02098741
vt 0.002287283 -0.01829671
vt -0.005246649 -0.02098741
vt -0.002555951 -0.02852134
vt 0.004977982 -0.02583064
vt -0.1305864 0.04516854
vt -0.1377418 0.04874625
vt -0.1413195 0.04159084
vt -0.1341641 0.03801312
vt 0.1305864 0.04516854
vt 0.1341641 0.03801312
vt 0.1413195 0.04159083
vt 0.1377418 0.04874625
vt 0.08288456 0.1091565
vt 0.08939443 0.1045066
vt 0.09404434 0.1110165
vt 0.08753448 0.1156664
vt -0.08288456 0.1091565
vt -0.08753448 0.1156664
vt -0.09404434 0.1110165
vt -0.08939443 0.1045066
vt 0.0004033889 -0.01076277
vt -0.00228731 -0.0182967
vt 0.005246622 -0.0209874
vt 0.007937321 -0.01345347
vt -0.000403389 -0.01076277
vt -0.007937321 -0.01345347
vt -0.005246622 -0.0209874
vt 0.00228731 -0.0182967
vt -0.1270087 0.05232396
vt -0.1341641 0.05590167
vt -0.1377418 0.04874625
vt -0.1305864 0.04516854
vt 0.1270087 0.05232396
vt 0.1305864 0.04516854
vt 0.1377418 0.04874625
vt 0.1341641 0.05590167
vt 0.08288475 0.1091564
vt 0.08939461 0.1045065
vt 0.09404453 0.1110163
vt 0.08753468 0.1156662
vt -0.08288476 0.1091564
vt -0.08753468 0.1156662
vt -0.09404454 0.1110163
vt -0.08939461 0.1045065
vt 0.003093982 -0.003228768
vt 0.0004032713 -0.0107627
vt 0.007937199 -0.01345341
vt 0.01062791 -0.005919479
vt -0.003093982 -0.003228768
vt -0.01062791 -0.005919479
vt -0.007937199 -0.01345341
vt -0.0004032716 -0.0107627
vt -0.123431 0.05947937
vt -0.1305864 0.06305708
vt -0.1341641 0.05590167
vt -0.1270087 0.05232396
vt 0.123431 0.05947937
vt 0.1270087 0.05232396
vt 0.1341641 0.05590167
vt 0.1305864 0.06305708
vt 0.0828848 0.1091564
vt 0.08939466 0.1045064
vt 0.09404459 0.1110163
vt 0.08753475 0.1156662
vt -0.08288481 0.1091564
vt -0.08753474 0.1156662
vt -0.0940446 0.1110163
vt -0.08939465 0.1045064
vt 0.005784637 0.004305181
vt 0.003093923 -0.003228746
vt 0.01062785 -0.005919461
vt 0.01331856 0.001614466
vt -0.005784637 0.004305181
vt -0.01331856 0.001614466
vt -0.01062785 -0.005919461
vt -0.003093923 -0.003228746
vt -0.1198533 0.06663479
vt -0.1270087 0.0702125
vt -0.1305864 0.06305708
vt -0.123431 0.05947937
vt 0.1198533 0.06663479
vt 0.123431 0.05947937
vt 0.1305864 0.06305708
vt 0.1270087 0.0702125
vt 0.08288456 0.1091565
vt 0.08939443 0.1045066
vt 0.09404434 0.1110165
vt 0.08753447 0.1156664
vt -0.08288456 0.1091565
vt -0.08753447 0.1156664
vt -0.09404434 0.1110165
vt -0.08939444 0.1045066
vt 0.008475537 0.01183899
vt 0.005784839 0.004305054
vt 0.01331877 0.001614355
vt 0.01600947 0.009148289
vt -0.008475537 0.01183899
vt -0.01600947 0.009148289
vt -0.01331877 0.001614355
vt -0.005784839 0.004305054
vt -0.1162755 0.07379023
vt -0.123431 0.07736794
vt -0.1270087 0.07021253
vt -0.1198533 0.06663481
vt 0.1162755 0.07379023
vt 0.1198533 0.06663482
vt 0.1270087 0.07021253
vt 0.123431 0.07736795
vt 0.08288464 0.1091565
vt 0.08939449 0.1045066
vt 0.09404441 0.1110164
vt 0.08753455 0.1156663
vt -0.08288464 0.1091565
vt -0.08753455 0.1156664
vt -0.09404441 0.1110164
vt -0.0893945 0.1045066
vt 0.01654768 0.03444084
vt 0.01385699 0.02690691
vt 0.02139092 0.02421621
vt 0.02408162 0.03175015
vt -0.01654768 0.03444084
vt -0.02408162 0.03175014
vt -0.02139092 0.02421621
vt -0.01385699 0.02690691
vt -0.1055424 0.0952565
vt -0.1126978 0.0988342
vt -0.1162755 0.09167879
vt -0.1091201 0.08810108
vt 0.1055424 0.09525649
vt 0.1091201 0.08810108
vt 0.1162755 0.09167879
vt 0.1126978 0.0988342
vt 0.08288465 0.1091565
vt 0.08939451 0.1045066
vt 0.09404443 0.1110164
vt 0.08753457 0.1156663
vt -0.08288465 0.1091565
vt -0.08753457 0.1156663
vt -0.09404443 0.1110164
vt -0.08939451 0.1045066
vt 0.01385697 0.02690692
vt 0.01116627 0.01937299
vt 0.0187002 0.01668229
vt 0.02139091 0.02421622
vt -0.01385697 0.02690692
vt -0.02139091 0.02421622
vt -0.0187002 0.01668229
vt -0.01116627 0.01937299
vt -0.1091201 0.08810107
vt -0.1162755 0.09167879
vt -0.1198533 0.08452336
vt -0.1126978 0.08094566
vt 0.1091201 0.08810107
vt 0.1126978 0.08094566
vt 0.1198532 0.08452336
vt 0.1162755 0.09167878
vt 0.08288457 0.1091565
vt 0.08939444 0.1045066
vt 0.09404434 0.1110165
vt 0.08753448 0.1156664
vt -0.08288457 0.1091565
vt -0.08753447 0.1156664
vt -0.09404434 0.1110165
vt -0.08939444 0.1045066
vt 0.01116634 0.01937296
vt 0.008475648 0.01183903
vt 0.01600958 0.009148332
vt 0.01870028 0.01668227
vt -0.01116634 0.01937296
vt -0.01870028 0.01668227
vt -0.01600958 0.009148334
vt -0.008475648 0.01183903
vt -0.1126978 0.08094566
vt -0.1198532 0.08452336
vt -0.123431 0.07736795
vt -0.1162755 0.07379024
vt 0.1126978 0.08094566
vt 0.1162755 0.07379024
vt 0.123431 0.07736795
vt 0.1198532 0.08452336
vt 0.08753448 0.1156664
vt 0.09404434 0.1110165
vt 0.09869425 0.1175264
vt 0.09218438 0.1221763
vt -0.08753448 0.1156664
vt -0.09218438 0.1221763
vt -0.09869425 0.1175264
vt -0.09404434 0.1110165
vt 0.01116637 0.01937298
vt 0.008475679 0.01183904
vt 0.01600961 0.009148351
vt 0.01870031 0.01668229
vt -0.01116637 0.01937298
vt -0.01870031 0.01668229
vt -0.01600962 0.009148351
vt -0.008475679 0.01183904
vt -0.1198532 0.08452336
vt -0.1270086 0.08810107
vt -0.1305864 0.08094566
vt -0.123431 0.07736795
vt 0.1198532 0.08452336
vt 0.123431 0.07736795
vt 0.1305864 0.08094566
vt 0.1270086 0.08810107
vt 0.08753456 0.1156663
vt 0.09404442 0.1110164
vt 0.09869434 0.1175263
vt 0.09218448 0.1221762
vt -0.08753456 0.1156663
vt -0.09218448 0.1221762
vt -0.09869434 0.1175263
vt -0.09404442 0.1110164
vt 0.01385697 0.02690694
vt 0.01116628 0.01937301
vt 0.01870021 0.01668231
vt 0.02139091 0.02421624
vt -0.01385697 0.02690694
vt -0.02139091 0.02421624
vt -0.01870021 0.01668231
vt -0.01116628 0.01937301
vt -0.1162755 0.09167878
vt -0.123431 0.09525649
vt -0.1270087 0.08810107
vt -0.1198532 0.08452336
vt 0.1162755 0.09167878
vt 0.1198532 0.08452336
vt 0.1270087 0.08810107
vt 0.123431 0.09525649
vt 0.08753449 0.1156664
vt 0.09404435 0.1110165
vt 0.09869425 0.1175264
vt 0.09218439 0.1221763
vt -0.08753449 0.1156664
vt -0.09218439 0.1221763
vt -0.09869425 0.1175264
vt -0.09404435 0.1110165
vt 0.01654775 0.03444085
vt 0.01385706 0.02690691
vt 0.021391 0.02421622
vt 0.02408169 0.03175016
vt -0.01654775 0.03444085
vt -0.02408169 0.03175016
vt -0.021391 0.02421622
vt -0.01385706 0.02690691
vt -0.1126978 0.09883421
vt -0.1198532 0.1024119
vt -0.123431 0.0952565
vt -0.1162755 0.0916788
vt 0.1126978 0.09883421
vt 0.1162755 0.09167879
vt 0.123431 0.0952565
vt 0.1198532 0.1024119
vt 0.08753453 0.1156664
vt 0.09404439 0.1110165
vt 0.09869431 0.1175263
vt 0.09218444 0.1221762
vt -0.08753453 0.1156664
vt -0.09218445 0.1221762
vt -0.09869431 0.1175263
vt -0.09404439 0.1110165
vt 0.008475484 0.011839
vt 0.005784781 0.004305069
vt 0.01331871 0.001614366
vt 0.01600941 0.009148297
vt -0.008475484 0.011839
vt -0.01600941 0.009148298
vt -0.01331871 0.001614366
vt -0.005784781 0.004305069
vt -0.123431 0.07736793
vt -0.1305864 0.08094564
vt -0.1341641 0.07379023
vt -0.1270087 0.07021251
vt 0.123431 0.07736793
vt 0.1270087 0.07021252
vt 0.1341641 0.07379023
vt 0.1305864 0.08094565
vt 0.08753454 0.1156663
vt 0.0940444 0.1110164
vt 0.09869432 0.1175263
vt 0.09218447 0.1221762
vt -0.08753454 0.1156663
vt -0.09218446 0.1221762
vt -0.09869432 0.1175263
vt -0.09404439 0.1110164
vt 0.005784764 0.004305076
vt 0.00309406 -0.003228855
vt 0.01062799 -0.00591956
vt 0.0133187 0.001614371
vt -0.005784764 0.004305076
vt -0.0133187 0.001614371
vt -0.01062799 -0.00591956
vt -0.00309406 -0.003228855
vt -0.1270087 0.07021251
vt -0.1341641 0.07379022
vt -0.1377418 0.0666348
vt -0.1305864 0.06305709
vt 0.1270087 0.07021251
vt 0.1305864 0.06305709
vt 0.1377418 0.0666348
vt 0.1341641 0.07379022
vt 0.08753458 0.1156663
vt 0.09404443 0.1110164
vt 0.09869436 0.1175262
vt 0.0921845 0.1221762
vt -0.08753458 0.1156663
vt -0.0921845 0.1221762
vt -0.09869436 0.1175262
vt -0.09404443 0.1110164
vt 0.003094044 -0.003228848
vt 0.0004033378 -0.01076278
vt 0.007937267 -0.01345348
vt 0.01062797 -0.005919555
vt -0.003094044 -0.003228848
vt -0.01062797 -0.005919555
vt -0.007937267 -0.01345349
vt -0.0004033378 -0.01076278
vt -0.1305864 0.06305709
vt -0.1377418 0.0666348
vt -0.1413195 0.05947938
vt -0.1341641 0.05590167
vt 0.1305864 0.06305709
vt 0.1341641 0.05590167
vt 0.1413195 0.05947938
vt 0.1377418 0.0666348
vt 0.0921844 0.1221763
vt 0.09869426 0.1175263
vt 0.1033442 0.1240362
vt 0.0968343 0.1286861
vt -0.0921844 0.1221763
vt -0.0968343 0.1286861
vt -0.1033442 0.1240362
vt -0.09869426 0.1175263
vt 0.01923842 0.04197479
vt 0.01654773 0.03444085
vt 0.02408166 0.03175016
vt 0.02677236 0.0392841
vt -0.01923842 0.04197479
vt -0.02677236 0.0392841
vt -0.02408166 0.03175016
vt -0.01654773 0.03444085
vt -0.1162755 0.1095673
vt -0.123431 0.113145
vt -0.1270087 0.1059896
vt -0.1198532 0.1024119
vt 0.1162755 0.1095673
vt 0.1198532 0.1024119
vt 0.1270087 0.1059896
vt 0.123431 0.113145
vt 0.0921844 0.1221763
vt 0.09869426 0.1175263
vt 0.1033442 0.1240362
vt 0.0968343 0.1286861
vt -0.0921844 0.1221763
vt -0.0968343 0.1286861
vt -0.1033442 0.1240362
vt -0.09869426 0.1175263
vt 0.01654775 0.03444085
vt 0.01385706 0.02690691
vt 0.02139099 0.02421622
vt 0.02408169 0.03175015
vt -0.01654775 0.03444085
vt -0.02408169 0.03175015
vt -0.02139099 0.02421622
vt -0.01385706 0.02690691
vt -0.1198532 0.1024119
vt -0.1270086 0.1059896
vt -0.1305864 0.0988342
vt -0.1234309 0.09525649
vt 0.1198532 0.1024119
vt 0.1234309 0.09525649
vt 0.1305864 0.0988342
vt 0.1270086 0.1059896
vt 0.09218443 0.1221762
vt 0.0986943 0.1175263
vt 0.1033442 0.1240362
vt 0.09683434 0.1286861
vt -0.09218443 0.1221762
vt -0.09683434 0.1286861
vt -0.1033442 0.1240362
vt -0.0986943 0.1175263
vt 0.01385704 0.02690692
vt 0.01116634 0.01937298
vt 0.01870028 0.01668229
vt 0.02139097 0.02421623
vt -0.01385704 0.02690692
vt -0.02139097 0.02421623
vt -0.01870028 0.01668229
vt -0.01116634 0.01937298
vt -0.1234309 0.09525649
vt -0.1305864 0.0988342
vt -0.1341641 0.09167878
vt -0.1270086 0.08810107
vt 0.1234309 0.09525649
vt 0.1270086 0.08810107
vt 0.1341641 0.09167878
vt 0.1305864 0.0988342
vt 0.09218452 0.1221762
vt 0.09869438 0.1175262
vt 0.1033443 0.1240361
vt 0.09683444 0.128686
vt -0.09218452 0.1221762
vt -0.09683444 0.128686
vt -0.1033443 0.1240361
vt -0.09869438 0.1175262
vt 0.01116625 0.01937302
vt 0.008475552 0.01183909
vt 0.01600948 0.009148388
vt 0.01870019 0.01668232
vt -0.01116625 0.01937302
vt -0.01870018 0.01668232
vt -0.01600948 0.009148388
vt -0.008475552 0.01183909
vt -0.1270087 0.08810107
vt -0.1341641 0.09167878
vt -0.1377418 0.08452336
vt -0.1305864 0.08094566
vt 0.1270087 0.08810107
vt 0.1305864 0.08094566
vt 0.1377418 0.08452336
vt 0.1341641 0.09167878
vt 0.09218445 0.1221762
vt 0.09869431 0.1175263
vt 0.1033442 0.1240362
vt 0.09683438 0.1286861
vt -0.09218445 0.1221762
vt -0.09683437 0.1286861
vt -0.1033442 0.1240362
vt -0.09869431 0.1175263
vt 0.008475449 0.01183901
vt 0.005784744 0.004305077
vt 0.01331867 0.001614372
vt 0.01600938 0.009148302
vt -0.008475448 0.01183901
vt -0.01600938 0.009148303
vt -0.01331867 0.001614372
vt -0.005784744 0.004305077
vt -0.1305864 0.08094563
vt -0.1377418 0.08452335
vt -0.1413195 0.07736793
vt -0.1341641 0.07379021
vt 0.1305864 0.08094563
vt 0.1341641 0.07379021
vt 0.1413195 0.07736793
vt 0.1377418 0.08452335
vt 0.1107841 0.1482157
vt 0.1172939 0.1435658
vt 0.1219438 0.1500757
vt 0.115434 0.1547256
vt -0.1107841 0.1482157
vt -0.115434 0.1547256
vt -0.1219438 0.1500757
vt -0.1172939 0.1435658
vt 0.01116626 0.01937295
vt 0.008475565 0.01183901
vt 0.0160095 0.009148316
vt 0.01870019 0.01668225
vt -0.01116626 0.01937295
vt -0.01870019 0.01668225
vt -0.0160095 0.009148316
vt -0.008475565 0.01183901
vt -0.1556303 0.1024119
vt -0.1627857 0.1059896
vt -0.1663635 0.09883421
vt -0.159208 0.09525649
vt 0.1556303 0.1024119
vt 0.159208 0.09525649
vt 0.1663634 0.0988342
vt 0.1627857 0.1059896
vt 0.0921845 0.1221762
vt 0.09869435 0.1175263
vt 0.1033443 0.1240361
vt 0.09683443 0.128686
vt -0.0921845 0.1221762
vt -0.09683442 0.128686
vt -0.1033443 0.1240361
vt -0.09869435 0.1175263
vt 0.00309403 -0.003228849
vt 0.0004033241 -0.01076278
vt 0.007937254 -0.01345349
vt 0.01062796 -0.005919556
vt -0.003094031 -0.003228849
vt -0.01062796 -0.005919556
vt -0.007937254 -0.01345349
vt -0.0004033241 -0.01076278
vt -0.1377418 0.0666348
vt -0.1448973 0.07021251
vt -0.148475 0.06305709
vt -0.1413195 0.05947939
vt 0.1377418 0.0666348
vt 0.1413195 0.05947939
vt 0.148475 0.06305709
vt 0.1448973 0.07021251
vt 0.09218456 0.1221761
vt 0.09869441 0.1175262
vt 0.1033443 0.1240361
vt 0.09683449 0.128686
vt -0.09218456 0.1221761
vt -0.09683448 0.128686
vt -0.1033443 0.1240361
vt -0.09869441 0.1175262
vt 0.0004032819 -0.01076276
vt -0.002287428 -0.01829669
vt 0.0052465 -0.0209874
vt 0.00793721 -0.01345347
vt -0.0004032821 -0.01076276
vt -0.00793721 -0.01345347
vt -0.0052465 -0.0209874
vt 0.002287428 -0.01829669
vt -0.1413195 0.05947937
vt -0.1484749 0.06305708
vt -0.1520526 0.05590167
vt -0.1448972 0.05232396
vt 0.1413195 0.05947937
vt 0.1448972 0.05232396
vt 0.1520527 0.05590167
vt 0.1484749 0.06305708
vt 0.09218456 0.1221761
vt 0.09869441 0.1175262
vt 0.1033443 0.124036
vt 0.0968345 0.128686
vt -0.09218457 0.1221761
vt -0.0968345 0.128686
vt -0.1033443 0.124036
vt -0.09869441 0.1175262
vt -0.002287445 -0.01829669
vt -0.004978155 -0.02583062
vt 0.002555773 -0.02852133
vt 0.005246483 -0.0209874
vt 0.002287445 -0.01829669
vt -0.005246483 -0.0209874
vt -0.002555773 -0.02852133
vt 0.004978155 -0.02583062
vt -0.1448972 0.05232395
vt -0.1520526 0.05590166
vt -0.1556304 0.04874624
vt -0.1484749 0.04516853
vt 0.1448972 0.05232395
vt 0.1484749 0.04516853
vt 0.1556304 0.04874625
vt 0.1520526 0.05590166
vt 0.09218453 0.1221761
vt 0.09869438 0.1175262
vt 0.1033443 0.1240361
vt 0.09683447 0.128686
vt -0.09218454 0.1221761
vt -0.09683447 0.128686
vt -0.1033443 0.1240361
vt -0.09869438 0.1175262
vt -0.004978247 -0.02583065
vt -0.007668959 -0.03336457
vt -0.0001350327 -0.03605529
vt 0.002555681 -0.02852136
vt 0.004978246 -0.02583064
vt -0.00255568 -0.02852136
vt 0.0001350325 -0.03605528
vt 0.00766896 -0.03336457
vt -0.148475 0.04516851
vt -0.1556304 0.04874623
vt -0.1592081 0.04159081
vt -0.1520527 0.0380131
vt 0.1484749 0.04516851
vt 0.1520527 0.0380131
vt 0.1592081 0.04159081
vt 0.1556304 0.04874622
vt 0.09683435 0.1286861
vt 0.1033442 0.1240362
vt 0.1079941 0.130546
vt 0.1014843 0.135196
vt -0.09683435 0.1286861
vt -0.1014843 0.135196
vt -0.1079941 0.130546
vt -0.1033442 0.1240362
vt 0.02192907 0.04950874
vt 0.01923837 0.04197481
vt 0.0267723 0.03928411
vt 0.029463 0.04681805
vt -0.02192907 0.04950874
vt -0.029463 0.04681805
vt -0.0267723 0.03928411
vt -0.01923837 0.04197481
vt -0.1198532 0.1203005
vt -0.1270087 0.1238782
vt -0.1305864 0.1167227
vt -0.123431 0.113145
vt 0.1198532 0.1203005
vt 0.1234309 0.113145
vt 0.1305864 0.1167227
vt 0.1270087 0.1238782
vt 0.09683434 0.1286861
vt 0.1033442 0.1240362
vt 0.1079941 0.1305461
vt 0.1014843 0.135196
vt -0.09683434 0.1286861
vt -0.1014843 0.135196
vt -0.1079941 0.1305461
vt -0.1033442 0.1240362
vt 0.01923842 0.04197479
vt 0.01654773 0.03444085
vt 0.02408166 0.03175016
vt 0.02677236 0.0392841
vt -0.01923842 0.04197479
vt -0.02677236 0.0392841
vt -0.02408166 0.03175016
vt -0.01654773 0.03444085
vt -0.123431 0.113145
vt -0.1305864 0.1167227
vt -0.1341641 0.1095673
vt -0.1270087 0.1059896
vt 0.123431 0.113145
vt 0.1270087 0.1059896
vt 0.1341641 0.1095673
vt 0.1305864 0.1167227
vt 0.09683435 0.1286861
vt 0.1033442 0.1240362
vt 0.1079941 0.130546
vt 0.1014843 0.1351959
vt -0.09683435 0.1286861
vt -0.1014843 0.1351959
vt -0.1079941 0.130546
vt -0.1033442 0.1240362
vt 0.01654771 0.03444086
vt 0.01385701 0.02690693
vt 0.02139094 0.02421623
vt 0.02408164 0.03175016
vt -0.01654771 0.03444086
vt -0.02408164 0.03175016
vt -0.02139094 0.02421623
vt -0.01385701 0.02690693
vt -0.1270087 0.1059896
vt -0.1341641 0.1095673
vt -0.1377418 0.1024119
vt -0.1305864 0.09883421
vt 0.1270087 0.1059896
vt 0.1305864 0.09883421
vt 0.1377418 0.1024119
vt 0.1341641 0.1095673
vt 0.09683439 0.1286861
vt 0.1033442 0.1240361
vt 0.1079942 0.130546
vt 0.1014843 0.1351959
vt -0.09683439 0.1286861
vt -0.1014843 0.1351959
vt -0.1079942 0.130546
vt -0.1033442 0.1240361
vt 0.01385699 0.02690694
vt 0.01116629 0.01937301
vt 0.01870022 0.01668231
vt 0.02139092 0.02421624
vt -0.01385699 0.02690694
vt -0.02139092 0.02421624
vt -0.01870022 0.01668231
vt -0.01116629 0.01937301
vt -0.1305864 0.09883421
vt -0.1377418 0.1024119
vt -0.1413195 0.09525651
vt -0.1341641 0.09167879
vt 0.1305864 0.0988342
vt 0.1341641 0.09167879
vt 0.1413195 0.0952565
vt 0.1377418 0.1024119
vt 0.09683444 0.128686
vt 0.1033443 0.1240361
vt 0.1079942 0.130546
vt 0.1014844 0.1351959
vt -0.09683444 0.128686
vt -0.1014844 0.1351959
vt -0.1079942 0.130546
vt -0.1033443 0.1240361
vt 0.01116627 0.01937301
vt 0.008475572 0.01183908
vt 0.0160095 0.009148383
vt 0.0187002 0.01668231
vt -0.01116627 0.01937301
vt -0.0187002 0.01668231
vt -0.0160095 0.009148382
vt -0.008475572 0.01183908
vt -0.1341641 0.09167878
vt -0.1413195 0.09525649
vt -0.1448972 0.08810107
vt -0.1377418 0.08452336
vt 0.1341641 0.09167878
vt 0.1377418 0.08452336
vt 0.1448972 0.08810107
vt 0.1413195 0.09525649
vt 0.0968344 0.1286861
vt 0.1033442 0.1240361
vt 0.1079942 0.130546
vt 0.1014843 0.1351959
vt -0.0968344 0.1286861
vt -0.1014843 0.1351959
vt -0.1079942 0.130546
vt -0.1033442 0.1240361
vt 0.008475411 0.01183902
vt 0.005784704 0.004305085
vt 0.01331863 0.001614379
vt 0.01600934 0.009148308
vt -0.008475411 0.01183902
vt -0.01600934 0.009148309
vt -0.01331863 0.001614379
vt -0.005784704 0.004305085
vt -0.1377418 0.08452334
vt -0.1448973 0.08810105
vt -0.1484749 0.08094563
vt -0.1413195 0.07736792
vt 0.1377418 0.08452334
vt 0.1413195 0.07736792
vt 0.148475 0.08094563
vt 0.1448973 0.08810105
vt 0.09683444 0.128686
vt 0.1033443 0.1240361
vt 0.1079942 0.130546
vt 0.1014844 0.1351959
vt -0.09683444 0.128686
vt -0.1014844 0.1351959
vt -0.1079942 0.130546
vt -0.1033443 0.1240361
vt 0.005784688 0.004305092
vt 0.003093979 -0.003228837
vt 0.01062791 -0.005919546
vt 0.01331862 0.001614383
vt -0.005784688 0.004305092
vt -0.01331862 0.001614383
vt -0.01062791 -0.005919546
vt -0.00309398 -0.003228837
vt -0.1413195 0.07736792
vt -0.1484749 0.08094563
vt -0.1520527 0.07379021
vt -0.1448973 0.07021251
vt 0.1413195 0.07736792
vt 0.1448972 0.0702125
vt 0.1520527 0.07379021
vt 0.1484749 0.08094563
vt 0.09683429 0.1286861
vt 0.1033442 0.1240362
vt 0.1079941 0.1305461
vt 0.1014842 0.135196
vt -0.09683429 0.1286861
vt -0.1014842 0.135196
vt -0.1079941 0.1305461
vt -0.1033442 0.1240362
vt 0.00309426 -0.003228847
vt 0.0004035668 -0.01076278
vt 0.007937501 -0.01345347
vt 0.01062819 -0.005919541
vt -0.00309426 -0.003228847
vt -0.01062819 -0.005919541
vt -0.007937501 -0.01345347
vt -0.000403567 -0.01076278
vt -0.1448972 0.07021254
vt -0.1520526 0.07379024
vt -0.1556303 0.06663482
vt -0.1484749 0.06305712
vt 0.1448972 0.07021254
vt 0.1484749 0.06305712
vt 0.1556303 0.06663482
vt 0.1520526 0.07379024
vt 0.09683451 0.128686
vt 0.1033444 0.124036
vt 0.1079943 0.1305459
vt 0.1014844 0.1351958
vt -0.09683452 0.128686
vt -0.1014844 0.1351958
vt -0.1079943 0.1305459
vt -0.1033444 0.124036
vt 0.0004032379 -0.01076275
vt -0.002287474 -0.01829668
vt 0.005246453 -0.02098739
vt 0.007937165 -0.01345347
vt -0.0004032381 -0.01076275
vt -0.007937166 -0.01345346
vt -0.005246454 -0.02098739
vt 0.002287474 -0.01829668
vt -0.1484749 0.06305709
vt -0.1556304 0.0666348
vt -0.1592081 0.05947938
vt -0.1520527 0.05590167
vt 0.1484749 0.06305709
vt 0.1520526 0.05590167
vt 0.1592081 0.05947939
vt 0.1556304 0.0666348
vt 0.09683447 0.128686
vt 0.1033443 0.1240361
vt 0.1079942 0.1305459
vt 0.1014844 0.1351959
vt -0.09683447 0.128686
vt -0.1014844 0.1351959
vt -0.1079942 0.1305459
vt -0.1033443 0.1240361
vt -0.002287234 -0.01829668
vt -0.004977936 -0.02583061
vt 0.002555995 -0.02852131
vt 0.005246698 -0.02098738
vt 0.002287233 -0.01829668
vt -0.005246698 -0.02098738
vt -0.002555996 -0.02852131
vt 0.004977936 -0.02583061
vt -0.1520526 0.0559017
vt -0.159208 0.0594794
vt -0.1627858 0.05232399
vt -0.1556303 0.04874628
vt 0.1520526 0.05590169
vt 0.1556303 0.04874627
vt 0.1627858 0.05232399
vt 0.159208 0.0594794
vt 0.09683441 0.128686
vt 0.1033443 0.1240361
vt 0.1079942 0.1305459
vt 0.1014843 0.1351959
vt -0.09683441 0.128686
vt -0.1014843 0.1351959
vt -0.1079942 0.1305459
vt -0.1033443 0.1240361
vt -0.004978308 -0.02583066
vt -0.007669023 -0.03336459
vt -0.0001350952 -0.0360553
vt 0.002555618 -0.02852137
vt 0.004978309 -0.02583066
vt -0.002555619 -0.02852137
vt 0.0001350955 -0.0360553
vt 0.007669023 -0.03336459
vt -0.1556304 0.04874621
vt -0.1627858 0.05232392
vt -0.1663635 0.04516851
vt -0.1592081 0.04159079
vt 0.1556304 0.04874621
vt 0.1592081 0.04159079
vt 0.1663635 0.0451685
vt 0.1627858 0.05232392
vt 0.1014843 0.1351959
vt 0.1079942 0.1305459
vt 0.1126441 0.1370558
vt 0.1061343 0.1417057
vt -0.1014843 0.1351959
vt -0.1061343 0.1417057
vt -0.1126441 0.1370558
vt -0.1079942 0.1305459
vt -0.007669067 -0.03336458
vt -0.01035978 -0.04089851
vt -0.002825855 -0.04358922
vt -0.0001351389 -0.03605529
vt 0.007669067 -0.03336458
vt 0.000135139 -0.0360553
vt 0.002825855 -0.04358923
vt 0.01035978 -0.04089851
vt -0.1663635 0.04516848
vt -0.1735189 0.04874619
vt -0.1770966 0.04159078
vt -0.1699412 0.03801307
vt 0.1663635 0.04516848
vt 0.1699412 0.03801307
vt 0.1770966 0.04159078
vt 0.1735189 0.0487462
vt 0.1014844 0.1351959
vt 0.1079942 0.1305459
vt 0.1126442 0.1370558
vt 0.1061343 0.1417057
vt -0.1014844 0.1351959
vt -0.1061343 0.1417057
vt -0.1126442 0.1370558
vt -0.1079942 0.1305459
vt -0.004977965 -0.0258306
vt -0.007668668 -0.03336453
vt -0.0001347369 -0.03605523
vt 0.002555966 -0.0285213
vt 0.004977965 -0.0258306
vt -0.002555965 -0.0285213
vt 0.0001347365 -0.03605523
vt 0.007668668 -0.03336453
vt -0.1627858 0.05232398
vt -0.1699412 0.05590169
vt -0.1735189 0.04874627
vt -0.1663635 0.04516856
vt 0.1627858 0.05232398
vt 0.1663635 0.04516856
vt 0.1735189 0.04874627
vt 0.1699412 0.05590169
vt 0.1014844 0.1351959
vt 0.1079942 0.1305459
vt 0.1126442 0.1370558
vt 0.1061343 0.1417057
vt -0.1014844 0.1351959
vt -0.1061343 0.1417057
vt -0.1126442 0.1370558
vt -0.1079942 0.1305459
vt -0.002287301 -0.01829665
vt -0.004978004 -0.02583059
vt 0.002555927 -0.02852129
vt 0.005246629 -0.02098736
vt 0.002287301 -0.01829665
vt -0.005246629 -0.02098736
vt -0.002555927 -0.02852129
vt 0.004978004 -0.02583059
vt -0.159208 0.05947939
vt -0.1663635 0.0630571
vt -0.1699412 0.05590168
vt -0.1627858 0.05232397
vt 0.159208 0.05947939
vt 0.1627858 0.05232397
vt 0.1699412 0.05590168
vt 0.1663635 0.0630571
vt 0.1014845 0.1351958
vt 0.1079943 0.1305459
vt 0.1126442 0.1370557
vt 0.1061344 0.1417057
vt -0.1014845 0.1351958
vt -0.1061344 0.1417057
vt -0.1126442 0.1370557
vt -0.1079943 0.1305459
vt 0.0004031924 -0.01076274
vt -0.002287521 -0.01829667
vt 0.005246405 -0.02098738
vt 0.007937119 -0.01345346
vt -0.0004031924 -0.01076274
vt -0.007937119 -0.01345346
vt -0.005246405 -0.02098738
vt 0.002287522 -0.01829667
vt -0.1556304 0.06663479
vt -0.1627858 0.07021251
vt -0.1663635 0.06305708
vt -0.1592081 0.05947938
vt 0.1556304 0.06663479
vt 0.1592081 0.05947937
vt 0.1663635 0.06305709
vt 0.1627858 0.0702125
vt 0.1014842 0.135196
vt 0.1079941 0.1305461
vt 0.112644 0.1370559
vt 0.1061341 0.1417058
vt -0.1014842 0.135196
vt -0.1061341 0.1417058
vt -0.112644 0.1370559
vt -0.1079941 0.1305461
vt 0.003094231 -0.003228838
vt 0.0004035349 -0.01076277
vt 0.007937469 -0.01345347
vt 0.01062816 -0.005919533
vt -0.003094231 -0.003228838
vt -0.01062816 -0.005919533
vt -0.00793747 -0.01345347
vt -0.0004035352 -0.01076277
vt -0.1520526 0.07379024
vt -0.159208 0.07736795
vt -0.1627857 0.07021253
vt -0.1556303 0.06663482
vt 0.1520526 0.07379024
vt 0.1556303 0.06663483
vt 0.1627857 0.07021253
vt 0.159208 0.07736795
vt 0.1014843 0.1351959
vt 0.1079942 0.130546
vt 0.1126441 0.1370559
vt 0.1061342 0.1417058
vt -0.1014843 0.1351959
vt -0.1061342 0.1417058
vt -0.1126441 0.1370559
vt -0.1079942 0.130546
vt 0.005784868 0.004305118
vt 0.00309417 -0.003228815
vt 0.0106281 -0.005919514
vt 0.0133188 0.001614418
vt -0.005784868 0.004305117
vt -0.0133188 0.001614418
vt -0.0106281 -0.005919515
vt -0.00309417 -0.003228815
vt -0.1484749 0.08094566
vt -0.1556303 0.08452336
vt -0.1592081 0.07736795
vt -0.1520526 0.07379024
vt 0.1484749 0.08094566
vt 0.1520526 0.07379024
vt 0.159208 0.07736795
vt 0.1556303 0.08452336
vt 0.1061343 0.1417057
vt 0.1126441 0.1370558
vt 0.1172941 0.1435657
vt 0.1107842 0.1482156
vt -0.1061343 0.1417057
vt -0.1107842 0.1482156
vt -0.1172941 0.1435657
vt -0.1126441 0.1370558
vt 0.00309411 -0.003228795
vt 0.0004034077 -0.01076273
vt 0.007937338 -0.01345343
vt 0.01062804 -0.005919498
vt -0.003094111 -0.003228795
vt -0.01062804 -0.005919498
vt -0.007937338 -0.01345343
vt -0.000403408 -0.01076273
vt -0.159208 0.07736794
vt -0.1663635 0.08094565
vt -0.1699412 0.07379023
vt -0.1627858 0.07021252
vt 0.159208 0.07736794
vt 0.1627858 0.07021252
vt 0.1699412 0.07379023
vt 0.1663635 0.08094565
vt 0.1061343 0.1417057
vt 0.1126442 0.1370558
vt 0.1172941 0.1435657
vt 0.1107842 0.1482156
vt -0.1061343 0.1417057
vt -0.1107842 0.1482156
vt -0.1172941 0.1435657
vt -0.1126442 0.1370558
vt 0.005784777 0.004305149
vt 0.003094072 -0.003228781
vt 0.010628 -0.005919485
vt 0.01331871 0.001614445
vt -0.005784777 0.004305149
vt -0.01331871 0.001614445
vt -0.010628 -0.005919485
vt -0.003094072 -0.003228781
vt -0.1556303 0.08452336
vt -0.1627858 0.08810107
vt -0.1663635 0.08094566
vt -0.159208 0.07736794
vt 0.1556303 0.08452336
vt 0.159208 0.07736794
vt 0.1663635 0.08094565
vt 0.1627858 0.08810107
vt 0.1061343 0.1417057
vt 0.1126442 0.1370558
vt 0.1172941 0.1435656
vt 0.1107842 0.1482156
vt -0.1061343 0.1417057
vt -0.1107842 0.1482156
vt -0.1172941 0.1435656
vt -0.1126442 0.1370558
vt 0.008475443 0.01183909
vt 0.005784738 0.004305164
vt 0.01331867 0.001614458
vt 0.01600937 0.009148387
vt -0.008475444 0.01183909
vt -0.01600937 0.009148387
vt -0.01331867 0.001614458
vt -0.005784738 0.004305164
vt -0.1520526 0.09167877
vt -0.1592081 0.09525648
vt -0.1627858 0.08810106
vt -0.1556304 0.08452335
vt 0.1520526 0.09167877
vt 0.1556304 0.08452335
vt 0.1627858 0.08810106
vt 0.1592081 0.09525648
vt 0.1061344 0.1417057
vt 0.1126442 0.1370558
vt 0.1172941 0.1435656
vt 0.1107843 0.1482155
vt -0.1061344 0.1417057
vt -0.1107843 0.1482155
vt -0.1172942 0.1435656
vt -0.1126442 0.1370557
vt 0.01116594 0.019373
vt 0.008475228 0.01183907
vt 0.01600916 0.009148357
vt 0.01869987 0.01668228
vt -0.01116594 0.019373
vt -0.01869987 0.01668228
vt -0.01600916 0.009148357
vt -0.008475228 0.01183907
vt -0.148475 0.09883416
vt -0.1556304 0.1024119
vt -0.1592081 0.09525646
vt -0.1520527 0.09167875
vt 0.148475 0.09883417
vt 0.1520527 0.09167875
vt 0.1592081 0.09525646
vt 0.1556304 0.1024119
vt 0.1014844 0.1351958
vt 0.1079943 0.1305459
vt 0.1126442 0.1370558
vt 0.1061344 0.1417057
vt -0.1014844 0.1351959
vt -0.1061344 0.1417057
vt -0.1126442 0.1370558
vt -0.1079943 0.1305459
vt 0.008475291 0.01183905
vt 0.005784576 0.004305127
vt 0.0133185 0.001614413
vt 0.01600922 0.00914834
vt -0.008475291 0.01183905
vt -0.01600922 0.009148339
vt -0.0133185 0.001614413
vt -0.005784576 0.004305127
vt -0.1448973 0.08810104
vt -0.1520527 0.09167876
vt -0.1556304 0.08452334
vt -0.148475 0.08094563
vt 0.1448973 0.08810104
vt 0.148475 0.08094563
vt 0.1556304 0.08452334
vt 0.1520527 0.09167875
vt 0.1014844 0.1351959
vt 0.1079942 0.1305459
vt 0.1126442 0.1370558
vt 0.1061343 0.1417057
vt -0.1014844 0.1351959
vt -0.1061343 0.1417057
vt -0.1126442 0.1370558
vt -0.1079942 0.1305459
vt 0.01116621 0.01937304
vt 0.00847551 0.0118391
vt 0.01600944 0.0091484
vt 0.01870015 0.01668233
vt -0.01116621 0.01937304
vt -0.01870015 0.01668233
vt -0.01600944 0.0091484
vt -0.00847551 0.0118391
vt -0.1413195 0.09525649
vt -0.1484749 0.0988342
vt -0.1520526 0.09167878
vt -0.1448972 0.08810107
vt 0.1413195 0.09525649
vt 0.1448972 0.08810107
vt 0.1520526 0.09167878
vt 0.1484749 0.0988342
vt 0.1014844 0.1351958
vt 0.1079943 0.1305459
vt 0.1126442 0.1370558
vt 0.1061343 0.1417057
vt -0.1014844 0.1351958
vt -0.1061343 0.1417057
vt -0.1126442 0.1370558
vt -0.1079943 0.1305459
vt 0.01385688 0.02690698
vt 0.01116618 0.01937305
vt 0.01870011 0.01668234
vt 0.02139081 0.02421627
vt -0.01385688 0.02690698
vt -0.02139081 0.02421627
vt -0.01870011 0.01668234
vt -0.01116618 0.01937305
vt -0.1377418 0.1024119
vt -0.1448972 0.1059896
vt -0.1484749 0.0988342
vt -0.1413195 0.09525649
vt 0.1377418 0.1024119
vt 0.1413195 0.09525649
vt 0.1484749 0.0988342
vt 0.1448972 0.1059896
vt 0.1014845 0.1351958
vt 0.1079943 0.1305459
vt 0.1126442 0.1370557
vt 0.1061344 0.1417057
vt -0.1014845 0.1351958
vt -0.1061344 0.1417057
vt -0.1126442 0.1370557
vt -0.1079943 0.1305459
vt 0.01654753 0.03444093
vt 0.01385682 0.026907
vt 0.02139075 0.02421629
vt 0.02408146 0.03175022
vt -0.01654753 0.03444093
vt -0.02408146 0.03175022
vt -0.02139075 0.02421629
vt -0.01385682 0.026907
vt -0.1341641 0.1095673
vt -0.1413195 0.113145
vt -0.1448972 0.1059896
vt -0.1377418 0.1024119
vt 0.1341641 0.1095673
vt 0.1377418 0.1024119
vt 0.1448972 0.1059896
vt 0.1413195 0.113145
vt 0.1014845 0.1351958
vt 0.1079943 0.1305459
vt 0.1126442 0.1370557
vt 0.1061344 0.1417056
vt -0.1014845 0.1351958
vt -0.1061344 0.1417056
vt -0.1126442 0.1370557
vt -0.1079943 0.1305459
vt 0.0192382 0.04197487
vt 0.01654749 0.03444094
vt 0.02408142 0.03175023
vt 0.02677213 0.03928416
vt -0.0192382 0.04197487
vt -0.02677213 0.03928416
vt -0.02408141 0.03175023
vt -0.01654749 0.03444094
vt -0.1305864 0.1167227
vt -0.1377418 0.1203004
vt -0.1413195 0.113145
vt -0.1341641 0.1095673
vt 0.1305864 0.1167227
vt 0.1341641 0.1095673
vt 0.1413195 0.113145
vt 0.1377418 0.1203004
vt 0.1061344 0.1417056
vt 0.1126443 0.1370557
vt 0.1172942 0.1435656
vt 0.1107843 0.1482155
vt -0.1061344 0.1417056
vt -0.1107843 0.1482155
vt -0.1172942 0.1435656
vt -0.1126443 0.1370557
vt 0.01385679 0.02690701
vt 0.01116608 0.01937308
vt 0.01870001 0.01668237
vt 0.02139072 0.0242163
vt -0.01385679 0.02690701
vt -0.02139072 0.0242163
vt -0.01870001 0.01668237
vt -0.01116608 0.01937308
vt -0.1448972 0.1059896
vt -0.1520526 0.1095673
vt -0.1556304 0.1024119
vt -0.1484749 0.09883419
vt 0.1448972 0.1059896
vt 0.1484749 0.09883419
vt 0.1556304 0.1024119
vt 0.1520526 0.1095673
vt 0.1061344 0.1417056
vt 0.1126443 0.1370557
vt 0.1172942 0.1435655
vt 0.1107844 0.1482155
vt -0.1061344 0.1417056
vt -0.1107844 0.1482155
vt -0.1172942 0.1435655
vt -0.1126443 0.1370557
vt 0.01654746 0.03444096
vt 0.01385675 0.02690703
vt 0.02139068 0.02421631
vt 0.02408139 0.03175024
vt -0.01654746 0.03444096
vt -0.02408139 0.03175024
vt -0.02139068 0.02421631
vt -0.01385675 0.02690703
vt -0.1413195 0.113145
vt -0.1484749 0.1167227
vt -0.1520527 0.1095673
vt -0.1448972 0.1059896
vt 0.1413195 0.113145
vt 0.1448972 0.1059896
vt 0.1520527 0.1095673
vt 0.1484749 0.1167227
vt 0.1014843 0.1351959
vt 0.1079942 0.130546
vt 0.1126441 0.1370559
vt 0.1061342 0.1417058
vt -0.1014843 0.1351959
vt -0.1061342 0.1417058
vt -0.1126441 0.1370559
vt -0.1079942 0.130546
vt 0.02192904 0.04950875
vt 0.01923834 0.04197482
vt 0.02677227 0.03928412
vt 0.02946297 0.04681806
vt -0.02192904 0.04950875
vt -0.02946297 0.04681806
vt -0.02677227 0.03928412
vt -0.01923834 0.04197482
vt -0.1270087 0.1238782
vt -0.1341641 0.1274559
vt -0.1377418 0.1203005
vt -0.1305864 0.1167227
vt 0.1270087 0.1238782
vt 0.1305864 0.1167227
vt 0.1377418 0.1203004
vt 0.1341641 0.1274559
vt 0.1061342 0.1417058
vt 0.1126441 0.1370558
vt 0.117294 0.1435657
vt 0.1107842 0.1482156
vt -0.1061342 0.1417058
vt -0.1107842 0.1482156
vt -0.117294 0.1435657
vt -0.1126441 0.1370558
vt 0.01923831 0.04197483
vt 0.01654761 0.0344409
vt 0.02408155 0.0317502
vt 0.02677225 0.03928413
vt -0.01923831 0.04197483
vt -0.02677225 0.03928413
vt -0.02408155 0.0317502
vt -0.01654761 0.0344409
vt -0.1377418 0.1203004
vt -0.1448972 0.1238782
vt -0.1484749 0.1167227
vt -0.1413195 0.113145
vt 0.1377418 0.1203004
vt 0.1413195 0.113145
vt 0.1484749 0.1167227
vt 0.1448972 0.1238781
vt 0.1061343 0.1417057
vt 0.1126441 0.1370558
vt 0.1172941 0.1435657
vt 0.1107842 0.1482156
vt -0.1061343 0.1417057
vt -0.1107842 0.1482156
vt -0.1172941 0.1435657
vt -0.1126441 0.1370558
vt 0.0219289 0.04950877
vt 0.01923819 0.04197484
vt 0.02677212 0.03928413
vt 0.02946283 0.04681806
vt -0.0219289 0.04950877
vt -0.02946283 0.04681806
vt -0.02677212 0.03928413
vt -0.01923819 0.04197484
vt -0.1341641 0.1274558
vt -0.1413195 0.1310336
vt -0.1448972 0.1238781
vt -0.1377418 0.1203004
vt 0.1341641 0.1274558
vt 0.1377418 0.1203004
vt 0.1448973 0.1238781
vt 0.1413195 0.1310336
vt 0.1107842 0.1482155
vt 0.1172941 0.1435656
vt 0.121944 0.1500755
vt 0.1154342 0.1547254
vt -0.1107842 0.1482155
vt -0.1154342 0.1547254
vt -0.121944 0.1500755
vt -0.1172941 0.1435656
vt 0.01923813 0.04197486
vt 0.01654742 0.03444093
vt 0.02408135 0.03175022
vt 0.02677206 0.03928415
vt -0.01923813 0.04197486
vt -0.02677206 0.03928415
vt -0.02408135 0.03175022
vt -0.01654742 0.03444093
vt -0.1448972 0.1238781
vt -0.1520527 0.1274559
vt -0.1556304 0.1203004
vt -0.1484749 0.1167227
vt 0.1448972 0.1238781
vt 0.1484749 0.1167227
vt 0.1556304 0.1203004
vt 0.1520527 0.1274559
vt 0.1154342 0.1547254
vt 0.1219441 0.1500755
vt 0.126594 0.1565853
vt 0.1200842 0.1612352
vt -0.1154342 0.1547254
vt -0.1200842 0.1612352
vt -0.126594 0.1565853
vt -0.1219441 0.1500755
vt 0.01654739 0.03444094
vt 0.01385668 0.02690702
vt 0.02139061 0.0242163
vt 0.02408132 0.03175023
vt -0.01654739 0.03444094
vt -0.02408132 0.03175023
vt -0.02139061 0.0242163
vt -0.01385668 0.02690702
vt -0.1556304 0.1203004
vt -0.1627858 0.1238781
vt -0.1663635 0.1167227
vt -0.1592081 0.113145
vt 0.1556304 0.1203004
vt 0.1592081 0.113145
vt 0.1663635 0.1167227
vt 0.1627858 0.1238781
vt 0.1107842 0.1482156
vt 0.117294 0.1435657
vt 0.121944 0.1500756
vt 0.1154341 0.1547255
vt -0.1107842 0.1482156
vt -0.1154341 0.1547255
vt -0.121944 0.1500756
vt -0.117294 0.1435657
vt 0.01654759 0.03444091
vt 0.01385688 0.02690697
vt 0.02139081 0.02421627
vt 0.02408152 0.0317502
vt -0.01654759 0.03444091
vt -0.02408152 0.0317502
vt -0.02139081 0.02421627
vt -0.01385688 0.02690697
vt -0.1484749 0.1167227
vt -0.1556304 0.1203004
vt -0.1592081 0.113145
vt -0.1520526 0.1095673
vt 0.1484749 0.1167227
vt 0.1520526 0.1095673
vt 0.1592081 0.113145
vt 0.1556304 0.1203004
vt 0.1014843 0.1351959
vt 0.1079942 0.130546
vt 0.1126441 0.1370559
vt 0.1061342 0.1417058
vt -0.1014843 0.1351959
vt -0.1061342 0.1417058
vt -0.1126441 0.1370559
vt -0.1079942 0.130546
vt 0.02461968 0.05704268
vt 0.02192897 0.04950874
vt 0.02946291 0.04681804
vt 0.03215361 0.05435197
vt -0.02461968 0.05704267
vt -0.03215361 0.05435197
vt -0.0294629 0.04681804
vt -0.02192897 0.04950874
vt -0.123431 0.1310336
vt -0.1305864 0.1346113
vt -0.1341641 0.1274559
vt -0.1270087 0.1238782
vt 0.123431 0.1310336
vt 0.1270087 0.1238782
vt 0.1341641 0.1274559
vt 0.1305864 0.1346113
vt 0.1061343 0.1417058
vt 0.1126441 0.1370558
vt 0.117294 0.1435657
vt 0.1107842 0.1482156
vt -0.1061343 0.1417058
vt -0.1107842 0.1482156
vt -0.117294 0.1435657
vt -0.1126441 0.1370558
vt 0.02461964 0.05704268
vt 0.02192894 0.04950875
vt 0.02946287 0.04681804
vt 0.03215358 0.05435198
vt -0.02461965 0.05704269
vt -0.03215358 0.05435198
vt -0.02946287 0.04681805
vt -0.02192894 0.04950875
vt -0.1305864 0.1346113
vt -0.1377418 0.138189
vt -0.1413195 0.1310336
vt -0.1341641 0.1274559
vt 0.1305864 0.1346113
vt 0.1341641 0.1274559
vt 0.1413195 0.1310336
vt 0.1377418 0.138189
vt 0.1107842 0.1482156
vt 0.1172941 0.1435657
vt 0.121944 0.1500755
vt 0.1154341 0.1547255
vt -0.1107842 0.1482156
vt -0.1154341 0.1547255
vt -0.121944 0.1500755
vt -0.1172941 0.1435657
vt 0.02192891 0.04950876
vt 0.01923821 0.04197483
vt 0.02677214 0.03928412
vt 0.02946284 0.04681806
vt -0.02192891 0.04950876
vt -0.02946284 0.04681806
vt -0.02677214 0.03928412
vt -0.01923821 0.04197484
vt -0.1413195 0.1310336
vt -0.148475 0.1346113
vt -0.1520527 0.1274559
vt -0.1448972 0.1238781
vt 0.1413195 0.1310336
vt 0.1448972 0.1238781
vt 0.1520527 0.1274559
vt 0.148475 0.1346113
vt 0.1154342 0.1547254
vt 0.121944 0.1500755
vt 0.1265939 0.1565853
vt 0.1200841 0.1612353
vt -0.1154342 0.1547254
vt -0.1200841 0.1612353
vt -0.1265939 0.1565853
vt -0.121944 0.1500755
vt 0.01923815 0.04197485
vt 0.01654744 0.03444093
vt 0.02408137 0.03175021
vt 0.02677208 0.03928414
vt -0.01923815 0.04197485
vt -0.02677208 0.03928414
vt -0.02408137 0.03175021
vt -0.01654744 0.03444092
vt -0.1520527 0.1274559
vt -0.1592081 0.1310336
vt -0.1627858 0.1238781
vt -0.1556304 0.1203004
vt 0.1520527 0.1274559
vt 0.1556304 0.1203004
vt 0.1627858 0.1238781
vt 0.1592081 0.1310336
vt 0.1107842 0.1482156
vt 0.1172941 0.1435657
vt 0.121944 0.1500755
vt 0.1154341 0.1547254
vt -0.1107842 0.1482156
vt -0.1154341 0.1547254
vt -0.121944 0.1500755
vt -0.1172941 0.1435657
vt 0.01385686 0.02690699
vt 0.01116616 0.01937306
vt 0.01870009 0.01668235
vt 0.0213908 0.02421628
vt -0.01385686 0.02690699
vt -0.0213908 0.02421628
vt -0.01870009 0.01668235
vt -0.01116616 0.01937306
vt -0.1520526 0.1095673
vt -0.1592081 0.113145
vt -0.1627858 0.1059896
vt -0.1556304 0.1024119
vt 0.1520526 0.1095673
vt 0.1556304 0.1024119
vt 0.1627858 0.1059896
vt 0.1592081 0.113145
vt 0.1154342 0.1547254
vt 0.121944 0.1500755
vt 0.1265939 0.1565854
vt 0.1200841 0.1612353
vt -0.115434 0.1547255
vt -0.120084 0.1612354
vt -0.1265938 0.1565855
vt -0.1219439 0.1500756
vt 0.01385682 0.02690701
vt -0.002287421 -0.01829657
vt 0.005246509 -0.02098727
vt 0.02139075 0.0242163
vt -0.01385695 0.02690697
vt -0.02139089 0.02421626
vt -0.005246664 -0.02098732
vt 0.002287267 -0.01829661
vt -0.1592081 0.113145
vt -0.1663635 0.1167227
vt -0.1878297 0.07379021
vt -0.1806743 0.07021251
vt 0.1592081 0.113145
vt 0.1806743 0.07021251
vt 0.1878297 0.07379022
vt 0.1663635 0.1167227
vt 0.1107843 0.1482155
vt 0.1172941 0.1435656
vt 0.121944 0.1500755
vt 0.1154342 0.1547254
vt -0.1107843 0.1482155
vt -0.1154342 0.1547254
vt -0.121944 0.1500755
vt -0.1172941 0.1435656
vt 0.008475403 0.01183911
vt 0.005784695 0.004305178
vt 0.01331862 0.001614469
vt 0.01600933 0.009148398
vt -0.008475403 0.01183911
vt -0.01600933 0.009148398
vt -0.01331862 0.001614469
vt -0.005784696 0.004305178
vt -0.1592081 0.09525646
vt -0.1663635 0.09883417
vt -0.1699412 0.09167875
vt -0.1627858 0.08810104
vt 0.1592081 0.09525646
vt 0.1627858 0.08810104
vt 0.1699412 0.09167875
vt 0.1663635 0.09883417
vt 0.1107843 0.1482155
vt 0.1172942 0.1435656
vt 0.1219441 0.1500754
vt 0.1154342 0.1547254
vt -0.1107843 0.1482155
vt -0.1154342 0.1547254
vt -0.1219441 0.1500754
vt -0.1172942 0.1435656
vt 0.005784678 0.004305185
vt 0.003093967 -0.003228743
vt 0.0106279 -0.005919454
vt 0.01331861 0.001614474
vt -0.005784678 0.004305185
vt -0.01331861 0.001614474
vt -0.0106279 -0.005919454
vt -0.003093967 -0.003228743
vt -0.1627858 0.08810105
vt -0.1699412 0.09167877
vt -0.1735189 0.08452335
vt -0.1663635 0.08094563
vt 0.1627858 0.08810105
vt 0.1663635 0.08094563
vt 0.1735189 0.08452335
vt 0.1699412 0.09167877
vt 0.1107843 0.1482155
vt 0.1172942 0.1435656
vt 0.1219441 0.1500754
vt 0.1154343 0.1547253
vt -0.1107843 0.1482155
vt -0.1154343 0.1547253
vt -0.1219441 0.1500754
vt -0.1172942 0.1435656
vt 0.003093949 -0.003228738
vt 0.0004032384 -0.01076267
vt 0.007937167 -0.01345338
vt 0.01062788 -0.005919449
vt -0.003093949 -0.003228738
vt -0.01062788 -0.005919448
vt -0.007937166 -0.01345338
vt -0.0004032384 -0.01076267
vt -0.1663635 0.08094563
vt -0.1735189 0.08452334
vt -0.1770966 0.07736792
vt -0.1699412 0.07379021
vt 0.1663635 0.08094563
vt 0.1699412 0.07379021
vt 0.1770966 0.07736792
vt 0.1735189 0.08452334
vt 0.1061344 0.1417056
vt 0.1126443 0.1370557
vt 0.1172942 0.1435655
vt 0.1107844 0.1482155
vt -0.1061344 0.1417056
vt -0.1107844 0.1482154
vt -0.1172942 0.1435655
vt -0.1126443 0.1370557
vt 0.000403114 -0.01076272
vt -0.002287604 -0.01829664
vt 0.005246321 -0.02098736
vt 0.007937039 -0.01345344
vt -0.0004031141 -0.01076272
vt -0.007937039 -0.01345344
vt -0.005246322 -0.02098736
vt 0.002287603 -0.01829664
vt -0.1627858 0.07021249
vt -0.1699412 0.0737902
vt -0.1735189 0.06663478
vt -0.1663635 0.06305707
vt 0.1627858 0.07021249
vt 0.1663635 0.06305707
vt 0.1735189 0.06663479
vt 0.1699412 0.0737902
vt 0.1107844 0.1482154
vt 0.1172943 0.1435655
vt 0.1219442 0.1500753
vt 0.1154344 0.1547252
vt -0.1107844 0.1482154
vt -0.1154344 0.1547253
vt -0.1219442 0.1500753
vt -0.1172943 0.1435655
vt 0.0004030302 -0.01076269
vt -0.002287691 -0.01829662
vt 0.005246232 -0.02098734
vt 0.007936954 -0.01345342
vt -0.0004030302 -0.01076269
vt -0.007936954 -0.01345342
vt -0.005246232 -0.02098734
vt 0.002287692 -0.01829662
vt -0.1699412 0.07379018
vt -0.1770966 0.07736789
vt -0.1806743 0.07021248
vt -0.1735189 0.06663477
vt 0.1699412 0.07379018
vt 0.1735189 0.06663477
vt 0.1806743 0.07021248
vt 0.1770966 0.07736789
vt 0.1061344 0.1417057
vt 0.1126442 0.1370558
vt 0.1172941 0.1435656
vt 0.1107843 0.1482155
vt -0.1061344 0.1417057
vt -0.1107843 0.1482155
vt -0.1172941 0.1435656
vt -0.1126442 0.1370558
vt -0.002287371 -0.01829663
vt -0.004978078 -0.02583056
vt 0.002555852 -0.02852127
vt 0.005246558 -0.02098734
vt 0.00228737 -0.01829663
vt -0.005246558 -0.02098734
vt -0.002555852 -0.02852127
vt 0.004978077 -0.02583056
vt -0.1663635 0.06305708
vt -0.1735189 0.06663479
vt -0.1770966 0.05947937
vt -0.1699412 0.05590167
vt 0.1663635 0.06305708
vt 0.1699412 0.05590167
vt 0.1770966 0.05947937
vt 0.1735189 0.06663479
vt 0.1061344 0.1417056
vt 0.1126442 0.1370557
vt 0.1172942 0.1435656
vt 0.1107843 0.1482155
vt -0.1061344 0.1417056
vt -0.1107843 0.1482155
vt -0.1172942 0.1435656
vt -0.1126442 0.1370557
vt -0.004978099 -0.02583055
vt -0.007668807 -0.03336448
vt -0.0001348796 -0.03605519
vt 0.00255583 -0.02852126
vt 0.004978098 -0.02583055
vt -0.00255583 -0.02852126
vt 0.0001348788 -0.03605518
vt 0.007668808 -0.03336448
vt -0.1699412 0.05590167
vt -0.1770966 0.05947938
vt -0.1806743 0.05232396
vt -0.1735189 0.04874625
vt 0.1699412 0.05590167
vt 0.1735189 0.04874625
vt 0.1806743 0.05232396
vt 0.1770966 0.05947937
vt 0.1061342 0.1417057
vt 0.1126441 0.1370558
vt 0.117294 0.1435656
vt 0.1107842 0.1482156
vt -0.1061342 0.1417057
vt -0.1107842 0.1482156
vt -0.117294 0.1435656
vt -0.1126441 0.1370558
vt -0.007669124 -0.03336457
vt -0.01035984 -0.0408985
vt -0.002825913 -0.04358922
vt -0.0001351978 -0.03605529
vt 0.007669124 -0.03336457
vt 0.0001351978 -0.03605529
vt 0.002825913 -0.04358922
vt 0.01035984 -0.0408985
vt -0.1735189 0.04874618
vt -0.1806743 0.05232389
vt -0.1842521 0.04516848
vt -0.1770966 0.04159076
vt 0.1735189 0.04874618
vt 0.1770966 0.04159077
vt 0.1842521 0.04516848
vt 0.1806743 0.0523239
vt 0.1107841 0.1482156
vt 0.117294 0.1435656
vt 0.1219439 0.1500755
vt 0.1154341 0.1547254
vt -0.1107841 0.1482156
vt -0.1154341 0.1547254
vt -0.1219439 0.1500755
vt -0.117294 0.1435656
vt -0.007669184 -0.03336456
vt -0.0103599 -0.04089849
vt -0.002825974 -0.0435892
vt -0.0001352572 -0.03605527
vt 0.007669184 -0.03336456
vt 0.0001352572 -0.03605527
vt 0.002825974 -0.0435892
vt 0.0103599 -0.04089849
vt -0.1806743 0.05232387
vt -0.1878297 0.05590159
vt -0.1914075 0.04874617
vt -0.184252 0.04516846
vt 0.1806743 0.05232387
vt 0.184252 0.04516846
vt 0.1914075 0.04874617
vt 0.1878297 0.05590159
vt 0.1107841 0.1482156
vt 0.117294 0.1435657
vt 0.1219439 0.1500755
vt 0.1154341 0.1547255
vt -0.1107841 0.1482156
vt -0.1154341 0.1547255
vt -0.1219439 0.1500755
vt -0.117294 0.1435657
vt -0.004978526 -0.02583065
vt -0.007669243 -0.03336458
vt -0.0001353162 -0.03605529
vt 0.002555399 -0.02852137
vt 0.004978527 -0.02583065
vt -0.0025554 -0.02852137
vt 0.0001353166 -0.0360553
vt 0.007669243 -0.03336458
vt -0.1770966 0.05947928
vt -0.1842521 0.06305699
vt -0.1878298 0.05590158
vt -0.1806743 0.05232387
vt 0.1770966 0.05947928
vt 0.1806743 0.05232387
vt 0.1878298 0.05590158
vt 0.1842521 0.06305699
vt 0.1107841 0.1482156
vt 0.117294 0.1435657
vt 0.1219439 0.1500755
vt 0.1154341 0.1547255
vt -0.1107841 0.1482156
vt -0.1154341 0.1547255
vt -0.1219439 0.1500755
vt -0.117294 0.1435657
vt -0.002287854 -0.01829671
vt -0.004978571 -0.02583063
vt 0.002555355 -0.02852135
vt 0.005246072 -0.02098742
vt 0.002287854 -0.01829671
vt -0.005246072 -0.02098742
vt -0.002555355 -0.02852135
vt 0.00497857 -0.02583063
vt -0.1735189 0.0666347
vt -0.1806744 0.07021241
vt -0.1842521 0.063057
vt -0.1770967 0.05947929
vt 0.1735189 0.0666347
vt 0.1770967 0.05947929
vt 0.1842521 0.06305701
vt 0.1806744 0.07021242
vt 0.115434 0.1547255
vt 0.1219439 0.1500756
vt 0.1265938 0.1565854
vt 0.120084 0.1612353
vt -0.115434 0.1547255
vt -0.1200839 0.1612353
vt -0.1265938 0.1565854
vt -0.1219439 0.1500756
vt -0.004978602 -0.02583067
vt -0.007669318 -0.0333646
vt -0.0001353921 -0.03605532
vt 0.002555324 -0.02852139
vt 0.004978602 -0.02583067
vt -0.002555324 -0.02852139
vt 0.0001353926 -0.03605532
vt 0.007669318 -0.0333646
vt -0.1842521 0.06305699
vt -0.1914075 0.06663471
vt -0.1949852 0.05947929
vt -0.1878298 0.05590157
vt 0.1842521 0.06305699
vt 0.1878298 0.05590158
vt 0.1949852 0.05947929
vt 0.1914075 0.0666347
vt 0.1154341 0.1547255
vt 0.1219439 0.1500755
vt 0.1265938 0.1565854
vt 0.120084 0.1612353
vt -0.1154341 0.1547255
vt -0.120084 0.1612353
vt -0.1265938 0.1565854
vt -0.1219439 0.1500755
vt -0.00228784 -0.01829669
vt -0.004978557 -0.02583062
vt 0.00255537 -0.02852133
vt 0.005246086 -0.0209874
vt 0.00228784 -0.01829669
vt -0.005246087 -0.0209874
vt -0.00255537 -0.02852133
vt 0.004978556 -0.02583062
vt -0.1806743 0.07021241
vt -0.1878298 0.07379012
vt -0.1914075 0.0666347
vt -0.1842521 0.06305699
vt 0.1806743 0.07021241
vt 0.1842521 0.06305699
vt 0.1914075 0.0666347
vt 0.1878298 0.07379012
vt 0.09218441 0.1221762
vt 0.09869427 0.1175263
vt 0.1033442 0.1240362
vt 0.09683431 0.1286861
vt -0.09218441 0.1221762
vt -0.09683431 0.1286861
vt -0.1033442 0.1240362
vt -0.09869427 0.1175263
vt 0.005784963 0.004305115
vt 0.003094269 -0.00322882
vt 0.0106282 -0.005919513
vt 0.0133189 0.001614421
vt -0.005784963 0.004305115
vt -0.0133189 0.001614421
vt -0.0106282 -0.005919513
vt -0.00309427 -0.00322882
vt -0.1341641 0.07379024
vt -0.1413195 0.07736795
vt -0.1448972 0.07021253
vt -0.1377418 0.06663483
vt 0.1341641 0.07379024
vt 0.1377418 0.06663483
vt 0.1448972 0.07021253
vt 0.1413195 0.07736795
vt 0.1200841 0.1612353
vt 0.126594 0.1565853
vt 0.1312439 0.1630952
vt 0.1247341 0.1677451
vt -0.1200841 0.1612353
vt -0.1247341 0.1677451
vt -0.1312439 0.1630952
vt -0.126594 0.1565854
vt 0.0165474 0.0344409
vt 0.01385668 0.02690698
vt 0.02139061 0.02421626
vt 0.02408133 0.03175019
vt -0.0165474 0.0344409
vt -0.02408133 0.03175019
vt -0.02139061 0.02421626
vt -0.01385668 0.02690698
vt -0.1627858 0.1238781
vt -0.1699412 0.1274558
vt -0.1735189 0.1203004
vt -0.1663635 0.1167227
vt 0.1627858 0.1238781
vt 0.1663635 0.1167227
vt 0.1735189 0.1203004
vt 0.1699412 0.1274559
vt 0.1200841 0.1612353
vt 0.126594 0.1565853
vt 0.1312439 0.1630952
vt 0.124734 0.1677451
vt -0.1200841 0.1612353
vt -0.1247341 0.1677451
vt -0.1312439 0.1630952
vt -0.126594 0.1565854
vt 0.01923807 0.04197484
vt 0.01654735 0.03444092
vt 0.02408128 0.03175021
vt 0.02677199 0.03928413
vt -0.01923807 0.04197484
vt -0.02677199 0.03928413
vt -0.02408128 0.03175021
vt -0.01654735 0.03444092
vt -0.1592081 0.1310336
vt -0.1663635 0.1346113
vt -0.1699412 0.1274559
vt -0.1627858 0.1238781
vt 0.1592081 0.1310336
vt 0.1627858 0.1238781
vt 0.1699412 0.1274559
vt 0.1663635 0.1346113
vt 0.1200841 0.1612353
vt 0.126594 0.1565853
vt 0.1312439 0.1630952
vt 0.1247341 0.1677451
vt -0.1200841 0.1612353
vt -0.1247341 0.1677451
vt -0.1312439 0.1630952
vt -0.126594 0.1565854
vt 0.02192873 0.04950879
vt 0.01923802 0.04197486
vt 0.02677194 0.03928414
vt 0.02946266 0.04681807
vt -0.02192873 0.04950879
vt -0.02946266 0.04681807
vt -0.02677194 0.03928414
vt -0.01923802 0.04197486
vt -0.1556304 0.138189
vt -0.1627858 0.1417667
vt -0.1663635 0.1346113
vt -0.1592081 0.1310336
vt 0.1556304 0.138189
vt 0.1592081 0.1310336
vt 0.1663635 0.1346113
vt 0.1627858 0.1417667
vt 0.1200841 0.1612353
vt 0.126594 0.1565853
vt 0.1312439 0.1630952
vt 0.1247341 0.1677451
vt -0.1200841 0.1612353
vt -0.1247341 0.1677451
vt -0.1312439 0.1630952
vt -0.126594 0.1565853
vt 0.0246194 0.05704273
vt 0.02192869 0.0495088
vt 0.02946262 0.04681809
vt 0.03215333 0.05435202
vt -0.0246194 0.05704273
vt -0.03215333 0.05435201
vt -0.02946261 0.04681809
vt -0.02192869 0.0495088
vt -0.1520527 0.1453444
vt -0.1592081 0.1489221
vt -0.1627858 0.1417667
vt -0.1556304 0.138189
vt 0.1520527 0.1453444
vt 0.1556304 0.138189
vt 0.1627858 0.1417667
vt 0.1592081 0.1489221
vt 0.1200841 0.1612353
vt 0.126594 0.1565853
vt 0.1312439 0.1630952
vt 0.1247341 0.1677451
vt -0.1200841 0.1612353
vt -0.1247341 0.1677451
vt -0.1312439 0.1630952
vt -0.126594 0.1565853
vt 0.02731008 0.06457667
vt 0.02461936 0.05704275
vt 0.03215329 0.05435203
vt 0.034844 0.06188595
vt -0.02731007 0.06457667
vt -0.034844 0.06188595
vt -0.03215329 0.05435203
vt -0.02461936 0.05704275
vt -0.148475 0.1524998
vt -0.1556304 0.1560775
vt -0.1592081 0.1489221
vt -0.1520527 0.1453444
vt 0.148475 0.1524998
vt 0.1520527 0.1453444
vt 0.1592081 0.1489221
vt 0.1556304 0.1560775
vt 0.1200841 0.1612353
vt 0.126594 0.1565853
vt 0.1312439 0.1630952
vt 0.1247341 0.1677451
vt -0.1200841 0.1612353
vt -0.1247341 0.1677451
vt -0.1312439 0.1630952
vt -0.126594 0.1565853
vt 0.03000075 0.07211061
vt 0.02731003 0.06457669
vt 0.03484396 0.06188596
vt 0.03753468 0.06941989
vt -0.03000075 0.07211061
vt -0.03753468 0.06941989
vt -0.03484396 0.06188596
vt -0.02731003 0.06457669
vt -0.1448973 0.1596552
vt -0.1520527 0.1632329
vt -0.1556304 0.1560775
vt -0.148475 0.1524998
vt 0.1448973 0.1596552
vt 0.148475 0.1524998
vt 0.1556304 0.1560775
vt 0.1520527 0.1632329
vt 0.1200842 0.1612353
vt 0.126594 0.1565853
vt 0.1312439 0.1630952
vt 0.1247341 0.1677451
vt -0.1200842 0.1612353
vt -0.1247341 0.1677451
vt -0.1312439 0.1630952
vt -0.126594 0.1565853
vt 0.03269142 0.07964455
vt 0.0300007 0.07211063
vt 0.03753462 0.06941991
vt 0.04022535 0.07695384
vt -0.03269142 0.07964455
vt -0.04022534 0.07695383
vt -0.03753462 0.06941991
vt -0.0300007 0.07211062
vt -0.1413196 0.1668106
vt -0.148475 0.1703883
vt -0.1520527 0.1632329
vt -0.1448973 0.1596552
vt 0.1413196 0.1668106
vt 0.1448973 0.1596552
vt 0.1520527 0.1632329
vt 0.148475 0.1703883
vt 0.1200842 0.1612352
vt 0.126594 0.1565853
vt 0.131244 0.1630951
vt 0.1247341 0.1677451
vt -0.1200842 0.1612352
vt -0.1247341 0.1677451
vt -0.131244 0.1630951
vt -0.126594 0.1565853
vt 0.0353821 0.08717849
vt 0.03269138 0.07964458
vt 0.0402253 0.07695384
vt 0.04291602 0.08448777
vt -0.0353821 0.0871785
vt -0.04291602 0.08448777
vt -0.0402253 0.07695384
vt -0.03269138 0.07964458
vt -0.1377419 0.173966
vt -0.1448973 0.1775438
vt -0.148475 0.1703883
vt -0.1413196 0.1668106
vt 0.1377419 0.173966
vt 0.1413196 0.1668106
vt 0.148475 0.1703883
vt 0.1448973 0.1775438
vt 0.1200841 0.1612353
vt 0.126594 0.1565853
vt 0.1312439 0.1630952
vt 0.1247341 0.1677451
vt -0.1200841 0.1612353
vt -0.1247341 0.1677451
vt -0.1312439 0.1630952
vt -0.126594 0.1565853
vt 0.03807277 0.09471244
vt 0.03538205 0.08717851
vt 0.04291597 0.08448779
vt 0.0456067 0.09202172
vt -0.03807277 0.09471244
vt -0.0456067 0.09202171
vt -0.04291598 0.08448779
vt -0.03538205 0.08717851
vt -0.1341642 0.1811215
vt -0.1413196 0.1846992
vt -0.1448973 0.1775437
vt -0.1377419 0.173966
vt 0.1341642 0.1811215
vt 0.1377419 0.173966
vt 0.1448973 0.1775438
vt 0.1413196 0.1846992
vt 0.1200842 0.1612352
vt 0.126594 0.1565853
vt 0.1312439 0.1630951
vt 0.1247341 0.1677451
vt -0.1200842 0.1612352
vt -0.1247341 0.1677451
vt -0.1312439 0.1630951
vt -0.126594 0.1565853
vt 0.01385664 0.02690699
vt 0.01116592 0.01937306
vt 0.01869985 0.01668235
vt 0.02139056 0.02421628
vt -0.01385664 0.02690699
vt -0.02139056 0.02421628
vt -0.01869985 0.01668235
vt -0.01116592 0.01937306
vt -0.1663635 0.1167227
vt -0.1735189 0.1203004
vt -0.1770966 0.113145
vt -0.1699412 0.1095673
vt 0.1663635 0.1167227
vt 0.1699412 0.1095673
vt 0.1770966 0.113145
vt 0.1735189 0.1203004
vt 0.1200842 0.1612352
vt 0.1265941 0.1565852
vt 0.131244 0.1630951
vt 0.1247342 0.1677451
vt -0.1200842 0.1612352
vt -0.1247342 0.1677451
vt -0.131244 0.1630951
vt -0.1265941 0.1565852
vt 0.01116591 0.01937307
vt 0.00847519 0.01183914
vt 0.01600911 0.009148427
vt 0.01869983 0.01668235
vt -0.01116591 0.01937307
vt -0.01869983 0.01668235
vt -0.01600911 0.009148427
vt -0.00847519 0.01183914
vt -0.1699412 0.1095673
vt -0.1770966 0.113145
vt -0.1806743 0.1059896
vt -0.1735189 0.1024119
vt 0.1699412 0.1095673
vt 0.1735189 0.1024119
vt 0.1806743 0.1059896
vt 0.1770966 0.113145
vt 0.1200843 0.1612352
vt 0.1265941 0.1565852
vt 0.131244 0.1630951
vt 0.1247342 0.167745
vt -0.1200843 0.1612352
vt -0.1247342 0.167745
vt -0.131244 0.1630951
vt -0.1265941 0.1565852
vt 0.008475175 0.01183915
vt 0.005784457 0.004305224
vt 0.01331838 0.001614505
vt 0.0160091 0.00914843
vt -0.008475175 0.01183915
vt -0.0160091 0.00914843
vt -0.01331838 0.001614504
vt -0.005784457 0.004305224
vt -0.1735189 0.1024119
vt -0.1806743 0.1059896
vt -0.1842521 0.09883416
vt -0.1770966 0.09525644
vt 0.1735189 0.1024119
vt 0.1770966 0.09525644
vt 0.1842521 0.09883416
vt 0.1806743 0.1059896
vt 0.1200843 0.1612351
vt 0.1265942 0.1565852
vt 0.1312441 0.163095
vt 0.1247343 0.167745
vt -0.1200843 0.1612351
vt -0.1247343 0.167745
vt -0.1312441 0.163095
vt -0.1265942 0.1565852
vt 0.005784442 0.004305229
vt 0.003093722 -0.003228695
vt 0.01062765 -0.005919416
vt 0.01331837 0.001614509
vt -0.005784443 0.00430523
vt -0.01331837 0.001614509
vt -0.01062765 -0.005919416
vt -0.003093722 -0.003228695
vt -0.1770966 0.09525644
vt -0.1842521 0.09883416
vt -0.1878298 0.09167874
vt -0.1806743 0.08810102
vt 0.1770966 0.09525644
vt 0.1806743 0.08810101
vt 0.1878298 0.09167874
vt 0.1842521 0.09883416
vt 0.1200844 0.1612351
vt 0.1265942 0.1565851
vt 0.1312442 0.163095
vt 0.1247343 0.1677449
vt -0.1200844 0.1612351
vt -0.1247343 0.1677449
vt -0.1312442 0.163095
vt -0.1265942 0.1565851
vt 0.003093708 -0.00322869
vt 0.000402986 -0.01076262
vt 0.00793691 -0.01345334
vt 0.01062763 -0.005919413
vt -0.003093709 -0.00322869
vt -0.01062763 -0.005919413
vt -0.00793691 -0.01345334
vt -0.0004029862 -0.01076262
vt -0.1806743 0.08810102
vt -0.1878298 0.09167874
vt -0.1914075 0.08452332
vt -0.1842521 0.0809456
vt 0.1806743 0.08810102
vt 0.1842521 0.0809456
vt 0.1914075 0.08452332
vt 0.1878298 0.09167874
vt 0.1200844 0.161235
vt 0.1265942 0.1565851
vt 0.1312442 0.1630949
vt 0.1247344 0.1677449
vt -0.1200844 0.161235
vt -0.1247344 0.1677449
vt -0.1312442 0.1630949
vt -0.1265942 0.1565851
vt 0.0004029735 -0.01076261
vt -0.002287751 -0.01829653
vt 0.005246172 -0.02098726
vt 0.007936897 -0.01345333
vt -0.0004029738 -0.01076261
vt -0.007936897 -0.01345333
vt -0.005246172 -0.02098726
vt 0.002287751 -0.01829653
vt -0.1842521 0.0809456
vt -0.1914075 0.08452331
vt -0.1949852 0.07736789
vt -0.1878297 0.07379018
vt 0.1842521 0.0809456
vt 0.1878297 0.07379018
vt 0.1949852 0.07736789
vt 0.1914075 0.08452331
vt 0.1200844 0.161235
vt 0.1265943 0.1565851
vt 0.1312442 0.1630949
vt 0.1247344 0.1677448
vt -0.1200844 0.161235
vt -0.1247344 0.1677448
vt -0.1312442 0.1630949
vt -0.1265943 0.1565851
vt -0.002287764 -0.01829653
vt -0.00497849 -0.02583045
vt 0.002555434 -0.02852118
vt 0.00524616 -0.02098725
vt 0.002287763 -0.01829653
vt -0.00524616 -0.02098725
vt -0.002555434 -0.02852118
vt 0.004978489 -0.02583045
vt -0.1878298 0.07379018
vt -0.1949852 0.07736789
vt -0.1985629 0.07021247
vt -0.1914075 0.06663475
vt 0.1878298 0.07379018
vt 0.1914075 0.06663476
vt 0.1985629 0.07021247
vt 0.1949852 0.07736789
vt 0.120084 0.1612353
vt 0.1265938 0.1565854
vt 0.1312437 0.1630952
vt 0.1247339 0.1677452
vt -0.120084 0.1612353
vt -0.1247339 0.1677452
vt -0.1312438 0.1630952
vt -0.1265938 0.1565854
vt -0.00497867 -0.02583066
vt -0.007669388 -0.03336459
vt -0.0001354632 -0.0360553
vt 0.002555256 -0.02852138
vt 0.004978669 -0.02583066
vt -0.002555256 -0.02852138
vt 0.0001354626 -0.0360553
vt 0.007669388 -0.03336459
vt -0.1914075 0.06663468
vt -0.1985629 0.07021241
vt -0.2021406 0.06305699
vt -0.1949852 0.05947927
vt 0.1914075 0.06663469
vt 0.1949852 0.05947927
vt 0.2021406 0.06305699
vt 0.1985629 0.0702124
vt 0.1247339 0.1677451
vt 0.1312438 0.1630952
vt 0.1358937 0.169605
vt 0.1293838 0.174255
vt -0.1247339 0.1677451
vt -0.1293838 0.174255
vt -0.1358937 0.169605
vt -0.1312437 0.1630952
vt -0.007669444 -0.03336458
vt -0.01036017 -0.0408985
vt -0.002826241 -0.04358922
vt -0.0001355209 -0.0360553
vt 0.007669444 -0.03336458
vt 0.0001355202 -0.0360553
vt 0.002826242 -0.04358923
vt 0.01036016 -0.0408985
vt -0.2021406 0.06305696
vt -0.209296 0.06663468
vt -0.2128737 0.05947926
vt -0.2057183 0.05590155
vt 0.2021406 0.06305696
vt 0.2057183 0.05590154
vt 0.2128737 0.05947926
vt 0.209296 0.06663467
vt 0.1247344 0.1677448
vt 0.1312442 0.1630949
vt 0.1358942 0.1696047
vt 0.1293844 0.1742547
vt -0.1247344 0.1677448
vt -0.1293844 0.1742547
vt -0.1358942 0.1696047
vt -0.1312442 0.1630949
vt -0.004978543 -0.02583047
vt -0.00766927 -0.0333644
vt -0.0001353474 -0.03605513
vt 0.002555379 -0.0285212
vt 0.004978543 -0.02583048
vt -0.002555379 -0.0285212
vt 0.0001353481 -0.03605513
vt 0.00766927 -0.0333644
vt -0.1985629 0.07021245
vt -0.2057183 0.07379016
vt -0.209296 0.06663474
vt -0.2021406 0.06305704
vt 0.1985629 0.07021245
vt 0.2021406 0.06305703
vt 0.209296 0.06663474
vt 0.2057183 0.07379016
vt 0.124734 0.1677451
vt 0.1312439 0.1630952
vt 0.1358938 0.169605
vt 0.129384 0.174255
vt -0.124734 0.1677451
vt -0.129384 0.174255
vt -0.1358938 0.169605
vt -0.1312439 0.1630952
vt 0.0165475 0.03444084
vt -0.004978192 -0.02583058
vt 0.002555733 -0.0285213
vt 0.02408143 0.03175013
vt -0.01654723 0.03444092
vt -0.02408115 0.0317502
vt -0.002555418 -0.0285212
vt 0.00497851 -0.02583049
vt -0.1699412 0.1274558
vt -0.1770966 0.1310335
vt -0.2057183 0.0737902
vt -0.1985629 0.07021249
vt 0.1699412 0.1274558
vt 0.1985629 0.07021249
vt 0.2057183 0.07379021
vt 0.1770966 0.1310335
vt 0.1247338 0.1677453
vt 0.1312437 0.1630954
vt 0.1358936 0.1696052
vt 0.1293837 0.1742552
vt -0.1247338 0.1677453
vt -0.1293837 0.1742552
vt -0.1358936 0.1696052
vt -0.1312437 0.1630954
vt 0.0192383 0.04197476
vt 0.0165476 0.03444082
vt 0.02408153 0.03175012
vt 0.02677223 0.03928406
vt -0.0192383 0.04197476
vt -0.02677223 0.03928406
vt -0.02408153 0.03175012
vt -0.0165476 0.03444082
vt -0.1663635 0.1346113
vt -0.1735189 0.138189
vt -0.1770966 0.1310336
vt -0.1699412 0.1274559
vt 0.1663635 0.1346113
vt 0.1699412 0.1274559
vt 0.1770966 0.1310336
vt 0.1735189 0.138189
vt 0.1247338 0.1677453
vt 0.1312437 0.1630954
vt 0.1358936 0.1696052
vt 0.1293838 0.1742551
vt -0.1247338 0.1677453
vt -0.1293838 0.1742551
vt -0.1358936 0.1696052
vt -0.1312437 0.1630954
vt 0.02192892 0.04950867
vt 0.01923821 0.04197474
vt 0.02677215 0.03928404
vt 0.02946285 0.04681797
vt -0.02192892 0.04950867
vt -0.02946285 0.04681797
vt -0.02677215 0.03928404
vt -0.01923822 0.04197475
vt -0.1627858 0.1417667
vt -0.1699412 0.1453444
vt -0.1735189 0.138189
vt -0.1663635 0.1346113
vt 0.1627858 0.1417667
vt 0.1663635 0.1346113
vt 0.1735189 0.138189
vt 0.1699412 0.1453444
vt 0.1247338 0.1677453
vt 0.1312437 0.1630954
vt 0.1358936 0.1696052
vt 0.1293838 0.1742551
vt -0.1247338 0.1677453
vt -0.1293838 0.1742551
vt -0.1358936 0.1696052
vt -0.1312437 0.1630954
vt 0.02461961 0.05704261
vt 0.02192891 0.04950868
vt 0.02946284 0.04681797
vt 0.03215355 0.05435191
vt -0.02461962 0.05704261
vt -0.03215355 0.0543519
vt -0.02946284 0.04681797
vt -0.02192891 0.04950868
vt -0.1592081 0.1489221
vt -0.1663635 0.1524998
vt -0.1699412 0.1453444
vt -0.1627858 0.1417667
vt 0.1592081 0.1489221
vt 0.1627858 0.1417667
vt 0.1699412 0.1453444
vt 0.1663635 0.1524998
vt 0.1247339 0.1677453
vt 0.1312437 0.1630954
vt 0.1358936 0.1696052
vt 0.1293838 0.1742551
vt -0.1247339 0.1677453
vt -0.1293838 0.1742551
vt -0.1358936 0.1696052
vt -0.1312437 0.1630954
vt 0.02731028 0.06457656
vt 0.02461958 0.05704263
vt 0.03215351 0.05435192
vt 0.03484421 0.06188585
vt -0.02731028 0.06457656
vt -0.03484421 0.06188585
vt -0.03215351 0.05435193
vt -0.02461958 0.05704263
vt -0.1556304 0.1560775
vt -0.1627858 0.1596552
vt -0.1663635 0.1524998
vt -0.159208 0.1489221
vt 0.1556304 0.1560775
vt 0.1592081 0.1489221
vt 0.1663635 0.1524998
vt 0.1627858 0.1596552
vt 0.1247338 0.1677453
vt 0.1312437 0.1630954
vt 0.1358936 0.1696052
vt 0.1293838 0.1742551
vt -0.1247338 0.1677453
vt -0.1293838 0.1742551
vt -0.1358936 0.1696052
vt -0.1312437 0.1630954
vt 0.03000095 0.0721105
vt 0.02731024 0.06457657
vt 0.03484417 0.06188586
vt 0.03753488 0.06941979
vt -0.03000095 0.0721105
vt -0.03753488 0.06941979
vt -0.03484417 0.06188587
vt -0.02731024 0.06457657
vt -0.1520527 0.1632329
vt -0.1592081 0.1668106
vt -0.1627858 0.1596552
vt -0.1556304 0.1560775
vt 0.1520527 0.1632329
vt 0.1556304 0.1560775
vt 0.1627858 0.1596552
vt 0.1592081 0.1668106
vt 0.1247339 0.1677453
vt 0.1312437 0.1630953
vt 0.1358937 0.1696052
vt 0.1293838 0.1742551
vt -0.1247339 0.1677453
vt -0.1293838 0.1742551
vt -0.1358937 0.1696052
vt -0.1312437 0.1630954
vt 0.03269162 0.07964444
vt 0.03000091 0.07211052
vt 0.03753484 0.06941981
vt 0.04022554 0.07695373
vt -0.03269162 0.07964444
vt -0.04022555 0.07695373
vt -0.03753484 0.06941981
vt -0.03000091 0.07211052
vt -0.148475 0.1703883
vt -0.1556304 0.1739661
vt -0.1592081 0.1668106
vt -0.1520527 0.1632329
vt 0.1484749 0.1703883
vt 0.1520527 0.1632329
vt 0.1592081 0.1668106
vt 0.1556304 0.1739661
vt 0.1247341 0.1677451
vt 0.1312439 0.1630951
vt 0.1358939 0.169605
vt 0.1293841 0.1742549
vt -0.1247341 0.1677451
vt -0.1293841 0.1742549
vt -0.1358939 0.169605
vt -0.1312439 0.1630951
vt 0.03538202 0.08717852
vt 0.03269129 0.07964461
vt 0.04022522 0.07695387
vt 0.04291594 0.0844878
vt -0.03538202 0.08717853
vt -0.04291594 0.0844878
vt -0.04022522 0.07695387
vt -0.03269129 0.07964461
vt -0.1448973 0.1775437
vt -0.1520527 0.1811215
vt -0.1556304 0.173966
vt -0.148475 0.1703883
vt 0.1448973 0.1775437
vt 0.148475 0.1703883
vt 0.1556304 0.173966
vt 0.1520527 0.1811215
vt 0.1293841 0.1742549
vt 0.135894 0.1696049
vt 0.1405439 0.1761147
vt 0.1340341 0.1807647
vt -0.1293841 0.1742549
vt -0.1340341 0.1807647
vt -0.1405439 0.1761148
vt -0.135894 0.1696049
vt 0.03269123 0.07964463
vt 0.0300005 0.0721107
vt 0.03753442 0.06941997
vt 0.04022515 0.0769539
vt -0.03269123 0.07964462
vt -0.04022515 0.0769539
vt -0.03753442 0.06941997
vt -0.0300005 0.0721107
vt -0.1556304 0.173966
vt -0.1627859 0.1775437
vt -0.1663636 0.1703883
vt -0.1592081 0.1668106
vt 0.1556304 0.173966
vt 0.1592081 0.1668106
vt 0.1663636 0.1703883
vt 0.1627858 0.1775437
vt -0.1770966 0.1310336
vt -0.159208 0.1668107
vt -0.1663634 0.1703884
vt -0.184252 0.1346113
vt 0.1770966 0.1310336
vt 0.184252 0.1346113
vt 0.1663634 0.1703884
vt 0.159208 0.1668107
vt 0.01654772 0.03444067
vt 0.02408166 0.03174998
vt 0.03753513 0.06941966
vt 0.03000119 0.07211035
vt -0.01654773 0.03444072
vt -0.0300012 0.0721104
vt -0.03753514 0.0694197
vt -0.02408167 0.03175003
vt -0.1293835 0.1742554
vt -0.1340334 0.1807652
vt -0.1405433 0.1761153
vt -0.1358934 0.1696054
vt 0.1293836 0.1742553
vt 0.1358935 0.1696054
vt 0.1405434 0.1761153
vt 0.1340335 0.1807652
vt 0.129384 0.174255
vt 0.1358939 0.169605
vt 0.1405438 0.1761149
vt 0.1340339 0.1807648
vt -0.129384 0.174255
vt -0.1340339 0.1807648
vt -0.1405438 0.1761149
vt -0.1358939 0.169605
vt 0.01654726 0.03444091
vt 0.01385654 0.02690698
vt 0.02139047 0.02421626
vt 0.02408118 0.03175019
vt -0.01654726 0.0344409
vt -0.02408118 0.03175019
vt -0.02139047 0.02421626
vt -0.01385654 0.02690698
vt -0.1770966 0.1310335
vt -0.1842521 0.1346112
vt -0.1878298 0.1274558
vt -0.1806743 0.1238781
vt 0.1770966 0.1310335
vt 0.1806744 0.1238781
vt 0.1878298 0.1274558
vt 0.1842521 0.1346113
vt 0.1293841 0.1742549
vt 0.1358939 0.169605
vt 0.1405438 0.1761148
vt 0.134034 0.1807648
vt -0.1293841 0.1742549
vt -0.134034 0.1807648
vt -0.1405438 0.1761148
vt -0.1358939 0.169605
vt 0.01385652 0.02690699
vt 0.0111658 0.01937306
vt 0.01869973 0.01668234
vt 0.02139045 0.02421627
vt -0.01385652 0.02690699
vt -0.02139045 0.02421627
vt -0.01869973 0.01668234
vt -0.0111658 0.01937306
vt -0.1806743 0.1238781
vt -0.1878298 0.1274558
vt -0.1914075 0.1203004
vt -0.1842521 0.1167227
vt 0.1806743 0.1238781
vt 0.1842521 0.1167227
vt 0.1914075 0.1203004
vt 0.1878298 0.1274558
vt 0.1293841 0.1742549
vt 0.1358939 0.1696049
vt 0.1405439 0.1761148
vt 0.134034 0.1807647
vt -0.1293841 0.1742548
vt -0.134034 0.1807647
vt -0.1405439 0.1761148
vt -0.1358939 0.1696049
vt 0.01116579 0.01937307
vt 0.008475067 0.01183914
vt 0.01600899 0.009148421
vt 0.01869971 0.01668235
vt -0.01116579 0.01937307
vt -0.01869971 0.01668235
vt -0.01600899 0.009148421
vt -0.008475067 0.01183914
vt -0.184252 0.1167227
vt -0.1914075 0.1203004
vt -0.1949852 0.113145
vt -0.1878297 0.1095673
vt 0.184252 0.1167227
vt 0.1878297 0.1095673
vt 0.1949852 0.113145
vt 0.1914075 0.1203004
vt 0.1358938 0.169605
vt 0.1405438 0.1761149
vt 0.1340339 0.1807648
vt 0.129384 0.1742549
vt -0.1358939 0.169605
vt -0.129384 0.1742549
vt -0.1340339 0.1807648
vt -0.1405438 0.1761149
vt 0.1878298 0.1095673
vt 0.2021405 0.08094557
vt 0.209296 0.08452327
vt 0.1949852 0.113145
vt -0.1878298 0.1095673
vt -0.1949852 0.113145
vt -0.209296 0.08452326
vt -0.2021405 0.08094557
vt 0.0160093 0.00914892
vt 0.008475364 0.01183962
vt -0.002287428 -0.01829611
vt 0.005246507 -0.02098681
vt -0.01600959 0.009148787
vt -0.00524682 -0.02098695
vt 0.002287119 -0.01829626
vt -0.008475656 0.01183948
vt 0.1293843 0.1742547
vt 0.1358941 0.1696047
vt 0.1405441 0.1761146
vt 0.1340342 0.1807645
vt -0.1293843 0.1742547
vt -0.1340342 0.1807645
vt -0.1405441 0.1761146
vt -0.1358941 0.1696047
vt -0.004978622 -0.0258305
vt -0.00766935 -0.03336442
vt -0.0001354278 -0.03605514
vt 0.0025553 -0.02852122
vt 0.004978622 -0.0258305
vt -0.0025553 -0.02852122
vt 0.0001354272 -0.03605514
vt 0.007669349 -0.03336442
vt -0.2057183 0.07379013
vt -0.2128737 0.07736786
vt -0.2164514 0.07021244
vt -0.209296 0.06663473
vt 0.2057183 0.07379014
vt 0.209296 0.06663472
vt 0.2164514 0.07021244
vt 0.2128737 0.07736784
vt 0.1293843 0.1742547
vt 0.1358941 0.1696048
vt 0.1405441 0.1761146
vt 0.1340342 0.1807646
vt -0.1293843 0.1742547
vt -0.1340342 0.1807646
vt -0.1405441 0.1761146
vt -0.1358941 0.1696048
vt -0.002287955 -0.01829655
vt -0.004978684 -0.02583047
vt 0.002555239 -0.0285212
vt 0.005245966 -0.02098728
vt 0.002287955 -0.01829655
vt -0.005245966 -0.02098728
vt -0.002555238 -0.0285212
vt 0.004978683 -0.02583047
vt -0.2021406 0.08094557
vt -0.209296 0.08452328
vt -0.2128737 0.07736786
vt -0.2057183 0.07379015
vt 0.2021406 0.08094557
vt 0.2057183 0.07379015
vt 0.2128737 0.07736786
vt 0.209296 0.08452328
vt 0.1293839 0.174255
vt 0.1358937 0.169605
vt 0.1405437 0.1761149
vt 0.1340338 0.1807648
vt -0.1293839 0.174255
vt -0.1340338 0.1807648
vt -0.1405437 0.1761149
vt -0.1358937 0.169605
vt -0.007669519 -0.03336457
vt -0.01036024 -0.04089849
vt -0.002826318 -0.04358921
vt -0.0001355951 -0.03605529
vt 0.007669518 -0.03336457
vt 0.0001355953 -0.03605529
vt 0.002826318 -0.04358921
vt 0.01036024 -0.04089849
vt -0.209296 0.06663465
vt -0.2164515 0.07021236
vt -0.2200291 0.06305695
vt -0.2128737 0.05947924
vt 0.209296 0.06663465
vt 0.2128737 0.05947923
vt 0.2200292 0.06305695
vt 0.2164514 0.07021236
vt 0.1340338 0.1807648
vt 0.1405436 0.1761149
vt 0.1451936 0.1826247
vt 0.1386837 0.1872747
vt -0.1340338 0.1807648
vt -0.1386837 0.1872747
vt -0.1451936 0.1826247
vt -0.1405436 0.1761149
vt -0.007669594 -0.03336455
vt -0.01036032 -0.04089848
vt -0.002826394 -0.0435892
vt -0.0001356707 -0.03605527
vt 0.007669594 -0.03336455
vt 0.0001356708 -0.03605527
vt 0.002826394 -0.0435892
vt 0.01036032 -0.04089848
vt -0.2164515 0.07021235
vt -0.2236069 0.07379007
vt -0.2271846 0.06663465
vt -0.2200292 0.06305694
vt 0.2164515 0.07021235
vt 0.2200292 0.06305693
vt 0.2271846 0.06663465
vt 0.2236069 0.07379006
vt 0.1340338 0.1807648
vt 0.1405436 0.1761149
vt 0.1451936 0.1826247
vt 0.1386838 0.1872747
vt -0.1340338 0.1807648
vt -0.1386837 0.1872747
vt -0.1451936 0.1826247
vt -0.1405436 0.1761149
vt -0.0103603 -0.04089848
vt -0.01305102 -0.0484324
vt -0.005517101 -0.05112312
vt -0.002826378 -0.0435892
vt 0.0103603 -0.04089848
vt 0.002826378 -0.0435892
vt 0.005517101 -0.05112312
vt 0.01305102 -0.0484324
vt -0.2200292 0.06305693
vt -0.2271846 0.06663465
vt -0.2307623 0.05947923
vt -0.2236069 0.05590152
vt 0.2200292 0.06305693
vt 0.2236069 0.05590151
vt 0.2307623 0.05947923
vt 0.2271846 0.06663464
vt 0.1340338 0.1807649
vt 0.1405436 0.1761149
vt 0.1451935 0.1826248
vt 0.1386837 0.1872747
vt -0.1340338 0.1807649
vt -0.1386837 0.1872747
vt -0.1451935 0.1826248
vt -0.1405436 0.1761149
vt -0.004978939 -0.02583065
vt -0.007669664 -0.03336457
vt -0.0001357398 -0.03605529
vt 0.002554983 -0.02852137
vt 0.00497894 -0.02583065
vt -0.002554983 -0.02852137
vt 0.000135741 -0.03605529
vt 0.007669664 -0.03336457
vt -0.2128738 0.07736777
vt -0.2200292 0.08094548
vt -0.2236069 0.07379006
vt -0.2164515 0.07021235
vt 0.2128738 0.07736777
vt 0.2164515 0.07021235
vt 0.2236069 0.07379007
vt 0.2200292 0.08094548
vt 0.1405438 0.1761149
vt 0.1451937 0.1826248
vt 0.1386839 0.1872747
vt 0.1340339 0.1807648
vt -0.1405438 0.1761149
vt -0.1340339 0.1807648
vt -0.1386839 0.1872747
vt -0.1451937 0.1826248
vt 0.209296 0.08452333
vt 0.2128737 0.07736789
vt 0.2200291 0.0809456
vt 0.2164514 0.08810102
vt -0.209296 0.08452333
vt -0.2164514 0.08810103
vt -0.2200291 0.0809456
vt -0.2128737 0.0773679
vt 0.005246652 -0.02098699
vt -0.002287281 -0.01829629
vt -0.00497798 -0.02583023
vt 0.002555954 -0.02852092
vt -0.005246651 -0.02098699
vt -0.002555953 -0.02852092
vt 0.00497798 -0.02583022
vt 0.002287282 -0.01829629
vt 0.1340337 0.1807649
vt 0.1405436 0.176115
vt 0.1451935 0.1826248
vt 0.1386837 0.1872748
vt -0.1340337 0.1807649
vt -0.1386836 0.1872748
vt -0.1451935 0.1826248
vt -0.1405436 0.176115
vt 0.0004025669 -0.01076278
vt -0.002288155 -0.0182967
vt 0.005245769 -0.02098742
vt 0.007936491 -0.0134535
vt -0.000402567 -0.01076278
vt -0.007936491 -0.0134535
vt -0.005245768 -0.02098742
vt 0.002288155 -0.0182967
vt -0.2057184 0.09167861
vt -0.2128738 0.09525633
vt -0.2164515 0.08810091
vt -0.2092961 0.0845232
vt 0.2057184 0.09167861
vt 0.2092961 0.08452319
vt 0.2164515 0.08810092
vt 0.2128738 0.09525632
vt 0.1386836 0.1872748
vt 0.1451935 0.1826248
vt 0.1498434 0.1891347
vt 0.1433336 0.1937846
vt -0.1386836 0.1872748
vt -0.1433336 0.1937846
vt -0.1498434 0.1891347
vt -0.1451935 0.1826248
vt 0.0004024783 -0.0107628
vt -0.002288245 -0.01829673
vt 0.005245677 -0.02098745
vt 0.007936401 -0.01345353
vt -0.0004024781 -0.0107628
vt -0.007936401 -0.01345353
vt -0.005245677 -0.02098745
vt 0.002288245 -0.01829672
vt -0.2128738 0.09525631
vt -0.2200292 0.09883403
vt -0.2236069 0.09167861
vt -0.2164515 0.0881009
vt 0.2128738 0.09525631
vt 0.2164515 0.0881009
vt 0.2236069 0.09167861
vt 0.2200292 0.09883402
vt 0.1433336 0.1937846
vt 0.1498435 0.1891347
vt 0.1544934 0.1956445
vt 0.1479836 0.2002945
vt -0.1433336 0.1937846
vt -0.1479836 0.2002945
vt -0.1544934 0.1956445
vt -0.1498435 0.1891347
vt 0.0004024004 -0.01076279
vt -0.002288325 -0.01829671
vt 0.005245597 -0.02098744
vt 0.007936323 -0.01345352
vt -0.0004024 -0.01076279
vt -0.007936323 -0.01345352
vt -0.005245597 -0.02098744
vt 0.002288325 -0.01829671
vt -0.2200292 0.09883402
vt -0.2271846 0.1024117
vt -0.2307623 0.09525632
vt -0.2236069 0.0916786
vt 0.2200292 0.09883402
vt 0.2236069 0.0916786
vt 0.2307624 0.09525633
vt 0.2271846 0.1024117
vt 0.1405437 0.1761149
vt 0.1451937 0.1826248
vt 0.1386838 0.1872747
vt 0.1340339 0.1807648
vt -0.1405437 0.1761149
vt -0.1340339 0.1807648
vt -0.1386838 0.1872747
vt -0.1451937 0.1826248
vt 0.2021406 0.09883415
vt 0.2057183 0.09167872
vt 0.2128737 0.09525643
vt 0.209296 0.1024118
vt -0.2021406 0.09883414
vt -0.209296 0.1024119
vt -0.2128737 0.09525643
vt -0.2057183 0.09167872
vt 0.01062799 -0.005919147
vt 0.003094055 -0.003228448
vt 0.000403356 -0.01076238
vt 0.007937289 -0.01345308
vt -0.01062799 -0.005919147
vt -0.007937289 -0.01345308
vt -0.000403356 -0.01076238
vt -0.003094055 -0.003228448
vt 0.1405437 0.1761149
vt 0.1451937 0.1826247
vt 0.1386838 0.1872747
vt 0.1340339 0.1807648
vt -0.1405437 0.1761149
vt -0.1340339 0.1807648
vt -0.1386838 0.1872746
vt -0.1451937 0.1826247
vt 0.1985629 0.1059896
vt 0.2021406 0.09883413
vt 0.209296 0.1024118
vt 0.2057183 0.1095672
vt -0.1985629 0.1059896
vt -0.2057183 0.1095673
vt -0.209296 0.1024118
vt -0.2021406 0.09883413
vt 0.01331864 0.001614798
vt 0.005784712 0.0043055
vt 0.003094012 -0.003228432
vt 0.01062794 -0.005919133
vt -0.01331864 0.001614798
vt -0.01062794 -0.005919133
vt -0.003094011 -0.003228433
vt -0.005784712 0.004305499
vt 0.1405438 0.1761148
vt 0.1451937 0.1826247
vt 0.1386839 0.1872746
vt 0.1340339 0.1807648
vt -0.1405438 0.1761148
vt -0.1340339 0.1807648
vt -0.1386839 0.1872746
vt -0.1451937 0.1826247
vt 0.1949852 0.113145
vt 0.1985629 0.1059896
vt 0.2057183 0.1095673
vt 0.2021406 0.1167227
vt -0.1949852 0.113145
vt -0.2021406 0.1167227
vt -0.2057183 0.1095672
vt -0.1985629 0.1059896
vt 0.0160093 0.009148744
vt 0.008475372 0.01183945
vt 0.005784668 0.004305515
vt 0.0133186 0.001614812
vt -0.0160093 0.009148744
vt -0.0133186 0.001614812
vt -0.005784668 0.004305515
vt -0.008475372 0.01183945
vt 0.1340341 0.1807647
vt 0.1405439 0.1761148
vt 0.1451939 0.1826246
vt 0.138684 0.1872745
vt -0.1340341 0.1807647
vt -0.138684 0.1872745
vt -0.1451939 0.1826246
vt -0.1405439 0.1761148
vt 0.01116573 0.01937308
vt 0.008475008 0.01183916
vt 0.01600893 0.009148436
vt 0.01869966 0.01668236
vt -0.01116573 0.01937309
vt -0.01869966 0.01668236
vt -0.01600893 0.009148438
vt -0.008475008 0.01183916
vt -0.1914075 0.1203004
vt -0.1985629 0.1238781
vt -0.2021406 0.1167227
vt -0.1949852 0.113145
vt 0.1914075 0.1203004
vt 0.1949852 0.113145
vt 0.2021406 0.1167227
vt 0.1985629 0.1238781
vt 0.1340341 0.1807647
vt 0.1405439 0.1761147
vt 0.1451939 0.1826246
vt 0.138684 0.1872745
vt -0.1340341 0.1807647
vt -0.138684 0.1872745
vt -0.1451939 0.1826246
vt -0.1405439 0.1761147
vt 0.0138564 0.02690702
vt 0.01116567 0.0193731
vt 0.0186996 0.01668238
vt 0.02139032 0.0242163
vt -0.0138564 0.02690703
vt -0.02139032 0.0242163
vt -0.0186996 0.01668238
vt -0.01116567 0.0193731
vt -0.1878298 0.1274558
vt -0.1949852 0.1310335
vt -0.1985629 0.1238781
vt -0.1914075 0.1203004
vt 0.1878298 0.1274558
vt 0.1914075 0.1203004
vt 0.1985629 0.1238781
vt 0.1949852 0.1310335
vt 0.1405436 0.1761149
vt 0.1451936 0.1826248
vt 0.1386837 0.1872747
vt 0.1340338 0.1807649
vt -0.1405437 0.1761149
vt -0.1340338 0.1807649
vt -0.1386837 0.1872747
vt -0.1451936 0.1826248
vt 0.184252 0.1346113
vt 0.1878297 0.1274559
vt 0.1949851 0.1310336
vt 0.1914074 0.138189
vt -0.184252 0.1346113
vt -0.1914074 0.138189
vt -0.1949851 0.1310336
vt -0.1878297 0.1274559
vt 0.02408158 0.03175031
vt 0.01654765 0.03444101
vt 0.01385695 0.02690708
vt 0.02139088 0.02421638
vt -0.02408158 0.03175031
vt -0.02139088 0.02421638
vt -0.01385695 0.02690708
vt -0.01654765 0.03444101
vt 0.1340341 0.1807647
vt 0.1405439 0.1761147
vt 0.1451939 0.1826246
vt 0.1386841 0.1872745
vt -0.1340341 0.1807647
vt -0.1386841 0.1872745
vt -0.1451939 0.1826246
vt -0.1405439 0.1761147
vt 0.03000046 0.07211071
vt 0.02730973 0.06457678
vt 0.03484365 0.06188605
vt 0.03753438 0.06941997
vt -0.03000046 0.07211071
vt -0.03753438 0.06941997
vt -0.03484365 0.06188605
vt -0.02730973 0.06457679
vt -0.1663636 0.1703883
vt -0.173519 0.173966
vt -0.1770967 0.1668106
vt -0.1699413 0.1632329
vt 0.1663636 0.1703883
vt 0.1699413 0.1632329
vt 0.1770967 0.1668106
vt 0.173519 0.173966
vt 0.1405436 0.176115
vt 0.1451935 0.1826248
vt 0.1386836 0.1872748
vt 0.1340337 0.1807649
vt -0.1405436 0.176115
vt -0.1340337 0.1807649
vt -0.1386836 0.1872748
vt -0.1451935 0.1826249
vt 0.1806743 0.1417667
vt 0.184252 0.1346113
vt 0.1914074 0.138189
vt 0.1878297 0.1453444
vt -0.1806743 0.1417667
vt -0.1878297 0.1453444
vt -0.1914074 0.138189
vt -0.184252 0.1346113
vt 0.02677234 0.03928422
vt 0.01923841 0.04197492
vt 0.01654771 0.03444099
vt 0.02408165 0.03175029
vt -0.02677234 0.03928422
vt -0.02408165 0.03175029
vt -0.01654771 0.03444099
vt -0.01923841 0.04197492
vt 0.1405436 0.176115
vt 0.1451935 0.1826249
vt 0.1386836 0.1872748
vt 0.1340337 0.1807649
vt -0.1405436 0.176115
vt -0.1340337 0.1807649
vt -0.1386836 0.1872748
vt -0.1451935 0.1826249
vt 0.1770966 0.1489221
vt 0.1806743 0.1417667
vt 0.1878297 0.1453444
vt 0.184252 0.1524998
vt -0.1770966 0.1489221
vt -0.184252 0.1524998
vt -0.1878297 0.1453444
vt -0.1806743 0.1417667
vt 0.02946299 0.04681813
vt 0.02192906 0.04950883
vt 0.01923836 0.04197489
vt 0.02677229 0.0392842
vt -0.02946299 0.04681813
vt -0.02677229 0.0392842
vt -0.01923836 0.04197489
vt -0.02192906 0.04950883
vt 0.1405436 0.176115
vt 0.1451935 0.1826249
vt 0.1386836 0.1872748
vt 0.1340337 0.1807649
vt -0.1405436 0.176115
vt -0.1340337 0.1807649
vt -0.1386836 0.1872748
vt -0.1451935 0.1826249
vt 0.1735189 0.1560775
vt 0.1770966 0.1489221
vt 0.184252 0.1524998
vt 0.1806743 0.1596552
vt -0.1735189 0.1560775
vt -0.1806743 0.1596552
vt -0.184252 0.1524998
vt -0.1770966 0.1489221
vt 0.03215364 0.05435204
vt 0.0246197 0.05704274
vt 0.021929 0.0495088
vt 0.02946294 0.0468181
vt -0.03215364 0.05435204
vt -0.02946294 0.04681811
vt -0.021929 0.04950881
vt -0.0246197 0.05704274
vt 0.1405436 0.176115
vt 0.1451935 0.1826249
vt 0.1386836 0.1872748
vt 0.1340337 0.1807649
vt -0.1405436 0.176115
vt -0.1340337 0.1807649
vt -0.1386836 0.1872748
vt -0.1451935 0.1826249
vt 0.1699412 0.163233
vt 0.1735189 0.1560775
vt 0.1806743 0.1596552
vt 0.1770966 0.1668107
vt -0.1699412 0.163233
vt -0.1770966 0.1668106
vt -0.1806743 0.1596552
vt -0.1735189 0.1560775
vt 0.0348443 0.06188598
vt 0.02731037 0.06457668
vt 0.02461966 0.05704276
vt 0.0321536 0.05435205
vt -0.0348443 0.06188598
vt -0.0321536 0.05435205
vt -0.02461966 0.05704276
vt -0.02731037 0.06457669
vt 0.1386835 0.1872749
vt 0.1451933 0.182625
vt 0.1498432 0.1891349
vt 0.1433334 0.1937848
vt -0.1386835 0.1872749
vt -0.1433334 0.1937848
vt -0.1498432 0.1891349
vt -0.1451933 0.182625
vt 0.003094258 -0.003228816
vt 0.0004035654 -0.01076275
vt 0.0079375 -0.01345344
vt 0.01062819 -0.005919509
vt -0.003094259 -0.003228816
vt -0.01062819 -0.005919509
vt -0.0079375 -0.01345344
vt -0.0004035655 -0.01076275
vt -0.209296 0.1024119
vt -0.2164514 0.1059896
vt -0.2200291 0.0988342
vt -0.2128737 0.09525649
vt 0.209296 0.1024119
vt 0.2128737 0.09525649
vt 0.2200291 0.0988342
vt 0.2164514 0.1059896
vt 0.1386835 0.1872749
vt 0.1451933 0.182625
vt 0.1498432 0.1891349
vt 0.1433333 0.1937848
vt -0.1386835 0.1872749
vt -0.1433333 0.1937848
vt -0.1498432 0.1891349
vt -0.1451933 0.182625
vt 0.005784988 0.004305105
vt 0.003094297 -0.00322883
vt 0.01062823 -0.005919521
vt 0.01331892 0.001614414
vt -0.005784988 0.004305105
vt -0.01331892 0.001614414
vt -0.01062823 -0.005919521
vt -0.003094297 -0.00322883
vt -0.2057182 0.1095673
vt -0.2128737 0.113145
vt -0.2164514 0.1059896
vt -0.209296 0.1024119
vt 0.2057182 0.1095673
vt 0.209296 0.1024119
vt 0.2164514 0.1059896
vt 0.2128737 0.113145
vt 0.1386835 0.1872749
vt 0.1451933 0.182625
vt 0.1498432 0.1891349
vt 0.1433333 0.1937848
vt -0.1386835 0.1872749
vt -0.1433333 0.1937848
vt -0.1498432 0.1891349
vt -0.1451933 0.182625
vt 0.008475679 0.01183904
vt 0.005784988 0.004305106
vt 0.01331892 0.001614414
vt 0.01600962 0.00914835
vt -0.00847568 0.01183904
vt -0.01600962 0.00914835
vt -0.01331892 0.001614414
vt -0.005784988 0.004305106
vt -0.2021405 0.1167227
vt -0.209296 0.1203005
vt -0.2128737 0.113145
vt -0.2057182 0.1095673
vt 0.2021405 0.1167227
vt 0.2057182 0.1095673
vt 0.2128737 0.113145
vt 0.209296 0.1203005
vt 0.1386835 0.1872749
vt 0.1451933 0.182625
vt 0.1498432 0.1891349
vt 0.1433333 0.1937848
vt -0.1386835 0.1872749
vt -0.1433333 0.1937848
vt -0.1498432 0.1891349
vt -0.1451933 0.182625
vt 0.01116637 0.01937298
vt 0.00847568 0.01183904
vt 0.01600962 0.009148351
vt 0.01870031 0.01668229
vt -0.01116637 0.01937298
vt -0.01870031 0.01668229
vt -0.01600962 0.009148351
vt -0.00847568 0.01183904
vt -0.1985628 0.1238782
vt -0.2057182 0.1274559
vt -0.209296 0.1203005
vt -0.2021405 0.1167227
vt 0.1985628 0.1238782
vt 0.2021405 0.1167227
vt 0.209296 0.1203005
vt 0.2057182 0.1274559
vt 0.1386835 0.1872749
vt 0.1451933 0.182625
vt 0.1498432 0.1891349
vt 0.1433334 0.1937848
vt -0.1386835 0.1872749
vt -0.1433334 0.1937848
vt -0.1498432 0.1891349
vt -0.1451933 0.182625
vt -0.004977845 -0.0258307
vt -0.007668539 -0.03336463
vt -0.0001346046 -0.03605533
vt 0.00255609 -0.02852139
vt 0.004977844 -0.0258307
vt -0.00255609 -0.02852139
vt 0.0001346044 -0.03605533
vt 0.007668538 -0.03336463
vt -0.2200291 0.08094566
vt -0.2271845 0.08452336
vt -0.2307622 0.07736795
vt -0.2236068 0.07379024
vt 0.2200291 0.08094566
vt 0.2236068 0.07379024
vt 0.2307622 0.07736795
vt 0.2271845 0.08452336
vt 0.1386841 0.1872744
vt 0.145194 0.1826245
vt 0.1498439 0.1891343
vt 0.1433341 0.1937843
vt -0.1386841 0.1872744
vt -0.1433341 0.1937843
vt -0.1498439 0.1891343
vt -0.1451939 0.1826245
vt -0.002287842 -0.01829656
vt -0.004978566 -0.02583048
vt 0.002555356 -0.0285212
vt 0.005246081 -0.02098728
vt 0.002287842 -0.01829656
vt -0.005246081 -0.02098728
vt -0.002555356 -0.0285212
vt 0.004978567 -0.02583048
vt -0.2164514 0.088101
vt -0.2236069 0.09167872
vt -0.2271846 0.08452329
vt -0.2200291 0.08094557
vt 0.2164514 0.088101
vt 0.2200291 0.08094558
vt 0.2271846 0.0845233
vt 0.2236069 0.09167872
vt 0.1386837 0.1872747
vt 0.1451936 0.1826247
vt 0.1498435 0.1891346
vt 0.1433337 0.1937845
vt -0.1386837 0.1872747
vt -0.1433337 0.1937845
vt -0.1498435 0.1891346
vt -0.1451936 0.1826247
vt -0.007669671 -0.03336454
vt -0.0103604 -0.04089846
vt -0.002826474 -0.04358918
vt -0.0001357489 -0.03605526
vt 0.007669671 -0.03336454
vt 0.0001357489 -0.03605526
vt 0.002826474 -0.04358919
vt 0.0103604 -0.04089846
vt -0.2236069 0.07379005
vt -0.2307623 0.07736777
vt -0.23434 0.07021235
vt -0.2271846 0.06663464
vt 0.2236069 0.07379006
vt 0.2271846 0.06663463
vt 0.23434 0.07021235
vt 0.2307623 0.07736777
vt 0.1433337 0.1937845
vt 0.1498436 0.1891346
vt 0.1544935 0.1956444
vt 0.1479837 0.2002943
vt -0.1433337 0.1937845
vt -0.1479837 0.2002943
vt -0.1544935 0.1956444
vt -0.1498435 0.1891345
vt -0.007669753 -0.03336452
vt -0.01036048 -0.04089844
vt -0.002826558 -0.04358917
vt -0.00013583 -0.03605525
vt 0.007669752 -0.03336452
vt 0.0001358299 -0.03605525
vt 0.002826557 -0.04358917
vt 0.01036048 -0.04089844
vt -0.2307623 0.07736774
vt -0.2379178 0.08094546
vt -0.2414954 0.07379004
vt -0.23434 0.07021233
vt 0.2307623 0.07736775
vt 0.23434 0.07021233
vt 0.2414955 0.07379005
vt 0.2379177 0.08094546
vt 0.1433334 0.1937848
vt 0.1498433 0.1891349
vt 0.1544932 0.1956447
vt 0.1479833 0.2002946
vt -0.1433334 0.1937847
vt -0.1479833 0.2002946
vt -0.1544932 0.1956447
vt -0.1498433 0.1891349
vt -0.004977889 -0.02583069
vt -0.007668586 -0.03336462
vt -0.0001346523 -0.03605531
vt 0.002556044 -0.02852138
vt 0.004977889 -0.02583069
vt -0.002556045 -0.02852138
vt 0.000134652 -0.03605531
vt 0.007668586 -0.03336462
vt -0.2271845 0.08452337
vt -0.2343399 0.08810108
vt -0.2379176 0.08094566
vt -0.2307622 0.07736795
vt 0.2271845 0.08452337
vt 0.2307622 0.07736796
vt 0.2379176 0.08094567
vt 0.2343399 0.08810108
vt 0.1433341 0.1937843
vt 0.1498439 0.1891343
vt 0.1544938 0.1956441
vt 0.147984 0.2002941
vt -0.1433341 0.1937843
vt -0.147984 0.2002941
vt -0.1544938 0.1956442
vt -0.1498439 0.1891343
vt -0.002287922 -0.01829658
vt -0.004978649 -0.0258305
vt 0.002555274 -0.02852122
vt 0.005246 -0.02098731
vt 0.002287922 -0.01829658
vt -0.005246 -0.02098731
vt -0.002555273 -0.02852123
vt 0.004978649 -0.0258305
vt -0.2236068 0.09167869
vt -0.2307623 0.09525641
vt -0.23434 0.08810099
vt -0.2271846 0.08452328
vt 0.2236068 0.09167869
vt 0.2271845 0.08452328
vt 0.23434 0.08810099
vt 0.2307622 0.0952564
vt 0.1479833 0.2002947
vt 0.1544931 0.1956448
vt 0.159143 0.2021546
vt 0.1526332 0.2068045
vt -0.1479833 0.2002946
vt -0.1526332 0.2068045
vt -0.1591431 0.2021546
vt -0.1544932 0.1956447
vt 0.01116628 0.01937286
vt -0.002287209 -0.0182968
vt 0.005246725 -0.0209875
vt 0.01870021 0.01668217
vt -0.01116627 0.01937281
vt -0.0187002 0.01668212
vt -0.005246716 -0.02098755
vt 0.002287218 -0.01829685
vt -0.2128737 0.1310336
vt -0.2200291 0.1346113
vt -0.2379176 0.0988342
vt -0.2307622 0.09525649
vt 0.2128737 0.1310336
vt 0.2307622 0.09525649
vt 0.2379176 0.0988342
vt 0.2200291 0.1346113
vt 0.1479841 0.2002941
vt 0.1544939 0.1956441
vt 0.1591439 0.202154
vt 0.152634 0.2068039
vt -0.1479841 0.2002941
vt -0.152634 0.2068039
vt -0.1591439 0.202154
vt -0.1544939 0.1956441
vt -0.002288049 -0.01829658
vt -0.00497878 -0.02583051
vt 0.002555141 -0.02852124
vt 0.005245872 -0.02098732
vt 0.002288049 -0.01829658
vt -0.005245873 -0.02098732
vt -0.002555141 -0.02852124
vt 0.004978779 -0.0258305
vt -0.2307623 0.0952564
vt -0.2379177 0.09883412
vt -0.2414954 0.0916787
vt -0.23434 0.08810099
vt 0.2307623 0.0952564
vt 0.23434 0.08810098
vt 0.2414954 0.0916787
vt 0.2379177 0.09883411
vt 0.1479841 0.200294
vt 0.1544939 0.1956441
vt 0.1591439 0.2021539
vt 0.1526341 0.2068039
vt -0.1479841 0.200294
vt -0.1526341 0.2068039
vt -0.1591439 0.2021539
vt -0.1544939 0.1956441
vt -0.004978811 -0.02583054
vt -0.007669544 -0.03336446
vt -0.0001356248 -0.03605519
vt 0.002555109 -0.02852127
vt 0.00497881 -0.02583054
vt -0.00255511 -0.02852127
vt 0.0001356241 -0.03605519
vt 0.007669544 -0.03336446
vt -0.23434 0.08810098
vt -0.2414954 0.0916787
vt -0.2450731 0.08452328
vt -0.2379177 0.08094557
vt 0.23434 0.08810098
vt 0.2379177 0.08094557
vt 0.2450731 0.08452328
vt 0.2414954 0.09167869
vt 0.1479842 0.200294
vt 0.154494 0.195644
vt 0.159144 0.2021538
vt 0.1526341 0.2068038
vt -0.1479842 0.200294
vt -0.1526341 0.2068038
vt -0.159144 0.2021538
vt -0.154494 0.195644
vt -0.00766956 -0.03336446
vt -0.01036029 -0.04089838
vt -0.002826375 -0.04358911
vt -0.0001356398 -0.03605519
vt 0.00766956 -0.03336445
vt 0.0001356396 -0.03605519
vt 0.002826374 -0.04358911
vt 0.01036029 -0.04089838
vt -0.2379177 0.08094556
vt -0.2450731 0.08452328
vt -0.2486508 0.07736786
vt -0.2414954 0.07379015
vt 0.2379177 0.08094556
vt 0.2414954 0.07379014
vt 0.2486508 0.07736786
vt 0.2450731 0.08452327
vt 0.1479837 0.2002943
vt 0.1544935 0.1956443
vt 0.1591435 0.2021542
vt 0.1526337 0.2068041
vt -0.1479837 0.2002943
vt -0.1526337 0.2068041
vt -0.1591435 0.2021542
vt -0.1544935 0.1956443
vt -0.01036054 -0.04089843
vt -0.01305127 -0.04843235
vt -0.005517351 -0.05112308
vt -0.002826622 -0.04358916
vt 0.01036054 -0.04089843
vt 0.002826622 -0.04358916
vt 0.005517351 -0.05112308
vt 0.01305127 -0.04843236
vt -0.2414954 0.07379002
vt -0.2486509 0.07736774
vt -0.2522286 0.07021232
vt -0.2450732 0.06663461
vt 0.2414954 0.07379003
vt 0.2450732 0.06663461
vt 0.2522286 0.07021232
vt 0.2486509 0.07736774
vt 0.138684 0.1872745
vt 0.1451939 0.1826245
vt 0.1498438 0.1891344
vt 0.143334 0.1937843
vt -0.138684 0.1872745
vt -0.143334 0.1937843
vt -0.1498438 0.1891344
vt -0.1451939 0.1826245
vt 0.01385634 0.02690705
vt 0.01116561 0.01937312
vt 0.01869953 0.0166824
vt 0.02139026 0.02421632
vt -0.01385633 0.02690705
vt -0.02139026 0.02421632
vt -0.01869953 0.01668239
vt -0.01116561 0.01937312
vt -0.1949852 0.1310335
vt -0.2021406 0.1346112
vt -0.2057183 0.1274558
vt -0.1985629 0.1238781
vt 0.1949852 0.1310335
vt 0.1985629 0.1238781
vt 0.2057183 0.1274558
vt 0.2021406 0.1346112
vt 0.1386841 0.1872745
vt 0.1451939 0.1826245
vt 0.1498438 0.1891344
vt 0.143334 0.1937843
vt -0.1386841 0.1872745
vt -0.143334 0.1937843
vt -0.1498439 0.1891344
vt -0.1451939 0.1826245
vt 0.016547 0.03444099
vt 0.01385627 0.02690706
vt 0.0213902 0.02421634
vt 0.02408092 0.03175025
vt -0.016547 0.03444099
vt -0.02408093 0.03175026
vt -0.0213902 0.02421634
vt -0.01385628 0.02690707
vt -0.1914075 0.1381889
vt -0.1985629 0.1417666
vt -0.2021406 0.1346112
vt -0.1949852 0.1310335
vt 0.1914075 0.1381889
vt 0.1949852 0.1310335
vt 0.2021406 0.1346112
vt 0.1985629 0.1417666
vt 0.1386841 0.1872745
vt 0.1451939 0.1826245
vt 0.1498439 0.1891344
vt 0.143334 0.1937843
vt -0.1386841 0.1872745
vt -0.143334 0.1937843
vt -0.1498439 0.1891344
vt -0.1451939 0.1826245
vt 0.01923767 0.04197493
vt 0.01654694 0.03444101
vt 0.02408086 0.03175028
vt 0.02677159 0.0392842
vt -0.01923767 0.04197493
vt -0.02677159 0.0392842
vt -0.02408086 0.03175028
vt -0.01654694 0.03444101
vt -0.1878298 0.1453443
vt -0.1949852 0.1489221
vt -0.1985629 0.1417666
vt -0.1914075 0.1381889
vt 0.1878298 0.1453443
vt 0.1914075 0.1381889
vt 0.1985629 0.1417666
vt 0.1949852 0.1489221
vt 0.1386841 0.1872745
vt 0.1451939 0.1826245
vt 0.1498439 0.1891343
vt 0.1433341 0.1937843
vt -0.1386841 0.1872745
vt -0.1433341 0.1937843
vt -0.1498439 0.1891344
vt -0.1451939 0.1826245
vt 0.02192834 0.04950887
vt 0.01923761 0.04197495
vt 0.02677153 0.03928422
vt 0.02946226 0.04681814
vt -0.02192834 0.04950887
vt -0.02946226 0.04681814
vt -0.02677153 0.03928422
vt -0.01923761 0.04197495
vt -0.1842521 0.1524998
vt -0.1914075 0.1560775
vt -0.1949852 0.1489221
vt -0.1878298 0.1453443
vt 0.1842521 0.1524998
vt 0.1878298 0.1453443
vt 0.1949852 0.1489221
vt 0.1914075 0.1560775
vt 0.1386841 0.1872745
vt 0.1451939 0.1826245
vt 0.1498439 0.1891344
vt 0.1433341 0.1937844
vt -0.1386841 0.1872745
vt -0.1433341 0.1937844
vt -0.1498439 0.1891344
vt -0.1451939 0.1826245
vt 0.024619 0.05704278
vt 0.02192827 0.04950885
vt 0.02946218 0.04681812
vt 0.03215292 0.05435205
vt -0.024619 0.05704278
vt -0.03215292 0.05435205
vt -0.02946218 0.04681812
vt -0.02192827 0.04950886
vt -0.1806744 0.1596552
vt -0.1878298 0.1632329
vt -0.1914075 0.1560775
vt -0.1842521 0.1524998
vt 0.1806744 0.1596552
vt 0.1842521 0.1524998
vt 0.1914075 0.1560775
vt 0.1878298 0.1632329
vt 0.1386841 0.1872745
vt 0.1451939 0.1826245
vt 0.1498439 0.1891343
vt 0.1433341 0.1937843
vt -0.1386841 0.1872745
vt -0.1433341 0.1937843
vt -0.1498439 0.1891344
vt -0.1451939 0.1826245
vt 0.0273097 0.0645768
vt 0.02461896 0.05704288
vt 0.03215288 0.05435215
vt 0.03484362 0.06188606
vt -0.0273097 0.0645768
vt -0.03484362 0.06188606
vt -0.03215288 0.05435215
vt -0.02461896 0.05704288
vt -0.1770967 0.1668106
vt -0.1842521 0.1703883
vt -0.1878298 0.1632329
vt -0.1806744 0.1596552
vt 0.1770967 0.1668106
vt 0.1806744 0.1596552
vt 0.1878298 0.1632329
vt 0.1842521 0.1703883
vt 0.1386841 0.1872745
vt 0.1451939 0.1826245
vt 0.1498439 0.1891343
vt 0.1433341 0.1937843
vt -0.1386841 0.1872745
vt -0.1433341 0.1937843
vt -0.1498439 0.1891343
vt -0.1451939 0.1826245
vt 0.03000037 0.07211075
vt 0.02730963 0.06457683
vt 0.03484355 0.06188609
vt 0.03753429 0.06942002
vt -0.03000036 0.07211074
vt -0.03753429 0.06942001
vt -0.03484355 0.06188609
vt -0.02730963 0.06457683
vt -0.173519 0.173966
vt -0.1806744 0.1775437
vt -0.1842521 0.1703883
vt -0.1770967 0.1668106
vt 0.173519 0.173966
vt 0.1770967 0.1668106
vt 0.1842521 0.1703883
vt 0.1806744 0.1775437
vt 0.1386842 0.1872745
vt 0.145194 0.1826245
vt 0.1498439 0.1891343
vt 0.1433341 0.1937843
vt -0.1386842 0.1872745
vt -0.1433341 0.1937843
vt -0.1498439 0.1891343
vt -0.145194 0.1826245
vt 0.03269101 0.07964469
vt 0.03000027 0.07211078
vt 0.03753419 0.06942004
vt 0.04022493 0.07695396
vt -0.03269101 0.07964469
vt -0.04022493 0.07695396
vt -0.03753419 0.06942004
vt -0.03000027 0.07211078
vt -0.1699413 0.1811214
vt -0.1770967 0.1846991
vt -0.1806744 0.1775437
vt -0.173519 0.173966
vt 0.1699413 0.1811214
vt 0.173519 0.173966
vt 0.1806744 0.1775437
vt 0.1770967 0.1846991
vt 0.1386841 0.1872745
vt 0.145194 0.1826245
vt 0.1498439 0.1891343
vt 0.1433341 0.1937843
vt -0.1386841 0.1872745
vt -0.1433341 0.1937843
vt -0.1498439 0.1891343
vt -0.145194 0.1826245
vt 0.03538165 0.08717865
vt 0.03269091 0.07964473
vt 0.04022483 0.07695399
vt 0.04291557 0.0844879
vt -0.03538165 0.08717865
vt -0.04291557 0.08448791
vt -0.04022483 0.07695399
vt -0.03269091 0.07964473
vt -0.1663636 0.1882768
vt -0.173519 0.1918545
vt -0.1770968 0.1846991
vt -0.1699413 0.1811214
vt 0.1663636 0.1882768
vt 0.1699413 0.1811214
vt 0.1770968 0.1846991
vt 0.173519 0.1918545
vt 0.1386842 0.1872745
vt 0.145194 0.1826245
vt 0.1498439 0.1891343
vt 0.1433341 0.1937843
vt -0.1386842 0.1872745
vt -0.1433341 0.1937843
vt -0.1498439 0.1891343
vt -0.145194 0.1826245
vt 0.03807233 0.09471259
vt 0.03538159 0.08717866
vt 0.0429155 0.08448793
vt 0.04560625 0.09202184
vt -0.03807233 0.09471258
vt -0.04560625 0.09202184
vt -0.0429155 0.08448793
vt -0.03538159 0.08717867
vt -0.1627859 0.1954322
vt -0.1699414 0.1990099
vt -0.173519 0.1918545
vt -0.1663636 0.1882768
vt 0.1627859 0.1954322
vt 0.1663636 0.1882768
vt 0.173519 0.1918545
vt 0.1699414 0.1990099
vt 0.1386842 0.1872745
vt 0.145194 0.1826245
vt 0.1498439 0.1891343
vt 0.1433341 0.1937843
vt -0.1386842 0.1872745
vt -0.1433341 0.1937843
vt -0.1498439 0.1891343
vt -0.145194 0.1826245
vt 0.04076298 0.1022465
vt 0.03807224 0.09471263
vt 0.04560615 0.09202188
vt 0.0482969 0.09955581
vt -0.04076298 0.1022465
vt -0.0482969 0.09955581
vt -0.04560615 0.09202188
vt -0.03807224 0.09471263
vt -0.1592082 0.2025877
vt -0.1663637 0.2061654
vt -0.1699414 0.1990099
vt -0.1627859 0.1954322
vt 0.1592082 0.2025877
vt 0.1627859 0.1954322
vt 0.1699414 0.1990099
vt 0.1663636 0.2061654
vt 0.143334 0.1937844
vt 0.1498438 0.1891345
vt 0.1544938 0.1956443
vt 0.147984 0.2002943
vt -0.143334 0.1937844
vt -0.147984 0.2002943
vt -0.1544938 0.1956443
vt -0.1498438 0.1891345
vt 0.02730963 0.06457669
vt 0.02461889 0.05704277
vt 0.03215281 0.05435203
vt 0.03484355 0.06188595
vt -0.02730963 0.06457669
vt -0.03484355 0.06188595
vt -0.03215281 0.05435203
vt -0.02461889 0.05704277
vt -0.1842521 0.1703883
vt -0.1914075 0.173966
vt -0.1949853 0.1668106
vt -0.1878299 0.1632329
vt 0.1842521 0.1703883
vt 0.1878298 0.1632329
vt 0.1949853 0.1668106
vt 0.1914075 0.173966
vt 0.1433339 0.1937844
vt 0.1498438 0.1891345
vt 0.1544937 0.1956443
vt 0.1479839 0.2002943
vt -0.143334 0.1937844
vt -0.1479839 0.2002943
vt -0.1544937 0.1956443
vt -0.1498438 0.1891345
vt 0.0300003 0.07211063
vt 0.02730956 0.0645767
vt 0.03484348 0.06188597
vt 0.03753421 0.06941988
vt -0.0300003 0.07211062
vt -0.03753421 0.06941989
vt -0.03484348 0.06188596
vt -0.02730956 0.06457671
vt -0.1806744 0.1775437
vt -0.1878298 0.1811214
vt -0.1914075 0.173966
vt -0.1842521 0.1703883
vt 0.1806744 0.1775437
vt 0.1842521 0.1703883
vt 0.1914075 0.173966
vt 0.1878298 0.1811214
vt 0.1433339 0.1937844
vt 0.1498438 0.1891345
vt 0.1544937 0.1956443
vt 0.1479839 0.2002943
vt -0.1433339 0.1937845
vt -0.1479839 0.2002943
vt -0.1544937 0.1956443
vt -0.1498438 0.1891345
vt 0.03269096 0.07964453
vt 0.03000022 0.07211061
vt 0.03753414 0.06941988
vt 0.04022488 0.07695378
vt -0.03269096 0.07964452
vt -0.04022488 0.07695379
vt -0.03753414 0.06941987
vt -0.03000022 0.07211061
vt -0.1770967 0.1846991
vt -0.1842521 0.1882768
vt -0.1878298 0.1811214
vt -0.1806744 0.1775437
vt 0.1770967 0.1846991
vt 0.1806744 0.1775437
vt 0.1878299 0.1811214
vt 0.1842521 0.1882768
vt 0.1433339 0.1937845
vt 0.1498438 0.1891345
vt 0.1544937 0.1956443
vt 0.1479839 0.2002943
vt -0.1433339 0.1937845
vt -0.1479839 0.2002943
vt -0.1544937 0.1956444
vt -0.1498438 0.1891345
vt 0.03538162 0.08717843
vt 0.03269088 0.07964451
vt 0.0402248 0.07695378
vt 0.04291554 0.08448769
vt -0.03538162 0.08717842
vt -0.04291554 0.08448769
vt -0.0402248 0.07695377
vt -0.03269088 0.07964452
vt -0.173519 0.1918545
vt -0.1806744 0.1954322
vt -0.1842521 0.1882768
vt -0.1770967 0.1846991
vt 0.173519 0.1918545
vt 0.1770967 0.1846991
vt 0.1842522 0.1882768
vt 0.1806744 0.1954322
vt 0.1433342 0.1937843
vt 0.149844 0.1891343
vt 0.1544939 0.1956441
vt 0.1479841 0.2002941
vt -0.1433342 0.1937843
vt -0.1479841 0.2002941
vt -0.1544939 0.1956441
vt -0.149844 0.1891343
vt 0.03807219 0.09471263
vt 0.03538144 0.08717872
vt 0.04291536 0.08448797
vt 0.04560611 0.09202188
vt -0.03807219 0.09471264
vt -0.04560611 0.09202188
vt -0.04291536 0.08448797
vt -0.03538144 0.08717872
vt -0.1699414 0.1990099
vt -0.1770968 0.2025876
vt -0.1806745 0.1954322
vt -0.1735191 0.1918545
vt 0.1699414 0.1990099
vt 0.1735191 0.1918545
vt 0.1806745 0.1954322
vt 0.1770968 0.2025876
vt 0.1433341 0.1937843
vt 0.1498439 0.1891344
vt 0.1544939 0.1956442
vt 0.1479841 0.2002942
vt -0.1433341 0.1937844
vt -0.1479841 0.2002942
vt -0.1544939 0.1956442
vt -0.1498439 0.1891344
vt 0.02461893 0.0570428
vt 0.0219282 0.04950888
vt 0.02946211 0.04681814
vt 0.03215285 0.05435206
vt -0.02461893 0.0570428
vt -0.03215285 0.05435206
vt -0.02946211 0.04681814
vt -0.0219282 0.04950888
vt -0.1878298 0.1632329
vt -0.1949853 0.1668106
vt -0.1985629 0.1596552
vt -0.1914075 0.1560775
vt 0.1878298 0.1632329
vt 0.1914075 0.1560775
vt 0.198563 0.1596552
vt 0.1949852 0.1668106
vt 0.1433341 0.1937843
vt 0.149844 0.1891343
vt 0.1544939 0.1956442
vt 0.1479841 0.2002941
vt -0.1433342 0.1937843
vt -0.1479841 0.2002941
vt -0.1544939 0.1956442
vt -0.149844 0.1891343
vt 0.02192819 0.04950888
vt 0.01923745 0.04197496
vt 0.02677137 0.03928422
vt 0.02946211 0.04681814
vt -0.02192819 0.04950888
vt -0.02946211 0.04681814
vt -0.02677137 0.03928422
vt -0.01923745 0.04197496
vt -0.1914075 0.1560774
vt -0.198563 0.1596552
vt -0.2021407 0.1524998
vt -0.1949853 0.148922
vt 0.1914075 0.1560775
vt 0.1949852 0.148922
vt 0.2021407 0.1524998
vt 0.1985629 0.1596552
vt 0.1433342 0.1937842
vt 0.149844 0.1891343
vt 0.154494 0.1956441
vt 0.1479842 0.2002941
vt -0.1433342 0.1937842
vt -0.1479842 0.2002941
vt -0.154494 0.1956441
vt -0.149844 0.1891343
vt 0.01923745 0.04197497
vt 0.01654671 0.03444105
vt 0.02408062 0.03175031
vt 0.02677137 0.03928423
vt -0.01923745 0.04197497
vt -0.02677137 0.03928422
vt -0.02408063 0.03175031
vt -0.01654671 0.03444105
vt -0.1949852 0.1489221
vt -0.2021407 0.1524998
vt -0.2057184 0.1453443
vt -0.198563 0.1417666
vt 0.1949853 0.1489221
vt 0.198563 0.1417666
vt 0.2057184 0.1453443
vt 0.2021407 0.1524998
vt 0.1572841 0.2133137
vt 0.1637939 0.2086638
vt 0.1684439 0.2151736
vt 0.161934 0.2198236
vt -0.1572841 0.2133138
vt -0.1619341 0.2198236
vt -0.1684439 0.2151737
vt -0.1637939 0.2086638
vt 0.01923714 0.041975
vt -0.01036106 -0.04089807
vt -0.002827141 -0.04358882
vt 0.02677106 0.03928426
vt -0.0192375 0.04197486
vt -0.02677142 0.03928412
vt 0.00282673 -0.04358897
vt 0.01036065 -0.04089823
vt -0.2164515 0.1596552
vt -0.2236069 0.1632329
vt -0.2629617 0.08452328
vt -0.2558063 0.08094557
vt 0.2164515 0.1596552
vt 0.2558063 0.08094557
vt 0.2629618 0.08452329
vt 0.2236069 0.1632329
vt 0.1433343 0.1937841
vt 0.1498441 0.1891342
vt 0.1544941 0.1956439
vt 0.1479843 0.2002939
vt -0.1433343 0.1937841
vt -0.1479843 0.2002939
vt -0.1544941 0.1956439
vt -0.1498441 0.1891341
vt 0.01385596 0.02690713
vt 0.01116522 0.01937322
vt 0.01869913 0.01668247
vt 0.02138988 0.02421639
vt -0.01385596 0.02690713
vt -0.02138988 0.02421639
vt -0.01869913 0.01668247
vt -0.01116522 0.01937322
vt -0.2021407 0.1346112
vt -0.2092961 0.1381889
vt -0.2128738 0.1310335
vt -0.2057184 0.1274558
vt 0.2021406 0.1346112
vt 0.2057184 0.1274558
vt 0.2128738 0.1310335
vt 0.2092961 0.1381889
vt 0.1433334 0.1937848
vt 0.1498432 0.1891349
vt 0.1544931 0.1956447
vt 0.1479833 0.2002946
vt -0.1433334 0.1937848
vt -0.1479833 0.2002946
vt -0.1544931 0.1956447
vt -0.1498432 0.1891349
vt 0.01116633 0.01937299
vt 0.00847564 0.01183906
vt 0.01600957 0.009148363
vt 0.01870027 0.0166823
vt -0.01116633 0.01937299
vt -0.01870027 0.0166823
vt -0.01600957 0.009148363
vt -0.00847564 0.01183906
vt -0.2057182 0.1274559
vt -0.2128737 0.1310336
vt -0.2164514 0.1238782
vt -0.209296 0.1203004
vt 0.2057182 0.1274559
vt 0.209296 0.1203004
vt 0.2164514 0.1238782
vt 0.2128737 0.1310336
vt 0.1433334 0.1937848
vt 0.1498433 0.1891349
vt 0.1544932 0.1956447
vt 0.1479833 0.2002946
vt -0.1433334 0.1937848
vt -0.1479833 0.2002946
vt -0.1544932 0.1956447
vt -0.1498433 0.1891349
vt 0.008475603 0.01183907
vt 0.005784907 0.004305135
vt 0.01331884 0.00161444
vt 0.01600954 0.009148374
vt -0.008475604 0.01183907
vt -0.01600954 0.009148374
vt -0.01331884 0.001614439
vt -0.005784907 0.004305135
vt -0.209296 0.1203005
vt -0.2164514 0.1238782
vt -0.2200291 0.1167227
vt -0.2128737 0.113145
vt 0.209296 0.1203005
vt 0.2128737 0.113145
vt 0.2200291 0.1167227
vt 0.2164514 0.1238782
vt 0.1433335 0.1937847
vt 0.1498433 0.1891348
vt 0.1544932 0.1956447
vt 0.1479834 0.2002946
vt -0.1433335 0.1937847
vt -0.1479834 0.2002946
vt -0.1544932 0.1956447
vt -0.1498433 0.1891348
vt 0.005784871 0.004305148
vt 0.003094174 -0.003228785
vt 0.01062811 -0.005919482
vt 0.0133188 0.001614452
vt -0.005784871 0.004305148
vt -0.0133188 0.001614452
vt -0.01062811 -0.005919482
vt -0.003094174 -0.003228785
vt -0.2128737 0.113145
vt -0.2200291 0.1167227
vt -0.2236068 0.1095673
vt -0.2164514 0.1059896
vt 0.2128737 0.113145
vt 0.2164514 0.1059896
vt 0.2236068 0.1095673
vt 0.2200291 0.1167227
vt 0.1433335 0.1937847
vt 0.1498434 0.1891348
vt 0.1544933 0.1956446
vt 0.1479834 0.2002945
vt -0.1433335 0.1937847
vt -0.1479834 0.2002945
vt -0.1544933 0.1956446
vt -0.1498434 0.1891348
vt 0.003094138 -0.003228771
vt 0.0004034396 -0.0107627
vt 0.007937373 -0.0134534
vt 0.01062807 -0.00591947
vt -0.003094139 -0.003228771
vt -0.01062807 -0.00591947
vt -0.007937372 -0.0134534
vt -0.0004034397 -0.0107627
vt -0.2164514 0.1059896
vt -0.2236068 0.1095673
vt -0.2271845 0.1024119
vt -0.2200291 0.0988342
vt 0.2164514 0.1059896
vt 0.2200291 0.0988342
vt 0.2271845 0.1024119
vt 0.2236068 0.1095673
vt 0.1479841 0.2002941
vt 0.154494 0.1956441
vt 0.1591439 0.2021539
vt 0.1526341 0.2068039
vt -0.1479841 0.2002941
vt -0.1526341 0.2068039
vt -0.1591439 0.2021539
vt -0.154494 0.1956441
vt 0.0353814 0.08717869
vt 0.03269064 0.07964477
vt 0.04022456 0.07695402
vt 0.04291531 0.08448794
vt -0.03538139 0.08717868
vt -0.04291531 0.08448794
vt -0.04022456 0.07695402
vt -0.03269064 0.07964477
vt -0.1806745 0.1954322
vt -0.1878299 0.1990099
vt -0.1914076 0.1918545
vt -0.1842522 0.1882768
vt 0.1806745 0.1954322
vt 0.1842522 0.1882768
vt 0.1914076 0.1918545
vt 0.1878299 0.1990099
vt 0.1479839 0.2002943
vt 0.1544937 0.1956444
vt 0.1591437 0.2021542
vt 0.1526339 0.2068042
vt -0.1479838 0.2002944
vt -0.1526338 0.2068042
vt -0.1591437 0.2021542
vt -0.1544937 0.1956444
vt 0.03269073 0.07964455
vt 0.01116478 0.01937321
vt 0.0186987 0.01668247
vt 0.04022465 0.0769538
vt -0.03269102 0.07964442
vt -0.04022495 0.07695368
vt -0.01869903 0.01668234
vt -0.01116512 0.01937307
vt -0.1842522 0.1882768
vt -0.1914076 0.1918545
vt -0.2200293 0.1346112
vt -0.2128739 0.1310335
vt 0.1842522 0.1882768
vt 0.2128739 0.1310335
vt 0.2200293 0.1346112
vt 0.1914076 0.1918545
vt 0.1526339 0.206804
vt 0.1591437 0.202154
vt 0.1637937 0.2086639
vt 0.1572839 0.2133138
vt -0.152634 0.2068039
vt -0.1572839 0.2133138
vt -0.1637938 0.2086638
vt -0.1591438 0.202154
vt 0.0004023017 -0.01076257
vt -0.01036064 -0.04089826
vt -0.002826722 -0.04358899
vt 0.007936221 -0.0134533
vt -0.0004026648 -0.01076273
vt -0.007936586 -0.01345346
vt 0.002826338 -0.04358915
vt 0.01036026 -0.04089842
vt -0.23434 0.1059895
vt -0.2414954 0.1095672
vt -0.2558063 0.08094555
vt -0.2486508 0.07736784
vt 0.23434 0.1059895
vt 0.2486508 0.07736784
vt 0.2558063 0.08094557
vt 0.2414954 0.1095672
vt 0.1526333 0.2068044
vt 0.1591432 0.2021545
vt 0.1637931 0.2086644
vt 0.1572832 0.2133143
vt -0.1526333 0.2068044
vt -0.1572832 0.2133143
vt -0.1637931 0.2086644
vt -0.1591432 0.2021545
vt 0.008475583 0.01183903
vt 0.0004034892 -0.01076277
vt 0.007937422 -0.01345347
vt 0.01600952 0.009148328
vt -0.008475609 0.0118391
vt -0.01600954 0.009148407
vt -0.00793745 -0.01345339
vt -0.0004035173 -0.01076269
vt -0.2236068 0.1274559
vt -0.2307622 0.1310336
vt -0.2414953 0.1095673
vt -0.2343399 0.1059896
vt 0.2236068 0.1274559
vt 0.2343399 0.1059896
vt 0.2414953 0.1095673
vt 0.2307622 0.1310336
vt 0.1526342 0.2068039
vt 0.159144 0.2021539
vt 0.163794 0.2086637
vt 0.1572841 0.2133137
vt -0.1526342 0.2068039
vt -0.1572841 0.2133137
vt -0.163794 0.2086637
vt -0.159144 0.2021539
vt 0.0326906 0.07964478
vt 0.02999985 0.07211088
vt 0.03753376 0.06942012
vt 0.04022451 0.07695404
vt -0.0326906 0.07964479
vt -0.04022451 0.07695404
vt -0.03753376 0.06942012
vt -0.02999985 0.07211088
vt -0.1914076 0.1918545
vt -0.198563 0.1954322
vt -0.2021407 0.1882768
vt -0.1949853 0.1846991
vt 0.1914076 0.1918545
vt 0.1949853 0.1846991
vt 0.2021407 0.1882768
vt 0.198563 0.1954322
vt 0.1526339 0.2068039
vt 0.1591438 0.202154
vt 0.1637937 0.2086639
vt 0.1572839 0.2133138
vt -0.1526337 0.2068041
vt -0.1572837 0.213314
vt -0.1637935 0.208664
vt -0.1591436 0.2021542
vt 0.03000067 0.07211061
vt 0.008474889 0.01183922
vt 0.01600881 0.009148497
vt 0.03753459 0.06941989
vt -0.03000067 0.07211062
vt -0.03753459 0.06941989
vt -0.01600881 0.009148499
vt -0.008474891 0.01183922
vt -0.1949852 0.1846991
vt -0.2021406 0.1882768
vt -0.2307623 0.1310335
vt -0.2236069 0.1274558
vt 0.1949852 0.1846991
vt 0.2236069 0.1274558
vt 0.2307623 0.1310335
vt 0.2021406 0.1882768
vt 0.1526336 0.2068041
vt 0.1591435 0.2021542
vt 0.1637934 0.208664
vt 0.1572836 0.213314
vt -0.1526336 0.2068041
vt -0.1572836 0.213314
vt -0.1637934 0.208664
vt -0.1591435 0.2021542
vt -0.01036063 -0.04089842
vt -0.01305136 -0.04843234
vt -0.005517438 -0.05112306
vt -0.002826709 -0.04358914
vt 0.01036063 -0.04089842
vt 0.002826709 -0.04358914
vt 0.005517438 -0.05112306
vt 0.01305136 -0.04843234
vt -0.2486509 0.07736771
vt -0.2558063 0.08094542
vt -0.259384 0.07379
vt -0.2522286 0.07021229
vt 0.2486509 0.07736771
vt 0.2522286 0.07021229
vt 0.259384 0.07379001
vt 0.2558063 0.08094542
vt 0.1572835 0.213314
vt 0.1637934 0.208664
vt 0.1684434 0.2151739
vt 0.1619335 0.2198238
vt -0.1572836 0.213314
vt -0.1619335 0.2198238
vt -0.1684434 0.2151739
vt -0.1637934 0.208664
vt -0.01036074 -0.04089844
vt -0.01305147 -0.04843236
vt -0.005517549 -0.05112309
vt -0.002826817 -0.04358917
vt 0.01036074 -0.04089844
vt 0.002826817 -0.04358917
vt 0.005517548 -0.05112309
vt 0.01305147 -0.04843236
vt -0.2558063 0.08094541
vt -0.2629617 0.08452313
vt -0.2665394 0.07736771
vt -0.259384 0.07379
vt 0.2558063 0.08094542
vt 0.259384 0.07378999
vt 0.2665394 0.07736772
vt 0.2629617 0.08452313
vt 0.1619334 0.2198239
vt 0.1684433 0.2151739
vt 0.1730932 0.2216838
vt 0.1665834 0.2263337
vt -0.1619334 0.2198239
vt -0.1665834 0.2263337
vt -0.1730932 0.2216838
vt -0.1684432 0.2151739
vt -0.007670137 -0.03336454
vt -0.01036087 -0.04089846
vt -0.002826949 -0.04358919
vt -0.0001362158 -0.03605527
vt 0.007670136 -0.03336454
vt 0.000136216 -0.03605527
vt 0.002826948 -0.04358919
vt 0.01036087 -0.04089846
vt -0.259384 0.09167851
vt -0.2665394 0.09525622
vt -0.2701171 0.08810081
vt -0.2629617 0.0845231
vt 0.259384 0.09167852
vt 0.2629617 0.0845231
vt 0.2701172 0.08810081
vt 0.2665394 0.09525622
vt 0.1665833 0.2263337
vt 0.1730932 0.2216838
vt 0.1777431 0.2281936
vt 0.1712333 0.2328436
vt -0.1665833 0.2263337
vt -0.1712333 0.2328435
vt -0.1777431 0.2281936
vt -0.1730932 0.2216838
vt -0.00767025 -0.03336457
vt -0.01036098 -0.04089849
vt -0.002827065 -0.04358923
vt -0.0001363303 -0.0360553
vt 0.007670249 -0.03336457
vt 0.0001363299 -0.0360553
vt 0.002827064 -0.04358922
vt 0.01036098 -0.04089849
vt -0.2665394 0.0952562
vt -0.2736948 0.09883393
vt -0.2772726 0.09167851
vt -0.2701171 0.0881008
vt 0.2665394 0.09525622
vt 0.2701171 0.08810079
vt 0.2772726 0.09167852
vt 0.2736948 0.09883393
vt 0.1712333 0.2328435
vt 0.1777432 0.2281936
vt 0.1823931 0.2347034
vt 0.1758833 0.2393534
vt -0.1712333 0.2328435
vt -0.1758833 0.2393533
vt -0.1823931 0.2347034
vt -0.1777432 0.2281936
vt -0.007670346 -0.03336455
vt -0.01036108 -0.04089847
vt -0.002827164 -0.0435892
vt -0.0001364277 -0.03605529
vt 0.007670347 -0.03336455
vt 0.0001364272 -0.03605529
vt 0.002827164 -0.04358921
vt 0.01036108 -0.04089847
vt -0.2736948 0.0988339
vt -0.2808503 0.1024116
vt -0.284428 0.09525619
vt -0.2772726 0.09167849
vt 0.2736948 0.0988339
vt 0.2772726 0.09167849
vt 0.284428 0.0952562
vt 0.2808503 0.1024116
vt 0.1758833 0.2393533
vt 0.1823932 0.2347034
vt 0.1870431 0.2412132
vt 0.1805333 0.2458632
vt -0.1758833 0.2393534
vt -0.1805333 0.2458632
vt -0.1870431 0.2412132
vt -0.1823932 0.2347034
vt -0.007670447 -0.03336453
vt -0.01036119 -0.04089845
vt -0.002827268 -0.04358919
vt -0.0001365294 -0.03605527
vt 0.007670447 -0.03336453
vt 0.0001365288 -0.03605527
vt 0.002827268 -0.04358919
vt 0.01036119 -0.04089845
vt -0.2808503 0.1024116
vt -0.2880057 0.1059893
vt -0.2915834 0.0988339
vt -0.284428 0.09525619
vt 0.2808503 0.1024116
vt 0.284428 0.09525619
vt 0.2915834 0.09883391
vt 0.2880057 0.1059893
vt 0.1758833 0.2393534
vt 0.1823931 0.2347035
vt 0.1870431 0.2412133
vt 0.1805332 0.2458632
vt -0.1758833 0.2393534
vt -0.1805332 0.2458633
vt -0.1870431 0.2412133
vt -0.1823931 0.2347035
vt -0.004979802 -0.02583064
vt -0.007670542 -0.03336456
vt -0.0001366247 -0.03605529
vt 0.002554115 -0.02852137
vt 0.004979803 -0.02583064
vt -0.002554115 -0.02852137
vt 0.0001366245 -0.03605529
vt 0.007670543 -0.03336456
vt -0.2772726 0.109567
vt -0.284428 0.1131447
vt -0.2880057 0.1059893
vt -0.2808503 0.1024116
vt 0.2772726 0.109567
vt 0.2808503 0.1024116
vt 0.2880057 0.1059893
vt 0.284428 0.1131447
vt 0.1712332 0.2328436
vt 0.1777431 0.2281937
vt 0.182393 0.2347035
vt 0.1758832 0.2393535
vt -0.1712332 0.2328436
vt -0.1758832 0.2393535
vt -0.182393 0.2347035
vt -0.1777431 0.2281937
vt -0.002289172 -0.01829677
vt -0.004979913 -0.02583069
vt 0.002554005 -0.02852143
vt 0.005244745 -0.02098751
vt 0.002289172 -0.01829677
vt -0.005244746 -0.02098751
vt -0.002554005 -0.02852143
vt 0.004979912 -0.02583069
vt -0.2665395 0.1131447
vt -0.2736949 0.1167224
vt -0.2772726 0.109567
vt -0.2701172 0.1059893
vt 0.2665395 0.1131447
vt 0.2701172 0.1059893
vt 0.2772726 0.109567
vt 0.2736949 0.1167224
vt 0.1712332 0.2328437
vt 0.177743 0.2281937
vt 0.182393 0.2347036
vt 0.1758832 0.2393535
vt -0.1712332 0.2328437
vt -0.1758832 0.2393535
vt -0.182393 0.2347036
vt -0.177743 0.2281937
vt 0.0004014779 -0.01076288
vt -0.002289264 -0.01829679
vt 0.005244654 -0.02098753
vt 0.007935395 -0.01345362
vt -0.0004014781 -0.01076288
vt -0.007935395 -0.01345362
vt -0.005244654 -0.02098753
vt 0.002289264 -0.01829679
vt -0.2629618 0.1203001
vt -0.2701172 0.1238778
vt -0.2736949 0.1167224
vt -0.2665395 0.1131447
vt 0.2629618 0.1203001
vt 0.2665395 0.1131447
vt 0.2736949 0.1167224
vt 0.2701172 0.1238778
vt 0.1712333 0.2328437
vt 0.1777431 0.2281937
vt 0.182393 0.2347036
vt 0.1758832 0.2393535
vt -0.1712332 0.2328437
vt -0.1758832 0.2393535
vt -0.182393 0.2347036
vt -0.1777431 0.2281937
vt 0.003092147 -0.003228932
vt 0.0004014035 -0.01076285
vt 0.00793532 -0.01345359
vt 0.01062606 -0.005919675
vt -0.003092147 -0.003228932
vt -0.01062606 -0.005919675
vt -0.00793532 -0.01345359
vt -0.0004014038 -0.01076285
vt -0.2593841 0.1274555
vt -0.2665395 0.1310333
vt -0.2701172 0.1238778
vt -0.2629618 0.1203001
vt 0.2593841 0.1274555
vt 0.2629618 0.1203001
vt 0.2701172 0.1238778
vt 0.2665395 0.1310333
vt 0.1758831 0.2393536
vt 0.182393 0.2347036
vt 0.1870429 0.2412135
vt 0.1805331 0.2458634
vt -0.1758831 0.2393536
vt -0.1805331 0.2458634
vt -0.1870429 0.2412134
vt -0.182393 0.2347036
vt 0.005782756 0.004305008
vt 0.003092012 -0.003228908
vt 0.01062593 -0.005919653
vt 0.01331667 0.001614264
vt -0.005782756 0.004305008
vt -0.01331667 0.001614264
vt -0.01062593 -0.005919653
vt -0.003092012 -0.003228908
vt -0.2629619 0.1381886
vt -0.2701173 0.1417664
vt -0.273695 0.134611
vt -0.2665395 0.1310332
vt 0.2629618 0.1381886
vt 0.2665395 0.1310332
vt 0.273695 0.134611
vt 0.2701173 0.1417664
vt 0.1572842 0.2133137
vt 0.163794 0.2086637
vt 0.168444 0.2151735
vt 0.1619342 0.2198235
vt -0.1572842 0.2133137
vt -0.1619342 0.2198234
vt -0.168444 0.2151735
vt -0.163794 0.2086637
vt 0.0299998 0.07211088
vt 0.02730905 0.06457697
vt 0.03484296 0.06188621
vt 0.03753372 0.06942013
vt -0.0299998 0.07211088
vt -0.03753371 0.06942012
vt -0.03484296 0.06188621
vt -0.02730905 0.06457697
vt -0.2021408 0.1882768
vt -0.2092962 0.1918545
vt -0.2128739 0.184699
vt -0.2057184 0.1811213
vt 0.2021408 0.1882768
vt 0.2057185 0.1811213
vt 0.2128739 0.184699
vt 0.2092962 0.1918545
vt 0.1619341 0.2198235
vt 0.1684439 0.2151735
vt 0.1730939 0.2216833
vt 0.1665841 0.2263333
vt -0.1619341 0.2198235
vt -0.1665841 0.2263333
vt -0.1730939 0.2216833
vt -0.1684439 0.2151735
vt 0.03269042 0.07964484
vt 0.02999967 0.07211093
vt 0.03753358 0.06942017
vt 0.04022434 0.07695408
vt -0.03269043 0.07964484
vt -0.04022434 0.07695408
vt -0.03753358 0.06942017
vt -0.02999967 0.07211093
vt -0.2057185 0.1990099
vt -0.2128739 0.2025876
vt -0.2164516 0.1954322
vt -0.2092962 0.1918545
vt 0.2057185 0.1990099
vt 0.2092962 0.1918545
vt 0.2164516 0.1954322
vt 0.2128739 0.2025876
vt 0.166584 0.2263333
vt 0.1730938 0.2216834
vt 0.1777438 0.2281932
vt 0.171234 0.2328432
vt -0.166584 0.2263333
vt -0.171234 0.2328432
vt -0.1777438 0.2281932
vt -0.1730938 0.2216834
vt 0.03538105 0.0871788
vt 0.03269029 0.07964489
vt 0.04022421 0.07695413
vt 0.04291496 0.08448804
vt -0.03538105 0.0871788
vt -0.04291496 0.08448804
vt -0.04022421 0.07695413
vt -0.03269029 0.07964489
vt -0.2092962 0.209743
vt -0.2164516 0.2133207
vt -0.2200293 0.2061653
vt -0.2128739 0.2025876
vt 0.2092962 0.209743
vt 0.2128739 0.2025876
vt 0.2200293 0.2061653
vt 0.2164516 0.2133207
vt 0.171234 0.2328433
vt 0.1777438 0.2281933
vt 0.1823938 0.2347031
vt 0.1758839 0.239353
vt -0.171234 0.2328432
vt -0.1758839 0.239353
vt -0.1823938 0.234703
vt -0.1777438 0.2281933
vt 0.03807167 0.09471275
vt 0.03538091 0.08717884
vt 0.04291483 0.08448808
vt 0.04560558 0.09202199
vt -0.03807167 0.09471275
vt -0.04560558 0.09202199
vt -0.04291483 0.08448808
vt -0.03538091 0.08717883
vt -0.212874 0.2204761
vt -0.2200294 0.2240538
vt -0.2236071 0.2168984
vt -0.2164517 0.2133207
vt 0.212874 0.2204761
vt 0.2164517 0.2133207
vt 0.2236071 0.2168984
vt 0.2200294 0.2240538
vt 0.175884 0.239353
vt 0.1823938 0.234703
vt 0.1870438 0.2412128
vt 0.180534 0.2458628
vt -0.1758837 0.2393533
vt -0.1805337 0.2458631
vt -0.1870435 0.2412131
vt -0.1823935 0.2347033
vt 0.03538098 0.08717878
vt 0.005782648 0.004305749
vt 0.01331656 0.00161499
vt 0.04291489 0.08448803
vt -0.03538099 0.08717881
vt -0.0429149 0.08448805
vt -0.01331657 0.001615015
vt -0.005782659 0.004305774
vt -0.2236071 0.2168984
vt -0.2307625 0.2204761
vt -0.2701172 0.1417665
vt -0.2629618 0.1381888
vt 0.2236071 0.2168984
vt 0.2629619 0.1381888
vt 0.2701173 0.1417665
vt 0.2307625 0.2204761
vt 0.1572838 0.2133139
vt 0.1637937 0.208664
vt 0.1684436 0.2151738
vt 0.1619338 0.2198238
vt -0.1572838 0.2133139
vt -0.1619338 0.2198238
vt -0.1684436 0.2151738
vt -0.1637937 0.208664
vt 0.02730947 0.06457667
vt 0.02461873 0.05704276
vt 0.03215265 0.05435202
vt 0.03484339 0.06188593
vt -0.02730947 0.06457667
vt -0.03484339 0.06188594
vt -0.03215265 0.05435202
vt -0.02461873 0.05704276
vt -0.2057184 0.1811214
vt -0.2128738 0.1846991
vt -0.2164515 0.1775437
vt -0.2092961 0.173966
vt 0.2057184 0.1811214
vt 0.2092961 0.173966
vt 0.2164515 0.1775437
vt 0.2128738 0.1846991
vt 0.1572843 0.2133136
vt 0.1637941 0.2086636
vt 0.1684441 0.2151734
vt 0.1619343 0.2198234
vt -0.1572843 0.2133136
vt -0.1619343 0.2198234
vt -0.1684441 0.2151734
vt -0.1637941 0.2086636
vt 0.02461828 0.05704302
vt 0.02192752 0.0495091
vt 0.02946144 0.04681835
vt 0.03215219 0.05435225
vt -0.02461828 0.05704302
vt -0.03215219 0.05435226
vt -0.02946144 0.04681835
vt -0.02192752 0.0495091
vt -0.2092962 0.1739659
vt -0.2164516 0.1775436
vt -0.2200293 0.1703882
vt -0.2128739 0.1668105
vt 0.2092962 0.1739659
vt 0.2128739 0.1668105
vt 0.2200293 0.1703882
vt 0.2164516 0.1775436
vt 0.1619343 0.2198234
vt 0.1684441 0.2151734
vt 0.1730941 0.2216832
vt 0.1665843 0.2263332
vt -0.1619343 0.2198234
vt -0.1665843 0.2263332
vt -0.1730941 0.2216832
vt -0.1684441 0.2151734
vt 0.02461819 0.05704304
vt 0.02192743 0.04950913
vt 0.02946134 0.04681837
vt 0.0321521 0.05435228
vt -0.02461819 0.05704304
vt -0.0321521 0.05435228
vt -0.02946134 0.04681837
vt -0.02192743 0.04950913
vt -0.2164516 0.1775436
vt -0.223607 0.1811213
vt -0.2271847 0.1739659
vt -0.2200293 0.1703882
vt 0.2164516 0.1775436
vt 0.2200293 0.1703882
vt 0.2271847 0.1739659
vt 0.223607 0.1811213
vt 0.1665843 0.2263332
vt 0.1730941 0.2216832
vt 0.1777441 0.228193
vt 0.1712343 0.232843
vt -0.1665843 0.2263332
vt -0.1712343 0.232843
vt -0.1777441 0.228193
vt -0.1730941 0.2216832
vt 0.0246181 0.05704307
vt 0.02192734 0.04950916
vt 0.02946125 0.0468184
vt 0.03215201 0.05435231
vt -0.0246181 0.05704307
vt -0.03215201 0.05435231
vt -0.02946125 0.0468184
vt -0.02192734 0.04950916
vt -0.223607 0.1811213
vt -0.2307624 0.184699
vt -0.2343401 0.1775436
vt -0.2271847 0.1739659
vt 0.223607 0.1811213
vt 0.2271847 0.1739659
vt 0.2343401 0.1775436
vt 0.2307625 0.184699
vt 0.1572835 0.2133141
vt 0.1637934 0.2086641
vt 0.1684433 0.215174
vt 0.1619335 0.2198239
vt -0.1572835 0.2133141
vt -0.1619335 0.2198239
vt -0.1684433 0.215174
vt -0.1637934 0.2086641
vt 0.0219286 0.04950886
vt 0.01923789 0.04197493
vt 0.02677182 0.03928422
vt 0.02946253 0.04681814
vt -0.0219286 0.04950886
vt -0.02946253 0.04681814
vt -0.02677182 0.03928422
vt -0.01923789 0.04197493
vt -0.2128737 0.1668106
vt -0.2200291 0.1703883
vt -0.2236069 0.1632329
vt -0.2164514 0.1596552
vt 0.2128737 0.1668106
vt 0.2164514 0.1596552
vt 0.2236069 0.1632329
vt 0.2200291 0.1703883
vt 0.1619335 0.2198239
vt 0.1684433 0.215174
vt 0.1730933 0.2216838
vt 0.1665834 0.2263338
vt -0.1619335 0.2198239
vt -0.1665834 0.2263338
vt -0.1730933 0.2216838
vt -0.1684433 0.215174
vt 0.02192855 0.04950888
vt 0.01923783 0.04197495
vt 0.02677175 0.03928423
vt 0.02946247 0.04681816
vt -0.02192855 0.04950888
vt -0.02946247 0.04681816
vt -0.02677176 0.03928424
vt -0.01923783 0.04197495
vt -0.2200292 0.1703883
vt -0.2271846 0.173966
vt -0.2307623 0.1668106
vt -0.2236069 0.1632329
vt 0.2200292 0.1703883
vt 0.2236069 0.1632329
vt 0.2307623 0.1668106
vt 0.2271846 0.173966
vt 0.1665835 0.2263337
vt 0.1730933 0.2216838
vt 0.1777433 0.2281936
vt 0.1712334 0.2328436
vt -0.1665834 0.2263337
vt -0.1712334 0.2328436
vt -0.1777433 0.2281936
vt -0.1730933 0.2216838
vt 0.02192849 0.0495089
vt 0.01923777 0.04197497
vt 0.02677169 0.03928425
vt 0.02946241 0.04681818
vt -0.02192849 0.0495089
vt -0.02946241 0.04681818
vt -0.02677169 0.03928426
vt -0.01923777 0.04197497
vt -0.2271846 0.173966
vt -0.23434 0.1775437
vt -0.2379177 0.1703883
vt -0.2307623 0.1668106
vt 0.2271846 0.173966
vt 0.2307623 0.1668106
vt 0.2379177 0.1703883
vt 0.23434 0.1775437
vt 0.1619337 0.2198238
vt 0.1684436 0.2151739
vt 0.1730935 0.2216837
vt 0.1665837 0.2263336
vt -0.1619337 0.2198238
vt -0.1665837 0.2263336
vt -0.1730935 0.2216837
vt -0.1684436 0.2151738
vt 0.02730938 0.06457664
vt 0.02461864 0.05704273
vt 0.03215256 0.05435199
vt 0.0348433 0.0618859
vt -0.02730938 0.06457664
vt -0.0348433 0.0618859
vt -0.03215256 0.05435199
vt -0.02461864 0.05704273
vt -0.2128738 0.1846991
vt -0.2200292 0.1882768
vt -0.2236069 0.1811214
vt -0.2164515 0.1775437
vt 0.2128738 0.1846991
vt 0.2164515 0.1775437
vt 0.2236069 0.1811214
vt 0.2200292 0.1882768
vt 0.1619336 0.2198238
vt 0.1684434 0.2151739
vt 0.1730934 0.2216837
vt 0.1665836 0.2263337
vt -0.1619336 0.2198238
vt -0.1665836 0.2263337
vt -0.1730934 0.2216837
vt -0.1684434 0.2151739
vt 0.01923777 0.04197498
vt 0.01654704 0.03444105
vt 0.02408097 0.03175033
vt 0.02677169 0.03928426
vt -0.01923776 0.04197498
vt -0.02677169 0.03928426
vt -0.02408097 0.03175033
vt -0.01654704 0.03444105
vt -0.2236069 0.1632329
vt -0.2307623 0.1668106
vt -0.23434 0.1596552
vt -0.2271846 0.1560775
vt 0.2236069 0.1632329
vt 0.2271846 0.1560775
vt 0.23434 0.1596552
vt 0.2307623 0.1668106
vt 0.1619337 0.2198238
vt 0.1684435 0.2151739
vt 0.1730935 0.2216837
vt 0.1665837 0.2263337
vt -0.1619337 0.2198238
vt -0.1665837 0.2263337
vt -0.1730935 0.2216837
vt -0.1684435 0.2151739
vt 0.03000005 0.07211058
vt 0.02730931 0.06457666
vt 0.03484323 0.06188592
vt 0.03753396 0.06941985
vt -0.03000005 0.07211058
vt -0.03753396 0.06941985
vt -0.03484323 0.06188592
vt -0.02730931 0.06457666
vt -0.2092961 0.1918545
vt -0.2164516 0.1954322
vt -0.2200293 0.1882768
vt -0.2128738 0.1846991
vt 0.2092961 0.1918545
vt 0.2128738 0.1846991
vt 0.2200293 0.1882768
vt 0.2164516 0.1954322
vt 0.1665837 0.2263337
vt 0.1730935 0.2216837
vt 0.1777435 0.2281936
vt 0.1712336 0.2328435
vt -0.1665837 0.2263336
vt -0.1712337 0.2328434
vt -0.1777435 0.2281935
vt -0.1730935 0.2216837
vt 0.03269055 0.07964455
vt 0.02461831 0.05704278
vt 0.03215223 0.05435205
vt 0.04022446 0.0769538
vt -0.03269087 0.07964437
vt -0.04022479 0.07695363
vt -0.03215257 0.05435187
vt -0.02461865 0.05704261
vt -0.2128738 0.2025876
vt -0.2200293 0.2061653
vt -0.2307624 0.1846991
vt -0.223607 0.1811214
vt 0.2128739 0.2025876
vt 0.223607 0.1811214
vt 0.2307624 0.1846991
vt 0.2200293 0.2061654
vt 0.1712336 0.2328435
vt 0.1777435 0.2281936
vt 0.1823934 0.2347034
vt 0.1758836 0.2393534
vt -0.1712337 0.2328435
vt -0.1758836 0.2393533
vt -0.1823935 0.2347034
vt -0.1777435 0.2281936
vt 0.03538121 0.08717856
vt 0.003092273 -0.00322843
vt 0.01062619 -0.005919174
vt 0.04291513 0.08448781
vt -0.03538157 0.08717842
vt -0.04291549 0.08448768
vt -0.0106266 -0.005919332
vt -0.003092687 -0.003228592
vt -0.2164516 0.2133208
vt -0.223607 0.2168985
vt -0.2665395 0.1310335
vt -0.2593841 0.1274558
vt 0.2164516 0.2133208
vt 0.2593841 0.1274558
vt 0.2665395 0.1310335
vt 0.223607 0.2168985
vt 0.1619341 0.2198235
vt 0.1684439 0.2151735
vt 0.1730939 0.2216833
vt 0.1665841 0.2263333
vt -0.1619339 0.2198236
vt -0.1665839 0.2263334
vt -0.1730937 0.2216835
vt -0.1684438 0.2151736
vt 0.01654636 0.03444113
vt -0.007670383 -0.03336411
vt -0.0001364693 -0.03605486
vt 0.02408027 0.03175038
vt -0.01654636 0.03444116
vt -0.02408027 0.03175041
vt 0.000136466 -0.03605482
vt 0.007670382 -0.03336408
vt -0.2271846 0.1560774
vt -0.23434 0.1596551
vt -0.2665394 0.09525637
vt -0.259384 0.09167867
vt 0.2271846 0.1560774
vt 0.259384 0.09167866
vt 0.2665394 0.09525638
vt 0.23434 0.1596551
vt 0.166584 0.2263333
vt 0.1730939 0.2216834
vt 0.1777438 0.2281932
vt 0.171234 0.2328432
vt -0.1665838 0.2263335
vt -0.1712337 0.2328433
vt -0.1777436 0.2281934
vt -0.1730936 0.2216835
vt 0.019237 0.04197501
vt -0.007670494 -0.03336415
vt -0.0001365806 -0.0360549
vt 0.02677091 0.03928426
vt -0.01923702 0.04197503
vt -0.02677094 0.03928428
vt 0.0001365532 -0.03605487
vt 0.00767047 -0.03336413
vt -0.2307623 0.1668106
vt -0.2379178 0.1703883
vt -0.2736948 0.09883408
vt -0.2665395 0.09525637
vt 0.2307623 0.1668106
vt 0.2665394 0.09525637
vt 0.2736948 0.09883408
vt 0.2379178 0.1703883
vt 0.1712337 0.2328433
vt 0.1777436 0.2281934
vt 0.1823935 0.2347032
vt 0.1758837 0.2393532
vt -0.1712338 0.2328433
vt -0.1758837 0.2393532
vt -0.1823935 0.2347032
vt -0.1777436 0.2281934
vt -0.004978954 -0.02583048
vt -0.007669686 -0.0333644
vt -0.000135764 -0.03605513
vt 0.002554967 -0.02852121
vt 0.004978954 -0.02583048
vt -0.002554967 -0.02852121
vt 0.0001357645 -0.03605514
vt 0.007669684 -0.0333644
vt -0.2701171 0.1059895
vt -0.2772725 0.1095672
vt -0.2808502 0.1024118
vt -0.2736948 0.09883409
vt 0.2701171 0.1059895
vt 0.2736948 0.09883408
vt 0.2808502 0.1024118
vt 0.2772725 0.1095672
vt 0.143334 0.1937843
vt 0.1498439 0.1891343
vt 0.1544938 0.1956442
vt 0.147984 0.2002941
vt -0.143334 0.1937843
vt -0.147984 0.2002941
vt -0.1544938 0.1956442
vt -0.1498439 0.1891343
vt 0.01654698 0.03444099
vt 0.01385625 0.02690707
vt 0.02139017 0.02421634
vt 0.0240809 0.03175026
vt -0.01654698 0.03444099
vt -0.0240809 0.03175026
vt -0.02139017 0.02421634
vt -0.01385625 0.02690707
vt -0.1985629 0.1417666
vt -0.2057183 0.1453443
vt -0.209296 0.1381889
vt -0.2021406 0.1346112
vt 0.1985629 0.1417666
vt 0.2021406 0.1346112
vt 0.209296 0.1381889
vt 0.2057183 0.1453443
vt 0.1815795 0.2352847
vt 0.1880893 0.2306347
vt 0.1927393 0.2371446
vt 0.1862294 0.2417945
vt -0.1815795 0.2352847
vt -0.1862294 0.2417945
vt -0.1927393 0.2371446
vt -0.1880893 0.2306347
vt -0.001078255 -0.0357189
vt -0.003768994 -0.04325282
vt 0.003764924 -0.04594355
vt 0.006455662 -0.03840964
vt 0.001078255 -0.0357189
vt -0.006455663 -0.03840964
vt -0.003764923 -0.04594355
vt 0.003768994 -0.04325282
vt -0.2808503 0.1024117
vt -0.2880057 0.1059894
vt -0.2915835 0.09883397
vt -0.2844281 0.09525625
vt 0.2808503 0.1024117
vt 0.284428 0.09525625
vt 0.2915835 0.09883397
vt 0.2880057 0.1059894
vt 0.1815794 0.2352848
vt 0.1880892 0.2306348
vt 0.1927392 0.2371446
vt 0.1862294 0.2417946
vt -0.1815794 0.2352848
vt -0.1862294 0.2417946
vt -0.1927392 0.2371446
vt -0.1880892 0.2306348
vt 0.001612389 -0.028185
vt -0.001078351 -0.03571892
vt 0.006455567 -0.03840966
vt 0.009146307 -0.03087574
vt -0.001612389 -0.028185
vt -0.009146307 -0.03087574
vt -0.006455567 -0.03840966
vt 0.001078351 -0.03571892
vt -0.2772726 0.1095671
vt -0.2844281 0.1131448
vt -0.2880058 0.1059894
vt -0.2808504 0.1024117
vt 0.2772726 0.1095671
vt 0.2808504 0.1024117
vt 0.2880058 0.1059894
vt 0.2844281 0.1131448
vt 0.1815801 0.2352843
vt 0.1880899 0.2306343
vt 0.1927399 0.2371441
vt 0.1862301 0.2417941
vt -0.1815798 0.2352846
vt -0.1862298 0.2417944
vt -0.1927396 0.2371444
vt -0.1880896 0.2306346
vt 0.04197317 0.08482442
vt 0.01237484 0.001951385
vt 0.01990875 -0.0007393737
vt 0.04950708 0.08213367
vt -0.04197318 0.08482445
vt -0.04950709 0.08213369
vt -0.01990876 -0.0007393491
vt -0.01237485 0.00195141
vt -0.2236071 0.2168985
vt -0.2307625 0.2204762
vt -0.2701173 0.1417665
vt -0.2629619 0.1381889
vt 0.2236072 0.2168985
vt 0.2629619 0.1381889
vt 0.2701173 0.1417666
vt 0.2307626 0.2204762
vt 0.1815793 0.235285
vt 0.1880891 0.230635
vt 0.1927391 0.2371448
vt 0.1862293 0.2417948
vt -0.1815793 0.2352849
vt -0.1862293 0.2417948
vt -0.1927391 0.2371448
vt -0.1880891 0.230635
vt 0.01237495 0.001950639
vt 0.009684203 -0.005583277
vt 0.01721812 -0.008274022
vt 0.01990886 -0.0007401055
vt -0.01237495 0.001950639
vt -0.01990886 -0.0007401058
vt -0.01721812 -0.008274022
vt -0.009684203 -0.005583277
vt -0.2629619 0.1381887
vt -0.2701173 0.1417664
vt -0.2736951 0.134611
vt -0.2665396 0.1310333
vt 0.2629619 0.1381887
vt 0.2665396 0.1310333
vt 0.273695 0.134611
vt 0.2701173 0.1417664
vt 0.1769293 0.228775
vt 0.1834392 0.2241251
vt 0.1880891 0.2306349
vt 0.1815793 0.2352849
vt -0.1769293 0.228775
vt -0.1815793 0.2352849
vt -0.1880891 0.2306349
vt -0.1834392 0.2241251
vt 0.006993669 -0.01311724
vt 0.004302927 -0.02065116
vt 0.01183684 -0.02334191
vt 0.01452758 -0.01580799
vt -0.006993669 -0.01311724
vt -0.01452759 -0.01580799
vt -0.01183684 -0.02334191
vt -0.004302927 -0.02065116
vt -0.2629618 0.1203002
vt -0.2701173 0.1238779
vt -0.273695 0.1167225
vt -0.2665395 0.1131448
vt 0.2629618 0.1203002
vt 0.2665396 0.1131448
vt 0.273695 0.1167225
vt 0.2701173 0.1238779
vt 0.1769294 0.228775
vt 0.1834392 0.224125
vt 0.1880892 0.2306349
vt 0.1815794 0.2352848
vt -0.1769294 0.228775
vt -0.1815794 0.2352848
vt -0.1880892 0.2306349
vt -0.1834392 0.224125
vt 0.004303019 -0.02065114
vt 0.001612278 -0.02818506
vt 0.009146196 -0.0308758
vt 0.01183694 -0.02334188
vt -0.004303019 -0.02065114
vt -0.01183694 -0.02334188
vt -0.009146196 -0.0308758
vt -0.001612278 -0.02818506
vt -0.2665395 0.1131448
vt -0.273695 0.1167225
vt -0.2772727 0.1095671
vt -0.2701173 0.1059894
vt 0.2665395 0.1131448
vt 0.2701173 0.1059894
vt 0.2772727 0.1095671
vt 0.273695 0.1167225
vt 0.1769299 0.2287746
vt 0.1834397 0.2241247
vt 0.1880897 0.2306345
vt 0.1815799 0.2352845
vt -0.1769299 0.2287747
vt -0.1815798 0.2352845
vt -0.1880897 0.2306345
vt -0.1834397 0.2241247
vt 0.001613241 -0.02818484
vt -0.00107749 -0.03571876
vt 0.006456431 -0.03840949
vt 0.009147162 -0.03087557
vt -0.001613241 -0.02818484
vt -0.009147162 -0.03087557
vt -0.00645643 -0.03840949
vt 0.001077489 -0.03571876
vt -0.2701171 0.1059896
vt -0.2772725 0.1095673
vt -0.2808502 0.1024119
vt -0.2736948 0.09883414
vt 0.2701171 0.1059896
vt 0.2736948 0.09883414
vt 0.2808502 0.1024119
vt 0.2772725 0.1095673
vt 0.1769298 0.2287749
vt 0.1834396 0.2241249
vt 0.1880896 0.2306347
vt 0.1815798 0.2352847
vt -0.1769298 0.2287749
vt -0.1815798 0.2352847
vt -0.1880896 0.2306347
vt -0.1834396 0.2241249
vt 0.0419734 0.08482419
vt 0.009684466 -0.005582791
vt 0.01721838 -0.008273536
vt 0.04950732 0.08213345
vt -0.04197376 0.08482406
vt -0.04950768 0.08213332
vt -0.0172188 -0.008273689
vt -0.009684881 -0.00558295
vt -0.2164516 0.2133208
vt -0.223607 0.2168985
vt -0.2665396 0.1310335
vt -0.2593842 0.1274558
vt 0.2164516 0.2133208
vt 0.2593842 0.1274558
vt 0.2665396 0.1310335
vt 0.223607 0.2168985
vt 0.1722798 0.222265
vt 0.1787896 0.2176151
vt 0.1834396 0.2241249
vt 0.1769298 0.2287748
vt -0.1722798 0.222265
vt -0.1769298 0.2287748
vt -0.1834396 0.2241248
vt -0.1787897 0.217615
vt 0.03928274 0.07729018
vt 0.03121051 0.05468842
vt 0.03874443 0.05199768
vt 0.04681665 0.07459943
vt -0.03928307 0.07729001
vt -0.04681698 0.07459927
vt -0.03874477 0.05199751
vt -0.03121085 0.05468825
vt -0.2128739 0.2025877
vt -0.2200293 0.2061654
vt -0.2307624 0.1846992
vt -0.223607 0.1811214
vt 0.2128739 0.2025877
vt 0.223607 0.1811215
vt 0.2307625 0.1846992
vt 0.2200293 0.2061654
vt 0.1769301 0.2287745
vt 0.1834399 0.2241246
vt 0.1880899 0.2306344
vt 0.1815801 0.2352844
vt -0.1769301 0.2287745
vt -0.1815801 0.2352844
vt -0.1880899 0.2306344
vt -0.1834399 0.2241246
vt 0.04466386 0.09235837
vt 0.04197311 0.08482447
vt 0.04950702 0.08213371
vt 0.05219778 0.08966763
vt -0.04466387 0.09235839
vt -0.05219777 0.08966763
vt -0.04950702 0.08213372
vt -0.04197311 0.08482447
vt -0.212874 0.2204762
vt -0.2200294 0.2240539
vt -0.2236071 0.2168985
vt -0.2164517 0.2133208
vt 0.212874 0.2204762
vt 0.2164517 0.2133208
vt 0.2236071 0.2168985
vt 0.2200294 0.2240539
vt 0.1676299 0.2157551
vt 0.1741397 0.2111052
vt 0.1787896 0.217615
vt 0.1722798 0.222265
vt -0.1676299 0.2157552
vt -0.1722798 0.222265
vt -0.1787896 0.217615
vt -0.1741397 0.2111052
vt 0.03659224 0.06975622
vt 0.0339015 0.0622223
vt 0.04143542 0.05953156
vt 0.04412616 0.06706548
vt -0.03659224 0.06975622
vt -0.04412616 0.06706548
vt -0.04143542 0.05953156
vt -0.03390151 0.0622223
vt -0.2092962 0.1918546
vt -0.2164516 0.1954323
vt -0.2200293 0.1882769
vt -0.2128739 0.1846992
vt 0.2092962 0.1918546
vt 0.2128739 0.1846991
vt 0.2200293 0.1882769
vt 0.2164516 0.1954323
vt 0.1676299 0.2157551
vt 0.1741397 0.2111052
vt 0.1787897 0.217615
vt 0.1722798 0.222265
vt -0.1676299 0.2157551
vt -0.1722798 0.222265
vt -0.1787897 0.217615
vt -0.1741397 0.2111052
vt 0.03390158 0.06222228
vt 0.03121084 0.05468836
vt 0.03874476 0.05199763
vt 0.0414355 0.05953155
vt -0.03390158 0.06222228
vt -0.0414355 0.05953155
vt -0.03874476 0.05199762
vt -0.03121084 0.05468836
vt -0.2128738 0.1846992
vt -0.2200293 0.1882769
vt -0.223607 0.1811215
vt -0.2164516 0.1775438
vt 0.2128738 0.1846992
vt 0.2164516 0.1775438
vt 0.223607 0.1811215
vt 0.2200293 0.1882769
vt 0.1676304 0.2157547
vt 0.1741402 0.2111047
vt 0.1787902 0.2176145
vt 0.1722804 0.2222645
vt -0.1676304 0.2157547
vt -0.1722804 0.2222645
vt -0.1787902 0.2176145
vt -0.1741402 0.2111047
vt 0.03121038 0.05468867
vt 0.02851962 0.04715477
vt 0.03605353 0.04446401
vt 0.03874429 0.05199792
vt -0.03121038 0.05468867
vt -0.03874429 0.05199792
vt -0.03605353 0.04446401
vt -0.02851962 0.04715477
vt -0.2164516 0.1775437
vt -0.2236071 0.1811214
vt -0.2271848 0.173966
vt -0.2200294 0.1703883
vt 0.2164517 0.1775437
vt 0.2200294 0.1703883
vt 0.2271848 0.173966
vt 0.2236071 0.1811214
vt 0.1722804 0.2222645
vt 0.1787902 0.2176145
vt 0.1834402 0.2241243
vt 0.1769304 0.2287743
vt -0.1722804 0.2222645
vt -0.1769304 0.2287743
vt -0.1834402 0.2241243
vt -0.1787902 0.2176145
vt 0.03121029 0.0546887
vt 0.02851953 0.0471548
vt 0.03605344 0.04446403
vt 0.0387442 0.05199794
vt -0.03121029 0.0546887
vt -0.0387442 0.05199794
vt -0.03605344 0.04446403
vt -0.02851953 0.0471548
vt -0.2236071 0.1811214
vt -0.2307625 0.1846991
vt -0.2343402 0.1775437
vt -0.2271848 0.173966
vt 0.2236071 0.1811214
vt 0.2271848 0.173966
vt 0.2343402 0.1775437
vt 0.2307625 0.1846991
vt 0.1722802 0.2222647
vt 0.17879 0.2176147
vt 0.18344 0.2241245
vt 0.1769301 0.2287745
vt -0.1722802 0.2222647
vt -0.1769301 0.2287745
vt -0.18344 0.2241245
vt -0.17879 0.2176147
vt 0.04197324 0.08482443
vt 0.03928249 0.07729052
vt 0.0468164 0.07459976
vt 0.04950716 0.08213367
vt -0.04197324 0.08482444
vt -0.04950716 0.08213367
vt -0.0468164 0.07459977
vt -0.03928249 0.07729052
vt -0.2092963 0.2097431
vt -0.2164517 0.2133208
vt -0.2200294 0.2061654
vt -0.212874 0.2025877
vt 0.2092963 0.2097431
vt 0.212874 0.2025877
vt 0.2200294 0.2061654
vt 0.2164517 0.2133208
vt 0.1629804 0.2092449
vt 0.1694902 0.2045949
vt 0.1741402 0.2111047
vt 0.1676304 0.2157547
vt -0.1629804 0.2092449
vt -0.1676304 0.2157547
vt -0.1741402 0.2111047
vt -0.1694902 0.2045949
vt 0.03121048 0.05468865
vt 0.02851972 0.04715474
vt 0.03605363 0.04446398
vt 0.03874438 0.05199789
vt -0.03121048 0.05468865
vt -0.03874439 0.05199789
vt -0.03605363 0.04446398
vt -0.02851972 0.04715474
vt -0.2092962 0.173966
vt -0.2164516 0.1775437
vt -0.2200294 0.1703883
vt -0.2128739 0.1668106
vt 0.2092963 0.173966
vt 0.2128739 0.1668106
vt 0.2200294 0.1703883
vt 0.2164516 0.1775437
vt 0.1676296 0.2157553
vt 0.1741395 0.2111053
vt 0.1787894 0.2176152
vt 0.1722796 0.2222651
vt -0.1676296 0.2157553
vt -0.1722796 0.2222651
vt -0.1787894 0.2176152
vt -0.1741395 0.2111053
vt 0.02852074 0.04715452
vt 0.02583003 0.0396206
vt 0.03336395 0.03692988
vt 0.03605467 0.04446381
vt -0.02852074 0.04715452
vt -0.03605467 0.04446381
vt -0.03336395 0.03692988
vt -0.02583002 0.0396206
vt -0.2200292 0.1703884
vt -0.2271846 0.1739661
vt -0.2307623 0.1668107
vt -0.2236069 0.1632329
vt 0.2200292 0.1703884
vt 0.2236069 0.1632329
vt 0.2307623 0.1668107
vt 0.2271846 0.1739661
vt 0.1722796 0.222265
vt 0.1787894 0.2176151
vt 0.1834394 0.224125
vt 0.1769295 0.2287749
vt -0.1722796 0.222265
vt -0.1769295 0.2287749
vt -0.1834394 0.224125
vt -0.1787894 0.2176151
vt 0.02852068 0.04715454
vt 0.02582996 0.03962062
vt 0.03336389 0.0369299
vt 0.0360546 0.04446382
vt -0.02852068 0.04715454
vt -0.0360546 0.04446382
vt -0.03336389 0.0369299
vt -0.02582996 0.03962062
vt -0.2271846 0.1739661
vt -0.23434 0.1775438
vt -0.2379177 0.1703884
vt -0.2307623 0.1668106
vt 0.2271846 0.1739661
vt 0.2307623 0.1668106
vt 0.2379177 0.1703884
vt 0.23434 0.1775438
vt 0.1583301 0.2027353
vt 0.1648399 0.1980853
vt 0.1694899 0.2045952
vt 0.16298 0.2092451
vt -0.1583299 0.2027355
vt -0.1629798 0.2092453
vt -0.1694897 0.2045954
vt -0.1648397 0.1980855
vt 0.03659287 0.06975625
vt 0.01506709 0.009484867
vt 0.02260101 0.006794143
vt 0.04412679 0.06706554
vt -0.03659287 0.06975626
vt -0.04412679 0.06706554
vt -0.02260101 0.006794146
vt -0.01506709 0.009484868
vt -0.1949852 0.1846992
vt -0.2021407 0.1882769
vt -0.2307623 0.1310335
vt -0.2236069 0.1274558
vt 0.1949852 0.1846992
vt 0.2236069 0.1274558
vt 0.2307623 0.1310335
vt 0.2021407 0.1882769
vt 0.1629802 0.209245
vt 0.16949 0.2045951
vt 0.17414 0.2111049
vt 0.1676302 0.2157549
vt -0.1629802 0.2092451
vt -0.1676302 0.2157549
vt -0.17414 0.211105
vt -0.16949 0.2045952
vt 0.02582934 0.03962063
vt -0.003768864 -0.04325243
vt 0.003765051 -0.04594318
vt 0.03336325 0.03692989
vt -0.02582969 0.0396205
vt -0.03336361 0.03692976
vt -0.003765464 -0.04594333
vt 0.003768455 -0.04325259
vt -0.2164516 0.1596552
vt -0.223607 0.1632329
vt -0.2629618 0.08452334
vt -0.2558064 0.08094564
vt 0.2164516 0.1596552
vt 0.2558064 0.08094563
vt 0.2629618 0.08452336
vt 0.223607 0.1632329
vt 0.1676303 0.2157548
vt 0.1741401 0.2111048
vt 0.17879 0.2176146
vt 0.1722802 0.2222646
vt -0.1676301 0.2157549
vt -0.17228 0.2222647
vt -0.1787899 0.2176148
vt -0.1741399 0.211105
vt 0.02313855 0.03208677
vt -0.00107819 -0.03571847
vt 0.006455723 -0.03840922
vt 0.03067246 0.02939602
vt -0.02313855 0.0320868
vt -0.03067247 0.02939605
vt -0.006455727 -0.03840918
vt 0.001078189 -0.03571844
vt -0.2271847 0.1560775
vt -0.2343401 0.1596552
vt -0.2665395 0.09525645
vt -0.259384 0.09167874
vt 0.2271847 0.1560775
vt 0.259384 0.09167874
vt 0.2665395 0.09525645
vt 0.2343401 0.1596552
vt 0.1722802 0.2222647
vt 0.17879 0.2176147
vt 0.1834399 0.2241245
vt 0.1769301 0.2287745
vt -0.1722799 0.2222648
vt -0.1769299 0.2287747
vt -0.1834397 0.2241247
vt -0.1787897 0.2176149
vt 0.02582919 0.03962065
vt -0.001078302 -0.03571851
vt 0.006455612 -0.03840926
vt 0.03336311 0.0369299
vt -0.02582921 0.03962066
vt -0.03336313 0.03692992
vt -0.006455638 -0.03840924
vt 0.001078277 -0.03571849
vt -0.2307624 0.1668106
vt -0.2379178 0.1703883
vt -0.2736949 0.09883415
vt -0.2665395 0.09525645
vt 0.2307624 0.1668106
vt 0.2665395 0.09525644
vt 0.2736949 0.09883415
vt 0.2379178 0.1703883
vt 0.1676297 0.2157551
vt 0.1741396 0.2111052
vt 0.1787895 0.2176151
vt 0.1722797 0.222265
vt -0.1676297 0.2157551
vt -0.1722797 0.222265
vt -0.1787895 0.2176151
vt -0.1741396 0.2111052
vt 0.02582996 0.03962062
vt 0.02313924 0.0320867
vt 0.03067316 0.02939598
vt 0.03336389 0.0369299
vt -0.02582996 0.03962062
vt -0.03336389 0.0369299
vt -0.03067316 0.02939598
vt -0.02313924 0.0320867
vt -0.2236069 0.1632329
vt -0.2307623 0.1668106
vt -0.23434 0.1596552
vt -0.2271846 0.1560775
vt 0.2236069 0.1632329
vt 0.2271846 0.1560775
vt 0.23434 0.1596552
vt 0.2307623 0.1668106
vt 0.1536794 0.196226
vt 0.1601893 0.1915761
vt 0.1648392 0.198086
vt 0.1583293 0.2027359
vt -0.1536794 0.196226
vt -0.1583293 0.2027359
vt -0.1648392 0.1980859
vt -0.1601893 0.1915761
vt 0.01775847 0.01701852
vt 0.00430499 -0.02065115
vt 0.01183892 -0.02334185
vt 0.02529241 0.01432782
vt -0.01775846 0.01701846
vt -0.0252924 0.01432777
vt -0.01183891 -0.0233419
vt -0.00430498 -0.0206512
vt -0.2128737 0.1310336
vt -0.2200291 0.1346113
vt -0.2379176 0.09883422
vt -0.2307622 0.09525651
vt 0.2128737 0.1310336
vt 0.2307622 0.09525652
vt 0.2379176 0.09883422
vt 0.2200291 0.1346113
vt 0.1583295 0.2027358
vt 0.1648393 0.1980859
vt 0.1694892 0.2045957
vt 0.1629794 0.2092456
vt -0.1583295 0.2027358
vt -0.1629794 0.2092456
vt -0.1694892 0.2045957
vt -0.1648393 0.1980859
vt 0.01506778 0.009484679
vt 0.006995688 -0.01311712
vt 0.01452962 -0.01580782
vt 0.02260171 0.006793981
vt -0.01506781 0.009484758
vt -0.02260174 0.00679406
vt -0.01452965 -0.01580774
vt -0.006995716 -0.01311704
vt -0.2236068 0.1274559
vt -0.2307622 0.1310336
vt -0.2414954 0.1095673
vt -0.23434 0.1059896
vt 0.2236068 0.1274559
vt 0.23434 0.1059896
vt 0.2414954 0.1095673
vt 0.2307622 0.1310336
vt 0.1769294 0.2287751
vt 0.1834392 0.2241251
vt 0.1880892 0.2306349
vt 0.1815794 0.2352849
vt -0.1769294 0.228775
vt -0.1815794 0.2352849
vt -0.1880892 0.2306349
vt -0.1834392 0.2241251
vt 0.009684337 -0.0055833
vt 0.006993595 -0.01311722
vt 0.01452751 -0.01580796
vt 0.01721825 -0.008274044
vt -0.009684337 -0.0055833
vt -0.01721825 -0.008274044
vt -0.01452751 -0.01580796
vt -0.006993595 -0.01311722
vt -0.2593842 0.1274556
vt -0.2665396 0.1310333
vt -0.2701173 0.1238779
vt -0.2629619 0.1203002
vt 0.2593842 0.1274556
vt 0.2629619 0.1203002
vt 0.2701173 0.1238779
vt 0.2665396 0.1310333
vt 0.1583301 0.2027353
vt 0.1648399 0.1980853
vt 0.1694898 0.2045952
vt 0.16298 0.2092451
vt -0.1583301 0.2027353
vt -0.16298 0.2092451
vt -0.1694899 0.2045952
vt -0.1648399 0.1980853
vt 0.006994495 -0.01311693
vt -0.003768447 -0.04325262
vt 0.003765472 -0.04594336
vt 0.01452841 -0.01580767
vt -0.006994859 -0.01311709
vt -0.01452878 -0.01580782
vt -0.003765857 -0.04594351
vt 0.003768065 -0.04325278
vt -0.23434 0.1059896
vt -0.2414954 0.1095673
vt -0.2558063 0.0809456
vt -0.2486509 0.07736789
vt 0.23434 0.1059896
vt 0.2486509 0.07736789
vt 0.2558063 0.08094562
vt 0.2414954 0.1095673
vt 0.1536802 0.1962254
vt 0.1601901 0.1915754
vt 0.16484 0.1980852
vt 0.1583302 0.2027352
vt -0.1536802 0.1962254
vt -0.1583302 0.2027352
vt -0.16484 0.1980853
vt -0.1601901 0.1915754
vt 0.001613383 -0.0281849
vt -0.001077351 -0.03571882
vt 0.00645657 -0.03840955
vt 0.009147303 -0.03087563
vt -0.001613384 -0.0281849
vt -0.009147303 -0.03087563
vt -0.00645657 -0.03840955
vt 0.00107735 -0.03571882
vt -0.23434 0.08810104
vt -0.2414954 0.09167875
vt -0.2450731 0.08452334
vt -0.2379177 0.08094563
vt 0.23434 0.08810104
vt 0.2379177 0.08094562
vt 0.2450732 0.08452334
vt 0.2414954 0.09167875
vt 0.1676296 0.2157552
vt 0.1741394 0.2111053
vt 0.1787893 0.2176151
vt 0.1722795 0.2222651
vt -0.1676296 0.2157552
vt -0.1722795 0.222265
vt -0.1787893 0.2176151
vt -0.1741394 0.2111053
vt -0.001077943 -0.0357189
vt -0.003768675 -0.04325282
vt 0.003765245 -0.04594355
vt 0.006455977 -0.03840964
vt 0.001077943 -0.0357189
vt -0.006455978 -0.03840964
vt -0.003765245 -0.04594355
vt 0.003768676 -0.04325282
vt -0.2593841 0.09167856
vt -0.2665395 0.09525628
vt -0.2701172 0.08810087
vt -0.2629618 0.08452316
vt 0.2593841 0.09167857
vt 0.2629618 0.08452315
vt 0.2701172 0.08810087
vt 0.2665395 0.09525628
vt 0.1722795 0.222265
vt 0.1787893 0.2176151
vt 0.1834393 0.2241249
vt 0.1769294 0.2287749
vt -0.1722795 0.222265
vt -0.1769294 0.2287749
vt -0.1834393 0.2241249
vt -0.1787893 0.2176151
vt -0.001078057 -0.03571894
vt -0.003768791 -0.04325285
vt 0.003765127 -0.04594359
vt 0.006455862 -0.03840967
vt 0.001078057 -0.03571893
vt -0.006455862 -0.03840967
vt -0.003765128 -0.04594359
vt 0.003768791 -0.04325285
vt -0.2665395 0.09525626
vt -0.2736949 0.09883399
vt -0.2772726 0.09167857
vt -0.2701172 0.08810085
vt 0.2665395 0.09525627
vt 0.2701172 0.08810085
vt 0.2772726 0.09167857
vt 0.2736949 0.09883399
vt 0.1629797 0.2092453
vt 0.1694895 0.2045954
vt 0.1741395 0.2111052
vt 0.1676296 0.2157551
vt -0.1629797 0.2092453
vt -0.1676296 0.2157551
vt -0.1741395 0.2111052
vt -0.1694895 0.2045954
vt -0.003768544 -0.0432528
vt -0.006459276 -0.05078672
vt 0.001074644 -0.05347745
vt 0.003765376 -0.04594354
vt 0.003768545 -0.0432528
vt -0.003765376 -0.04594354
vt -0.001074644 -0.05347745
vt 0.006459276 -0.05078672
vt -0.2558063 0.08094546
vt -0.2629618 0.08452319
vt -0.2665395 0.07736776
vt -0.2593841 0.07379005
vt 0.2558064 0.08094547
vt 0.2593841 0.07379004
vt 0.2665395 0.07736777
vt 0.2629618 0.08452318
vt 0.1769295 0.2287749
vt 0.1834393 0.2241249
vt 0.1880893 0.2306347
vt 0.1815794 0.2352847
vt -0.1769295 0.2287749
vt -0.1815794 0.2352847
vt -0.1880893 0.2306348
vt -0.1834393 0.2241249
vt -0.001078153 -0.03571891
vt -0.00376889 -0.04325283
vt 0.003765029 -0.04594357
vt 0.006455764 -0.03840965
vt 0.001078154 -0.03571891
vt -0.006455767 -0.03840965
vt -0.003765028 -0.04594357
vt 0.00376889 -0.04325283
vt -0.2736949 0.09883396
vt -0.2808503 0.1024117
vt -0.284428 0.09525625
vt -0.2772726 0.09167854
vt 0.2736949 0.09883396
vt 0.2772726 0.09167854
vt 0.284428 0.09525626
vt 0.2808503 0.1024117
vt 0.1583298 0.2027355
vt 0.1648396 0.1980855
vt 0.1694895 0.2045954
vt 0.1629797 0.2092453
vt -0.1583298 0.2027355
vt -0.1629797 0.2092453
vt -0.1694896 0.2045954
vt -0.1648396 0.1980855
vt -0.003768437 -0.04325277
vt -0.006459166 -0.0507867
vt 0.001074756 -0.05347743
vt 0.003765485 -0.04594351
vt 0.003768437 -0.04325277
vt -0.003765484 -0.04594351
vt -0.001074754 -0.05347743
vt 0.006459167 -0.0507867
vt -0.2486509 0.07736776
vt -0.2558063 0.08094548
vt -0.259384 0.07379006
vt -0.2522286 0.07021235
vt 0.2486509 0.07736777
vt 0.2522286 0.07021235
vt 0.259384 0.07379006
vt 0.2558063 0.08094548
vt 0.1536803 0.1962253
vt 0.1601901 0.1915753
vt 0.1648401 0.1980852
vt 0.1583303 0.2027351
vt -0.1536803 0.1962253
vt -0.1583302 0.2027351
vt -0.1648401 0.1980852
vt -0.1601901 0.1915753
vt -0.001077365 -0.03571881
vt -0.0037681 -0.04325273
vt 0.00376582 -0.04594347
vt 0.006456555 -0.03840955
vt 0.001077365 -0.03571881
vt -0.006456555 -0.03840955
vt -0.003765821 -0.04594347
vt 0.003768099 -0.04325273
vt -0.2379177 0.08094561
vt -0.2450731 0.08452334
vt -0.2486508 0.07736792
vt -0.2414954 0.07379021
vt 0.2379177 0.08094562
vt 0.2414954 0.0737902
vt 0.2486508 0.07736792
vt 0.2450731 0.08452333
vt 0.1536798 0.1962256
vt 0.1601897 0.1915757
vt 0.1648396 0.1980855
vt 0.1583298 0.2027355
vt -0.1536798 0.1962256
vt -0.1583298 0.2027355
vt -0.1648397 0.1980855
vt -0.1601897 0.1915757
vt -0.00376835 -0.04325279
vt -0.006459081 -0.05078672
vt 0.001074842 -0.05347744
vt 0.003765572 -0.04594352
vt 0.00376835 -0.04325279
vt -0.003765571 -0.04594352
vt -0.001074842 -0.05347744
vt 0.00645908 -0.05078672
vt -0.2414955 0.07379007
vt -0.2486509 0.07736779
vt -0.2522286 0.07021236
vt -0.2450732 0.06663466
vt 0.2414955 0.07379008
vt 0.2450732 0.06663465
vt 0.2522286 0.07021238
vt 0.2486509 0.07736779
vt 0.1490296 0.1897161
vt 0.1555394 0.1850662
vt 0.1601893 0.191576
vt 0.1536795 0.196226
vt -0.1490296 0.1897161
vt -0.1536795 0.196226
vt -0.1601893 0.191576
vt -0.1555394 0.1850662
vt 0.00161431 -0.02818503
vt -0.001076388 -0.03571897
vt 0.006457546 -0.03840966
vt 0.009148242 -0.03087573
vt -0.001614309 -0.02818503
vt -0.009148242 -0.03087573
vt -0.006457545 -0.03840966
vt 0.001076387 -0.03571897
vt -0.2271845 0.08452339
vt -0.2343399 0.0881011
vt -0.2379176 0.08094569
vt -0.2307622 0.07736798
vt 0.2271845 0.08452339
vt 0.2307622 0.07736798
vt 0.2379176 0.08094569
vt 0.2343399 0.0881011
vt 0.1490299 0.1897158
vt 0.1555397 0.1850659
vt 0.1601897 0.1915757
vt 0.1536798 0.1962257
vt -0.1490299 0.1897158
vt -0.1536798 0.1962257
vt -0.1601897 0.1915757
vt -0.1555397 0.1850659
vt -0.001077559 -0.03571888
vt -0.003768286 -0.0432528
vt 0.003765636 -0.04594353
vt 0.006456365 -0.03840961
vt 0.001077558 -0.03571888
vt -0.006456364 -0.03840961
vt -0.003765638 -0.04594353
vt 0.003768286 -0.0432528
vt -0.2307624 0.0773678
vt -0.2379178 0.08094551
vt -0.2414955 0.07379009
vt -0.2343401 0.07021238
vt 0.2307624 0.0773678
vt 0.2343401 0.07021238
vt 0.2414955 0.0737901
vt 0.2379178 0.08094551
vt 0.1490297 0.189716
vt 0.1555395 0.1850661
vt 0.1601894 0.191576
vt 0.1536796 0.1962259
vt -0.1490297 0.189716
vt -0.1536796 0.1962259
vt -0.1601894 0.191576
vt -0.1555395 0.1850661
vt 0.009686337 -0.005583119
vt 0.006995638 -0.01311705
vt 0.01452957 -0.01580775
vt 0.01722027 -0.008273819
vt -0.009686337 -0.005583119
vt -0.01722027 -0.008273819
vt -0.01452957 -0.01580775
vt -0.006995638 -0.01311705
vt -0.2164514 0.1059896
vt -0.2236068 0.1095673
vt -0.2271845 0.1024119
vt -0.2200291 0.09883423
vt 0.2164514 0.1059896
vt 0.2200291 0.09883423
vt 0.2271845 0.1024119
vt 0.2236068 0.1095674
vt 0.1443798 0.1832061
vt 0.1508896 0.1785562
vt 0.1555396 0.185066
vt 0.1490297 0.189716
vt -0.1443798 0.1832061
vt -0.1490297 0.189716
vt -0.1555396 0.185066
vt -0.1508896 0.1785562
vt 0.006994671 -0.01311716
vt 0.004303947 -0.02065109
vt 0.01183787 -0.02334181
vt 0.01452859 -0.01580789
vt -0.006994671 -0.01311716
vt -0.01452859 -0.01580789
vt -0.01183787 -0.02334181
vt -0.004303948 -0.02065109
vt -0.2128738 0.09525635
vt -0.2200292 0.09883408
vt -0.2236069 0.09167866
vt -0.2164515 0.08810095
vt 0.2128738 0.09525636
vt 0.2164515 0.08810094
vt 0.2236069 0.09167866
vt 0.2200292 0.09883408
vt 0.1462399 0.1720463
vt 0.1508898 0.1785561
vt 0.14438 0.183206
vt 0.1397301 0.1766962
vt -0.1462399 0.1720462
vt -0.1397301 0.1766962
vt -0.14438 0.183206
vt -0.1508898 0.1785561
vt 0.209296 0.08452336
vt 0.2128737 0.07736792
vt 0.2200291 0.08094563
vt 0.2164514 0.08810104
vt -0.209296 0.08452335
vt -0.2164515 0.08810105
vt -0.2200291 0.08094563
vt -0.2128737 0.07736793
vt 0.01183885 -0.02334134
vt 0.004304916 -0.02065064
vt 0.001614217 -0.02818457
vt 0.009148152 -0.03087527
vt -0.01183885 -0.02334134
vt -0.009148151 -0.03087527
vt -0.001614218 -0.02818457
vt -0.004304915 -0.02065064
vt 0.1443796 0.1832063
vt 0.1508895 0.1785564
vt 0.1555394 0.1850662
vt 0.1490295 0.1897161
vt -0.1443796 0.1832063
vt -0.1490295 0.1897161
vt -0.1555394 0.1850662
vt -0.1508895 0.1785564
vt 0.001614354 -0.02818505
vt -0.00107634 -0.03571898
vt 0.006457594 -0.03840967
vt 0.009148289 -0.03087574
vt -0.001614354 -0.02818505
vt -0.009148289 -0.03087574
vt -0.006457594 -0.03840967
vt 0.00107634 -0.03571898
vt -0.2200291 0.08094569
vt -0.2271845 0.08452339
vt -0.2307622 0.07736798
vt -0.2236068 0.07379027
vt 0.2200291 0.08094569
vt 0.2236068 0.07379027
vt 0.2307622 0.07736798
vt 0.2271845 0.08452339
vt 0.1443799 0.183206
vt 0.1508897 0.1785561
vt 0.1555397 0.1850659
vt 0.1490298 0.1897158
vt -0.1443799 0.183206
vt -0.1490298 0.1897158
vt -0.1555397 0.1850659
vt -0.1508897 0.1785561
vt -0.001077478 -0.0357189
vt -0.003768203 -0.04325282
vt 0.00376572 -0.04594354
vt 0.006456446 -0.03840962
vt 0.001077478 -0.0357189
vt -0.006456445 -0.03840962
vt -0.00376572 -0.04594355
vt 0.003768203 -0.04325282
vt -0.2236069 0.0737901
vt -0.2307623 0.07736782
vt -0.23434 0.07021239
vt -0.2271847 0.06663468
vt 0.2236069 0.0737901
vt 0.2271846 0.06663468
vt 0.2343401 0.0702124
vt 0.2307623 0.07736781
vt 0.1443796 0.1832063
vt 0.1508895 0.1785564
vt 0.1555394 0.1850662
vt 0.1490295 0.1897161
vt -0.1443796 0.1832063
vt -0.1490295 0.1897161
vt -0.1555394 0.1850662
vt -0.1508895 0.1785564
vt 0.009686457 -0.005583162
vt 0.006995765 -0.0131171
vt 0.0145297 -0.01580779
vt 0.01722039 -0.008273855
vt -0.009686457 -0.005583162
vt -0.01722039 -0.008273855
vt -0.0145297 -0.01580779
vt -0.006995765 -0.0131171
vt -0.209296 0.1024119
vt -0.2164514 0.1059896
vt -0.2200291 0.09883422
vt -0.2128737 0.09525651
vt 0.209296 0.1024119
vt 0.2128737 0.09525651
vt 0.2200291 0.09883422
vt 0.2164514 0.1059896
vt 0.1443802 0.1832058
vt 0.1508901 0.1785558
vt 0.15554 0.1850657
vt 0.1490302 0.1897156
vt -0.1443802 0.1832058
vt -0.1490302 0.1897156
vt -0.15554 0.1850657
vt -0.1508901 0.1785558
vt 0.004304353 -0.02065091
vt 0.001613628 -0.02818484
vt 0.009147552 -0.03087556
vt 0.01183828 -0.02334164
vt -0.004304354 -0.02065091
vt -0.01183828 -0.02334164
vt -0.009147553 -0.03087556
vt -0.001613629 -0.02818483
vt -0.2164515 0.08810104
vt -0.2236069 0.09167876
vt -0.2271846 0.08452334
vt -0.2200292 0.08094563
vt 0.2164515 0.08810104
vt 0.2200292 0.08094563
vt 0.2271846 0.08452334
vt 0.2236069 0.09167876
vt 0.1490302 0.1897156
vt 0.15554 0.1850656
vt 0.16019 0.1915755
vt 0.1536801 0.1962254
vt -0.1490302 0.1897156
vt -0.1536801 0.1962254
vt -0.16019 0.1915755
vt -0.15554 0.1850656
vt 0.004304273 -0.02065093
vt 0.001613546 -0.02818486
vt 0.009147469 -0.03087558
vt 0.0118382 -0.02334166
vt -0.004304273 -0.02065093
vt -0.0118382 -0.02334166
vt -0.009147469 -0.03087558
vt -0.001613546 -0.02818486
vt -0.2236069 0.09167875
vt -0.2307623 0.09525646
vt -0.23434 0.08810104
vt -0.2271846 0.08452334
vt 0.2236069 0.09167875
vt 0.2271846 0.08452333
vt 0.23434 0.08810104
vt 0.2307623 0.09525645
vt 0.1443796 0.1832063
vt 0.1508895 0.1785564
vt 0.1555394 0.1850663
vt 0.1490295 0.1897162
vt -0.1443796 0.1832063
vt -0.1490295 0.1897162
vt -0.1555394 0.1850663
vt -0.1508895 0.1785564
vt 0.01506788 0.009484695
vt 0.01237719 0.00195076
vt 0.01991112 -0.0007399317
vt 0.02260181 0.006794003
vt -0.01506788 0.009484695
vt -0.02260181 0.006794003
vt -0.01991112 -0.0007399317
vt -0.01237719 0.00195076
vt -0.2021406 0.1167228
vt -0.209296 0.1203005
vt -0.2128737 0.1131451
vt -0.2057183 0.1095674
vt 0.2021406 0.1167228
vt 0.2057183 0.1095674
vt 0.2128737 0.1131451
vt 0.209296 0.1203005
vt 0.1443796 0.1832063
vt 0.1508895 0.1785564
vt 0.1555394 0.1850663
vt 0.1490295 0.1897162
vt -0.1443796 0.1832063
vt -0.1490295 0.1897162
vt -0.1555394 0.1850663
vt -0.1508895 0.1785564
vt 0.01237719 0.001950759
vt 0.009686496 -0.005583176
vt 0.01722043 -0.008273868
vt 0.01991112 -0.000739932
vt -0.01237719 0.001950759
vt -0.01991112 -0.000739932
vt -0.01722043 -0.008273868
vt -0.009686496 -0.005583176
vt -0.2057183 0.1095674
vt -0.2128737 0.1131451
vt -0.2164514 0.1059896
vt -0.209296 0.1024119
vt 0.2057183 0.1095674
vt 0.209296 0.1024119
vt 0.2164514 0.1059896
vt 0.2128737 0.1131451
vt 0.1490298 0.189716
vt 0.1555396 0.185066
vt 0.1601896 0.1915759
vt 0.1536797 0.1962258
vt -0.1490298 0.189716
vt -0.1536797 0.1962258
vt -0.1601896 0.1915759
vt -0.1555396 0.185066
vt 0.006994593 -0.01311715
vt 0.004303867 -0.02065107
vt 0.01183779 -0.0233418
vt 0.01452852 -0.01580788
vt -0.006994593 -0.01311715
vt -0.01452852 -0.01580788
vt -0.01183779 -0.0233418
vt -0.004303867 -0.02065108
vt -0.2200293 0.09883407
vt -0.2271847 0.1024118
vt -0.2307624 0.09525637
vt -0.223607 0.09167866
vt 0.2200293 0.09883408
vt 0.223607 0.09167866
vt 0.2307624 0.09525637
vt 0.2271847 0.1024118
vt 0.15368 0.1962257
vt 0.1601899 0.1915757
vt 0.1648398 0.1980855
vt 0.15833 0.2027355
vt -0.15368 0.1962257
vt -0.1583299 0.2027355
vt -0.1648398 0.1980856
vt -0.1601898 0.1915757
vt 0.03928293 0.07729018
vt 0.01775697 0.01701885
vt 0.02529089 0.01432811
vt 0.04681684 0.07459943
vt -0.03928322 0.07729006
vt -0.04681714 0.07459933
vt -0.02529123 0.01432798
vt -0.01775731 0.01701872
vt -0.1842522 0.1882769
vt -0.1914076 0.1918546
vt -0.2200293 0.1346113
vt -0.2128739 0.1310336
vt 0.1842522 0.1882769
vt 0.2128739 0.1310336
vt 0.2200293 0.1346113
vt 0.1914076 0.1918546
vt 0.1443796 0.1832063
vt 0.1508895 0.1785564
vt 0.1555394 0.1850663
vt 0.1490295 0.1897162
vt -0.1443796 0.1832063
vt -0.1490295 0.1897162
vt -0.1555394 0.1850663
vt -0.1508895 0.1785564
vt 0.01775857 0.01701863
vt 0.01506788 0.009484695
vt 0.02260181 0.006794003
vt 0.02529251 0.01432794
vt -0.01775857 0.01701863
vt -0.02529251 0.01432794
vt -0.02260181 0.006794003
vt -0.01506788 0.009484695
vt -0.1985629 0.1238782
vt -0.2057183 0.1274559
vt -0.209296 0.1203005
vt -0.2021406 0.1167228
vt 0.1985629 0.1238782
vt 0.2021406 0.1167228
vt 0.209296 0.1203005
vt 0.2057183 0.1274559
vt 0.1490296 0.1897161
vt 0.1555395 0.1850662
vt 0.1601894 0.191576
vt 0.1536795 0.1962259
vt -0.1490296 0.1897161
vt -0.1536795 0.1962259
vt -0.1601894 0.191576
vt -0.1555395 0.1850662
vt 0.01237707 0.001950801
vt 0.009686373 -0.005583133
vt 0.01722031 -0.00827383
vt 0.019911 -0.0007398959
vt -0.01237707 0.001950802
vt -0.019911 -0.0007398956
vt -0.01722031 -0.00827383
vt -0.009686373 -0.005583132
vt -0.2128737 0.1131451
vt -0.2200291 0.1167228
vt -0.2236068 0.1095674
vt -0.2164514 0.1059896
vt 0.2128737 0.1131451
vt 0.2164514 0.1059896
vt 0.2236068 0.1095674
vt 0.2200291 0.1167228
vt 0.1629797 0.2092454
vt 0.1694895 0.2045954
vt 0.1741395 0.2111053
vt 0.1676296 0.2157553
vt -0.1629797 0.2092454
vt -0.1676296 0.2157553
vt -0.1741395 0.2111053
vt -0.1694895 0.2045954
vt 0.0285208 0.0471545
vt 0.02583008 0.03962058
vt 0.03336401 0.03692986
vt 0.03605472 0.04446379
vt -0.0285208 0.0471545
vt -0.03605472 0.04446379
vt -0.03336401 0.03692986
vt -0.02583008 0.03962058
vt -0.2128737 0.1668107
vt -0.2200292 0.1703884
vt -0.2236069 0.163233
vt -0.2164514 0.1596552
vt 0.2128737 0.1668107
vt 0.2164514 0.1596552
vt 0.2236069 0.163233
vt 0.2200292 0.1703884
vt 0.1490304 0.1897154
vt 0.1555403 0.1850655
vt 0.1601902 0.1915753
vt 0.1536804 0.1962253
vt -0.1490304 0.1897154
vt -0.1536804 0.1962253
vt -0.1601902 0.1915753
vt -0.1555403 0.1850655
vt 0.02044816 0.02455277
vt 0.01775741 0.01701886
vt 0.02529133 0.01432811
vt 0.02798207 0.02186203
vt -0.02044815 0.02455277
vt -0.02798207 0.02186203
vt -0.02529133 0.01432811
vt -0.01775741 0.01701886
vt -0.2021407 0.1346112
vt -0.2092961 0.138189
vt -0.2128738 0.1310335
vt -0.2057184 0.1274558
vt 0.2021407 0.1346112
vt 0.2057184 0.1274558
vt 0.2128738 0.1310335
vt 0.2092961 0.138189
vt 0.1443802 0.1832058
vt 0.1508901 0.1785559
vt 0.15554 0.1850657
vt 0.1490302 0.1897157
vt -0.1443802 0.1832058
vt -0.1490302 0.1897157
vt -0.15554 0.1850657
vt -0.1508901 0.1785559
vt 0.02582987 0.03962057
vt 0.02313914 0.03208665
vt 0.03067306 0.02939592
vt 0.03336379 0.03692984
vt -0.02582987 0.03962057
vt -0.03336379 0.03692984
vt -0.03067306 0.02939592
vt -0.02313914 0.03208665
vt -0.1878298 0.1453444
vt -0.1949852 0.1489221
vt -0.1985629 0.1417667
vt -0.1914075 0.138189
vt 0.1878298 0.1453444
vt 0.1914075 0.138189
vt 0.1985629 0.1417667
vt 0.1949852 0.1489221
vt 0.1490302 0.1897156
vt 0.15554 0.1850657
vt 0.16019 0.1915755
vt 0.1536801 0.1962255
vt -0.1490302 0.1897157
vt -0.1536801 0.1962255
vt -0.16019 0.1915755
vt -0.15554 0.1850657
vt 0.02313917 0.03208663
vt 0.02044844 0.02455272
vt 0.02798236 0.02186198
vt 0.0306731 0.02939591
vt -0.02313917 0.03208664
vt -0.03067309 0.0293959
vt -0.02798236 0.02186199
vt -0.02044844 0.02455271
vt -0.1985629 0.1417667
vt -0.2057184 0.1453444
vt -0.2092961 0.138189
vt -0.2021406 0.1346113
vt 0.1985629 0.1417667
vt 0.2021406 0.1346113
vt 0.2092961 0.138189
vt 0.2057184 0.1453444
vt 0.1629799 0.2092452
vt 0.1694898 0.2045953
vt 0.1741398 0.2111051
vt 0.1676299 0.2157551
vt -0.16298 0.2092452
vt -0.1676299 0.2157551
vt -0.1741398 0.2111051
vt -0.1694898 0.2045953
vt 0.03390167 0.06222232
vt 0.03121093 0.05468839
vt 0.03874484 0.05199766
vt 0.04143559 0.05953158
vt -0.03390167 0.06222231
vt -0.04143559 0.05953158
vt -0.03874484 0.05199765
vt -0.03121093 0.0546884
vt -0.2057184 0.1811215
vt -0.2128738 0.1846992
vt -0.2164515 0.1775438
vt -0.2092961 0.1739661
vt 0.2057184 0.1811215
vt 0.2092961 0.173966
vt 0.2164515 0.1775438
vt 0.2128738 0.1846992
vt 0.1629803 0.209245
vt 0.1694901 0.204595
vt 0.1741401 0.2111048
vt 0.1676303 0.2157548
vt -0.1629803 0.209245
vt -0.1676303 0.2157548
vt -0.1741401 0.2111048
vt -0.1694901 0.204595
vt 0.036592 0.06975652
vt 0.03390124 0.06222261
vt 0.04143515 0.05953185
vt 0.04412591 0.06706576
vt -0.036592 0.06975652
vt -0.04412591 0.06706576
vt -0.04143515 0.05953185
vt -0.03390124 0.0622226
vt -0.2021408 0.1882768
vt -0.2092962 0.1918546
vt -0.2128739 0.1846991
vt -0.2057185 0.1811214
vt 0.2021408 0.1882769
vt 0.2057185 0.1811214
vt 0.2128739 0.1846991
vt 0.2092962 0.1918546
vt 0.1583303 0.2027352
vt 0.1648401 0.1980852
vt 0.1694901 0.204595
vt 0.1629803 0.209245
vt -0.1583303 0.2027352
vt -0.1629803 0.209245
vt -0.1694901 0.204595
vt -0.1648401 0.1980852
vt 0.03928279 0.07729043
vt 0.03659204 0.06975652
vt 0.04412595 0.06706576
vt 0.04681671 0.07459968
vt -0.03928279 0.07729043
vt -0.0468167 0.07459967
vt -0.04412595 0.06706576
vt -0.03659204 0.06975651
vt -0.1914077 0.1918546
vt -0.1985631 0.1954323
vt -0.2021408 0.1882769
vt -0.1949854 0.1846991
vt 0.1914077 0.1918546
vt 0.1949854 0.1846991
vt 0.2021408 0.1882769
vt 0.1985631 0.1954323
vt 0.1490302 0.1897157
vt 0.15554 0.1850657
vt 0.16019 0.1915755
vt 0.1536802 0.1962255
vt -0.1490302 0.1897157
vt -0.1536802 0.1962255
vt -0.16019 0.1915755
vt -0.15554 0.1850657
vt 0.03121113 0.05468844
vt 0.02852039 0.04715452
vt 0.03605431 0.04446378
vt 0.03874505 0.0519977
vt -0.03121113 0.05468844
vt -0.03874505 0.0519977
vt -0.03605431 0.04446378
vt -0.02852039 0.04715452
vt -0.1878299 0.1632329
vt -0.1949853 0.1668107
vt -0.198563 0.1596552
vt -0.1914076 0.1560775
vt 0.1878299 0.1632329
vt 0.1914076 0.1560775
vt 0.198563 0.1596552
vt 0.1949853 0.1668106
vt 0.1490301 0.1897158
vt 0.1555399 0.1850659
vt 0.1601899 0.1915757
vt 0.15368 0.1962257
vt -0.1490301 0.1897158
vt -0.15368 0.1962256
vt -0.1601899 0.1915757
vt -0.1555399 0.1850659
vt 0.04197382 0.08482407
vt 0.03928307 0.07729015
vt 0.046817 0.07459942
vt 0.04950773 0.08213333
vt -0.04197381 0.08482407
vt -0.04950773 0.08213333
vt -0.04681699 0.07459941
vt -0.03928307 0.07729015
vt -0.173519 0.1918546
vt -0.1806745 0.1954323
vt -0.1842522 0.1882769
vt -0.1770968 0.1846992
vt 0.1735191 0.1918546
vt 0.1770968 0.1846992
vt 0.1842522 0.1882769
vt 0.1806745 0.1954323
vt 0.1443802 0.1832058
vt 0.15089 0.1785558
vt 0.15554 0.1850657
vt 0.1490302 0.1897157
vt -0.1443802 0.1832058
vt -0.1490302 0.1897156
vt -0.15554 0.1850657
vt -0.15089 0.1785558
vt 0.03659256 0.06975639
vt 0.03390183 0.06222247
vt 0.04143575 0.05953174
vt 0.04412648 0.06706566
vt -0.03659256 0.06975639
vt -0.04412648 0.06706565
vt -0.04143574 0.05953174
vt -0.03390183 0.06222247
vt -0.173519 0.1739661
vt -0.1806745 0.1775438
vt -0.1842522 0.1703884
vt -0.1770967 0.1668107
vt 0.173519 0.1739661
vt 0.1770967 0.1668107
vt 0.1842521 0.1703884
vt 0.1806744 0.1775438
vt 0.1490301 0.1897157
vt 0.15554 0.1850658
vt 0.1601899 0.1915756
vt 0.1536801 0.1962256
vt -0.1490301 0.1897158
vt -0.1536801 0.1962256
vt -0.1601899 0.1915756
vt -0.1555399 0.1850658
vt 0.03390182 0.06222233
vt 0.03121109 0.05468841
vt 0.03874501 0.05199767
vt 0.04143574 0.05953159
vt -0.03390182 0.06222233
vt -0.04143574 0.0595316
vt -0.038745 0.05199767
vt -0.03121109 0.05468841
vt -0.1842522 0.1703884
vt -0.1914076 0.1739661
vt -0.1949853 0.1668107
vt -0.1878299 0.163233
vt 0.1842522 0.1703884
vt 0.1878299 0.163233
vt 0.1949853 0.1668107
vt 0.1914076 0.1739661
vt 0.1490303 0.1897156
vt 0.1555401 0.1850656
vt 0.1601901 0.1915754
vt 0.1536803 0.1962254
vt -0.1490303 0.1897156
vt -0.1536803 0.1962254
vt -0.1601901 0.1915754
vt -0.1555401 0.1850656
vt 0.04466438 0.09235827
vt 0.04197364 0.08482435
vt 0.04950755 0.08213361
vt 0.0521983 0.08966752
vt -0.04466439 0.09235828
vt -0.0521983 0.08966752
vt -0.04950755 0.08213361
vt -0.04197364 0.08482436
vt -0.1699414 0.19901
vt -0.1770968 0.2025877
vt -0.1806745 0.1954323
vt -0.1735191 0.1918546
vt 0.1699414 0.19901
vt 0.1735191 0.1918546
vt 0.1806745 0.1954323
vt 0.1770968 0.2025877
vt 0.1490301 0.1897158
vt 0.1555399 0.1850658
vt 0.1601899 0.1915756
vt 0.1536801 0.1962256
vt -0.1490301 0.1897158
vt -0.1536801 0.1962256
vt -0.1601899 0.1915756
vt -0.1555399 0.1850658
vt 0.03659249 0.06975627
vt 0.03390175 0.06222234
vt 0.04143567 0.05953161
vt 0.04412641 0.06706553
vt -0.03659249 0.06975627
vt -0.04412641 0.06706553
vt -0.04143567 0.05953161
vt -0.03390175 0.06222235
vt -0.1806744 0.1775438
vt -0.1878299 0.1811215
vt -0.1914076 0.1739661
vt -0.1842522 0.1703884
vt 0.1806744 0.1775438
vt 0.1842521 0.1703883
vt 0.1914076 0.1739661
vt 0.1878299 0.1811215
vt 0.1536803 0.1962254
vt 0.1601901 0.1915754
vt 0.1648401 0.1980852
vt 0.1583302 0.2027352
vt -0.1536803 0.1962254
vt -0.1583302 0.2027352
vt -0.1648401 0.1980852
vt -0.1601901 0.1915754
vt 0.04197359 0.08482433
vt 0.03928284 0.07729041
vt 0.04681675 0.07459967
vt 0.0495075 0.08213358
vt -0.04197358 0.08482432
vt -0.0495075 0.08213358
vt -0.04681675 0.07459966
vt -0.03928284 0.07729041
vt -0.1806745 0.1954323
vt -0.18783 0.19901
vt -0.1914077 0.1918546
vt -0.1842522 0.1882769
vt 0.1806745 0.1954323
vt 0.1842522 0.1882769
vt 0.1914077 0.1918546
vt 0.18783 0.19901
vt 0.1443803 0.1832058
vt 0.1508901 0.1785558
vt 0.1555401 0.1850656
vt 0.1490303 0.1897156
vt -0.1443803 0.1832058
vt -0.1490303 0.1897156
vt -0.1555401 0.1850656
vt -0.1508901 0.1785558
vt 0.04466452 0.09235822
vt 0.04197378 0.08482431
vt 0.0495077 0.08213357
vt 0.05219844 0.08966748
vt -0.04466452 0.09235822
vt -0.05219844 0.08966748
vt -0.0495077 0.08213357
vt -0.04197378 0.08482431
vt -0.162786 0.1954323
vt -0.1699414 0.19901
vt -0.1735191 0.1918546
vt -0.1663637 0.1882769
vt 0.162786 0.1954323
vt 0.1663637 0.1882769
vt 0.1735191 0.1918546
vt 0.1699414 0.19901
vt 0.1462397 0.1720463
vt 0.1508896 0.1785562
vt 0.1443798 0.1832061
vt 0.1397299 0.1766963
vt -0.1462397 0.1720463
vt -0.1397299 0.1766963
vt -0.1443798 0.1832061
vt -0.1508896 0.1785562
vt 0.1699412 0.163233
vt 0.1735189 0.1560776
vt 0.1806743 0.1596553
vt 0.1770966 0.1668107
vt -0.1699412 0.163233
vt -0.1770966 0.1668107
vt -0.1806743 0.1596553
vt -0.1735189 0.1560775
vt 0.0414365 0.05953164
vt 0.03390256 0.06222234
vt 0.03121186 0.05468841
vt 0.0387458 0.0519977
vt -0.0414365 0.05953164
vt -0.0387458 0.0519977
vt -0.03121186 0.05468841
vt -0.03390256 0.06222234
vt 0.1443802 0.1832058
vt 0.1508901 0.1785559
vt 0.15554 0.1850657
vt 0.1490302 0.1897157
vt -0.1443802 0.1832059
vt -0.1490302 0.1897157
vt -0.15554 0.1850657
vt -0.1508901 0.1785559
vt 0.0312112 0.05468842
vt 0.02852046 0.0471545
vt 0.03605438 0.04446376
vt 0.03874512 0.05199769
vt -0.0312112 0.05468842
vt -0.03874512 0.05199769
vt -0.03605438 0.04446376
vt -0.02852046 0.0471545
vt -0.1806744 0.1596552
vt -0.1878298 0.163233
vt -0.1914075 0.1560775
vt -0.1842521 0.1524998
vt 0.1806744 0.1596552
vt 0.1842521 0.1524998
vt 0.1914075 0.1560775
vt 0.1878298 0.163233
vt 0.1490301 0.1897158
vt 0.1555399 0.1850658
vt 0.1601899 0.1915756
vt 0.1536801 0.1962256
vt -0.1490301 0.1897158
vt -0.15368 0.1962256
vt -0.1601899 0.1915757
vt -0.1555399 0.1850658
vt 0.03928315 0.07729017
vt 0.03659242 0.06975625
vt 0.04412634 0.06706551
vt 0.04681707 0.07459943
vt -0.03928315 0.07729017
vt -0.04681707 0.07459943
vt -0.04412634 0.06706551
vt -0.03659242 0.06975625
vt -0.1770967 0.1846992
vt -0.1842522 0.1882769
vt -0.1878299 0.1811215
vt -0.1806745 0.1775438
vt 0.1770968 0.1846992
vt 0.1806744 0.1775438
vt 0.1878299 0.1811215
vt 0.1842522 0.1882769
vt 0.1443803 0.1832058
vt 0.1508901 0.1785558
vt 0.1555401 0.1850656
vt 0.1490302 0.1897156
vt -0.1443803 0.1832058
vt -0.1490302 0.1897156
vt -0.15554 0.1850656
vt -0.1508901 0.1785558
vt 0.04197384 0.08482429
vt 0.0392831 0.07729037
vt 0.04681702 0.07459963
vt 0.04950776 0.08213355
vt -0.04197385 0.08482429
vt -0.04950776 0.08213355
vt -0.04681702 0.07459963
vt -0.0392831 0.07729037
vt -0.1663637 0.1882769
vt -0.1735191 0.1918546
vt -0.1770968 0.1846992
vt -0.1699414 0.1811215
vt 0.1663637 0.1882769
vt 0.1699414 0.1811215
vt 0.1770968 0.1846992
vt 0.1735191 0.1918546
vt 0.1462397 0.1720464
vt 0.1508896 0.1785562
vt 0.1443797 0.1832062
vt 0.1397298 0.1766963
vt -0.1462397 0.1720464
vt -0.1397298 0.1766963
vt -0.1443797 0.1832062
vt -0.1508896 0.1785562
vt 0.1735189 0.1560776
vt 0.1770966 0.1489221
vt 0.184252 0.1524999
vt 0.1806743 0.1596553
vt -0.1735189 0.1560776
vt -0.1806743 0.1596553
vt -0.184252 0.1524999
vt -0.1770966 0.1489221
vt 0.03874584 0.05199769
vt 0.0312119 0.05468839
vt 0.0285212 0.04715446
vt 0.03605514 0.04446376
vt -0.03874584 0.05199769
vt -0.03605514 0.04446376
vt -0.0285212 0.04715446
vt -0.0312119 0.05468839
vt 0.1462397 0.1720464
vt 0.1508896 0.1785562
vt 0.1443797 0.1832061
vt 0.1397298 0.1766963
vt -0.1462397 0.1720464
vt -0.1397298 0.1766963
vt -0.1443797 0.1832061
vt -0.1508896 0.1785562
vt 0.1770966 0.1489222
vt 0.1806743 0.1417667
vt 0.1878297 0.1453444
vt 0.184252 0.1524999
vt -0.1770966 0.1489221
vt -0.184252 0.1524999
vt -0.1878297 0.1453444
vt -0.1806743 0.1417667
vt 0.03605519 0.04446379
vt 0.02852125 0.04715448
vt 0.02583056 0.03962054
vt 0.03336449 0.03692985
vt -0.03605519 0.04446378
vt -0.03336449 0.03692985
vt -0.02583056 0.03962054
vt -0.02852125 0.04715448
vt 0.1443802 0.1832058
vt 0.1508901 0.1785558
vt 0.15554 0.1850657
vt 0.1490302 0.1897157
vt -0.1443802 0.1832058
vt -0.1490302 0.1897157
vt -0.15554 0.1850657
vt -0.1508901 0.1785558
vt 0.02852054 0.04715451
vt 0.0258298 0.03962059
vt 0.03336372 0.03692986
vt 0.03605445 0.04446378
vt -0.02852054 0.04715451
vt -0.03605446 0.04446378
vt -0.03336372 0.03692986
vt -0.0258298 0.03962059
vt -0.1842521 0.1524998
vt -0.1914075 0.1560775
vt -0.1949852 0.1489221
vt -0.1878298 0.1453444
vt 0.1842521 0.1524998
vt 0.1878298 0.1453444
vt 0.1949852 0.1489221
vt 0.1914075 0.1560775
vt 0.1490303 0.1897156
vt 0.1555401 0.1850657
vt 0.1601901 0.1915755
vt 0.1536802 0.1962254
vt -0.1490303 0.1897156
vt -0.1536802 0.1962254
vt -0.1601901 0.1915755
vt -0.1555401 0.1850657
vt 0.02852038 0.04715452
vt 0.02582965 0.0396206
vt 0.03336356 0.03692986
vt 0.0360543 0.04446378
vt -0.02852038 0.04715452
vt -0.0360543 0.04446378
vt -0.03336356 0.03692986
vt -0.02582965 0.0396206
vt -0.1914076 0.1560775
vt -0.198563 0.1596552
vt -0.2021407 0.1524998
vt -0.1949853 0.1489221
vt 0.1914076 0.1560775
vt 0.1949853 0.1489221
vt 0.2021407 0.1524998
vt 0.198563 0.1596552
vt 0.1443803 0.1832058
vt 0.1508901 0.1785558
vt 0.1555401 0.1850656
vt 0.1490303 0.1897156
vt -0.1443803 0.1832058
vt -0.1490303 0.1897156
vt -0.1555401 0.1850656
vt -0.1508901 0.1785558
vt 0.04735518 0.09989218
vt 0.04466443 0.09235827
vt 0.05219834 0.08966752
vt 0.05488909 0.09720144
vt -0.04735518 0.09989218
vt -0.05488909 0.09720144
vt -0.05219834 0.08966751
vt -0.04466443 0.09235826
vt -0.1592083 0.2025878
vt -0.1663637 0.2061654
vt -0.1699414 0.19901
vt -0.162786 0.1954323
vt 0.1592083 0.2025878
vt 0.162786 0.1954323
vt 0.1699414 0.19901
vt 0.1663637 0.2061654
vt 0.1443803 0.1832058
vt 0.1508901 0.1785558
vt 0.1555401 0.1850656
vt 0.1490303 0.1897156
vt -0.1443803 0.1832058
vt -0.1490302 0.1897156
vt -0.1555401 0.1850656
vt -0.1508901 0.1785558
vt 0.03928321 0.07729034
vt 0.03659247 0.06975643
vt 0.04412638 0.06706568
vt 0.04681713 0.07459961
vt -0.03928321 0.07729034
vt -0.04681713 0.0745996
vt -0.04412638 0.06706569
vt -0.03659246 0.06975642
vt -0.1699414 0.1811215
vt -0.1770968 0.1846992
vt -0.1806745 0.1775438
vt -0.1735191 0.1739661
vt 0.1699413 0.1811215
vt 0.173519 0.1739661
vt 0.1806745 0.1775438
vt 0.1770968 0.1846992
vt 0.1443802 0.1832058
vt 0.1508901 0.1785558
vt 0.15554 0.1850657
vt 0.1490302 0.1897157
vt -0.1443802 0.1832058
vt -0.1490302 0.1897157
vt -0.15554 0.1850657
vt -0.1508901 0.1785558
vt 0.03390189 0.06222244
vt 0.03121116 0.05468852
vt 0.03874508 0.05199779
vt 0.04143581 0.05953171
vt -0.03390189 0.06222244
vt -0.04143581 0.05953171
vt -0.03874508 0.05199779
vt -0.03121116 0.05468852
vt -0.1770967 0.1668106
vt -0.1842522 0.1703883
vt -0.1878299 0.1632329
vt -0.1806744 0.1596552
vt 0.1770967 0.1668106
vt 0.1806744 0.1596552
vt 0.1878299 0.1632329
vt 0.1842521 0.1703883
vt 0.1443802 0.1832058
vt 0.15089 0.1785559
vt 0.15554 0.1850657
vt 0.1490301 0.1897157
vt -0.1443802 0.1832058
vt -0.1490301 0.1897157
vt -0.15554 0.1850657
vt -0.15089 0.1785559
vt 0.02044853 0.02455269
vt 0.01775781 0.01701877
vt 0.02529173 0.01432804
vt 0.02798245 0.02186196
vt -0.02044853 0.02455269
vt -0.02798245 0.02186196
vt -0.02529173 0.01432804
vt -0.01775781 0.01701877
vt -0.1949852 0.1310336
vt -0.2021406 0.1346113
vt -0.2057184 0.1274559
vt -0.1985629 0.1238781
vt 0.1949852 0.1310336
vt 0.1985629 0.1238781
vt 0.2057184 0.1274559
vt 0.2021406 0.1346113
vt 0.1490303 0.1897155
vt 0.1555402 0.1850656
vt 0.1601901 0.1915754
vt 0.1536803 0.1962254
vt -0.1490303 0.1897156
vt -0.1536803 0.1962254
vt -0.1601901 0.1915754
vt -0.1555402 0.1850656
vt 0.02582964 0.0396206
vt 0.0231389 0.03208669
vt 0.03067282 0.02939594
vt 0.03336356 0.03692986
vt -0.02582964 0.0396206
vt -0.03336356 0.03692986
vt -0.03067282 0.02939595
vt -0.0231389 0.03208669
vt -0.1949853 0.1489221
vt -0.2021407 0.1524998
vt -0.2057184 0.1453444
vt -0.198563 0.1417667
vt 0.1949853 0.1489221
vt 0.198563 0.1417667
vt 0.2057184 0.1453444
vt 0.2021407 0.1524998
vt 0.1490295 0.1897161
vt 0.1555394 0.1850662
vt 0.1601893 0.1915761
vt 0.1536794 0.196226
vt -0.1490295 0.1897161
vt -0.1536794 0.196226
vt -0.1601893 0.1915761
vt -0.1555394 0.1850662
vt 0.01775853 0.01701864
vt 0.01506784 0.00948471
vt 0.02260177 0.006794017
vt 0.02529247 0.01432795
vt -0.01775853 0.01701864
vt -0.02529247 0.01432795
vt -0.02260177 0.006794016
vt -0.01506784 0.00948471
vt -0.2057183 0.1274559
vt -0.2128737 0.1310336
vt -0.2164514 0.1238782
vt -0.209296 0.1203005
vt 0.2057183 0.1274559
vt 0.209296 0.1203005
vt 0.2164514 0.1238782
vt 0.2128737 0.1310336
vt 0.1490296 0.1897161
vt 0.1555395 0.1850662
vt 0.1601894 0.191576
vt 0.1536795 0.196226
vt -0.1490296 0.1897161
vt -0.1536795 0.196226
vt -0.1601894 0.191576
vt -0.1555395 0.1850662
vt 0.0150678 0.009484721
vt 0.01237711 0.001950788
vt 0.01991104 -0.0007399076
vt 0.02260173 0.006794026
vt -0.0150678 0.009484721
vt -0.02260173 0.006794026
vt -0.01991104 -0.0007399077
vt -0.01237711 0.001950788
vt -0.209296 0.1203005
vt -0.2164514 0.1238782
vt -0.2200291 0.1167228
vt -0.2128737 0.1131451
vt 0.209296 0.1203005
vt 0.2128737 0.1131451
vt 0.2200291 0.1167228
vt 0.2164514 0.1238782
vt 0.1443802 0.1832058
vt 0.15089 0.1785559
vt 0.15554 0.1850657
vt 0.1490302 0.1897157
vt -0.1443802 0.1832058
vt -0.1490302 0.1897157
vt -0.15554 0.1850657
vt -0.15089 0.1785559
vt 0.0231392 0.03208663
vt 0.02044847 0.02455271
vt 0.02798239 0.02186198
vt 0.03067312 0.0293959
vt -0.0231392 0.03208663
vt -0.03067312 0.0293959
vt -0.02798239 0.02186198
vt -0.02044847 0.02455271
vt -0.1914075 0.138189
vt -0.1985629 0.1417667
vt -0.2021406 0.1346113
vt -0.1949852 0.1310336
vt 0.1914075 0.138189
vt 0.1949852 0.1310336
vt 0.2021407 0.1346113
vt 0.1985629 0.1417667
vt 0.1397302 0.176696
vt 0.14624 0.1720461
vt 0.15089 0.1785559
vt 0.1443802 0.1832059
vt -0.1397302 0.176696
vt -0.1443802 0.1832059
vt -0.15089 0.1785559
vt -0.14624 0.1720461
vt 0.01775793 0.01701873
vt 0.0150672 0.009484803
vt 0.02260113 0.006794082
vt 0.02529185 0.014328
vt -0.01775793 0.01701873
vt -0.02529185 0.01432801
vt -0.02260113 0.006794081
vt -0.0150672 0.009484805
vt -0.1914075 0.1203004
vt -0.1985629 0.1238782
vt -0.2021406 0.1167227
vt -0.1949852 0.113145
vt 0.1914075 0.1203004
vt 0.1949852 0.113145
vt 0.2021406 0.1167227
vt 0.1985629 0.1238782
vt 0.1462399 0.1720462
vt 0.1508898 0.178556
vt 0.14438 0.183206
vt 0.1397301 0.1766961
vt -0.1462399 0.1720462
vt -0.1397301 0.1766961
vt -0.14438 0.1832059
vt -0.1508898 0.178556
vt 0.1949852 0.113145
vt 0.1985629 0.1059896
vt 0.2057183 0.1095673
vt 0.2021406 0.1167227
vt -0.1949852 0.113145
vt -0.2021406 0.1167227
vt -0.2057183 0.1095673
vt -0.1985629 0.1059896
vt 0.0226015 0.006794392
vt 0.01506757 0.009485096
vt 0.01237687 0.001951165
vt 0.0199108 -0.0007395379
vt -0.0226015 0.006794393
vt -0.0199108 -0.0007395381
vt -0.01237687 0.001951165
vt -0.01506757 0.009485095
vt 0.1462399 0.1720462
vt 0.1508898 0.1785561
vt 0.14438 0.183206
vt 0.13973 0.1766961
vt -0.1462399 0.1720462
vt -0.13973 0.1766962
vt -0.14438 0.183206
vt -0.1508898 0.1785561
vt 0.1985629 0.1059896
vt 0.2021406 0.09883416
vt 0.209296 0.1024119
vt 0.2057183 0.1095673
vt -0.1985629 0.1059896
vt -0.2057184 0.1095673
vt -0.209296 0.1024119
vt -0.2021406 0.09883416
vt 0.01991084 -0.0007395511
vt 0.01237691 0.00195115
vt 0.009686209 -0.005582782
vt 0.01722014 -0.008273482
vt -0.01991084 -0.0007395513
vt -0.01722014 -0.008273483
vt -0.009686209 -0.005582782
vt -0.01237691 0.001951149
vt 0.1462399 0.1720463
vt 0.1508898 0.1785561
vt 0.1443799 0.183206
vt 0.13973 0.1766962
vt -0.1462398 0.1720462
vt -0.13973 0.1766962
vt -0.1443799 0.183206
vt -0.1508898 0.1785561
vt 0.2021406 0.09883418
vt 0.2057183 0.09167875
vt 0.2128737 0.09525646
vt 0.209296 0.1024119
vt -0.2021406 0.09883417
vt -0.209296 0.1024119
vt -0.2128737 0.09525645
vt -0.2057183 0.09167875
vt 0.01722019 -0.008273496
vt 0.009686253 -0.005582797
vt 0.006995554 -0.01311673
vt 0.01452949 -0.01580743
vt -0.01722019 -0.008273496
vt -0.01452949 -0.01580743
vt -0.006995554 -0.01311673
vt -0.009686253 -0.005582797
vt 0.1536802 0.1962254
vt 0.16019 0.1915755
vt 0.16484 0.1980853
vt 0.1583302 0.2027353
vt -0.1536802 0.1962254
vt -0.1583302 0.2027353
vt -0.16484 0.1980853
vt -0.16019 0.1915755
vt 0.004304145 -0.02065094
vt 0.001613414 -0.02818486
vt 0.009147336 -0.0308756
vt 0.01183807 -0.02334167
vt -0.004304145 -0.02065094
vt -0.01183807 -0.02334167
vt -0.009147336 -0.0308756
vt -0.001613415 -0.02818486
vt -0.2307623 0.09525646
vt -0.2379177 0.09883417
vt -0.2414954 0.09167875
vt -0.23434 0.08810104
vt 0.2307623 0.09525646
vt 0.23434 0.08810104
vt 0.2414954 0.09167875
vt 0.2379177 0.09883416
vt 0.1397299 0.1766963
vt 0.1462397 0.1720463
vt 0.1508896 0.1785562
vt 0.1443798 0.1832061
vt -0.1397299 0.1766963
vt -0.1443798 0.1832061
vt -0.1508896 0.1785562
vt -0.1462397 0.1720463
vt 0.00699476 -0.01311714
vt 0.004304038 -0.02065106
vt 0.01183796 -0.02334179
vt 0.01452868 -0.01580786
vt -0.00699476 -0.01311714
vt -0.01452868 -0.01580786
vt -0.01183796 -0.02334179
vt -0.004304038 -0.02065106
vt -0.2057184 0.09167866
vt -0.2128738 0.09525637
vt -0.2164515 0.08810095
vt -0.2092961 0.08452325
vt 0.2057184 0.09167866
vt 0.2092961 0.08452324
vt 0.2164515 0.08810095
vt 0.2128738 0.09525637
vt 0.1397299 0.1766962
vt 0.1462397 0.1720463
vt 0.1508897 0.1785561
vt 0.1443799 0.1832061
vt -0.1397299 0.1766962
vt -0.1443798 0.1832061
vt -0.1508897 0.1785561
vt -0.1462397 0.1720463
vt 0.001613254 -0.02818501
vt -0.001077471 -0.03571893
vt 0.006456453 -0.03840966
vt 0.009147177 -0.03087573
vt -0.001613252 -0.02818501
vt -0.009147177 -0.03087573
vt -0.006456452 -0.03840966
vt 0.001077471 -0.03571893
vt -0.2128738 0.0773678
vt -0.2200292 0.08094553
vt -0.2236069 0.07379011
vt -0.2164515 0.0702124
vt 0.2128738 0.07736781
vt 0.2164515 0.07021239
vt 0.2236069 0.07379012
vt 0.2200292 0.08094553
vt 0.1397299 0.1766962
vt 0.1462398 0.1720462
vt 0.1508897 0.1785561
vt 0.1443799 0.183206
vt -0.1397299 0.1766962
vt -0.1443799 0.183206
vt -0.1508897 0.1785561
vt -0.1462398 0.1720462
vt -0.001077399 -0.03571891
vt -0.003768123 -0.04325283
vt 0.0037658 -0.04594355
vt 0.006456524 -0.03840964
vt 0.0010774 -0.03571891
vt -0.006456523 -0.03840964
vt -0.003765801 -0.04594356
vt 0.003768123 -0.04325283
vt -0.2164515 0.07021239
vt -0.2236069 0.07379012
vt -0.2271846 0.0666347
vt -0.2200292 0.06305699
vt 0.2164515 0.0702124
vt 0.2200292 0.06305698
vt 0.2271847 0.0666347
vt 0.2236069 0.07379011
vt 0.1397299 0.1766962
vt 0.1462398 0.1720462
vt 0.1508897 0.1785561
vt 0.1443799 0.183206
vt -0.1397299 0.1766962
vt -0.1443799 0.183206
vt -0.1508897 0.1785561
vt -0.1462398 0.1720462
vt -0.003768106 -0.04325284
vt -0.00645883 -0.05078676
vt 0.001075093 -0.05347748
vt 0.003765817 -0.04594357
vt 0.003768107 -0.04325284
vt -0.003765816 -0.04594357
vt -0.001075094 -0.05347748
vt 0.00645883 -0.05078676
vt -0.2200292 0.06305698
vt -0.2271846 0.0666347
vt -0.2307623 0.05947928
vt -0.2236069 0.05590157
vt 0.2200292 0.06305698
vt 0.2236069 0.05590156
vt 0.2307623 0.05947928
vt 0.2271846 0.06663469
vt 0.1397302 0.176696
vt 0.1462401 0.1720461
vt 0.15089 0.1785559
vt 0.1443802 0.1832059
vt -0.1397302 0.176696
vt -0.1443802 0.1832059
vt -0.15089 0.1785559
vt -0.1462401 0.1720461
vt 0.02044859 0.02455267
vt 0.01775787 0.01701875
vt 0.02529179 0.01432802
vt 0.02798251 0.02186194
vt -0.02044859 0.02455267
vt -0.02798252 0.02186195
vt -0.02529179 0.01432802
vt -0.01775787 0.01701875
vt -0.1878298 0.1274559
vt -0.1949852 0.1310336
vt -0.1985629 0.1238782
vt -0.1914075 0.1203004
vt 0.1878298 0.1274559
vt 0.1914075 0.1203004
vt 0.1985629 0.1238782
vt 0.1949852 0.1310336
vt 0.1397302 0.176696
vt 0.1462401 0.1720461
vt 0.15089 0.1785559
vt 0.1443802 0.1832059
vt -0.1397302 0.176696
vt -0.1443802 0.1832059
vt -0.15089 0.1785559
vt -0.1462401 0.1720461
vt 0.03659265 0.06975635
vt 0.03390192 0.06222243
vt 0.04143585 0.0595317
vt 0.04412658 0.06706562
vt -0.03659265 0.06975634
vt -0.04412658 0.06706562
vt -0.04143585 0.0595317
vt -0.03390193 0.06222243
vt -0.1663636 0.1703884
vt -0.173519 0.1739661
vt -0.1770967 0.1668107
vt -0.1699413 0.163233
vt 0.1663636 0.1703884
vt 0.1699413 0.163233
vt 0.1770968 0.1668107
vt 0.173519 0.1739661
vt 0.1350802 0.1701862
vt 0.1415901 0.1655363
vt 0.14624 0.1720461
vt 0.1397302 0.176696
vt -0.1350802 0.1701862
vt -0.1397302 0.176696
vt -0.14624 0.1720461
vt -0.1415901 0.1655362
vt 0.03928342 0.07729027
vt 0.0365927 0.06975634
vt 0.04412661 0.06706561
vt 0.04681734 0.07459953
vt -0.03928342 0.07729027
vt -0.04681735 0.07459954
vt -0.04412661 0.06706561
vt -0.0365927 0.06975634
vt -0.1556304 0.1739661
vt -0.1627859 0.1775438
vt -0.1663636 0.1703884
vt -0.1592082 0.1668107
vt 0.1556305 0.1739661
vt 0.1592081 0.1668107
vt 0.1663636 0.1703884
vt 0.1627859 0.1775438
vt -0.1770966 0.1310336
vt -0.159208 0.1668107
vt -0.1663634 0.1703884
vt -0.184252 0.1346114
vt 0.1770966 0.1310336
vt 0.184252 0.1346114
vt 0.1663634 0.1703884
vt 0.159208 0.1668107
vt 0.02313992 0.03208633
vt 0.03067386 0.02939564
vt 0.04412733 0.06706531
vt 0.03659339 0.069756
vt -0.02313993 0.03208637
vt -0.0365934 0.06975605
vt -0.04412734 0.06706536
vt -0.03067387 0.02939568
vt -0.1350797 0.1701867
vt -0.1397296 0.1766966
vt -0.1462395 0.1720467
vt -0.1415896 0.1655368
vt 0.1350798 0.1701867
vt 0.1415896 0.1655368
vt 0.1462395 0.1720466
vt 0.1397297 0.1766965
vt 0.1462397 0.1720463
vt 0.1508896 0.1785562
vt 0.1443798 0.1832061
vt 0.1397299 0.1766963
vt -0.1462397 0.1720463
vt -0.1397299 0.1766963
vt -0.1443798 0.1832061
vt -0.1508896 0.1785562
vt 0.1806743 0.1417667
vt 0.184252 0.1346113
vt 0.1914074 0.138189
vt 0.1878297 0.1453444
vt -0.1806743 0.1417667
vt -0.1878297 0.1453444
vt -0.1914074 0.138189
vt -0.184252 0.1346113
vt 0.03336454 0.03692988
vt 0.02583061 0.03962057
vt 0.02313991 0.03208664
vt 0.03067385 0.02939594
vt -0.03336454 0.03692988
vt -0.03067385 0.02939594
vt -0.02313991 0.03208664
vt -0.02583061 0.03962057
vt 0.1462398 0.1720463
vt 0.1508897 0.1785561
vt 0.1443798 0.1832061
vt 0.1397299 0.1766962
vt -0.1462398 0.1720463
vt -0.1397299 0.1766962
vt -0.1443798 0.1832061
vt -0.1508897 0.1785561
vt 0.184252 0.1346113
vt 0.1878297 0.1274559
vt 0.1949852 0.1310336
vt 0.1914075 0.138189
vt -0.184252 0.1346113
vt -0.1914074 0.138189
vt -0.1949852 0.1310336
vt -0.1878297 0.1274559
vt 0.03067378 0.02939596
vt 0.02313985 0.03208666
vt 0.02044915 0.02455273
vt 0.02798308 0.02186203
vt -0.03067378 0.02939596
vt -0.02798308 0.02186203
vt -0.02044915 0.02455273
vt -0.02313985 0.03208666
vt 0.1350804 0.1701861
vt 0.1415903 0.1655361
vt 0.1462402 0.1720459
vt 0.1397304 0.1766959
vt -0.1350804 0.1701861
vt -0.1397304 0.1766959
vt -0.1462402 0.1720459
vt -0.1415903 0.1655361
vt 0.004304239 -0.02065091
vt 0.001613511 -0.02818483
vt 0.009147434 -0.03087556
vt 0.01183816 -0.02334164
vt -0.004304239 -0.02065091
vt -0.01183816 -0.02334164
vt -0.009147434 -0.03087556
vt -0.001613511 -0.02818483
vt -0.2021406 0.08094561
vt -0.2092961 0.08452333
vt -0.2128738 0.07736791
vt -0.2057184 0.07379021
vt 0.2021406 0.08094562
vt 0.2057184 0.0737902
vt 0.2128738 0.07736792
vt 0.2092961 0.08452332
vt 0.13508 0.1701863
vt 0.1415899 0.1655364
vt 0.1462398 0.1720462
vt 0.13973 0.1766962
vt -0.13508 0.1701863
vt -0.1397299 0.1766962
vt -0.1462398 0.1720462
vt -0.1415899 0.1655364
vt -0.001077324 -0.03571893
vt -0.003768047 -0.04325285
vt 0.003765876 -0.04594357
vt 0.0064566 -0.03840965
vt 0.001077324 -0.03571893
vt -0.006456599 -0.03840965
vt -0.003765876 -0.04594357
vt 0.003768047 -0.04325285
vt -0.2092961 0.0666347
vt -0.2164515 0.07021241
vt -0.2200292 0.06305699
vt -0.2128738 0.05947929
vt 0.2092961 0.0666347
vt 0.2128738 0.05947928
vt 0.2200292 0.063057
vt 0.2164515 0.07021241
vt 0.13043 0.1636765
vt 0.1369399 0.1590265
vt 0.1415898 0.1655364
vt 0.13508 0.1701863
vt -0.1304301 0.1636765
vt -0.13508 0.1701863
vt -0.1415898 0.1655364
vt -0.1369399 0.1590265
vt -0.00107725 -0.03571894
vt -0.003767971 -0.04325286
vt 0.003765954 -0.04594358
vt 0.006456673 -0.03840966
vt 0.00107725 -0.03571894
vt -0.006456675 -0.03840966
vt -0.003765953 -0.04594358
vt 0.00376797 -0.04325286
vt -0.2021406 0.06305701
vt -0.2092961 0.06663473
vt -0.2128738 0.05947931
vt -0.2057184 0.05590159
vt 0.2021406 0.06305701
vt 0.2057184 0.05590159
vt 0.2128738 0.05947931
vt 0.209296 0.06663472
vt 0.1350804 0.170186
vt 0.1415903 0.1655361
vt 0.1462402 0.1720459
vt 0.1397304 0.1766959
vt -0.1350804 0.170186
vt -0.1397304 0.1766959
vt -0.1462402 0.1720459
vt -0.1415903 0.1655361
vt 0.001613573 -0.02818485
vt -0.001077155 -0.03571877
vt 0.006456768 -0.0384095
vt 0.009147495 -0.03087558
vt -0.001613573 -0.02818485
vt -0.009147495 -0.03087558
vt -0.006456768 -0.0384095
vt 0.001077154 -0.03571877
vt -0.2057183 0.07379019
vt -0.2128737 0.0773679
vt -0.2164515 0.07021248
vt -0.209296 0.06663478
vt 0.2057183 0.07379019
vt 0.209296 0.06663477
vt 0.2164515 0.07021249
vt 0.2128737 0.07736789
vt 0.1304305 0.1636761
vt 0.1369404 0.1590262
vt 0.1415903 0.165536
vt 0.1350805 0.170186
vt -0.1304305 0.1636762
vt -0.1350805 0.170186
vt -0.1415903 0.165536
vt -0.1369404 0.1590262
vt 0.001613653 -0.02818483
vt -0.001077074 -0.03571875
vt 0.006456848 -0.03840948
vt 0.009147574 -0.03087556
vt -0.001613652 -0.02818483
vt -0.009147575 -0.03087556
vt -0.006456847 -0.03840948
vt 0.001077074 -0.03571875
vt -0.1985629 0.0702125
vt -0.2057184 0.07379021
vt -0.209296 0.0666348
vt -0.2021406 0.06305709
vt 0.1985629 0.0702125
vt 0.2021406 0.06305708
vt 0.2092961 0.0666348
vt 0.2057183 0.07379021
vt 0.1304302 0.1636765
vt 0.13694 0.1590265
vt 0.14159 0.1655364
vt 0.1350801 0.1701863
vt -0.1304301 0.1636765
vt -0.1350801 0.1701863
vt -0.1415899 0.1655364
vt -0.13694 0.1590265
vt 0.0231397 0.03208648
vt 0.001614005 -0.02818493
vt 0.00914793 -0.03087565
vt 0.03067362 0.02939578
vt -0.02313942 0.03208656
vt -0.03067335 0.02939584
vt -0.009147613 -0.03087556
vt -0.001613686 -0.02818485
vt -0.1699412 0.1274559
vt -0.1770966 0.1310336
vt -0.2057183 0.07379024
vt -0.1985629 0.07021253
vt 0.1699412 0.1274559
vt 0.1985629 0.07021253
vt 0.2057183 0.07379024
vt 0.1770967 0.1310336
vt 0.14159 0.1655364
vt 0.1462399 0.1720462
vt 0.1397301 0.1766962
vt 0.1350801 0.1701863
vt -0.14159 0.1655363
vt -0.1350802 0.1701863
vt -0.1397301 0.1766961
vt -0.1462399 0.1720462
vt 0.1878298 0.1095673
vt 0.2021406 0.0809456
vt 0.209296 0.08452329
vt 0.1949852 0.113145
vt -0.1878298 0.1095673
vt -0.1949852 0.113145
vt -0.209296 0.08452328
vt -0.2021406 0.0809456
vt 0.02260149 0.00679457
vt 0.01506756 0.009485269
vt 0.004304769 -0.02065046
vt 0.0118387 -0.02334116
vt -0.02260179 0.006794441
vt -0.01183902 -0.0233413
vt -0.00430508 -0.02065061
vt -0.01506785 0.009485134
vt 0.1257801 0.1571667
vt 0.13229 0.1525167
vt 0.1369399 0.1590266
vt 0.1304301 0.1636765
vt -0.1257801 0.1571667
vt -0.13043 0.1636765
vt -0.1369399 0.1590266
vt -0.1322899 0.1525167
vt 0.001613526 -0.02818502
vt -0.001077194 -0.03571894
vt 0.00645673 -0.03840967
vt 0.009147451 -0.03087574
vt -0.001613525 -0.02818502
vt -0.009147449 -0.03087574
vt -0.00645673 -0.03840967
vt 0.001077194 -0.03571894
vt -0.1914075 0.06663473
vt -0.1985629 0.07021245
vt -0.2021406 0.06305703
vt -0.1949852 0.05947931
vt 0.1914075 0.06663473
vt 0.1949852 0.05947931
vt 0.2021406 0.06305703
vt 0.1985629 0.07021244
vt 0.1257806 0.1571663
vt 0.1322904 0.1525164
vt 0.1369404 0.1590262
vt 0.1304305 0.1636762
vt -0.1257806 0.1571663
vt -0.1304305 0.1636762
vt -0.1369404 0.1590262
vt -0.1322904 0.1525164
vt 0.004304431 -0.02065088
vt 0.001613706 -0.02818481
vt 0.009147628 -0.03087553
vt 0.01183835 -0.02334161
vt -0.004304432 -0.02065088
vt -0.01183835 -0.02334161
vt -0.009147628 -0.03087553
vt -0.001613706 -0.02818481
vt -0.1878298 0.07379022
vt -0.1949852 0.07736794
vt -0.1985629 0.07021251
vt -0.1914075 0.0666348
vt 0.1878298 0.07379022
vt 0.1914075 0.0666348
vt 0.1985629 0.07021251
vt 0.1949852 0.07736794
vt 0.1211302 0.1506568
vt 0.12764 0.1460069
vt 0.1322899 0.1525168
vt 0.1257801 0.1571667
vt -0.1211302 0.1506568
vt -0.1257801 0.1571667
vt -0.1322899 0.1525168
vt -0.12764 0.1460069
vt 0.001613592 -0.02818503
vt -0.001077124 -0.03571896
vt 0.006456802 -0.03840968
vt 0.009147519 -0.03087575
vt -0.001613593 -0.02818503
vt -0.009147519 -0.03087575
vt -0.006456802 -0.03840967
vt 0.001077125 -0.03571896
vt -0.1842521 0.06305702
vt -0.1914075 0.06663475
vt -0.1949852 0.05947933
vt -0.1878298 0.05590161
vt 0.1842521 0.06305703
vt 0.1878298 0.05590161
vt 0.1949852 0.05947933
vt 0.1914075 0.06663474
vt 0.1164803 0.1441469
vt 0.1229901 0.139497
vt 0.1276401 0.1460069
vt 0.1211302 0.1506568
vt -0.1164803 0.1441469
vt -0.1211302 0.1506568
vt -0.1276401 0.1460069
vt -0.1229901 0.139497
vt -0.001076988 -0.03571891
vt -0.003767705 -0.04325284
vt 0.003766221 -0.04594356
vt 0.006456939 -0.03840963
vt 0.001076988 -0.03571891
vt -0.006456939 -0.03840963
vt -0.003766221 -0.04594356
vt 0.003767705 -0.04325284
vt -0.1806743 0.05232392
vt -0.1878298 0.05590163
vt -0.1914075 0.04874621
vt -0.1842521 0.0451685
vt 0.1806744 0.05232392
vt 0.1842521 0.0451685
vt 0.1914075 0.04874621
vt 0.1878298 0.05590163
vt 0.1164803 0.1441469
vt 0.1229901 0.139497
vt 0.12764 0.1460069
vt 0.1211302 0.1506568
vt -0.1164803 0.1441469
vt -0.1211302 0.1506568
vt -0.12764 0.1460069
vt -0.1229901 0.139497
vt 0.001613669 -0.02818501
vt -0.001077047 -0.03571894
vt 0.006456879 -0.03840965
vt 0.009147595 -0.03087572
vt -0.001613669 -0.02818501
vt -0.009147595 -0.03087572
vt -0.006456879 -0.03840965
vt 0.001077047 -0.03571893
vt -0.1770967 0.05947932
vt -0.1842521 0.06305704
vt -0.1878298 0.05590162
vt -0.1806744 0.05232391
vt 0.1770967 0.05947932
vt 0.1806744 0.05232391
vt 0.1878298 0.05590162
vt 0.1842521 0.06305704
vt 0.1211302 0.1506568
vt 0.12764 0.1460069
vt 0.13229 0.1525168
vt 0.1257801 0.1571667
vt -0.1211302 0.1506568
vt -0.1257801 0.1571667
vt -0.13229 0.1525167
vt -0.12764 0.1460069
vt 0.004304354 -0.02065105
vt 0.001613638 -0.02818497
vt 0.009147564 -0.03087569
vt 0.01183828 -0.02334176
vt -0.004304354 -0.02065105
vt -0.01183828 -0.02334176
vt -0.009147565 -0.03087569
vt -0.001613638 -0.02818497
vt -0.1806744 0.07021245
vt -0.1878298 0.07379016
vt -0.1914075 0.06663474
vt -0.1842521 0.06305703
vt 0.1806744 0.07021245
vt 0.1842521 0.06305703
vt 0.1914075 0.06663474
vt 0.1878298 0.07379016
vt 0.1257806 0.1571663
vt 0.1322904 0.1525164
vt 0.1369403 0.1590263
vt 0.1304305 0.1636762
vt -0.1257806 0.1571663
vt -0.1304305 0.1636762
vt -0.1369403 0.1590263
vt -0.1322904 0.1525164
vt 0.006995169 -0.01311697
vt 0.004304443 -0.02065089
vt 0.01183837 -0.02334161
vt 0.01452909 -0.01580769
vt -0.006995169 -0.01311697
vt -0.01452909 -0.01580769
vt -0.01183837 -0.02334161
vt -0.004304444 -0.02065089
vt -0.1842521 0.08094565
vt -0.1914075 0.08452336
vt -0.1949852 0.07736795
vt -0.1878298 0.07379023
vt 0.1842521 0.08094565
vt 0.1878298 0.07379023
vt 0.1949852 0.07736795
vt 0.1914075 0.08452336
vt 0.1257805 0.1571664
vt 0.1322903 0.1525165
vt 0.1369403 0.1590263
vt 0.1304304 0.1636762
vt -0.1257805 0.1571664
vt -0.1304304 0.1636762
vt -0.1369403 0.1590263
vt -0.1322903 0.1525165
vt 0.009685904 -0.005583045
vt 0.006995182 -0.01311697
vt 0.01452911 -0.01580769
vt 0.01721983 -0.008273767
vt -0.009685905 -0.005583045
vt -0.01721983 -0.008273767
vt -0.01452911 -0.01580769
vt -0.006995182 -0.01311697
vt -0.1806744 0.08810107
vt -0.1878298 0.09167878
vt -0.1914075 0.08452336
vt -0.1842521 0.08094566
vt 0.1806744 0.08810107
vt 0.1842521 0.08094566
vt 0.1914075 0.08452336
vt 0.1878298 0.09167878
vt 0.1211303 0.1506568
vt 0.1276402 0.1460068
vt 0.1322901 0.1525167
vt 0.1257802 0.1571666
vt -0.1211302 0.1506568
vt -0.1257801 0.1571667
vt -0.13229 0.1525168
vt -0.12764 0.1460069
vt 0.02044902 0.02455266
vt 0.004304777 -0.02065092
vt 0.01183871 -0.02334162
vt 0.02798295 0.02186195
vt -0.02044915 0.02455262
vt -0.02798308 0.02186192
vt -0.01183886 -0.02334166
vt -0.004304931 -0.02065096
vt -0.1592081 0.1131451
vt -0.1663635 0.1167228
vt -0.1878297 0.07379025
vt -0.1806743 0.07021255
vt 0.1592081 0.1131451
vt 0.1806743 0.07021255
vt 0.1878298 0.07379026
vt 0.1663635 0.1167228
vt 0.1164803 0.144147
vt 0.1229901 0.139497
vt 0.12764 0.1460069
vt 0.1211302 0.1506568
vt -0.1164803 0.144147
vt -0.1211302 0.1506568
vt -0.12764 0.1460069
vt -0.1229901 0.139497
vt 0.004304341 -0.02065107
vt 0.001613623 -0.02818499
vt 0.00914755 -0.03087571
vt 0.01183827 -0.02334179
vt -0.00430434 -0.02065107
vt -0.01183827 -0.02334178
vt -0.009147549 -0.03087571
vt -0.001613623 -0.02818499
vt -0.173519 0.06663474
vt -0.1806744 0.07021245
vt -0.1842521 0.06305704
vt -0.1770967 0.05947933
vt 0.173519 0.06663474
vt 0.1770967 0.05947933
vt 0.1842521 0.06305704
vt 0.1806744 0.07021246
vt 0.1164806 0.1441467
vt 0.1229904 0.1394968
vt 0.1276404 0.1460066
vt 0.1211305 0.1506566
vt -0.1164806 0.1441467
vt -0.1211305 0.1506566
vt -0.1276404 0.1460066
vt -0.1229904 0.1394968
vt 0.006995225 -0.01311705
vt 0.004304504 -0.02065098
vt 0.01183843 -0.0233417
vt 0.01452915 -0.01580777
vt -0.006995225 -0.01311705
vt -0.01452915 -0.01580777
vt -0.01183843 -0.0233417
vt -0.004304503 -0.02065098
vt -0.1699412 0.07379023
vt -0.1770966 0.07736794
vt -0.1806744 0.07021253
vt -0.1735189 0.06663481
vt 0.1699412 0.07379023
vt 0.1735189 0.06663481
vt 0.1806744 0.07021253
vt 0.1770966 0.07736794
vt 0.1257804 0.1571665
vt 0.1322903 0.1525165
vt 0.1369402 0.1590264
vt 0.1304304 0.1636763
vt -0.1257804 0.1571665
vt -0.1304304 0.1636763
vt -0.1369402 0.1590264
vt -0.1322903 0.1525165
vt 0.01237664 0.001950875
vt 0.009685918 -0.00558305
vt 0.01721984 -0.008273771
vt 0.01991056 -0.0007398458
vt -0.01237664 0.001950875
vt -0.01991056 -0.0007398456
vt -0.01721984 -0.00827377
vt -0.009685918 -0.00558305
vt -0.1770966 0.09525649
vt -0.1842521 0.0988342
vt -0.1878298 0.09167878
vt -0.1806743 0.08810107
vt 0.1770966 0.09525649
vt 0.1806743 0.08810107
vt 0.1878298 0.09167878
vt 0.1842521 0.0988342
vt 0.1164805 0.1441468
vt 0.1229903 0.1394969
vt 0.1276402 0.1460068
vt 0.1211304 0.1506567
vt -0.1164805 0.1441468
vt -0.1211304 0.1506567
vt -0.1276402 0.1460068
vt -0.1229903 0.1394969
vt 0.009686146 -0.005583088
vt 0.006995436 -0.01311702
vt 0.01452936 -0.01580773
vt 0.01722007 -0.0082738
vt -0.009686145 -0.005583088
vt -0.01722007 -0.0082738
vt -0.01452936 -0.01580773
vt -0.006995435 -0.01311702
vt -0.1663635 0.08094567
vt -0.1735189 0.08452338
vt -0.1770966 0.07736796
vt -0.1699412 0.07379025
vt 0.1663635 0.08094567
vt 0.1699412 0.07379025
vt 0.1770966 0.07736796
vt 0.1735189 0.08452338
vt 0.1257804 0.1571665
vt 0.1322902 0.1525165
vt 0.1369402 0.1590264
vt 0.1304304 0.1636764
vt -0.1257804 0.1571665
vt -0.1304304 0.1636763
vt -0.1369402 0.1590264
vt -0.1322902 0.1525165
vt 0.01506737 0.009484795
vt 0.01237665 0.00195087
vt 0.01991058 -0.0007398492
vt 0.0226013 0.006794076
vt -0.01506737 0.009484796
vt -0.0226013 0.006794076
vt -0.01991058 -0.0007398494
vt -0.01237665 0.00195087
vt -0.1735189 0.1024119
vt -0.1806744 0.1059896
vt -0.1842521 0.0988342
vt -0.1770966 0.09525649
vt 0.1735189 0.1024119
vt 0.1770966 0.09525649
vt 0.1842521 0.0988342
vt 0.1806744 0.1059896
vt 0.1350802 0.1701862
vt 0.1415901 0.1655362
vt 0.14624 0.1720461
vt 0.1397302 0.176696
vt -0.1350802 0.1701862
vt -0.1397302 0.176696
vt -0.14624 0.1720461
vt -0.1415901 0.1655362
vt 0.01775799 0.01701871
vt 0.01506726 0.009484787
vt 0.02260119 0.006794067
vt 0.02529191 0.01432799
vt -0.01775799 0.01701871
vt -0.02529191 0.01432799
vt -0.02260119 0.006794067
vt -0.01506726 0.009484788
vt -0.1842521 0.1167227
vt -0.1914075 0.1203004
vt -0.1949852 0.113145
vt -0.1878298 0.1095673
vt 0.1842521 0.1167227
vt 0.1878298 0.1095673
vt 0.1949852 0.113145
vt 0.1914075 0.1203004
vt 0.1164805 0.1441468
vt 0.1229903 0.1394969
vt 0.1276402 0.1460068
vt 0.1211304 0.1506567
vt -0.1164804 0.1441468
vt -0.1211304 0.1506567
vt -0.1276402 0.1460068
vt -0.1229903 0.1394969
vt 0.01237687 0.001950834
vt 0.009686165 -0.005583095
vt 0.01722009 -0.008273805
vt 0.0199108 -0.0007398774
vt -0.01237688 0.001950834
vt -0.0199108 -0.0007398772
vt -0.01722009 -0.008273805
vt -0.009686165 -0.005583095
vt -0.1627858 0.08810109
vt -0.1699412 0.09167881
vt -0.1735189 0.08452339
vt -0.1663635 0.08094567
vt 0.1627858 0.0881011
vt 0.1663635 0.08094568
vt 0.1735189 0.08452339
vt 0.1699412 0.09167881
vt 0.1257804 0.1571665
vt 0.1322902 0.1525166
vt 0.1369402 0.1590264
vt 0.1304303 0.1636764
vt -0.1257804 0.1571665
vt -0.1304303 0.1636764
vt -0.1369402 0.1590264
vt -0.1322902 0.1525166
vt 0.0177581 0.01701872
vt 0.01506739 0.009484792
vt 0.02260131 0.006794075
vt 0.02529203 0.014328
vt -0.0177581 0.01701872
vt -0.02529203 0.014328
vt -0.02260131 0.006794074
vt -0.01506739 0.009484792
vt -0.1699412 0.1095673
vt -0.1770967 0.113145
vt -0.1806744 0.1059896
vt -0.1735189 0.1024119
vt 0.1699412 0.1095673
vt 0.1735189 0.1024119
vt 0.1806744 0.1059896
vt 0.1770967 0.113145
vt 0.1164804 0.1441469
vt 0.1229903 0.139497
vt 0.1276402 0.1460068
vt 0.1211303 0.1506567
vt -0.1164804 0.1441469
vt -0.1211303 0.1506567
vt -0.1276402 0.1460068
vt -0.1229903 0.139497
vt 0.0150676 0.009484756
vt 0.01237689 0.001950827
vt 0.01991082 -0.0007398814
vt 0.02260153 0.006794048
vt -0.0150676 0.009484756
vt -0.02260153 0.006794048
vt -0.01991082 -0.0007398816
vt -0.01237689 0.001950827
vt -0.1592081 0.0952565
vt -0.1663635 0.09883421
vt -0.1699412 0.09167879
vt -0.1627858 0.08810108
vt 0.1592081 0.0952565
vt 0.1627858 0.08810108
vt 0.1699412 0.09167879
vt 0.1663635 0.09883421
vt 0.1164802 0.1441471
vt 0.1229901 0.1394971
vt 0.12764 0.146007
vt 0.1211301 0.1506569
vt -0.1164802 0.1441471
vt -0.1211301 0.1506569
vt -0.12764 0.146007
vt -0.1229901 0.1394971
vt 0.01775846 0.0170186
vt 0.01506776 0.009484665
vt 0.0226017 0.006793967
vt 0.02529239 0.0143279
vt -0.01775846 0.0170186
vt -0.02529239 0.0143279
vt -0.0226017 0.006793967
vt -0.01506776 0.009484665
vt -0.1556304 0.1024119
vt -0.1627858 0.1059896
vt -0.1663635 0.09883423
vt -0.1592081 0.09525652
vt 0.1556304 0.1024119
vt 0.1592081 0.09525652
vt 0.1663635 0.09883423
vt 0.1627858 0.1059896
vt 0.1257803 0.1571666
vt 0.1322901 0.1525166
vt 0.1369401 0.1590265
vt 0.1304302 0.1636764
vt -0.1257803 0.1571666
vt -0.1304303 0.1636764
vt -0.1369401 0.1590265
vt -0.1322902 0.1525166
vt 0.02044883 0.02455264
vt 0.01775812 0.01701871
vt 0.02529204 0.014328
vt 0.02798276 0.02186192
vt -0.02044883 0.02455264
vt -0.02798276 0.02186192
vt -0.02529204 0.014328
vt -0.01775812 0.01701871
vt -0.1663635 0.1167228
vt -0.1735189 0.1203005
vt -0.1770967 0.1131451
vt -0.1699412 0.1095673
vt 0.1663635 0.1167227
vt 0.1699412 0.1095673
vt 0.1770966 0.1131451
vt 0.1735189 0.1203005
vt 0.1257803 0.1571666
vt 0.1322901 0.1525167
vt 0.13694 0.1590265
vt 0.1304302 0.1636764
vt -0.1257803 0.1571666
vt -0.1304302 0.1636765
vt -0.13694 0.1590265
vt -0.1322901 0.1525167
vt 0.02313959 0.03208655
vt 0.02044888 0.02455262
vt 0.02798281 0.02186191
vt 0.03067352 0.02939584
vt -0.02313959 0.03208655
vt -0.03067352 0.02939584
vt -0.02798281 0.02186191
vt -0.02044888 0.02455262
vt -0.1627858 0.1238782
vt -0.1699412 0.1274559
vt -0.1735189 0.1203005
vt -0.1663635 0.1167227
vt 0.1627858 0.1238782
vt 0.1663635 0.1167228
vt 0.1735189 0.1203005
vt 0.1699412 0.1274559
vt 0.13043 0.1636766
vt 0.1369398 0.1590267
vt 0.1415897 0.1655366
vt 0.1350799 0.1701865
vt -0.13043 0.1636766
vt -0.1350799 0.1701865
vt -0.1415897 0.1655366
vt -0.1369398 0.1590267
vt 0.0258305 0.03962041
vt 0.02313979 0.03208647
vt 0.03067373 0.02939577
vt 0.03336443 0.03692971
vt -0.0258305 0.03962041
vt -0.03336443 0.03692971
vt -0.03067373 0.02939577
vt -0.02313979 0.03208647
vt -0.1663635 0.1346113
vt -0.1735189 0.138189
vt -0.1770966 0.1310336
vt -0.1699412 0.1274559
vt 0.1663635 0.1346113
vt 0.1699412 0.1274559
vt 0.1770966 0.1310336
vt 0.1735189 0.138189
vt 0.1211304 0.1506567
vt 0.1276402 0.1460068
vt 0.1322902 0.1525166
vt 0.1257803 0.1571666
vt -0.1211304 0.1506567
vt -0.1257803 0.1571666
vt -0.1322902 0.1525166
vt -0.1276402 0.1460068
vt 0.02313959 0.03208659
vt 0.02044888 0.02455266
vt 0.0279828 0.02186195
vt 0.03067352 0.02939587
vt -0.02313959 0.03208659
vt -0.03067352 0.02939587
vt -0.0279828 0.02186195
vt -0.02044888 0.02455266
vt -0.1556304 0.1203005
vt -0.1627858 0.1238782
vt -0.1663635 0.1167228
vt -0.1592081 0.1131451
vt 0.1556304 0.1203005
vt 0.1592081 0.1131451
vt 0.1663635 0.1167227
vt 0.1627858 0.1238782
vt 0.1164804 0.1441469
vt 0.1229902 0.139497
vt 0.1276401 0.1460069
vt 0.1211303 0.1506568
vt -0.1164804 0.1441469
vt -0.1211303 0.1506568
vt -0.1276401 0.1460069
vt -0.1229902 0.139497
vt 0.02044906 0.02455264
vt 0.01775836 0.01701871
vt 0.02529229 0.014328
vt 0.02798299 0.02186193
vt -0.02044906 0.02455264
vt -0.02798299 0.02186193
vt -0.02529229 0.014328
vt -0.01775836 0.01701871
vt -0.1520527 0.1095674
vt -0.1592081 0.1131451
vt -0.1627858 0.1059896
vt -0.1556304 0.1024119
vt 0.1520527 0.1095674
vt 0.1556304 0.1024119
vt 0.1627858 0.1059896
vt 0.1592081 0.1131451
vt 0.1164803 0.1441469
vt 0.1229902 0.139497
vt 0.1276401 0.1460069
vt 0.1211303 0.1506568
vt -0.1164803 0.1441469
vt -0.1211303 0.1506568
vt -0.1276401 0.1460069
vt -0.1229902 0.139497
vt 0.02313979 0.03208656
vt 0.02044908 0.02455263
vt 0.02798301 0.02186192
vt 0.03067372 0.02939585
vt -0.02313979 0.03208656
vt -0.03067372 0.02939586
vt -0.02798301 0.02186192
vt -0.02044908 0.02455263
vt -0.148475 0.1167228
vt -0.1556304 0.1203005
vt -0.1592081 0.1131451
vt -0.1520527 0.1095673
vt 0.1484749 0.1167228
vt 0.1520527 0.1095673
vt 0.1592081 0.1131451
vt 0.1556304 0.1203005
vt 0.1257803 0.1571666
vt 0.1322901 0.1525167
vt 0.13694 0.1590265
vt 0.1304302 0.1636765
vt -0.1257803 0.1571666
vt -0.1304302 0.1636765
vt -0.13694 0.1590265
vt -0.1322901 0.1525167
vt 0.02583026 0.03962049
vt 0.02313955 0.03208656
vt 0.03067348 0.02939585
vt 0.03336419 0.03692978
vt -0.02583026 0.03962049
vt -0.03336419 0.03692978
vt -0.03067348 0.02939585
vt -0.02313955 0.03208656
vt -0.1592081 0.1310336
vt -0.1663635 0.1346113
vt -0.1699412 0.1274559
vt -0.1627858 0.1238782
vt 0.1592081 0.1310336
vt 0.1627858 0.1238782
vt 0.1699412 0.1274559
vt 0.1663635 0.1346113
vt 0.13043 0.1636766
vt 0.1369399 0.1590267
vt 0.1415898 0.1655366
vt 0.1350799 0.1701865
vt -0.13043 0.1636766
vt -0.1350799 0.1701865
vt -0.1415898 0.1655366
vt -0.1369399 0.1590267
vt 0.02852112 0.04715432
vt 0.02583041 0.03962039
vt 0.03336434 0.03692969
vt 0.03605505 0.04446362
vt -0.02852112 0.04715433
vt -0.03605505 0.04446362
vt -0.03336434 0.03692969
vt -0.02583041 0.03962039
vt -0.1627858 0.1417667
vt -0.1699412 0.1453444
vt -0.1735189 0.138189
vt -0.1663635 0.1346113
vt 0.1627858 0.1417667
vt 0.1663635 0.1346113
vt 0.1735189 0.138189
vt 0.1699412 0.1453444
vt 0.1211303 0.1506567
vt 0.1276402 0.1460068
vt 0.1322901 0.1525167
vt 0.1257803 0.1571666
vt -0.1211303 0.1506567
vt -0.1257803 0.1571666
vt -0.1322901 0.1525166
vt -0.1276402 0.1460068
vt 0.02583035 0.0396205
vt 0.02313964 0.03208657
vt 0.03067357 0.02939586
vt 0.03336428 0.03692979
vt -0.02583035 0.0396205
vt -0.03336427 0.03692979
vt -0.03067357 0.02939586
vt -0.02313964 0.03208657
vt -0.1520527 0.1274559
vt -0.1592081 0.1310336
vt -0.1627858 0.1238782
vt -0.1556304 0.1203005
vt 0.1520527 0.1274559
vt 0.1556304 0.1203005
vt 0.1627858 0.1238782
vt 0.1592081 0.1310336
vt 0.13043 0.1636766
vt 0.1369399 0.1590267
vt 0.1415898 0.1655366
vt 0.1350799 0.1701865
vt -0.13043 0.1636766
vt -0.1350799 0.1701865
vt -0.1415898 0.1655366
vt -0.1369399 0.1590267
vt 0.03121181 0.05468826
vt 0.02852111 0.04715433
vt 0.03605504 0.04446363
vt 0.03874575 0.05199756
vt -0.03121181 0.05468826
vt -0.03874574 0.05199755
vt -0.03605504 0.04446363
vt -0.02852111 0.04715433
vt -0.1592081 0.1489221
vt -0.1663635 0.1524999
vt -0.1699412 0.1453444
vt -0.1627858 0.1417667
vt 0.1592081 0.1489221
vt 0.1627858 0.1417667
vt 0.1699412 0.1453444
vt 0.1663635 0.1524999
vt 0.1257803 0.1571666
vt 0.1322901 0.1525167
vt 0.13694 0.1590265
vt 0.1304302 0.1636764
vt -0.1257803 0.1571666
vt -0.1304302 0.1636765
vt -0.13694 0.1590265
vt -0.1322901 0.1525167
vt 0.02852093 0.04715443
vt 0.02583021 0.0396205
vt 0.03336414 0.03692979
vt 0.03605486 0.04446372
vt -0.02852093 0.04715443
vt -0.03605486 0.04446372
vt -0.03336414 0.03692979
vt -0.02583021 0.03962051
vt -0.1556304 0.138189
vt -0.1627858 0.1417667
vt -0.1663635 0.1346113
vt -0.1592081 0.1310336
vt 0.1556304 0.138189
vt 0.1592081 0.1310336
vt 0.1663635 0.1346113
vt 0.1627858 0.1417667
vt 0.1257803 0.1571666
vt 0.1322901 0.1525166
vt 0.1369401 0.1590265
vt 0.1304302 0.1636765
vt -0.1257803 0.1571666
vt -0.1304302 0.1636765
vt -0.1369401 0.1590265
vt -0.1322901 0.1525166
vt 0.0312116 0.05468838
vt 0.02852089 0.04715445
vt 0.03605481 0.04446374
vt 0.03874553 0.05199766
vt -0.0312116 0.05468838
vt -0.03874553 0.05199766
vt -0.03605481 0.04446373
vt -0.02852088 0.04715445
vt -0.1520527 0.1453444
vt -0.1592081 0.1489221
vt -0.1627858 0.1417667
vt -0.1556304 0.138189
vt 0.1520527 0.1453444
vt 0.1556304 0.138189
vt 0.1627858 0.1417667
vt 0.1592081 0.1489221
vt 0.13043 0.1636766
vt 0.1369399 0.1590267
vt 0.1415898 0.1655366
vt 0.1350799 0.1701865
vt -0.13043 0.1636766
vt -0.1350799 0.1701865
vt -0.1415898 0.1655366
vt -0.1369399 0.1590267
vt 0.03390248 0.06222221
vt 0.03121177 0.05468828
vt 0.0387457 0.05199757
vt 0.04143641 0.0595315
vt -0.03390248 0.06222221
vt -0.04143641 0.0595315
vt -0.03874571 0.05199757
vt -0.03121177 0.05468828
vt -0.1556304 0.1560776
vt -0.1627858 0.1596553
vt -0.1663635 0.1524999
vt -0.1592081 0.1489221
vt 0.1556304 0.1560776
vt 0.1592081 0.1489222
vt 0.1663635 0.1524999
vt 0.1627858 0.1596553
vt 0.13043 0.1636766
vt 0.1369399 0.1590267
vt 0.1415898 0.1655366
vt 0.1350799 0.1701865
vt -0.13043 0.1636766
vt -0.1350799 0.1701865
vt -0.1415898 0.1655366
vt -0.1369399 0.1590267
vt 0.03659315 0.06975615
vt 0.03390244 0.06222222
vt 0.04143637 0.05953152
vt 0.04412707 0.06706545
vt -0.03659315 0.06975616
vt -0.04412707 0.06706545
vt -0.04143637 0.05953152
vt -0.03390244 0.06222222
vt -0.1520527 0.163233
vt -0.1592081 0.1668107
vt -0.1627858 0.1596553
vt -0.1556304 0.1560775
vt 0.1520527 0.163233
vt 0.1556304 0.1560775
vt 0.1627858 0.1596553
vt 0.1592081 0.1668107
vt 0.1257803 0.1571666
vt 0.1322901 0.1525167
vt 0.1369401 0.1590265
vt 0.1304302 0.1636765
vt -0.1257803 0.1571666
vt -0.1304302 0.1636765
vt -0.1369401 0.1590265
vt -0.1322901 0.1525167
vt 0.03390227 0.06222232
vt 0.03121156 0.05468839
vt 0.03874548 0.05199768
vt 0.0414362 0.05953161
vt -0.03390227 0.06222231
vt -0.0414362 0.0595316
vt -0.03874548 0.05199767
vt -0.03121156 0.05468839
vt -0.148475 0.1524998
vt -0.1556304 0.1560775
vt -0.1592081 0.1489221
vt -0.1520527 0.1453444
vt 0.148475 0.1524998
vt 0.1520527 0.1453444
vt 0.1592081 0.1489221
vt 0.1556304 0.1560775
vt 0.13043 0.1636766
vt 0.1369399 0.1590267
vt 0.1415898 0.1655366
vt 0.13508 0.1701865
vt -0.13043 0.1636766
vt -0.13508 0.1701865
vt -0.1415898 0.1655366
vt -0.1369399 0.1590267
vt 0.03928382 0.0772901
vt 0.03659311 0.06975617
vt 0.04412704 0.06706546
vt 0.04681774 0.07459939
vt -0.03928382 0.0772901
vt -0.04681774 0.07459939
vt -0.04412704 0.06706546
vt -0.03659311 0.06975617
vt -0.148475 0.1703884
vt -0.1556304 0.1739661
vt -0.1592081 0.1668107
vt -0.1520527 0.163233
vt 0.148475 0.1703884
vt 0.1520527 0.163233
vt 0.1592081 0.1668107
vt 0.1556304 0.1739661
vt 0.1257803 0.1571666
vt 0.1322901 0.1525166
vt 0.1369401 0.1590265
vt 0.1304302 0.1636765
vt -0.1257803 0.1571666
vt -0.1304302 0.1636764
vt -0.1369401 0.1590265
vt -0.1322901 0.1525166
vt 0.03659295 0.06975625
vt 0.03390223 0.06222233
vt 0.04143615 0.05953161
vt 0.04412687 0.06706554
vt -0.03659295 0.06975625
vt -0.04412687 0.06706554
vt -0.04143615 0.05953161
vt -0.03390222 0.06222233
vt -0.1448973 0.1596552
vt -0.1520527 0.163233
vt -0.1556305 0.1560775
vt -0.148475 0.1524998
vt 0.1448973 0.1596552
vt 0.148475 0.1524998
vt 0.1556304 0.1560775
vt 0.1520527 0.163233
vt 0.1257803 0.1571666
vt 0.1322901 0.1525166
vt 0.1369401 0.1590265
vt 0.1304303 0.1636764
vt -0.1257803 0.1571666
vt -0.1304303 0.1636764
vt -0.1369401 0.1590265
vt -0.1322901 0.1525166
vt 0.03928361 0.07729019
vt 0.03659289 0.06975628
vt 0.04412682 0.06706555
vt 0.04681754 0.07459948
vt -0.03928361 0.0772902
vt -0.04681754 0.07459947
vt -0.04412682 0.06706555
vt -0.03659289 0.06975627
vt -0.1413196 0.1668107
vt -0.148475 0.1703884
vt -0.1520527 0.163233
vt -0.1448973 0.1596552
vt 0.1413196 0.1668107
vt 0.1448973 0.1596552
vt 0.1520527 0.163233
vt 0.148475 0.1703884
vt 0.1304303 0.1636764
vt 0.1369401 0.1590265
vt 0.14159 0.1655363
vt 0.1350802 0.1701863
vt -0.1304303 0.1636764
vt -0.1350802 0.1701863
vt -0.14159 0.1655363
vt -0.1369401 0.1590265
vt 0.04197421 0.08482417
vt 0.03928349 0.07729025
vt 0.04681741 0.07459952
vt 0.04950813 0.08213344
vt -0.04197421 0.08482417
vt -0.04950814 0.08213344
vt -0.04681741 0.07459952
vt -0.03928349 0.07729025
vt -0.1448973 0.1775438
vt -0.1520528 0.1811215
vt -0.1556305 0.1739661
vt -0.148475 0.1703884
vt 0.1448973 0.1775438
vt 0.1484751 0.1703884
vt 0.1556305 0.1739661
vt 0.1520528 0.1811215
vt 0.1257803 0.1571666
vt 0.1322901 0.1525166
vt 0.1369401 0.1590265
vt 0.1304303 0.1636764
vt -0.1257803 0.1571666
vt -0.1304303 0.1636764
vt -0.1369401 0.1590265
vt -0.1322901 0.1525166
vt 0.04197429 0.08482414
vt 0.03928357 0.07729022
vt 0.0468175 0.07459949
vt 0.04950822 0.08213341
vt -0.0419743 0.08482414
vt -0.04950822 0.08213342
vt -0.0468175 0.07459949
vt -0.03928357 0.07729022
vt -0.1377419 0.1739661
vt -0.1448973 0.1775438
vt -0.148475 0.1703884
vt -0.1413196 0.1668107
vt 0.1377419 0.1739661
vt 0.1413196 0.1668107
vt 0.148475 0.1703884
vt 0.1448973 0.1775438
vt 0.1257803 0.1571666
vt 0.1322901 0.1525166
vt 0.1369401 0.1590265
vt 0.1304302 0.1636764
vt -0.1257803 0.1571666
vt -0.1304302 0.1636764
vt -0.1369401 0.1590265
vt -0.1322901 0.1525166
vt 0.04466497 0.09235809
vt 0.04197425 0.08482416
vt 0.04950817 0.08213343
vt 0.05219889 0.08966736
vt -0.04466497 0.09235808
vt -0.05219889 0.08966736
vt -0.04950817 0.08213343
vt -0.04197425 0.08482416
vt -0.1341642 0.1811215
vt -0.1413196 0.1846992
vt -0.1448974 0.1775438
vt -0.1377419 0.1739661
vt 0.1341642 0.1811215
vt 0.1377419 0.1739661
vt 0.1448974 0.1775438
vt 0.1413197 0.1846992
vt 0.1164803 0.1441469
vt 0.1229902 0.139497
vt 0.1276401 0.1460069
vt 0.1211303 0.1506568
vt -0.1164803 0.1441469
vt -0.1211303 0.1506568
vt -0.1276401 0.1460069
vt -0.1229902 0.139497
vt 0.02852111 0.04715441
vt 0.0258304 0.03962048
vt 0.03336433 0.03692978
vt 0.03605504 0.04446371
vt -0.02852111 0.04715441
vt -0.03605504 0.0444637
vt -0.03336433 0.03692978
vt -0.0258304 0.03962048
vt -0.1413195 0.1310336
vt -0.148475 0.1346113
vt -0.1520527 0.1274559
vt -0.1448973 0.1238782
vt 0.1413195 0.1310336
vt 0.1448973 0.1238782
vt 0.1520527 0.1274559
vt 0.148475 0.1346113
vt 0.1118304 0.1376371
vt 0.1183402 0.1329872
vt 0.1229902 0.139497
vt 0.1164803 0.144147
vt -0.1118304 0.1376371
vt -0.1164803 0.144147
vt -0.1229902 0.139497
vt -0.1183402 0.1329872
vt 0.03121184 0.05468833
vt 0.02852114 0.0471544
vt 0.03605507 0.0444637
vt 0.03874578 0.05199763
vt -0.03121184 0.05468834
vt -0.03874577 0.05199763
vt -0.03605507 0.0444637
vt -0.02852114 0.0471544
vt -0.1305864 0.1346113
vt -0.1377418 0.138189
vt -0.1413195 0.1310336
vt -0.1341641 0.1274559
vt 0.1305864 0.1346113
vt 0.1341641 0.1274559
vt 0.1413195 0.1310336
vt 0.1377418 0.138189
vt 0.1164804 0.1441469
vt 0.1229902 0.139497
vt 0.1276402 0.1460068
vt 0.1211303 0.1506567
vt -0.1164804 0.1441469
vt -0.1211303 0.1506567
vt -0.1276402 0.1460068
vt -0.1229902 0.139497
vt 0.02583033 0.03962051
vt 0.02313962 0.03208658
vt 0.03067355 0.02939587
vt 0.03336426 0.0369298
vt -0.02583033 0.03962051
vt -0.03336426 0.03692979
vt -0.03067355 0.02939587
vt -0.02313962 0.03208658
vt -0.1448973 0.1238782
vt -0.1520527 0.1274559
vt -0.1556304 0.1203005
vt -0.148475 0.1167227
vt 0.1448973 0.1238782
vt 0.148475 0.1167227
vt 0.1556304 0.1203005
vt 0.1520527 0.1274559
vt 0.1118304 0.1376371
vt 0.1183402 0.1329872
vt 0.1229902 0.139497
vt 0.1164803 0.144147
vt -0.1118304 0.1376371
vt -0.1164803 0.144147
vt -0.1229902 0.139497
vt -0.1183402 0.1329872
vt 0.02583051 0.03962048
vt 0.02313981 0.03208655
vt 0.03067375 0.02939585
vt 0.03336444 0.03692978
vt -0.02583051 0.03962048
vt -0.03336444 0.03692978
vt -0.03067375 0.02939585
vt -0.02313981 0.03208655
vt -0.1377418 0.1203005
vt -0.1448973 0.1238782
vt -0.148475 0.1167228
vt -0.1413195 0.1131451
vt 0.1377418 0.1203005
vt 0.1413195 0.1131451
vt 0.1484749 0.1167228
vt 0.1448972 0.1238782
vt 0.1118304 0.1376371
vt 0.1183403 0.1329872
vt 0.1229902 0.139497
vt 0.1164804 0.1441469
vt -0.1118304 0.1376371
vt -0.1164804 0.1441469
vt -0.1229902 0.139497
vt -0.1183403 0.1329872
vt 0.02852109 0.04715442
vt 0.02583038 0.03962049
vt 0.03336432 0.03692978
vt 0.03605502 0.04446371
vt -0.02852109 0.04715442
vt -0.03605502 0.04446371
vt -0.03336432 0.03692978
vt -0.02583038 0.03962049
vt -0.1341641 0.1274559
vt -0.1413196 0.1310336
vt -0.1448973 0.1238782
vt -0.1377418 0.1203005
vt 0.1341641 0.1274559
vt 0.1377418 0.1203005
vt 0.1448973 0.1238782
vt 0.1413196 0.1310336
vt 0.1118306 0.137637
vt 0.1183404 0.132987
vt 0.1229903 0.1394969
vt 0.1164805 0.1441468
vt -0.1118306 0.137637
vt -0.1164805 0.1441468
vt -0.1229903 0.1394969
vt -0.1183404 0.132987
vt 0.02313966 0.0320866
vt 0.02044895 0.02455268
vt 0.02798287 0.02186196
vt 0.03067359 0.02939589
vt -0.02313966 0.0320866
vt -0.03067359 0.02939589
vt -0.02798287 0.02186196
vt -0.02044895 0.02455268
vt -0.1413195 0.1131451
vt -0.148475 0.1167228
vt -0.1520527 0.1095674
vt -0.1448973 0.1059896
vt 0.1413195 0.1131451
vt 0.1448973 0.1059896
vt 0.1520527 0.1095674
vt 0.148475 0.1167228
vt 0.1118305 0.137637
vt 0.1183404 0.1329871
vt 0.1229903 0.1394969
vt 0.1164805 0.1441468
vt -0.1118305 0.137637
vt -0.1164805 0.1441468
vt -0.1229903 0.1394969
vt -0.1183404 0.1329871
vt 0.02044899 0.02455266
vt 0.01775828 0.01701873
vt 0.02529221 0.01432802
vt 0.02798292 0.02186195
vt -0.02044899 0.02455266
vt -0.02798292 0.02186195
vt -0.02529221 0.01432802
vt -0.01775828 0.01701873
vt -0.1448972 0.1059896
vt -0.1520527 0.1095674
vt -0.1556304 0.1024119
vt -0.1484749 0.09883423
vt 0.1448973 0.1059896
vt 0.1484749 0.09883423
vt 0.1556304 0.1024119
vt 0.1520527 0.1095674
vt 0.1118305 0.137637
vt 0.1183404 0.1329871
vt 0.1229903 0.1394969
vt 0.1164804 0.1441469
vt -0.1118305 0.137637
vt -0.1164804 0.1441469
vt -0.1229903 0.1394969
vt -0.1183404 0.1329871
vt 0.01775814 0.01701864
vt 0.01506742 0.009484718
vt 0.02260135 0.006794003
vt 0.02529206 0.01432793
vt -0.01775814 0.01701864
vt -0.02529207 0.01432793
vt -0.02260135 0.006794003
vt -0.01506743 0.009484718
vt -0.148475 0.0988342
vt -0.1556304 0.1024119
vt -0.1592081 0.0952565
vt -0.1520527 0.09167879
vt 0.148475 0.09883421
vt 0.1520527 0.09167879
vt 0.1592081 0.09525651
vt 0.1556304 0.1024119
vt 0.1071806 0.1311271
vt 0.1136904 0.1264772
vt 0.1183404 0.1329871
vt 0.1118305 0.137637
vt -0.1071806 0.1311271
vt -0.1118305 0.137637
vt -0.1183404 0.1329871
vt -0.1136904 0.1264772
vt 0.0258304 0.03962052
vt 0.02313969 0.03208659
vt 0.03067361 0.02939588
vt 0.03336432 0.03692981
vt -0.0258304 0.03962052
vt -0.03336432 0.03692981
vt -0.03067361 0.02939588
vt -0.02313968 0.03208659
vt -0.1305864 0.1167228
vt -0.1377418 0.1203005
vt -0.1413195 0.1131451
vt -0.1341641 0.1095674
vt 0.1305864 0.1167228
vt 0.1341641 0.1095674
vt 0.1413195 0.1131451
vt 0.1377418 0.1203005
vt 0.1071804 0.1311273
vt 0.1136903 0.1264774
vt 0.1183402 0.1329872
vt 0.1118304 0.1376371
vt -0.1071804 0.1311273
vt -0.1118304 0.1376371
vt -0.1183402 0.1329872
vt -0.1136903 0.1264774
vt 0.02852124 0.0471544
vt 0.02583054 0.03962047
vt 0.03336447 0.03692977
vt 0.03605517 0.0444637
vt -0.02852124 0.0471544
vt -0.03605517 0.0444637
vt -0.03336447 0.03692977
vt -0.02583054 0.03962047
vt -0.1270087 0.1238782
vt -0.1341641 0.1274559
vt -0.1377418 0.1203005
vt -0.1305864 0.1167228
vt 0.1270087 0.1238782
vt 0.1305864 0.1167228
vt 0.1377418 0.1203005
vt 0.1341641 0.1274559
vt 0.1071805 0.1311273
vt 0.1136903 0.1264773
vt 0.1183402 0.1329872
vt 0.1118304 0.1376371
vt -0.1071805 0.1311273
vt -0.1118304 0.1376371
vt -0.1183402 0.1329872
vt -0.1136903 0.1264773
vt 0.03121187 0.05468833
vt 0.02852117 0.0471544
vt 0.0360551 0.04446369
vt 0.03874581 0.05199762
vt -0.03121187 0.05468832
vt -0.03874581 0.05199762
vt -0.0360551 0.04446369
vt -0.02852117 0.04715439
vt -0.123431 0.1310336
vt -0.1305864 0.1346113
vt -0.1341641 0.1274559
vt -0.1270087 0.1238782
vt 0.123431 0.1310336
vt 0.1270087 0.1238782
vt 0.1341641 0.1274559
vt 0.1305864 0.1346113
vt 0.1118305 0.137637
vt 0.1183403 0.1329871
vt 0.1229902 0.139497
vt 0.1164804 0.1441469
vt -0.1118305 0.137637
vt -0.1164804 0.1441469
vt -0.1229902 0.139497
vt -0.1183403 0.1329871
vt 0.01506764 0.009484744
vt 0.01237694 0.001950814
vt 0.01991086 -0.0007398926
vt 0.02260157 0.006794037
vt -0.01506764 0.009484744
vt -0.02260157 0.006794038
vt -0.01991086 -0.0007398928
vt -0.01237694 0.001950814
vt -0.1520527 0.0916788
vt -0.1592081 0.09525651
vt -0.1627858 0.0881011
vt -0.1556304 0.08452338
vt 0.1520527 0.0916788
vt 0.1556304 0.08452338
vt 0.1627858 0.0881011
vt 0.1592081 0.09525651
vt 0.1118304 0.1376371
vt 0.1183403 0.1329871
vt 0.1229902 0.139497
vt 0.1164804 0.1441469
vt -0.1118304 0.1376371
vt -0.1164804 0.1441469
vt -0.1229902 0.139497
vt -0.1183403 0.1329871
vt 0.01237697 0.0019508
vt 0.00968627 -0.00558313
vt 0.0172202 -0.008273834
vt 0.01991091 -0.000739905
vt -0.01237697 0.0019508
vt -0.01991091 -0.0007399046
vt -0.0172202 -0.008273834
vt -0.00968627 -0.00558313
vt -0.1556304 0.08452339
vt -0.1627858 0.0881011
vt -0.1663635 0.08094569
vt -0.1592081 0.07736798
vt 0.1556304 0.08452339
vt 0.1592081 0.07736797
vt 0.1663635 0.08094569
vt 0.1627858 0.0881011
vt 0.1118304 0.1376371
vt 0.1183402 0.1329871
vt 0.1229902 0.139497
vt 0.1164803 0.1441469
vt -0.1118304 0.1376371
vt -0.1164803 0.1441469
vt -0.1229902 0.139497
vt -0.1183402 0.1329871
vt -0.001076929 -0.03571893
vt -0.003767644 -0.04325286
vt 0.003766283 -0.04594357
vt 0.006456998 -0.03840964
vt 0.001076929 -0.03571893
vt -0.006456998 -0.03840964
vt -0.003766283 -0.04594357
vt 0.003767644 -0.04325286
vt -0.1735189 0.04874622
vt -0.1806744 0.05232393
vt -0.1842521 0.04516852
vt -0.1770967 0.0415908
vt 0.1735189 0.04874622
vt 0.1770967 0.0415908
vt 0.1842521 0.04516852
vt 0.1806744 0.05232393
vt 0.1071805 0.1311272
vt 0.1136903 0.1264773
vt 0.1183403 0.1329871
vt 0.1118304 0.137637
vt -0.1071805 0.1311272
vt -0.1118304 0.137637
vt -0.1183403 0.1329871
vt -0.1136903 0.1264773
vt -0.00107687 -0.03571894
vt -0.003767586 -0.04325286
vt 0.003766342 -0.04594358
vt 0.006457057 -0.03840965
vt 0.00107687 -0.03571894
vt -0.006457057 -0.03840965
vt -0.003766341 -0.04594358
vt 0.003767586 -0.04325286
vt -0.1663635 0.04516852
vt -0.1735189 0.04874624
vt -0.1770966 0.04159082
vt -0.1699412 0.03801311
vt 0.1663635 0.04516852
vt 0.1699412 0.03801311
vt 0.1770966 0.04159082
vt 0.1735189 0.04874624
vt 0.1025306 0.1246174
vt 0.1090404 0.1199674
vt 0.1136903 0.1264773
vt 0.1071805 0.1311272
vt -0.1025306 0.1246174
vt -0.1071805 0.1311272
vt -0.1136903 0.1264773
vt -0.1090404 0.1199674
vt 0.001613886 -0.02818502
vt -0.001076827 -0.03571894
vt 0.0064571 -0.03840966
vt 0.009147814 -0.03087573
vt -0.001613886 -0.02818502
vt -0.009147814 -0.03087573
vt -0.0064571 -0.03840966
vt 0.001076828 -0.03571894
vt -0.1556304 0.04874624
vt -0.1627858 0.05232396
vt -0.1663635 0.04516854
vt -0.1592081 0.04159083
vt 0.1556304 0.04874624
vt 0.1592081 0.04159083
vt 0.1663635 0.04516854
vt 0.1627858 0.05232396
vt 0.1071805 0.1311272
vt 0.1136904 0.1264773
vt 0.1183403 0.1329871
vt 0.1118305 0.1376371
vt -0.1071805 0.1311272
vt -0.1118305 0.1376371
vt -0.1183403 0.1329871
vt -0.1136904 0.1264773
vt 0.001614232 -0.02818495
vt -0.00107647 -0.03571888
vt 0.00645746 -0.03840958
vt 0.009148164 -0.03087565
vt -0.001614232 -0.02818495
vt -0.009148163 -0.03087565
vt -0.006457462 -0.03840958
vt 0.001076471 -0.03571888
vt -0.1627858 0.05232401
vt -0.1699412 0.05590172
vt -0.1735189 0.0487463
vt -0.1663635 0.04516859
vt 0.1627858 0.05232401
vt 0.1663635 0.04516859
vt 0.1735189 0.0487463
vt 0.1699412 0.05590172
vt 0.1118305 0.137637
vt 0.1183404 0.1329871
vt 0.1229903 0.1394969
vt 0.1164805 0.1441468
vt -0.1118305 0.137637
vt -0.1164805 0.1441468
vt -0.1229903 0.1394969
vt -0.1183404 0.1329871
vt 0.001614098 -0.0281849
vt -0.001076611 -0.03571883
vt 0.006457316 -0.03840954
vt 0.009148027 -0.03087561
vt -0.001614099 -0.0281849
vt -0.009148026 -0.03087561
vt -0.006457318 -0.03840954
vt 0.001076611 -0.03571883
vt -0.1699412 0.0559017
vt -0.1770966 0.05947941
vt -0.1806743 0.05232399
vt -0.1735189 0.04874628
vt 0.1699412 0.0559017
vt 0.1735189 0.04874628
vt 0.1806743 0.05232399
vt 0.1770966 0.05947941
vt 0.09788068 0.1181075
vt 0.1043905 0.1134575
vt 0.1090405 0.1199674
vt 0.1025306 0.1246173
vt -0.09788068 0.1181075
vt -0.1025306 0.1246173
vt -0.1090405 0.1199674
vt -0.1043905 0.1134575
vt 0.00161395 -0.028185
vt -0.001076763 -0.03571892
vt 0.006457163 -0.03840964
vt 0.009147878 -0.03087571
vt -0.00161395 -0.028185
vt -0.009147877 -0.03087571
vt -0.006457164 -0.03840964
vt 0.001076764 -0.03571893
vt -0.148475 0.04516855
vt -0.1556304 0.04874627
vt -0.1592081 0.04159085
vt -0.1520527 0.03801314
vt 0.148475 0.04516855
vt 0.1520527 0.03801314
vt 0.1592081 0.04159085
vt 0.1556304 0.04874627
vt 0.1118305 0.137637
vt 0.1183404 0.1329871
vt 0.1229903 0.139497
vt 0.1164804 0.1441469
vt -0.1118305 0.137637
vt -0.1164804 0.1441469
vt -0.1229903 0.139497
vt -0.1183404 0.1329871
vt 0.004304826 -0.02065098
vt 0.001614119 -0.02818491
vt 0.009148049 -0.03087562
vt 0.01183875 -0.02334169
vt -0.004304826 -0.02065098
vt -0.01183876 -0.02334169
vt -0.009148048 -0.03087562
vt -0.001614119 -0.02818491
vt -0.1663635 0.06305712
vt -0.1735189 0.06663483
vt -0.1770966 0.05947941
vt -0.1699412 0.0559017
vt 0.1663635 0.06305711
vt 0.1699412 0.0559017
vt 0.1770966 0.05947941
vt 0.1735189 0.06663483
vt 0.1071805 0.1311272
vt 0.1136904 0.1264773
vt 0.1183403 0.1329872
vt 0.1118305 0.1376371
vt -0.1071805 0.1311272
vt -0.1118305 0.1376371
vt -0.1183403 0.1329871
vt -0.1136904 0.1264773
vt 0.004304896 -0.020651
vt 0.001614193 -0.02818494
vt 0.009148125 -0.03087564
vt 0.01183883 -0.02334171
vt -0.004304896 -0.020651
vt -0.01183883 -0.02334171
vt -0.009148124 -0.03087564
vt -0.001614193 -0.02818494
vt -0.1592081 0.05947942
vt -0.1663635 0.06305713
vt -0.1699412 0.05590171
vt -0.1627858 0.052324
vt 0.1592081 0.05947942
vt 0.1627858 0.052324
vt 0.1699412 0.05590171
vt 0.1663635 0.06305713
vt 0.1025306 0.1246174
vt 0.1090405 0.1199674
vt 0.1136904 0.1264773
vt 0.1071805 0.1311272
vt -0.1025306 0.1246174
vt -0.1071805 0.1311272
vt -0.1136904 0.1264773
vt -0.1090405 0.1199674
vt 0.004304965 -0.02065103
vt 0.001614262 -0.02818496
vt 0.009148194 -0.03087566
vt 0.0118389 -0.02334173
vt -0.004304965 -0.02065103
vt -0.0118389 -0.02334173
vt -0.009148194 -0.03087566
vt -0.001614262 -0.02818496
vt -0.1520527 0.05590172
vt -0.1592081 0.05947943
vt -0.1627858 0.05232402
vt -0.1556304 0.0487463
vt 0.1520526 0.05590172
vt 0.1556304 0.0487463
vt 0.1627858 0.05232402
vt 0.1592081 0.05947943
vt 0.09788071 0.1181075
vt 0.1043906 0.1134575
vt 0.1090405 0.1199674
vt 0.1025306 0.1246173
vt -0.09788071 0.1181075
vt -0.1025306 0.1246173
vt -0.1090405 0.1199674
vt -0.1043906 0.1134575
vt 0.004304751 -0.02065104
vt 0.001614041 -0.02818497
vt 0.009147969 -0.03087568
vt 0.01183868 -0.02334175
vt -0.00430475 -0.02065104
vt -0.01183868 -0.02334175
vt -0.009147969 -0.03087568
vt -0.001614041 -0.02818497
vt -0.1448973 0.05232399
vt -0.1520527 0.0559017
vt -0.1556304 0.04874628
vt -0.148475 0.04516857
vt 0.1448973 0.05232399
vt 0.148475 0.04516857
vt 0.1556304 0.04874628
vt 0.1520527 0.0559017
vt 0.1118306 0.1376369
vt 0.1183404 0.132987
vt 0.1229904 0.1394968
vt 0.1164805 0.1441468
vt -0.1118306 0.1376369
vt -0.1164805 0.1441468
vt -0.1229904 0.1394969
vt -0.1183404 0.132987
vt 0.006995309 -0.01311707
vt 0.004304591 -0.020651
vt 0.01183852 -0.02334172
vt 0.01452923 -0.01580779
vt -0.00699531 -0.01311707
vt -0.01452924 -0.01580779
vt -0.01183852 -0.02334172
vt -0.004304592 -0.020651
vt -0.1627858 0.07021253
vt -0.1699412 0.07379024
vt -0.1735189 0.06663482
vt -0.1663635 0.06305711
vt 0.1627858 0.07021253
vt 0.1663635 0.06305711
vt 0.1735189 0.06663483
vt 0.1699412 0.07379024
vt 0.1071806 0.1311271
vt 0.1136905 0.1264772
vt 0.1183404 0.1329871
vt 0.1118305 0.137637
vt -0.1071806 0.1311271
vt -0.1118305 0.137637
vt -0.1183404 0.1329871
vt -0.1136905 0.1264772
vt 0.006995388 -0.0131171
vt 0.004304674 -0.02065102
vt 0.0118386 -0.02334174
vt 0.01452931 -0.01580781
vt -0.006995389 -0.0131171
vt -0.01452931 -0.01580781
vt -0.0118386 -0.02334174
vt -0.004304674 -0.02065102
vt -0.1556304 0.06663483
vt -0.1627858 0.07021254
vt -0.1663635 0.06305712
vt -0.1592081 0.05947942
vt 0.1556304 0.06663483
vt 0.1592081 0.05947942
vt 0.1663635 0.06305712
vt 0.1627858 0.07021254
vt 0.1025307 0.1246173
vt 0.1090405 0.1199674
vt 0.1136904 0.1264772
vt 0.1071806 0.1311271
vt -0.1025307 0.1246173
vt -0.1071806 0.1311271
vt -0.1136904 0.1264772
vt -0.1090405 0.1199674
vt 0.006995433 -0.01311711
vt 0.004304721 -0.02065104
vt 0.01183865 -0.02334175
vt 0.01452936 -0.01580782
vt -0.006995434 -0.01311711
vt -0.01452936 -0.01580782
vt -0.01183865 -0.02334175
vt -0.004304722 -0.02065104
vt -0.148475 0.06305712
vt -0.1556304 0.06663483
vt -0.1592081 0.05947942
vt -0.1520527 0.05590171
vt 0.148475 0.06305712
vt 0.1520527 0.05590171
vt 0.1592081 0.05947942
vt 0.1556304 0.06663483
vt 0.1025304 0.1246175
vt 0.1090403 0.1199676
vt 0.1136902 0.1264774
vt 0.1071803 0.1311273
vt -0.1025304 0.1246175
vt -0.1071803 0.1311273
vt -0.1136902 0.1264774
vt -0.1090403 0.1199676
vt 0.009686459 -0.005583193
vt 0.006995766 -0.01311713
vt 0.0145297 -0.01580782
vt 0.01722039 -0.008273887
vt -0.009686459 -0.005583193
vt -0.01722039 -0.008273887
vt -0.0145297 -0.01580782
vt -0.006995766 -0.01311713
vt -0.1448972 0.07021256
vt -0.1520526 0.07379027
vt -0.1556304 0.06663485
vt -0.1484749 0.06305714
vt 0.1448972 0.07021256
vt 0.1484749 0.06305714
vt 0.1556304 0.06663485
vt 0.1520526 0.07379027
vt 0.1025306 0.1246174
vt 0.1090404 0.1199675
vt 0.1136904 0.1264773
vt 0.1071805 0.1311272
vt -0.1025306 0.1246174
vt -0.1071805 0.1311272
vt -0.1136904 0.1264773
vt -0.1090404 0.1199674
vt 0.01237688 0.00195074
vt 0.009686177 -0.005583189
vt 0.01722011 -0.008273898
vt 0.01991081 -0.0007399684
vt -0.01237688 0.00195074
vt -0.01991081 -0.0007399687
vt -0.0172201 -0.008273898
vt -0.009686177 -0.005583189
vt -0.1413195 0.07736795
vt -0.148475 0.08094567
vt -0.1520527 0.07379024
vt -0.1448973 0.07021254
vt 0.1413195 0.07736795
vt 0.1448973 0.07021254
vt 0.1520527 0.07379025
vt 0.148475 0.08094566
vt 0.1025306 0.1246174
vt 0.1090404 0.1199675
vt 0.1136903 0.1264773
vt 0.1071805 0.1311273
vt -0.1025305 0.1246174
vt -0.1071805 0.1311273
vt -0.1136903 0.1264773
vt -0.1090404 0.1199675
vt 0.01506761 0.009484665
vt 0.0123769 0.001950734
vt 0.01991083 -0.0007399722
vt 0.02260154 0.006793957
vt -0.01506761 0.009484665
vt -0.02260154 0.006793957
vt -0.01991083 -0.000739972
vt -0.0123769 0.001950734
vt -0.1377418 0.08452337
vt -0.1448973 0.08810109
vt -0.148475 0.08094567
vt -0.1413195 0.07736795
vt 0.1377418 0.08452337
vt 0.1413195 0.07736795
vt 0.148475 0.08094567
vt 0.1448973 0.08810109
vt 0.1071805 0.1311272
vt 0.1136904 0.1264773
vt 0.1183403 0.1329871
vt 0.1118305 0.137637
vt -0.1071805 0.1311272
vt -0.1118305 0.137637
vt -0.1183403 0.1329871
vt -0.1136904 0.1264773
vt 0.01775841 0.01701869
vt 0.01506771 0.009484756
vt 0.02260164 0.006794051
vt 0.02529234 0.01432798
vt -0.01775841 0.01701869
vt -0.02529234 0.01432798
vt -0.02260164 0.006794052
vt -0.01506771 0.009484756
vt -0.1413195 0.09525652
vt -0.148475 0.09883423
vt -0.1520527 0.09167881
vt -0.1448972 0.0881011
vt 0.1413195 0.09525652
vt 0.1448972 0.0881011
vt 0.1520527 0.09167881
vt 0.148475 0.09883423
vt 0.1071806 0.1311272
vt 0.1136904 0.1264773
vt 0.1183403 0.1329871
vt 0.1118305 0.137637
vt -0.1071806 0.1311272
vt -0.1118305 0.137637
vt -0.1183403 0.1329871
vt -0.1136904 0.1264773
vt 0.02044908 0.02455263
vt 0.01775838 0.0170187
vt 0.0252923 0.014328
vt 0.02798301 0.02186192
vt -0.02044908 0.02455263
vt -0.02798301 0.02186192
vt -0.02529231 0.014328
vt -0.01775838 0.0170187
vt -0.1377418 0.1024119
vt -0.1448973 0.1059897
vt -0.148475 0.09883424
vt -0.1413195 0.09525653
vt 0.1377418 0.1024119
vt 0.1413195 0.09525653
vt 0.148475 0.09883424
vt 0.1448973 0.1059897
vt 0.1071806 0.1311272
vt 0.1136904 0.1264773
vt 0.1183404 0.1329871
vt 0.1118305 0.137637
vt -0.1071806 0.1311272
vt -0.1118305 0.137637
vt -0.1183404 0.1329871
vt -0.1136904 0.1264773
vt 0.01506749 0.009484701
vt 0.01237677 0.001950774
vt 0.0199107 -0.0007399404
vt 0.02260141 0.006793986
vt -0.01506749 0.009484699
vt -0.02260141 0.006793986
vt -0.0199107 -0.0007399403
vt -0.01237677 0.001950773
vt -0.1448973 0.08810108
vt -0.1520527 0.0916788
vt -0.1556304 0.08452338
vt -0.148475 0.08094567
vt 0.1448973 0.08810109
vt 0.148475 0.08094567
vt 0.1556304 0.08452339
vt 0.1520527 0.0916788
vt 0.1071805 0.1311273
vt 0.1136903 0.1264774
vt 0.1183402 0.1329872
vt 0.1118304 0.1376371
vt -0.1071805 0.1311273
vt -0.1118304 0.1376372
vt -0.1183402 0.1329872
vt -0.1136903 0.1264774
vt 0.01237707 0.001950769
vt 0.009686368 -0.005583163
vt 0.0172203 -0.008273862
vt 0.019911 -0.00073993
vt -0.01237707 0.001950769
vt -0.019911 -0.0007399298
vt -0.0172203 -0.008273863
vt -0.009686368 -0.005583163
vt -0.1484749 0.08094569
vt -0.1556304 0.08452339
vt -0.1592081 0.07736798
vt -0.1520527 0.07379027
vt 0.1484749 0.08094569
vt 0.1520527 0.07379027
vt 0.1592081 0.07736798
vt 0.1556304 0.08452339
vt 0.1071804 0.1311273
vt 0.1136902 0.1264774
vt 0.1183401 0.1329873
vt 0.1118303 0.1376372
vt -0.1071804 0.1311273
vt -0.1118303 0.1376372
vt -0.1183401 0.1329873
vt -0.1136902 0.1264774
vt 0.00968643 -0.005583185
vt 0.006995734 -0.01311712
vt 0.01452967 -0.01580781
vt 0.01722036 -0.00827388
vt -0.00968643 -0.005583185
vt -0.01722036 -0.00827388
vt -0.01452967 -0.01580781
vt -0.006995735 -0.01311712
vt -0.1520526 0.07379027
vt -0.1592081 0.07736798
vt -0.1627858 0.07021256
vt -0.1556304 0.06663485
vt 0.1520526 0.07379027
vt 0.1556304 0.06663485
vt 0.1627858 0.07021256
vt 0.1592081 0.07736798
vt 0.1118304 0.1376371
vt 0.1183403 0.1329872
vt 0.1229902 0.139497
vt 0.1164803 0.1441469
vt -0.1118304 0.1376371
vt -0.1164803 0.1441469
vt -0.1229902 0.139497
vt -0.1183403 0.1329872
vt 0.009686308 -0.005583145
vt 0.006995606 -0.01311707
vt 0.01452954 -0.01580778
vt 0.01722024 -0.008273847
vt -0.009686308 -0.005583144
vt -0.01722024 -0.008273847
vt -0.01452954 -0.01580778
vt -0.006995606 -0.01311707
vt -0.1592081 0.07736797
vt -0.1663635 0.08094568
vt -0.1699412 0.07379026
vt -0.1627858 0.07021255
vt 0.1592081 0.07736797
vt 0.1627858 0.07021255
vt 0.1699412 0.07379026
vt 0.1663635 0.08094568
vt 0.09788065 0.1181075
vt 0.1043905 0.1134576
vt 0.1090404 0.1199675
vt 0.1025306 0.1246174
vt -0.09788065 0.1181075
vt -0.1025306 0.1246174
vt -0.1090404 0.1199675
vt -0.1043905 0.1134576
vt 0.009686228 -0.0055832
vt 0.006995521 -0.01311713
vt 0.01452945 -0.01580784
vt 0.01722016 -0.008273906
vt -0.009686228 -0.0055832
vt -0.01722016 -0.008273907
vt -0.01452945 -0.01580784
vt -0.006995521 -0.01311713
vt -0.1377418 0.06663483
vt -0.1448973 0.07021255
vt -0.148475 0.06305713
vt -0.1413195 0.05947942
vt 0.1377418 0.06663483
vt 0.1413195 0.05947942
vt 0.148475 0.06305713
vt 0.1448973 0.07021255
vt 0.1071806 0.1311271
vt 0.1136905 0.1264772
vt 0.1183404 0.1329871
vt 0.1118305 0.137637
vt -0.1071806 0.1311271
vt -0.1118305 0.137637
vt -0.1183404 0.1329871
vt -0.1136905 0.1264772
vt 0.02313973 0.03208658
vt 0.02044902 0.02455265
vt 0.02798294 0.02186194
vt 0.03067365 0.02939587
vt -0.02313973 0.03208658
vt -0.03067365 0.02939587
vt -0.02798294 0.02186194
vt -0.02044902 0.02455265
vt -0.1341641 0.1095674
vt -0.1413195 0.1131451
vt -0.1448973 0.1059896
vt -0.1377418 0.1024119
vt 0.1341641 0.1095674
vt 0.1377418 0.1024119
vt 0.1448973 0.1059896
vt 0.1413195 0.1131451
vt 0.1025305 0.1246174
vt 0.1090404 0.1199675
vt 0.1136903 0.1264774
vt 0.1071804 0.1311273
vt -0.1025305 0.1246174
vt -0.1071804 0.1311273
vt -0.1136903 0.1264774
vt -0.1090404 0.1199675
vt 0.02313991 0.03208652
vt 0.02044921 0.02455259
vt 0.02798314 0.02186189
vt 0.03067384 0.02939582
vt -0.02313991 0.03208652
vt -0.03067384 0.02939582
vt -0.02798314 0.02186189
vt -0.02044921 0.02455259
vt -0.1270087 0.1059896
vt -0.1341641 0.1095674
vt -0.1377418 0.1024119
vt -0.1305864 0.09883423
vt 0.1270087 0.1059896
vt 0.1305864 0.09883423
vt 0.1377418 0.1024119
vt 0.1341641 0.1095674
vt 0.1025305 0.1246174
vt 0.1090404 0.1199675
vt 0.1136903 0.1264773
vt 0.1071805 0.1311273
vt -0.1025305 0.1246174
vt -0.1071805 0.1311273
vt -0.1136903 0.1264773
vt -0.1090404 0.1199675
vt 0.02044919 0.02455259
vt 0.01775849 0.01701866
vt 0.02529242 0.01432796
vt 0.02798312 0.02186189
vt -0.02044919 0.02455259
vt -0.02798312 0.02186189
vt -0.02529242 0.01432796
vt -0.01775849 0.01701866
vt -0.1305864 0.09883424
vt -0.1377418 0.1024119
vt -0.1413195 0.09525653
vt -0.1341641 0.09167882
vt 0.1305864 0.09883423
vt 0.1341641 0.09167881
vt 0.1413195 0.09525652
vt 0.1377418 0.1024119
vt 0.1025306 0.1246174
vt 0.1090404 0.1199674
vt 0.1136904 0.1264773
vt 0.1071805 0.1311272
vt -0.1025306 0.1246174
vt -0.1071805 0.1311272
vt -0.1136904 0.1264773
vt -0.1090404 0.1199674
vt 0.01775847 0.01701867
vt 0.01506777 0.009484735
vt 0.0226017 0.006794034
vt 0.0252924 0.01432797
vt -0.01775847 0.01701867
vt -0.0252924 0.01432797
vt -0.0226017 0.006794034
vt -0.01506777 0.009484734
vt -0.1341641 0.09167881
vt -0.1413195 0.09525652
vt -0.1448972 0.0881011
vt -0.1377418 0.08452339
vt 0.1341641 0.09167881
vt 0.1377418 0.08452339
vt 0.1448972 0.0881011
vt 0.1413195 0.09525652
vt 0.09788059 0.1181076
vt 0.1043905 0.1134577
vt 0.1090404 0.1199675
vt 0.1025305 0.1246174
vt -0.09788059 0.1181076
vt -0.1025305 0.1246174
vt -0.1090404 0.1199675
vt -0.1043905 0.1134576
vt 0.01506765 0.009484656
vt 0.01237694 0.001950726
vt 0.01991087 -0.000739979
vt 0.02260157 0.006793952
vt -0.01506765 0.009484656
vt -0.02260158 0.006793951
vt -0.01991087 -0.0007399789
vt -0.01237694 0.001950726
vt -0.1305864 0.08094566
vt -0.1377418 0.08452338
vt -0.1413195 0.07736796
vt -0.1341641 0.07379024
vt 0.1305864 0.08094566
vt 0.1341641 0.07379024
vt 0.1413195 0.07736796
vt 0.1377418 0.08452338
vt 0.09788056 0.1181076
vt 0.1043904 0.1134577
vt 0.1090403 0.1199675
vt 0.1025305 0.1246175
vt -0.09788056 0.1181076
vt -0.1025305 0.1246175
vt -0.1090403 0.1199675
vt -0.1043904 0.1134577
vt 0.01237716 0.001950768
vt 0.009686468 -0.005583166
vt 0.0172204 -0.008273859
vt 0.0199111 -0.000739925
vt -0.01237716 0.001950768
vt -0.0199111 -0.0007399245
vt -0.0172204 -0.00827386
vt -0.009686468 -0.005583166
vt -0.1341641 0.07379027
vt -0.1413195 0.07736797
vt -0.1448972 0.07021256
vt -0.1377418 0.06663485
vt 0.1341641 0.07379027
vt 0.1377418 0.06663485
vt 0.1448972 0.07021256
vt 0.1413195 0.07736797
vt 0.09788067 0.1181075
vt 0.1043905 0.1134576
vt 0.1090405 0.1199674
vt 0.1025306 0.1246174
vt -0.09788067 0.1181075
vt -0.1025306 0.1246174
vt -0.1090405 0.1199674
vt -0.1043905 0.1134576
vt 0.01775845 0.01701867
vt 0.01506775 0.009484741
vt 0.02260168 0.00679404
vt 0.02529239 0.01432797
vt -0.01775845 0.01701867
vt -0.02529238 0.01432797
vt -0.02260168 0.00679404
vt -0.01506775 0.009484741
vt -0.1270087 0.0881011
vt -0.1341641 0.09167881
vt -0.1377418 0.08452339
vt -0.1305864 0.08094569
vt 0.1270087 0.0881011
vt 0.1305864 0.08094569
vt 0.1377418 0.08452339
vt 0.1341641 0.09167881
vt 0.1025305 0.1246174
vt 0.1090404 0.1199675
vt 0.1136903 0.1264774
vt 0.1071804 0.1311273
vt -0.1025305 0.1246174
vt -0.1071804 0.1311273
vt -0.1136903 0.1264774
vt -0.1090404 0.1199675
vt 0.02852126 0.04715439
vt 0.02583057 0.03962046
vt 0.0333645 0.03692976
vt 0.0360552 0.04446369
vt -0.02852126 0.04715439
vt -0.0360552 0.04446369
vt -0.0333645 0.03692976
vt -0.02583057 0.03962046
vt -0.1198533 0.1203005
vt -0.1270087 0.1238782
vt -0.1305864 0.1167228
vt -0.123431 0.1131451
vt 0.1198533 0.1203005
vt 0.123431 0.1131451
vt 0.1305864 0.1167228
vt 0.1270087 0.1238782
vt 0.1025305 0.1246174
vt 0.1090404 0.1199675
vt 0.1136903 0.1264774
vt 0.1071804 0.1311273
vt -0.1025305 0.1246175
vt -0.1071804 0.1311273
vt -0.1136903 0.1264774
vt -0.1090404 0.1199675
vt 0.02583062 0.03962044
vt 0.02313992 0.03208651
vt 0.03067386 0.02939581
vt 0.03336455 0.03692975
vt -0.02583062 0.03962044
vt -0.03336455 0.03692975
vt -0.03067386 0.02939581
vt -0.02313992 0.03208651
vt -0.123431 0.1131451
vt -0.1305864 0.1167228
vt -0.1341641 0.1095673
vt -0.1270087 0.1059896
vt 0.123431 0.1131451
vt 0.1270087 0.1059896
vt 0.1341641 0.1095673
vt 0.1305864 0.1167228
vt 0.09788055 0.1181076
vt 0.1043904 0.1134577
vt 0.1090403 0.1199676
vt 0.1025305 0.1246175
vt -0.09788055 0.1181076
vt -0.1025305 0.1246175
vt -0.1090403 0.1199676
vt -0.1043904 0.1134577
vt 0.02583062 0.03962044
vt 0.02313993 0.03208651
vt 0.03067386 0.02939581
vt 0.03336456 0.03692975
vt -0.02583062 0.03962044
vt -0.03336455 0.03692975
vt -0.03067386 0.02939581
vt -0.02313993 0.03208651
vt -0.1162756 0.1095674
vt -0.123431 0.1131451
vt -0.1270087 0.1059896
vt -0.1198533 0.1024119
vt 0.1162756 0.1095674
vt 0.1198533 0.1024119
vt 0.1270087 0.1059896
vt 0.123431 0.1131451
vt 0.09788055 0.1181076
vt 0.1043904 0.1134577
vt 0.1090403 0.1199676
vt 0.1025305 0.1246175
vt -0.09788055 0.1181076
vt -0.1025305 0.1246175
vt -0.1090403 0.1199676
vt -0.1043904 0.1134577
vt 0.02313995 0.0320865
vt 0.02044926 0.02455257
vt 0.02798319 0.02186187
vt 0.03067389 0.02939581
vt -0.02313995 0.0320865
vt -0.03067389 0.02939581
vt -0.02798319 0.02186187
vt -0.02044926 0.02455257
vt -0.1198533 0.1024119
vt -0.1270087 0.1059896
vt -0.1305864 0.09883422
vt -0.123431 0.09525652
vt 0.1198533 0.1024119
vt 0.123431 0.09525652
vt 0.1305864 0.09883422
vt 0.1270087 0.1059896
vt 0.09788059 0.1181076
vt 0.1043904 0.1134577
vt 0.1090404 0.1199675
vt 0.1025305 0.1246174
vt -0.09788059 0.1181076
vt -0.1025305 0.1246174
vt -0.1090404 0.1199675
vt -0.1043904 0.1134577
vt 0.02044924 0.02455257
vt 0.01775854 0.01701864
vt 0.02529248 0.01432795
vt 0.02798317 0.02186188
vt -0.02044924 0.02455257
vt -0.02798317 0.02186188
vt -0.02529248 0.01432795
vt -0.01775854 0.01701864
vt -0.123431 0.09525652
vt -0.1305864 0.09883422
vt -0.1341641 0.09167881
vt -0.1270087 0.0881011
vt 0.123431 0.09525652
vt 0.1270087 0.0881011
vt 0.1341641 0.09167881
vt 0.1305864 0.09883423
vt 0.0978807 0.1181075
vt 0.1043905 0.1134575
vt 0.1090405 0.1199674
vt 0.1025306 0.1246173
vt -0.09788071 0.1181075
vt -0.1025306 0.1246173
vt -0.1090405 0.1199674
vt -0.1043905 0.1134575
vt 0.006995478 -0.01311712
vt 0.004304768 -0.02065104
vt 0.0118387 -0.02334175
vt 0.01452941 -0.01580783
vt -0.006995478 -0.01311712
vt -0.01452941 -0.01580783
vt -0.0118387 -0.02334175
vt -0.004304768 -0.02065104
vt -0.1413195 0.05947941
vt -0.148475 0.06305712
vt -0.1520527 0.0559017
vt -0.1448973 0.05232399
vt 0.1413195 0.05947941
vt 0.1448973 0.05232399
vt 0.1520527 0.0559017
vt 0.148475 0.06305712
vt 0.09323069 0.1115977
vt 0.09974055 0.1069478
vt 0.1043905 0.1134576
vt 0.09788061 0.1181076
vt -0.09323068 0.1115977
vt -0.09788061 0.1181075
vt -0.1043905 0.1134576
vt -0.09974054 0.1069478
vt 0.01237696 0.001950725
vt 0.009686257 -0.005583206
vt 0.01722019 -0.008273911
vt 0.01991089 -0.0007399797
vt -0.01237696 0.001950725
vt -0.01991089 -0.00073998
vt -0.01722019 -0.008273911
vt -0.009686257 -0.005583206
vt -0.1270087 0.07021254
vt -0.1341641 0.07379025
vt -0.1377418 0.06663483
vt -0.1305864 0.06305712
vt 0.1270087 0.07021254
vt 0.1305864 0.06305712
vt 0.1377418 0.06663483
vt 0.1341641 0.07379025
vt 0.09323068 0.1115977
vt 0.09974054 0.1069478
vt 0.1043905 0.1134577
vt 0.09788059 0.1181076
vt -0.09323068 0.1115977
vt -0.09788059 0.1181076
vt -0.1043905 0.1134577
vt -0.09974054 0.1069478
vt 0.01506768 0.009484651
vt 0.01237698 0.001950719
vt 0.01991091 -0.0007399842
vt 0.02260161 0.006793947
vt -0.01506768 0.009484651
vt -0.02260161 0.006793947
vt -0.01991091 -0.0007399839
vt -0.01237698 0.001950719
vt -0.123431 0.07736796
vt -0.1305864 0.08094567
vt -0.1341641 0.07379026
vt -0.1270087 0.07021254
vt 0.123431 0.07736796
vt 0.1270087 0.07021255
vt 0.1341641 0.07379026
vt 0.1305864 0.08094568
vt 0.09323063 0.1115978
vt 0.0997405 0.1069478
vt 0.1043904 0.1134577
vt 0.09788053 0.1181076
vt -0.09323063 0.1115978
vt -0.09788053 0.1181076
vt -0.1043904 0.1134577
vt -0.0997405 0.1069478
vt 0.01775857 0.01701863
vt 0.01506788 0.009484695
vt 0.02260181 0.006794004
vt 0.02529251 0.01432794
vt -0.01775857 0.01701863
vt -0.02529251 0.01432794
vt -0.02260181 0.006794004
vt -0.01506788 0.009484695
vt -0.1198533 0.08452339
vt -0.1270087 0.0881011
vt -0.1305864 0.08094568
vt -0.123431 0.07736798
vt 0.1198533 0.08452339
vt 0.123431 0.07736798
vt 0.1305864 0.08094568
vt 0.1270087 0.0881011
vt 0.09323071 0.1115977
vt 0.09974056 0.1069477
vt 0.1043905 0.1134576
vt 0.09788062 0.1181075
vt -0.09323071 0.1115977
vt -0.09788062 0.1181075
vt -0.1043905 0.1134576
vt -0.09974056 0.1069477
vt 0.02044917 0.02455259
vt 0.01775848 0.01701866
vt 0.02529241 0.01432797
vt 0.0279831 0.0218619
vt -0.02044917 0.02455259
vt -0.0279831 0.0218619
vt -0.02529241 0.01432797
vt -0.01775848 0.01701866
vt -0.1162756 0.09167881
vt -0.123431 0.09525652
vt -0.1270087 0.0881011
vt -0.1198533 0.08452339
vt 0.1162755 0.09167881
vt 0.1198533 0.08452339
vt 0.1270087 0.0881011
vt 0.123431 0.09525651
vt 0.0885808 0.1050878
vt 0.09509066 0.1004379
vt 0.09974058 0.1069478
vt 0.09323072 0.1115977
vt -0.0885808 0.1050878
vt -0.09323072 0.1115977
vt -0.09974058 0.1069478
vt -0.09509066 0.1004379
vt 0.02044917 0.02455257
vt 0.01775847 0.01701864
vt 0.0252924 0.01432794
vt 0.0279831 0.02186187
vt -0.02044917 0.02455257
vt -0.0279831 0.02186187
vt -0.02529241 0.01432794
vt -0.01775847 0.01701864
vt -0.1091201 0.0881011
vt -0.1162756 0.09167881
vt -0.1198533 0.08452339
vt -0.1126979 0.08094569
vt 0.1091201 0.0881011
vt 0.1126979 0.08094569
vt 0.1198533 0.08452339
vt 0.1162756 0.09167881
vt 0.08858095 0.1050877
vt 0.0950908 0.1004378
vt 0.09974073 0.1069476
vt 0.09323089 0.1115976
vt -0.08858095 0.1050877
vt -0.09323089 0.1115976
vt -0.09974074 0.1069476
vt -0.09509079 0.1004378
vt 0.01237683 0.001950827
vt 0.009686118 -0.0055831
vt 0.01722004 -0.008273815
vt 0.01991076 -0.0007398879
vt -0.01237683 0.001950827
vt -0.01991076 -0.0007398882
vt -0.01722005 -0.008273816
vt -0.009686118 -0.0055831
vt -0.1198533 0.06663483
vt -0.1270087 0.07021254
vt -0.1305864 0.06305712
vt -0.123431 0.05947942
vt 0.1198533 0.06663483
vt 0.123431 0.05947941
vt 0.1305864 0.06305712
vt 0.1270087 0.07021254
vt 0.09323072 0.1115977
vt 0.09974058 0.1069477
vt 0.1043905 0.1134576
vt 0.09788065 0.1181075
vt -0.09323072 0.1115976
vt -0.09788065 0.1181075
vt -0.1043905 0.1134576
vt -0.09974058 0.1069477
vt 0.009686241 -0.005583199
vt 0.006995535 -0.01311713
vt 0.01452946 -0.01580784
vt 0.01722017 -0.008273905
vt -0.009686241 -0.005583199
vt -0.01722017 -0.008273905
vt -0.01452946 -0.01580784
vt -0.006995535 -0.01311713
vt -0.1305864 0.06305712
vt -0.1377418 0.06663483
vt -0.1413195 0.05947942
vt -0.1341641 0.0559017
vt 0.1305864 0.06305712
vt 0.1341641 0.0559017
vt 0.1413195 0.05947942
vt 0.1377418 0.06663483
vt 0.09323063 0.1115978
vt 0.09974051 0.1069479
vt 0.1043904 0.1134577
vt 0.09788053 0.1181076
vt -0.09323063 0.1115978
vt -0.09788053 0.1181076
vt -0.1043904 0.1134577
vt -0.09974051 0.1069479
vt 0.02313995 0.0320865
vt 0.02044926 0.02455257
vt 0.0279832 0.02186188
vt 0.03067389 0.02939581
vt -0.02313995 0.0320865
vt -0.03067389 0.02939581
vt -0.0279832 0.02186188
vt -0.02044926 0.02455257
vt -0.1126979 0.09883423
vt -0.1198533 0.1024119
vt -0.123431 0.09525652
vt -0.1162756 0.09167881
vt 0.1126979 0.09883423
vt 0.1162756 0.09167881
vt 0.123431 0.09525652
vt 0.1198533 0.1024119
vt 0.08858079 0.1050878
vt 0.09509064 0.1004379
vt 0.09974056 0.1069478
vt 0.09323069 0.1115977
vt -0.08858079 0.1050878
vt -0.0932307 0.1115977
vt -0.09974056 0.1069478
vt -0.09509065 0.1004379
vt 0.02313988 0.0320865
vt 0.02044919 0.02455257
vt 0.02798312 0.02186187
vt 0.03067382 0.0293958
vt -0.02313988 0.0320865
vt -0.03067382 0.0293958
vt -0.02798312 0.02186187
vt -0.02044919 0.02455257
vt -0.1055424 0.09525652
vt -0.1126978 0.09883423
vt -0.1162756 0.09167882
vt -0.1091201 0.08810111
vt 0.1055424 0.09525652
vt 0.1091201 0.08810111
vt 0.1162755 0.09167881
vt 0.1126978 0.09883423
vt 0.08858089 0.1050877
vt 0.09509075 0.1004378
vt 0.09974067 0.1069476
vt 0.09323083 0.1115976
vt -0.0885809 0.1050877
vt -0.09323083 0.1115976
vt -0.09974068 0.1069477
vt -0.09509075 0.1004378
vt 0.009686179 -0.005583121
vt 0.006995467 -0.01311705
vt 0.01452939 -0.01580776
vt 0.01722011 -0.008273832
vt -0.009686179 -0.005583121
vt -0.01722011 -0.008273832
vt -0.0145294 -0.01580776
vt -0.006995468 -0.01311705
vt -0.123431 0.05947941
vt -0.1305864 0.06305712
vt -0.1341641 0.0559017
vt -0.1270087 0.052324
vt 0.123431 0.05947941
vt 0.1270087 0.05232399
vt 0.1341641 0.05590171
vt 0.1305864 0.06305712
vt 0.08858071 0.1050879
vt 0.09509058 0.100438
vt 0.09974049 0.1069478
vt 0.09323063 0.1115978
vt -0.08858071 0.1050879
vt -0.09323063 0.1115978
vt -0.09974049 0.1069478
vt -0.09509058 0.100438
vt 0.006995586 -0.01311712
vt 0.004304887 -0.02065105
vt 0.01183882 -0.02334175
vt 0.01452952 -0.01580782
vt -0.006995586 -0.01311712
vt -0.01452952 -0.01580782
vt -0.01183882 -0.02334175
vt -0.004304886 -0.02065105
vt -0.1270087 0.05232398
vt -0.1341641 0.0559017
vt -0.1377418 0.04874628
vt -0.1305864 0.04516856
vt 0.1270087 0.05232398
vt 0.1305864 0.04516856
vt 0.1377418 0.04874627
vt 0.1341641 0.0559017
vt 0.08858071 0.1050879
vt 0.09509058 0.100438
vt 0.09974049 0.1069478
vt 0.09323063 0.1115978
vt -0.08858071 0.1050879
vt -0.09323063 0.1115977
vt -0.09974049 0.1069478
vt -0.09509058 0.100438
vt 0.004304913 -0.02065106
vt 0.001614214 -0.028185
vt 0.009148147 -0.03087569
vt 0.01183884 -0.02334176
vt -0.004304914 -0.02065106
vt -0.01183885 -0.02334176
vt -0.009148148 -0.03087569
vt -0.001614215 -0.028185
vt -0.1305864 0.04516857
vt -0.1377418 0.04874628
vt -0.1413195 0.04159086
vt -0.1341641 0.03801315
vt 0.1305864 0.04516856
vt 0.1341641 0.03801315
vt 0.1413195 0.04159086
vt 0.1377418 0.04874628
vt 0.08393097 0.09857789
vt 0.09044082 0.09392796
vt 0.09509075 0.1004378
vt 0.0885809 0.1050877
vt -0.08393098 0.0985779
vt -0.0885809 0.1050877
vt -0.09509075 0.1004378
vt -0.09044082 0.09392796
vt 0.009686219 -0.005583131
vt 0.006995509 -0.01311706
vt 0.01452944 -0.01580777
vt 0.01722015 -0.008273841
vt -0.009686219 -0.005583131
vt -0.01722015 -0.008273841
vt -0.01452944 -0.01580777
vt -0.006995509 -0.01311706
vt -0.1162756 0.05590171
vt -0.123431 0.05947942
vt -0.1270087 0.052324
vt -0.1198533 0.0487463
vt 0.1162756 0.05590171
vt 0.1198533 0.04874629
vt 0.1270087 0.052324
vt 0.123431 0.05947942
vt 0.08858071 0.1050879
vt 0.09509058 0.100438
vt 0.09974049 0.1069479
vt 0.09323062 0.1115978
vt -0.08858071 0.1050879
vt -0.09323063 0.1115978
vt -0.09974049 0.1069478
vt -0.09509058 0.100438
vt 0.01506774 0.009484638
vt 0.01237704 0.001950705
vt 0.01991097 -0.000739994
vt 0.02260167 0.00679394
vt -0.01506774 0.009484638
vt -0.02260167 0.006793938
vt -0.01991097 -0.0007399936
vt -0.01237704 0.001950705
vt -0.1162756 0.07379026
vt -0.123431 0.07736797
vt -0.1270087 0.07021256
vt -0.1198533 0.06663484
vt 0.1162756 0.07379025
vt 0.1198533 0.06663484
vt 0.1270087 0.07021255
vt 0.123431 0.07736797
vt 0.08393093 0.09857793
vt 0.09044079 0.09392802
vt 0.09509071 0.1004379
vt 0.08858086 0.1050878
vt -0.08393094 0.09857794
vt -0.08858086 0.1050878
vt -0.09509072 0.1004379
vt -0.09044079 0.09392801
vt 0.01775829 0.01701865
vt 0.01506758 0.009484723
vt 0.0226015 0.006794012
vt 0.02529221 0.01432794
vt -0.01775829 0.01701865
vt -0.02529221 0.01432794
vt -0.0226015 0.006794012
vt -0.01506758 0.009484723
vt -0.1055425 0.07736796
vt -0.1126979 0.08094567
vt -0.1162756 0.07379025
vt -0.1091202 0.07021254
vt 0.1055425 0.07736796
vt 0.1091202 0.07021254
vt 0.1162756 0.07379025
vt 0.1126979 0.08094566
vt 0.08858073 0.1050879
vt 0.09509059 0.100438
vt 0.09974049 0.1069478
vt 0.09323063 0.1115977
vt -0.08858072 0.1050879
vt -0.09323063 0.1115977
vt -0.09974049 0.1069478
vt -0.09509059 0.100438
vt 0.01775854 0.01701861
vt 0.01506785 0.00948468
vt 0.02260178 0.006793988
vt 0.02529247 0.01432792
vt -0.01775854 0.01701861
vt -0.02529247 0.01432792
vt -0.02260178 0.006793986
vt -0.01506785 0.00948468
vt -0.1126979 0.08094569
vt -0.1198533 0.08452339
vt -0.123431 0.07736798
vt -0.1162756 0.07379027
vt 0.1126979 0.08094569
vt 0.1162756 0.07379027
vt 0.123431 0.07736798
vt 0.1198533 0.08452339
vt 0.08393095 0.09857794
vt 0.09044079 0.09392802
vt 0.09509073 0.1004379
vt 0.08858088 0.1050878
vt -0.08393095 0.09857795
vt -0.08858088 0.1050878
vt -0.09509073 0.1004379
vt -0.09044079 0.09392801
vt 0.02044897 0.02455259
vt 0.01775826 0.01701866
vt 0.02529218 0.01432795
vt 0.02798289 0.02186188
vt -0.02044897 0.02455259
vt -0.0279829 0.02186188
vt -0.02529218 0.01432795
vt -0.01775826 0.01701866
vt -0.1019648 0.08452338
vt -0.1091202 0.08810109
vt -0.1126979 0.08094567
vt -0.1055425 0.07736796
vt 0.1019648 0.08452338
vt 0.1055425 0.07736796
vt 0.1126979 0.08094567
vt 0.1091202 0.08810109
vt 0.08393086 0.09857797
vt 0.09044074 0.09392806
vt 0.09509064 0.1004379
vt 0.08858077 0.1050878
vt -0.08393086 0.09857797
vt -0.08858077 0.1050878
vt -0.09509064 0.1004379
vt -0.09044074 0.09392806
vt 0.004305091 -0.02065104
vt 0.001614396 -0.02818497
vt 0.009148329 -0.03087567
vt 0.01183902 -0.02334173
vt -0.004305091 -0.02065104
vt -0.01183902 -0.02334173
vt -0.00914833 -0.03087567
vt -0.001614396 -0.02818497
vt -0.123431 0.04159089
vt -0.1305864 0.04516859
vt -0.1341641 0.03801318
vt -0.1270087 0.03443547
vt 0.123431 0.04159089
vt 0.1270087 0.03443547
vt 0.1341641 0.03801318
vt 0.1305864 0.04516859
vt 0.08393081 0.09857801
vt 0.09044068 0.09392808
vt 0.09509058 0.100438
vt 0.08858071 0.1050879
vt -0.08393081 0.098578
vt -0.08858072 0.1050879
vt -0.09509058 0.100438
vt -0.09044068 0.09392809
vt 0.001614252 -0.028185
vt -0.001076446 -0.03571893
vt 0.006457488 -0.03840963
vt 0.009148185 -0.0308757
vt -0.001614251 -0.028185
vt -0.009148185 -0.0308757
vt -0.006457488 -0.03840963
vt 0.001076446 -0.03571893
vt -0.1270087 0.03443544
vt -0.1341641 0.03801315
vt -0.1377418 0.03085774
vt -0.1305864 0.02728002
vt 0.1270087 0.03443544
vt 0.1305864 0.02728003
vt 0.1377418 0.03085774
vt 0.1341641 0.03801315
vt 0.08393094 0.0985779
vt 0.09044079 0.09392797
vt 0.09509072 0.1004378
vt 0.08858086 0.1050878
vt -0.08393094 0.0985779
vt -0.08858086 0.1050878
vt -0.09509072 0.1004378
vt -0.09044079 0.09392797
vt 0.006995542 -0.01311707
vt 0.004304835 -0.020651
vt 0.01183876 -0.02334171
vt 0.01452947 -0.01580778
vt -0.006995542 -0.01311707
vt -0.01452947 -0.01580778
vt -0.01183876 -0.02334171
vt -0.004304835 -0.020651
vt -0.1198533 0.04874628
vt -0.1270087 0.05232399
vt -0.1305864 0.04516857
vt -0.123431 0.04159086
vt 0.1198533 0.04874628
vt 0.123431 0.04159086
vt 0.1305864 0.04516857
vt 0.1270087 0.05232399
vt 0.0839308 0.09857805
vt 0.09044066 0.09392814
vt 0.09509058 0.100438
vt 0.08858071 0.1050879
vt -0.0839308 0.09857804
vt -0.08858071 0.1050879
vt -0.09509057 0.100438
vt -0.09044067 0.09392814
vt 0.01506777 0.009484633
vt 0.01237707 0.0019507
vt 0.019911 -0.0007399973
vt 0.0226017 0.006793936
vt -0.01506776 0.009484633
vt -0.0226017 0.006793936
vt -0.019911 -0.0007399969
vt -0.01237707 0.0019507
vt -0.1091201 0.07021254
vt -0.1162755 0.07379025
vt -0.1198533 0.06663484
vt -0.1126979 0.06305712
vt 0.1091201 0.07021254
vt 0.1126979 0.06305713
vt 0.1198533 0.06663484
vt 0.1162756 0.07379025
vt 0.08393087 0.09857798
vt 0.09044074 0.09392806
vt 0.09509065 0.1004379
vt 0.08858079 0.1050878
vt -0.08393087 0.09857798
vt -0.08858079 0.1050879
vt -0.09509065 0.1004379
vt -0.09044074 0.09392808
vt 0.02583058 0.03962043
vt 0.02313988 0.0320865
vt 0.03067381 0.0293958
vt 0.03336451 0.03692973
vt -0.02583058 0.03962043
vt -0.03336451 0.03692973
vt -0.03067381 0.0293958
vt -0.02313988 0.0320865
vt -0.09480931 0.09883424
vt -0.1019647 0.1024119
vt -0.1055424 0.09525653
vt -0.09838702 0.09167882
vt 0.0948093 0.09883423
vt 0.09838702 0.09167882
vt 0.1055424 0.09525653
vt 0.1019647 0.1024119
vt 0.08393085 0.09857798
vt 0.09044071 0.09392808
vt 0.09509062 0.1004379
vt 0.08858076 0.1050878
vt -0.08393085 0.09857798
vt -0.08858076 0.1050878
vt -0.09509062 0.1004379
vt -0.09044071 0.09392808
vt 0.02313991 0.03208649
vt 0.02044921 0.02455256
vt 0.02798314 0.02186186
vt 0.03067384 0.02939579
vt -0.02313991 0.03208649
vt -0.03067384 0.02939579
vt -0.02798314 0.02186186
vt -0.02044921 0.02455256
vt -0.098387 0.09167881
vt -0.1055424 0.09525652
vt -0.1091201 0.0881011
vt -0.1019647 0.08452339
vt 0.09838701 0.09167881
vt 0.1019647 0.08452339
vt 0.1091201 0.0881011
vt 0.1055424 0.09525652
vt 0.08393078 0.09857804
vt 0.09044065 0.09392813
vt 0.09509055 0.100438
vt 0.08858068 0.1050879
vt -0.08393078 0.09857804
vt -0.08858069 0.1050879
vt -0.09509055 0.100438
vt -0.09044065 0.09392814
vt 0.0123771 0.001950714
vt 0.009686403 -0.00558322
vt 0.01722034 -0.008273916
vt 0.01991103 -0.0007399814
vt -0.0123771 0.001950714
vt -0.01991103 -0.0007399818
vt -0.01722034 -0.008273915
vt -0.009686404 -0.00558322
vt -0.1126979 0.06305712
vt -0.1198533 0.06663483
vt -0.123431 0.05947942
vt -0.1162756 0.05590171
vt 0.1126978 0.06305712
vt 0.1162756 0.05590171
vt 0.123431 0.05947942
vt 0.1198533 0.06663483
vt 0.07928092 0.09206812
vt 0.08579079 0.08741821
vt 0.09044069 0.09392808
vt 0.08393083 0.09857798
vt -0.07928092 0.09206812
vt -0.08393083 0.09857798
vt -0.09044069 0.09392808
vt -0.08579079 0.08741821
vt 0.01506788 0.009484695
vt 0.01237719 0.00195076
vt 0.01991112 -0.0007399322
vt 0.02260181 0.006794003
vt -0.01506788 0.009484695
vt -0.02260181 0.006794003
vt -0.01991112 -0.0007399322
vt -0.01237719 0.00195076
vt -0.1019647 0.06663485
vt -0.1091201 0.07021256
vt -0.1126978 0.06305714
vt -0.1055424 0.05947943
vt 0.1019647 0.06663485
vt 0.1055424 0.05947943
vt 0.1126978 0.06305714
vt 0.1091201 0.07021256
vt 0.07928097 0.09206811
vt 0.08579083 0.08741818
vt 0.09044075 0.09392805
vt 0.08393089 0.09857796
vt -0.07928097 0.09206811
vt -0.08393089 0.09857796
vt -0.09044075 0.09392805
vt -0.08579083 0.08741818
vt 0.01775841 0.01701866
vt 0.01506771 0.009484728
vt 0.02260164 0.006794026
vt 0.02529234 0.01432796
vt -0.01775841 0.01701866
vt -0.02529234 0.01432796
vt -0.02260164 0.006794026
vt -0.01506771 0.009484728
vt -0.09838704 0.07379025
vt -0.1055425 0.07736796
vt -0.1091202 0.07021254
vt -0.1019647 0.06663483
vt 0.09838704 0.07379025
vt 0.1019647 0.06663483
vt 0.1091202 0.07021254
vt 0.1055425 0.07736796
vt 0.07928094 0.09206812
vt 0.0857908 0.08741821
vt 0.09044072 0.09392807
vt 0.08393086 0.09857799
vt -0.07928094 0.09206812
vt -0.08393086 0.09857799
vt -0.09044072 0.09392807
vt -0.0857908 0.08741821
vt 0.02044913 0.02455259
vt 0.01775843 0.01701865
vt 0.02529236 0.01432796
vt 0.02798306 0.02186188
vt -0.02044912 0.02455259
vt -0.02798306 0.02186189
vt -0.02529236 0.01432795
vt -0.01775843 0.01701866
vt -0.09480933 0.08094567
vt -0.1019647 0.08452338
vt -0.1055425 0.07736797
vt -0.09838704 0.07379025
vt 0.09480933 0.08094567
vt 0.09838703 0.07379025
vt 0.1055425 0.07736796
vt 0.1019647 0.08452338
vt 0.07928091 0.09206814
vt 0.08579077 0.08741822
vt 0.09044068 0.09392808
vt 0.08393083 0.098578
vt -0.07928091 0.09206814
vt -0.08393083 0.098578
vt -0.09044068 0.09392808
vt -0.08579077 0.08741821
vt 0.02313984 0.03208651
vt 0.02044914 0.02455258
vt 0.02798307 0.02186188
vt 0.03067377 0.02939581
vt -0.02313984 0.03208651
vt -0.03067377 0.02939581
vt -0.02798307 0.02186188
vt -0.02044914 0.02455258
vt -0.09123161 0.08810108
vt -0.09838703 0.09167879
vt -0.1019647 0.08452337
vt -0.09480932 0.08094566
vt 0.09123161 0.08810107
vt 0.09480932 0.08094566
vt 0.1019647 0.08452336
vt 0.09838703 0.09167879
vt 0.07928091 0.09206814
vt 0.08579078 0.08741823
vt 0.09044068 0.09392809
vt 0.08393081 0.098578
vt -0.07928091 0.09206814
vt -0.08393081 0.09857799
vt -0.09044068 0.09392808
vt -0.08579078 0.08741823
vt 0.02583062 0.03962042
vt 0.02313992 0.03208648
vt 0.03067386 0.02939579
vt 0.03336455 0.03692972
vt -0.02583062 0.03962042
vt -0.03336455 0.03692972
vt -0.03067386 0.02939579
vt -0.02313993 0.03208648
vt -0.08765388 0.09525651
vt -0.09480928 0.09883422
vt -0.09838699 0.09167881
vt -0.09123158 0.0881011
vt 0.08765388 0.09525651
vt 0.09123158 0.0881011
vt 0.098387 0.09167881
vt 0.09480929 0.09883422
vt 0.0792809 0.09206816
vt 0.08579077 0.08741824
vt 0.09044068 0.09392811
vt 0.08393081 0.09857802
vt -0.0792809 0.09206815
vt -0.08393081 0.09857802
vt -0.09044068 0.09392811
vt -0.08579077 0.08741825
vt 0.009686438 -0.005583203
vt 0.006995744 -0.01311714
vt 0.01452968 -0.01580783
vt 0.01722037 -0.008273898
vt -0.009686438 -0.005583203
vt -0.01722037 -0.008273898
vt -0.01452968 -0.01580783
vt -0.006995745 -0.01311714
vt -0.1091201 0.052324
vt -0.1162756 0.05590171
vt -0.1198533 0.0487463
vt -0.1126979 0.04516859
vt 0.1091201 0.052324
vt 0.1126979 0.04516859
vt 0.1198533 0.0487463
vt 0.1162756 0.05590171
vt 0.07928094 0.09206812
vt 0.0857908 0.0874182
vt 0.09044072 0.09392807
vt 0.08393085 0.09857798
vt -0.07928094 0.09206812
vt -0.08393086 0.09857798
vt -0.09044071 0.09392806
vt -0.08579081 0.08741821
vt 0.006995704 -0.01311712
vt 0.004305006 -0.02065106
vt 0.01183894 -0.02334176
vt 0.01452964 -0.01580782
vt -0.006995705 -0.01311712
vt -0.01452964 -0.01580782
vt -0.01183894 -0.02334176
vt -0.004305007 -0.02065106
vt -0.1126979 0.04516859
vt -0.1198533 0.0487463
vt -0.123431 0.04159089
vt -0.1162756 0.03801318
vt 0.1126979 0.04516859
vt 0.1162756 0.03801318
vt 0.123431 0.04159088
vt 0.1198533 0.0487463
vt 0.07928093 0.09206812
vt 0.0857908 0.08741821
vt 0.0904407 0.09392808
vt 0.08393084 0.09857798
vt -0.07928093 0.09206812
vt -0.08393084 0.09857798
vt -0.0904407 0.09392808
vt -0.08579079 0.08741821
vt 0.004305091 -0.02065104
vt 0.001614398 -0.02818497
vt 0.009148331 -0.03087567
vt 0.01183903 -0.02334173
vt -0.004305091 -0.02065104
vt -0.01183902 -0.02334173
vt -0.009148332 -0.03087567
vt -0.001614398 -0.02818497
vt -0.1162755 0.03801317
vt -0.123431 0.04159088
vt -0.1270087 0.03443546
vt -0.1198533 0.03085775
vt 0.1162755 0.03801317
vt 0.1198533 0.03085775
vt 0.1270087 0.03443546
vt 0.123431 0.04159088
vt 0.08393081 0.09857801
vt 0.09044068 0.09392809
vt 0.09509059 0.100438
vt 0.08858072 0.1050879
vt -0.08393081 0.09857801
vt -0.08858073 0.1050879
vt -0.09509058 0.100438
vt -0.09044068 0.0939281
vt -0.001076418 -0.03571894
vt -0.003767116 -0.04325288
vt 0.003766818 -0.04594357
vt 0.006457516 -0.03840964
vt 0.001076417 -0.03571894
vt -0.006457516 -0.03840964
vt -0.003766818 -0.04594357
vt 0.003767115 -0.04325287
vt -0.1305864 0.02728004
vt -0.1377418 0.03085775
vt -0.1413195 0.02370233
vt -0.1341641 0.02012462
vt 0.1305864 0.02728004
vt 0.1341641 0.02012463
vt 0.1413195 0.02370233
vt 0.1377418 0.03085775
vt 0.07928093 0.09206812
vt 0.08579079 0.08741821
vt 0.0904407 0.09392808
vt 0.08393084 0.09857798
vt -0.07928093 0.09206812
vt -0.08393084 0.09857799
vt -0.0904407 0.09392807
vt -0.08579079 0.08741821
vt -0.003767047 -0.04325287
vt -0.006457742 -0.0507868
vt 0.001076191 -0.0534775
vt 0.003766886 -0.04594357
vt 0.003767046 -0.04325287
vt -0.003766886 -0.04594357
vt -0.001076191 -0.0534775
vt 0.006457741 -0.0507868
vt -0.1270087 0.01654692
vt -0.1341641 0.02012463
vt -0.1377418 0.01296922
vt -0.1305864 0.009391507
vt 0.1270087 0.01654692
vt 0.1305864 0.009391508
vt 0.1377418 0.01296922
vt 0.1341641 0.02012463
vt 0.07463101 0.08555828
vt 0.08114088 0.08090837
vt 0.08579078 0.08741824
vt 0.07928091 0.09206815
vt -0.07463101 0.08555828
vt -0.07928091 0.09206815
vt -0.08579078 0.08741824
vt -0.08114088 0.08090837
vt -0.006457651 -0.05078679
vt -0.009148343 -0.05832072
vt -0.001614406 -0.06101141
vt 0.001076285 -0.05347748
vt 0.006457651 -0.05078679
vt -0.001076285 -0.05347748
vt 0.001614406 -0.06101141
vt 0.009148343 -0.05832072
vt -0.123431 0.005813801
vt -0.1305864 0.009391506
vt -0.1341641 0.002236087
vt -0.1270087 -0.001341618
vt 0.123431 0.005813801
vt 0.1270087 -0.001341618
vt 0.1341641 0.002236087
vt 0.1305864 0.009391506
vt 0.07463101 0.08555826
vt 0.08114088 0.08090835
vt 0.08579078 0.08741821
vt 0.07928091 0.09206812
vt -0.07463101 0.08555826
vt -0.07928091 0.09206812
vt -0.08579078 0.08741821
vt -0.08114088 0.08090835
vt -0.003766967 -0.04325287
vt -0.006457659 -0.0507868
vt 0.001076275 -0.0534775
vt 0.003766968 -0.04594356
vt 0.003766966 -0.04325287
vt -0.003766968 -0.04594356
vt -0.001076276 -0.0534775
vt 0.006457659 -0.0507868
vt -0.1198533 0.01296922
vt -0.1270087 0.01654693
vt -0.1305864 0.009391511
vt -0.123431 0.005813805
vt 0.1198533 0.01296922
vt 0.123431 0.005813804
vt 0.1305864 0.009391512
vt 0.1270087 0.01654693
vt 0.07928097 0.09206811
vt 0.08579083 0.0874182
vt 0.09044074 0.09392805
vt 0.08393087 0.09857797
vt -0.07928097 0.09206811
vt -0.08393087 0.09857797
vt -0.09044074 0.09392805
vt -0.08579083 0.08741821
vt 0.001614378 -0.02818497
vt -0.001076318 -0.0357189
vt 0.006457617 -0.0384096
vt 0.009148313 -0.03087566
vt -0.001614378 -0.02818497
vt -0.009148313 -0.03087566
vt -0.006457617 -0.0384096
vt 0.001076318 -0.0357189
vt -0.1198533 0.03085776
vt -0.1270087 0.03443547
vt -0.1305864 0.02728005
vt -0.123431 0.02370234
vt 0.1198533 0.03085776
vt 0.123431 0.02370234
vt 0.1305864 0.02728005
vt 0.1270087 0.03443547
vt 0.07928098 0.09206808
vt 0.08579084 0.08741815
vt 0.09044075 0.09392802
vt 0.08393089 0.09857795
vt -0.07928098 0.09206808
vt -0.08393089 0.09857795
vt -0.09044075 0.09392802
vt -0.08579084 0.08741815
vt -0.001076336 -0.0357189
vt -0.003767032 -0.04325283
vt 0.003766901 -0.04594352
vt 0.006457598 -0.03840959
vt 0.001076336 -0.0357189
vt -0.006457597 -0.03840959
vt -0.003766901 -0.04594352
vt 0.003767032 -0.04325283
vt -0.123431 0.02370234
vt -0.1305864 0.02728005
vt -0.1341641 0.02012464
vt -0.1270087 0.01654693
vt 0.123431 0.02370234
vt 0.1270087 0.01654692
vt 0.1341641 0.02012463
vt 0.1305864 0.02728005
vt 0.06998111 0.07904842
vt 0.07649098 0.07439852
vt 0.08114088 0.08090837
vt 0.07463101 0.08555828
vt -0.06998111 0.07904842
vt -0.07463101 0.08555828
vt -0.08114088 0.08090837
vt -0.07649098 0.07439852
vt -0.006457653 -0.05078679
vt -0.009148344 -0.05832072
vt -0.001614408 -0.06101141
vt 0.001076283 -0.05347748
vt 0.006457653 -0.05078679
vt -0.001076283 -0.05347748
vt 0.001614408 -0.06101141
vt 0.009148344 -0.05832072
vt -0.1162756 0.00223609
vt -0.123431 0.005813795
vt -0.1270087 -0.001341624
vt -0.1198533 -0.004919329
vt 0.1162756 0.00223609
vt 0.1198533 -0.004919329
vt 0.1270087 -0.001341624
vt 0.123431 0.005813795
vt 0.07463101 0.08555828
vt 0.08114088 0.08090837
vt 0.08579078 0.08741824
vt 0.07928091 0.09206815
vt -0.07463101 0.08555828
vt -0.07928091 0.09206815
vt -0.08579078 0.08741824
vt -0.08114088 0.08090837
vt -0.001076269 -0.03571892
vt -0.00376696 -0.04325285
vt 0.003766976 -0.04594354
vt 0.006457667 -0.03840961
vt 0.001076269 -0.03571892
vt -0.006457667 -0.03840961
vt -0.003766976 -0.04594354
vt 0.00376696 -0.04325285
vt -0.1162756 0.02012463
vt -0.123431 0.02370234
vt -0.1270087 0.01654692
vt -0.1198533 0.01296922
vt 0.1162756 0.02012463
vt 0.1198533 0.01296922
vt 0.1270087 0.01654692
vt 0.123431 0.02370234
vt 0.06998111 0.07904842
vt 0.07649098 0.07439852
vt 0.08114088 0.08090837
vt 0.07463101 0.08555828
vt -0.06998111 0.07904842
vt -0.07463101 0.08555828
vt -0.08114088 0.08090837
vt -0.07649098 0.07439852
vt -0.00376696 -0.04325285
vt -0.006457651 -0.05078679
vt 0.001076285 -0.05347748
vt 0.003766976 -0.04594354
vt 0.00376696 -0.04325285
vt -0.003766976 -0.04594354
vt -0.001076285 -0.05347748
vt 0.006457651 -0.05078679
vt -0.1126979 0.009391512
vt -0.1198533 0.01296922
vt -0.123431 0.005813801
vt -0.1162756 0.002236095
vt 0.1126979 0.009391511
vt 0.1162756 0.002236095
vt 0.123431 0.005813801
vt 0.1198533 0.01296922
vt 0.06998107 0.07904842
vt 0.07649094 0.07439851
vt 0.08114084 0.08090837
vt 0.07463097 0.08555828
vt -0.06998107 0.07904841
vt -0.07463097 0.08555828
vt -0.08114084 0.08090837
vt -0.07649094 0.07439851
vt -0.001076297 -0.03571893
vt -0.00376699 -0.04325286
vt 0.003766945 -0.04594355
vt 0.006457637 -0.03840962
vt 0.001076297 -0.03571893
vt -0.006457638 -0.03840962
vt -0.003766946 -0.04594355
vt 0.003766989 -0.04325286
vt -0.1091201 0.01654692
vt -0.1162755 0.02012463
vt -0.1198533 0.01296921
vt -0.1126978 0.009391499
vt 0.1091201 0.01654692
vt 0.1126978 0.009391499
vt 0.1198533 0.01296921
vt 0.1162755 0.02012463
vt 0.07463101 0.08555828
vt 0.08114088 0.08090837
vt 0.08579078 0.08741824
vt 0.07928091 0.09206815
vt -0.07463101 0.08555828
vt -0.07928091 0.09206815
vt -0.08579078 0.08741824
vt -0.08114088 0.08090837
vt 0.001614421 -0.02818498
vt -0.001076269 -0.03571892
vt 0.006457667 -0.03840961
vt 0.009148357 -0.03087567
vt -0.001614421 -0.02818498
vt -0.009148357 -0.03087567
vt -0.006457667 -0.03840961
vt 0.001076269 -0.03571892
vt -0.1126979 0.02728005
vt -0.1198533 0.03085776
vt -0.123431 0.02370234
vt -0.1162756 0.02012463
vt 0.1126979 0.02728005
vt 0.1162756 0.02012463
vt 0.123431 0.02370234
vt 0.1198533 0.03085776
vt 0.06998111 0.07904842
vt 0.07649098 0.07439852
vt 0.08114088 0.08090837
vt 0.07463101 0.08555828
vt -0.06998111 0.07904842
vt -0.07463101 0.08555828
vt -0.08114088 0.08090837
vt -0.07649098 0.07439852
vt 0.001614421 -0.02818498
vt -0.001076269 -0.03571892
vt 0.006457666 -0.03840961
vt 0.009148357 -0.03087567
vt -0.001614421 -0.02818498
vt -0.009148357 -0.03087567
vt -0.006457667 -0.03840961
vt 0.001076269 -0.03571892
vt -0.1055424 0.02370234
vt -0.1126979 0.02728005
vt -0.1162756 0.02012463
vt -0.1091201 0.01654693
vt 0.1055424 0.02370234
vt 0.1091201 0.01654693
vt 0.1162756 0.02012463
vt 0.1126979 0.02728005
vt 0.07463101 0.08555827
vt 0.08114088 0.08090836
vt 0.08579078 0.08741822
vt 0.07928091 0.09206812
vt -0.07463101 0.08555827
vt -0.07928091 0.09206812
vt -0.08579078 0.08741821
vt -0.08114088 0.08090836
vt 0.004305084 -0.02065106
vt 0.001614392 -0.028185
vt 0.009148325 -0.03087569
vt 0.01183902 -0.02334175
vt -0.004305085 -0.02065106
vt -0.01183902 -0.02334175
vt -0.009148328 -0.03087569
vt -0.001614391 -0.028185
vt -0.1091201 0.03443547
vt -0.1162755 0.03801317
vt -0.1198533 0.03085775
vt -0.1126979 0.02728005
vt 0.1091201 0.03443547
vt 0.1126979 0.02728005
vt 0.1198533 0.03085776
vt 0.1162755 0.03801317
vt 0.07928099 0.09206808
vt 0.08579085 0.08741815
vt 0.09044077 0.09392802
vt 0.08393092 0.09857794
vt -0.07928099 0.09206808
vt -0.08393092 0.09857794
vt -0.09044077 0.09392802
vt -0.08579084 0.08741815
vt 0.012377 0.001950799
vt 0.009686297 -0.005583133
vt 0.01722023 -0.008273835
vt 0.01991093 -0.0007399048
vt -0.012377 0.001950798
vt -0.01991093 -0.0007399049
vt -0.01722023 -0.008273836
vt -0.009686297 -0.005583133
vt -0.1055425 0.05947942
vt -0.1126979 0.06305712
vt -0.1162756 0.05590171
vt -0.1091202 0.052324
vt 0.1055425 0.05947942
vt 0.1091202 0.052324
vt 0.1162756 0.05590171
vt 0.1126979 0.06305712
vt 0.07463101 0.08555828
vt 0.08114088 0.08090838
vt 0.08579078 0.08741824
vt 0.07928091 0.09206815
vt -0.07463101 0.08555828
vt -0.07928091 0.09206815
vt -0.08579078 0.08741824
vt -0.08114088 0.08090838
vt 0.009686456 -0.005583163
vt 0.006995764 -0.0131171
vt 0.0145297 -0.01580779
vt 0.01722039 -0.008273855
vt -0.009686456 -0.005583163
vt -0.01722039 -0.008273855
vt -0.0145297 -0.01580779
vt -0.006995764 -0.0131171
vt -0.1019647 0.04874629
vt -0.1091201 0.05232399
vt -0.1126978 0.04516857
vt -0.1055424 0.04159087
vt 0.1019647 0.04874629
vt 0.1055424 0.04159087
vt 0.1126979 0.04516858
vt 0.1091201 0.052324
vt 0.07463101 0.08555828
vt 0.08114088 0.08090837
vt 0.08579078 0.08741824
vt 0.07928091 0.09206815
vt -0.07463101 0.08555828
vt -0.07928091 0.09206815
vt -0.08579078 0.08741824
vt -0.08114088 0.08090837
vt 0.006995783 -0.0131171
vt 0.004305092 -0.02065104
vt 0.01183903 -0.02334173
vt 0.01452972 -0.0158078
vt -0.006995784 -0.0131171
vt -0.01452972 -0.0158078
vt -0.01183903 -0.02334173
vt -0.004305092 -0.02065104
vt -0.1055424 0.04159088
vt -0.1126978 0.04516859
vt -0.1162755 0.03801317
vt -0.1091201 0.03443546
vt 0.1055424 0.04159088
vt 0.1091201 0.03443546
vt 0.1162755 0.03801317
vt 0.1126978 0.04516859
vt 0.0699811 0.07904841
vt 0.07649097 0.0743985
vt 0.08114087 0.08090837
vt 0.074631 0.08555828
vt -0.0699811 0.07904841
vt -0.074631 0.08555828
vt -0.08114087 0.08090837
vt -0.07649097 0.0743985
vt 0.004305112 -0.02065105
vt 0.001614421 -0.02818498
vt 0.009148357 -0.03087567
vt 0.01183905 -0.02334174
vt -0.004305112 -0.02065105
vt -0.01183905 -0.02334174
vt -0.009148357 -0.03087567
vt -0.001614421 -0.02818498
vt -0.1019647 0.03085776
vt -0.1091201 0.03443546
vt -0.1126978 0.02728004
vt -0.1055424 0.02370234
vt 0.1019647 0.03085776
vt 0.1055424 0.02370234
vt 0.1126978 0.02728004
vt 0.1091201 0.03443546
vt 0.07463101 0.08555828
vt 0.08114087 0.08090837
vt 0.08579078 0.08741824
vt 0.07928092 0.09206815
vt -0.07463101 0.08555828
vt -0.07928092 0.09206815
vt -0.08579078 0.08741824
vt -0.08114087 0.08090837
vt 0.01237711 0.001950783
vt 0.009686416 -0.005583151
vt 0.01722035 -0.008273846
vt 0.01991105 -0.0007399104
vt -0.01237711 0.001950783
vt -0.01991105 -0.0007399105
vt -0.01722035 -0.008273846
vt -0.009686416 -0.005583151
vt -0.09838703 0.0559017
vt -0.1055424 0.05947941
vt -0.1091202 0.05232399
vt -0.1019647 0.04874628
vt 0.09838702 0.0559017
vt 0.1019647 0.04874628
vt 0.1091202 0.05232399
vt 0.1055424 0.05947941
vt 0.06998108 0.07904843
vt 0.07649095 0.07439853
vt 0.08114085 0.08090839
vt 0.07463098 0.0855583
vt -0.06998108 0.07904843
vt -0.07463098 0.0855583
vt -0.08114085 0.08090839
vt -0.07649095 0.07439853
vt 0.01237716 0.001950747
vt 0.00968647 -0.005583188
vt 0.0172204 -0.00827388
vt 0.0199111 -0.000739945
vt -0.01237716 0.001950747
vt -0.0199111 -0.0007399449
vt -0.0172204 -0.00827388
vt -0.00968647 -0.005583188
vt -0.0912316 0.05232401
vt -0.09838702 0.05590172
vt -0.1019647 0.0487463
vt -0.09480931 0.04516859
vt 0.0912316 0.05232401
vt 0.09480931 0.04516859
vt 0.1019647 0.0487463
vt 0.09838702 0.05590172
vt 0.0699811 0.07904841
vt 0.07649097 0.0743985
vt 0.08114087 0.08090837
vt 0.074631 0.08555827
vt -0.0699811 0.07904841
vt -0.074631 0.08555827
vt -0.08114087 0.08090837
vt -0.07649097 0.0743985
vt 0.009686477 -0.005583169
vt 0.006995785 -0.0131171
vt 0.01452972 -0.0158078
vt 0.01722041 -0.00827386
vt -0.009686477 -0.005583169
vt -0.01722041 -0.00827386
vt -0.01452972 -0.0158078
vt -0.006995785 -0.0131171
vt -0.0948093 0.04516859
vt -0.1019647 0.0487463
vt -0.1055424 0.04159088
vt -0.09838701 0.03801317
vt 0.0948093 0.04516859
vt 0.09838701 0.03801317
vt 0.1055424 0.04159088
vt 0.1019647 0.0487463
vt 0.06998105 0.07904845
vt 0.07649092 0.07439853
vt 0.08114082 0.0809084
vt 0.07463096 0.08555831
vt -0.06998105 0.07904844
vt -0.07463096 0.08555832
vt -0.08114082 0.0809084
vt -0.07649092 0.07439854
vt 0.006995725 -0.01311715
vt 0.004305032 -0.02065108
vt 0.01183897 -0.02334178
vt 0.01452966 -0.01580784
vt -0.006995726 -0.01311715
vt -0.01452966 -0.01580784
vt -0.01183897 -0.02334178
vt -0.004305033 -0.02065108
vt -0.09838703 0.03801317
vt -0.1055424 0.04159087
vt -0.1091202 0.03443546
vt -0.1019647 0.03085775
vt 0.09838702 0.03801316
vt 0.1019647 0.03085775
vt 0.1091202 0.03443546
vt 0.1055424 0.04159088
vt 0.07463101 0.08555829
vt 0.08114086 0.08090837
vt 0.08579078 0.08741824
vt 0.07928092 0.09206815
vt -0.07463101 0.08555829
vt -0.07928092 0.09206815
vt -0.08579078 0.08741824
vt -0.08114086 0.08090837
vt 0.01506778 0.009484725
vt 0.01237709 0.00195079
vt 0.01991102 -0.000739904
vt 0.02260172 0.00679403
vt -0.01506779 0.009484724
vt -0.02260172 0.00679403
vt -0.01991102 -0.0007399042
vt -0.01237709 0.00195079
vt -0.09480933 0.06305712
vt -0.1019647 0.06663483
vt -0.1055425 0.05947941
vt -0.09838704 0.0559017
vt 0.09480932 0.06305712
vt 0.09838703 0.0559017
vt 0.1055425 0.05947941
vt 0.1019647 0.06663483
vt 0.07463101 0.08555828
vt 0.08114088 0.08090837
vt 0.08579078 0.08741824
vt 0.07928091 0.09206815
vt -0.07463101 0.08555828
vt -0.07928091 0.09206815
vt -0.08579078 0.08741824
vt -0.08114088 0.08090837
vt 0.01775857 0.01701863
vt 0.01506788 0.009484695
vt 0.02260181 0.006794004
vt 0.02529251 0.01432794
vt -0.01775857 0.01701863
vt -0.02529251 0.01432794
vt -0.02260181 0.006794004
vt -0.01506788 0.009484695
vt -0.0912316 0.07021256
vt -0.098387 0.07379027
vt -0.1019647 0.06663485
vt -0.09480931 0.06305714
vt 0.0912316 0.07021256
vt 0.09480931 0.06305714
vt 0.1019647 0.06663485
vt 0.098387 0.07379027
vt 0.0699811 0.07904841
vt 0.07649097 0.0743985
vt 0.08114087 0.08090837
vt 0.074631 0.08555828
vt -0.0699811 0.07904841
vt -0.074631 0.08555828
vt -0.08114087 0.08090837
vt -0.07649097 0.0743985
vt 0.01775857 0.01701863
vt 0.01506788 0.009484695
vt 0.02260181 0.006794004
vt 0.02529251 0.01432794
vt -0.01775857 0.01701863
vt -0.02529251 0.01432794
vt -0.02260181 0.006794004
vt -0.01506788 0.009484695
vt -0.08407617 0.06663485
vt -0.09123158 0.07021256
vt -0.09480929 0.06305714
vt -0.08765388 0.05947943
vt 0.08407617 0.06663485
vt 0.08765388 0.05947943
vt 0.09480929 0.06305714
vt 0.09123158 0.07021256
vt 0.06998111 0.07904842
vt 0.07649098 0.07439852
vt 0.08114088 0.08090837
vt 0.07463101 0.08555828
vt -0.06998111 0.07904842
vt -0.07463101 0.08555828
vt -0.08114088 0.08090837
vt -0.07649098 0.07439852
vt 0.01506788 0.009484695
vt 0.01237719 0.00195076
vt 0.01991112 -0.0007399312
vt 0.02260181 0.006794004
vt -0.01506788 0.009484695
vt -0.02260181 0.006794004
vt -0.01991112 -0.0007399312
vt -0.01237719 0.00195076
vt -0.08765389 0.05947943
vt -0.09480931 0.06305714
vt -0.09838702 0.05590172
vt -0.0912316 0.05232402
vt 0.08765389 0.05947943
vt 0.0912316 0.05232402
vt 0.09838702 0.05590172
vt 0.09480931 0.06305714
vt 0.07463104 0.08555825
vt 0.08114089 0.08090834
vt 0.08579081 0.0874182
vt 0.07928096 0.09206812
vt -0.07463104 0.08555825
vt -0.07928096 0.09206812
vt -0.08579081 0.0874182
vt -0.08114089 0.08090834
vt 0.02044914 0.02455261
vt 0.01775844 0.01701867
vt 0.02529238 0.01432797
vt 0.02798307 0.02186191
vt -0.02044914 0.02455261
vt -0.02798308 0.02186191
vt -0.02529238 0.01432797
vt -0.01775844 0.01701867
vt -0.08765391 0.07736796
vt -0.09480933 0.08094567
vt -0.09838704 0.07379024
vt -0.09123161 0.07021254
vt 0.08765391 0.07736795
vt 0.09123161 0.07021254
vt 0.09838704 0.07379024
vt 0.09480933 0.08094566
vt 0.07463101 0.08555827
vt 0.08114087 0.08090835
vt 0.08579079 0.08741821
vt 0.07928093 0.09206814
vt -0.07463101 0.08555827
vt -0.07928093 0.09206814
vt -0.08579079 0.08741821
vt -0.08114087 0.08090835
vt 0.02313985 0.03208653
vt 0.02044916 0.0245526
vt 0.02798309 0.0218619
vt 0.03067378 0.02939583
vt -0.02313985 0.03208653
vt -0.03067378 0.02939583
vt -0.02798309 0.0218619
vt -0.02044916 0.0245526
vt -0.0840762 0.08452337
vt -0.09123163 0.08810108
vt -0.09480933 0.08094566
vt -0.08765391 0.07736795
vt 0.0840762 0.08452336
vt 0.08765391 0.07736795
vt 0.09480933 0.08094566
vt 0.09123162 0.08810107
vt 0.07463101 0.08555829
vt 0.08114087 0.08090837
vt 0.08579078 0.08741824
vt 0.07928091 0.09206815
vt -0.07463101 0.08555829
vt -0.07928092 0.09206816
vt -0.08579078 0.08741824
vt -0.08114088 0.08090838
vt 0.02583062 0.0396204
vt 0.02313992 0.03208647
vt 0.03067386 0.02939577
vt 0.03336455 0.0369297
vt -0.02583062 0.0396204
vt -0.03336455 0.03692971
vt -0.03067386 0.02939577
vt -0.02313992 0.03208647
vt -0.08049846 0.09167881
vt -0.08765388 0.09525651
vt -0.09123159 0.0881011
vt -0.08407617 0.08452339
vt 0.08049846 0.09167881
vt 0.08407617 0.08452339
vt 0.09123158 0.0881011
vt 0.08765388 0.09525651
vt 0.0699811 0.07904841
vt 0.07649097 0.0743985
vt 0.08114087 0.08090837
vt 0.074631 0.08555827
vt -0.0699811 0.07904841
vt -0.074631 0.08555828
vt -0.08114087 0.08090837
vt -0.07649097 0.0743985
vt 0.02313995 0.0320865
vt 0.02044926 0.02455257
vt 0.02798319 0.02186188
vt 0.03067389 0.02939581
vt -0.02313995 0.0320865
vt -0.03067389 0.02939581
vt -0.02798319 0.02186188
vt -0.02044926 0.02455257
vt -0.07692076 0.08094569
vt -0.08407617 0.08452339
vt -0.08765388 0.07736797
vt -0.08049846 0.07379027
vt 0.07692076 0.08094569
vt 0.08049846 0.07379027
vt 0.08765388 0.07736797
vt 0.08407617 0.08452339
vt 0.06998111 0.07904842
vt 0.07649098 0.07439852
vt 0.08114088 0.08090837
vt 0.07463101 0.08555828
vt -0.06998111 0.07904842
vt -0.07463101 0.08555828
vt -0.08114088 0.08090837
vt -0.07649098 0.07439852
vt 0.02044926 0.02455257
vt 0.01775857 0.01701863
vt 0.02529251 0.01432794
vt 0.02798319 0.02186188
vt -0.02044926 0.02455257
vt -0.02798319 0.02186188
vt -0.02529251 0.01432794
vt -0.01775857 0.01701863
vt -0.08049847 0.07379027
vt -0.08765389 0.07736798
vt -0.0912316 0.07021256
vt -0.08407618 0.06663485
vt 0.08049847 0.07379027
vt 0.08407618 0.06663485
vt 0.0912316 0.07021256
vt 0.08765389 0.07736798
vt 0.06998111 0.07904842
vt 0.07649097 0.07439851
vt 0.08114087 0.08090837
vt 0.07463101 0.08555828
vt -0.06998111 0.07904842
vt -0.07463101 0.08555828
vt -0.08114088 0.08090837
vt -0.07649097 0.07439851
vt 0.02583062 0.03962042
vt 0.02313993 0.03208648
vt 0.03067386 0.02939579
vt 0.03336456 0.03692973
vt -0.02583062 0.03962042
vt -0.03336456 0.03692973
vt -0.03067387 0.02939579
vt -0.02313993 0.03208648
vt -0.07334306 0.0881011
vt -0.08049847 0.09167881
vt -0.08407618 0.08452339
vt -0.07692076 0.08094569
vt 0.07334306 0.0881011
vt 0.07692077 0.08094569
vt 0.08407618 0.08452339
vt 0.08049847 0.09167881
vt 0.1676302 0.2157548
vt 0.1741401 0.2111048
vt 0.17879 0.2176146
vt 0.1722802 0.2222646
vt -0.1676302 0.2157548
vt -0.1722802 0.2222646
vt -0.17879 0.2176146
vt -0.1741401 0.2111048
vt 0.03928262 0.07729047
vt 0.03659187 0.06975656
vt 0.04412577 0.06706581
vt 0.04681653 0.07459971
vt -0.03928262 0.07729048
vt -0.04681653 0.07459971
vt -0.04412577 0.06706581
vt -0.03659187 0.06975656
vt -0.2057185 0.19901
vt -0.2128739 0.2025877
vt -0.2164516 0.1954322
vt -0.2092962 0.1918546
vt 0.2057185 0.19901
vt 0.2092962 0.1918546
vt 0.2164516 0.1954322
vt 0.2128739 0.2025877
vt 0.1350802 0.1701863
vt 0.14159 0.1655363
vt 0.14624 0.1720462
vt 0.1397301 0.1766961
vt -0.1350802 0.1701862
vt -0.1397301 0.1766961
vt -0.14624 0.1720462
vt -0.14159 0.1655363
vt 0.02044871 0.02455262
vt 0.01775799 0.0170187
vt 0.02529192 0.01432798
vt 0.02798264 0.0218619
vt -0.02044871 0.02455262
vt -0.02798264 0.0218619
vt -0.02529192 0.01432798
vt -0.01775799 0.0170187
vt -0.1806744 0.1238781
vt -0.1878298 0.1274559
vt -0.1914075 0.1203004
vt -0.1842521 0.1167227
vt 0.1806744 0.1238781
vt 0.1842521 0.1167227
vt 0.1914075 0.1203004
vt 0.1878298 0.1274559
vt 0.1350801 0.1701863
vt 0.14159 0.1655363
vt 0.1462399 0.1720462
vt 0.1397301 0.1766961
vt -0.1350801 0.1701863
vt -0.1397301 0.1766961
vt -0.1462399 0.1720462
vt -0.14159 0.1655364
vt 0.02313945 0.03208654
vt 0.02044873 0.02455261
vt 0.02798266 0.0218619
vt 0.03067338 0.02939582
vt -0.02313945 0.03208654
vt -0.03067337 0.02939582
vt -0.02798266 0.0218619
vt -0.02044873 0.02455261
vt -0.1770967 0.1310336
vt -0.1842521 0.1346113
vt -0.1878298 0.1274559
vt -0.1806744 0.1238781
vt 0.1770966 0.1310336
vt 0.1806744 0.1238781
vt 0.1878298 0.1274559
vt 0.1842521 0.1346113
o group234691084
g mesh234691084
usemtl mat23
f 4/4/1 3/3/1 2/2/1 1/1/1
f 8/8/2 7/7/2 6/6/2 5/5/2
f 2/12/3 8/11/3 5/10/3 1/9/3
f 6/16/4 7/15/4 3/14/4 4/13/4
f 5/20/5 6/19/5 4/18/5 1/17/5
f 3/24/6 7/23/6 8/22/6 2/21/6
o group1353883554
g mesh1353883554
usemtl mat23
f 12/28/7 11/27/7 10/26/7 9/25/7
f 16/32/8 15/31/8 14/30/8 13/29/8
f 10/36/9 16/35/9 13/34/9 9/33/9
f 14/40/10 15/39/10 11/38/10 12/37/10
f 13/44/11 14/43/11 12/42/11 9/41/11
f 11/48/12 15/47/12 16/46/12 10/45/12
o group2122111894
g mesh2122111894
usemtl mat23
f 20/52/13 19/51/13 18/50/13 17/49/13
f 24/56/14 23/55/14 22/54/14 21/53/14
f 18/60/15 24/59/15 21/58/15 17/57/15
f 22/64/16 23/63/16 19/62/16 20/61/16
f 21/68/17 22/67/17 20/66/17 17/65/17
f 19/72/18 23/71/18 24/70/18 18/69/18
o group1783108479
g mesh1783108479
usemtl mat23
f 28/76/19 27/75/19 26/74/19 25/73/19
f 32/80/20 31/79/20 30/78/20 29/77/20
f 26/84/21 32/83/21 29/82/21 25/81/21
f 30/88/22 31/87/22 27/86/22 28/85/22
f 29/92/23 30/91/23 28/90/23 25/89/23
f 27/96/24 31/95/24 32/94/24 26/93/24
o group1544079729
g mesh1544079729
usemtl mat23
f 36/100/25 35/99/25 34/98/25 33/97/25
f 40/104/26 39/103/26 38/102/26 37/101/26
f 34/108/27 40/107/27 37/106/27 33/105/27
f 38/112/28 39/111/28 35/110/28 36/109/28
f 37/116/29 38/115/29 36/114/29 33/113/29
f 35/120/30 39/119/30 40/118/30 34/117/30
o group461129822
g mesh461129822
usemtl mat23
f 44/124/31 43/123/31 42/122/31 41/121/31
f 48/128/32 47/127/32 46/126/32 45/125/32
f 42/132/33 48/131/33 45/130/33 41/129/33
f 46/136/34 47/135/34 43/134/34 44/133/34
f 45/140/35 46/139/35 44/138/35 41/137/35
f 43/144/36 47/143/36 48/142/36 42/141/36
o group1850249609
g mesh1850249609
usemtl mat23
f 52/148/37 51/147/37 50/146/37 49/145/37
f 56/152/38 55/151/38 54/150/38 53/149/38
f 50/156/39 56/155/39 53/154/39 49/153/39
f 54/160/40 55/159/40 51/158/40 52/157/40
f 53/164/41 54/163/41 52/162/41 49/161/41
f 51/168/42 55/167/42 56/166/42 50/165/42
o group1199186630
g mesh1199186630
usemtl mat23
f 60/172/43 59/171/43 58/170/43 57/169/43
f 64/176/44 63/175/44 62/174/44 61/173/44
f 58/180/45 64/179/45 61/178/45 57/177/45
f 62/184/46 63/183/46 59/182/46 60/181/46
f 61/188/47 62/187/47 60/186/47 57/185/47
f 59/192/48 63/191/48 64/190/48 58/189/48
o group959283989
g mesh959283989
usemtl mat23
f 68/196/49 67/195/49 66/194/49 65/193/49
f 72/200/50 71/199/50 70/198/50 69/197/50
f 66/204/51 72/203/51 69/202/51 65/201/51
f 70/208/52 71/207/52 67/206/52 68/205/52
f 69/212/53 70/211/53 68/210/53 65/209/53
f 67/216/54 71/215/54 72/214/54 66/213/54
o group1483804720
g mesh1483804720
usemtl mat23
f 76/220/55 75/219/55 74/218/55 73/217/55
f 80/224/56 79/223/56 78/222/56 77/221/56
f 74/228/57 80/227/57 77/226/57 73/225/57
f 78/232/58 79/231/58 75/230/58 76/229/58
f 77/236/59 78/235/59 76/234/59 73/233/59
f 75/240/60 79/239/60 80/238/60 74/237/60
o group2134401613
g mesh2134401613
usemtl mat23
f 84/244/61 83/243/61 82/242/61 81/241/61
f 88/248/62 87/247/62 86/246/62 85/245/62
f 82/252/63 88/251/63 85/250/63 81/249/63
f 86/256/64 87/255/64 83/254/64 84/253/64
f 85/260/65 86/259/65 84/258/65 81/257/65
f 83/264/66 87/263/66 88/262/66 82/261/66
o group199649762
g mesh199649762
usemtl mat23
f 92/268/67 91/267/67 90/266/67 89/265/67
f 96/272/68 95/271/68 94/270/68 93/269/68
f 90/276/69 96/275/69 93/274/69 89/273/69
f 94/280/70 95/279/70 91/278/70 92/277/70
f 93/284/71 94/283/71 92/282/71 89/281/71
f 91/288/72 95/287/72 96/286/72 90/285/72
o group1983105359
g mesh1983105359
usemtl mat23
f 100/292/73 99/291/73 98/290/73 97/289/73
f 104/296/74 103/295/74 102/294/74 101/293/74
f 98/300/75 104/299/75 101/298/75 97/297/75
f 102/304/76 103/303/76 99/302/76 100/301/76
f 101/308/77 102/307/77 100/306/77 97/305/77
f 99/312/78 103/311/78 104/310/78 98/309/78
o group138223760
g mesh138223760
usemtl mat23
f 108/316/79 107/315/79 106/314/79 105/313/79
f 112/320/80 111/319/80 110/318/80 109/317/80
f 106/324/81 112/323/81 109/322/81 105/321/81
f 110/328/82 111/327/82 107/326/82 108/325/82
f 109/332/83 110/331/83 108/330/83 105/329/83
f 107/336/84 111/335/84 112/334/84 106/333/84
o group1898754486
g mesh1898754486
usemtl mat23
f 116/340/85 115/339/85 114/338/85 113/337/85
f 120/344/86 119/343/86 118/342/86 117/341/86
f 114/348/87 120/347/87 117/346/87 113/345/87
f 118/352/88 119/351/88 115/350/88 116/349/88
f 117/356/89 118/355/89 116/354/89 113/353/89
f 115/360/90 119/359/90 120/358/90 114/357/90
o group2032939263
g mesh2032939263
usemtl mat8
f 124/364/91 123/363/91 122/362/91 121/361/91
f 128/368/92 127/367/92 126/366/92 125/365/92
f 122/372/93 128/371/93 125/370/93 121/369/93
f 126/376/94 127/375/94 123/374/94 124/373/94
f 125/380/95 126/379/95 124/378/95 121/377/95
f 123/384/96 127/383/96 128/382/96 122/381/96
o group30435033
g mesh30435033
usemtl mat8
f 132/388/97 131/387/97 130/386/97 129/385/97
f 136/392/98 135/391/98 134/390/98 133/389/98
f 130/396/99 136/395/99 133/394/99 129/393/99
f 134/400/100 135/399/100 131/398/100 132/397/100
f 133/404/101 134/403/101 132/402/101 129/401/101
f 131/408/102 135/407/102 136/406/102 130/405/102
o group815951124
g mesh815951124
usemtl mat8
f 140/412/103 139/411/103 138/410/103 137/409/103
f 144/416/104 143/415/104 142/414/104 141/413/104
f 138/420/105 144/419/105 141/418/105 137/417/105
f 142/424/106 143/423/106 139/422/106 140/421/106
f 141/428/107 142/427/107 140/426/107 137/425/107
f 139/432/108 143/431/108 144/430/108 138/429/108
o group1156589114
g mesh1156589114
usemtl mat23
f 148/436/109 147/435/109 146/434/109 145/433/109
f 152/440/110 151/439/110 150/438/110 149/437/110
f 146/444/111 152/443/111 149/442/111 145/441/111
f 150/448/112 151/447/112 147/446/112 148/445/112
f 149/452/113 150/451/113 148/450/113 145/449/113
f 147/456/114 151/455/114 152/454/114 146/453/114
o group1481358890
g mesh1481358890
usemtl mat8
f 156/460/115 155/459/115 154/458/115 153/457/115
f 160/464/116 159/463/116 158/462/116 157/461/116
f 154/468/117 160/467/117 157/466/117 153/465/117
f 158/472/118 159/471/118 155/470/118 156/469/118
f 157/476/119 158/475/119 156/474/119 153/473/119
f 155/480/120 159/479/120 160/478/120 154/477/120
o group1181932197
g mesh1181932197
usemtl mat8
f 164/484/121 163/483/121 162/482/121 161/481/121
f 168/488/122 167/487/122 166/486/122 165/485/122
f 162/492/123 168/491/123 165/490/123 161/489/123
f 166/496/124 167/495/124 163/494/124 164/493/124
f 165/500/125 166/499/125 164/498/125 161/497/125
f 163/504/126 167/503/126 168/502/126 162/501/126
o group486243103
g mesh486243103
usemtl mat8
f 172/508/127 171/507/127 170/506/127 169/505/127
f 176/512/128 175/511/128 174/510/128 173/509/128
f 170/516/129 176/515/129 173/514/129 169/513/129
f 174/520/130 175/519/130 171/518/130 172/517/130
f 173/524/131 174/523/131 172/522/131 169/521/131
f 171/528/132 175/527/132 176/526/132 170/525/132
o group2057159339
g mesh2057159339
usemtl mat8
f 180/532/133 179/531/133 178/530/133 177/529/133
f 184/536/134 183/535/134 182/534/134 181/533/134
f 178/540/135 184/539/135 181/538/135 177/537/135
f 182/544/136 183/543/136 179/542/136 180/541/136
f 181/548/137 182/547/137 180/546/137 177/545/137
f 179/552/138 183/551/138 184/550/138 178/549/138
o group895671641
g mesh895671641
usemtl mat8
f 188/556/139 187/555/139 186/554/139 185/553/139
f 192/560/140 191/559/140 190/558/140 189/557/140
f 186/564/141 192/563/141 189/562/141 185/561/141
f 190/568/142 191/567/142 187/566/142 188/565/142
f 189/572/143 190/571/143 188/570/143 185/569/143
f 187/576/144 191/575/144 192/574/144 186/573/144
o group1901148389
g mesh1901148389
usemtl mat8
f 196/580/145 195/579/145 194/578/145 193/577/145
f 200/584/146 199/583/146 198/582/146 197/581/146
f 194/588/147 200/587/147 197/586/147 193/585/147
f 198/592/148 199/591/148 195/590/148 196/589/148
f 197/596/149 198/595/149 196/594/149 193/593/149
f 195/600/150 199/599/150 200/598/150 194/597/150
o group900940079
g mesh900940079
usemtl mat21
f 204/604/151 203/603/151 202/602/151 201/601/151
f 208/608/152 207/607/152 206/606/152 205/605/152
f 202/612/153 208/611/153 205/610/153 201/609/153
f 206/616/154 207/615/154 203/614/154 204/613/154
f 205/620/155 206/619/155 204/618/155 201/617/155
f 203/624/156 207/623/156 208/622/156 202/621/156
o group1514680649
g mesh1514680649
usemtl mat21
f 212/628/157 211/627/157 210/626/157 209/625/157
f 216/632/158 215/631/158 214/630/158 213/629/158
f 210/636/159 216/635/159 213/634/159 209/633/159
f 214/640/160 215/639/160 211/638/160 212/637/160
f 213/644/161 214/643/161 212/642/161 209/641/161
f 211/648/162 215/647/162 216/646/162 210/645/162
o group554835339
g mesh554835339
usemtl mat23
f 220/652/163 219/651/163 218/650/163 217/649/163
f 224/656/164 223/655/164 222/654/164 221/653/164
f 218/660/165 224/659/165 221/658/165 217/657/165
f 222/664/166 223/663/166 219/662/166 220/661/166
f 221/668/167 222/667/167 220/666/167 217/665/167
f 219/672/168 223/671/168 224/670/168 218/669/168
o group820787115
g mesh820787115
usemtl mat23
f 228/676/169 227/675/169 226/674/169 225/673/169
f 232/680/170 231/679/170 230/678/170 229/677/170
f 226/684/171 232/683/171 229/682/171 225/681/171
f 230/688/172 231/687/172 227/686/172 228/685/172
f 229/692/173 230/691/173 228/690/173 225/689/173
f 227/696/174 231/695/174 232/694/174 226/693/174
o group1222793112
g mesh1222793112
usemtl mat8
f 236/700/175 235/699/175 234/698/175 233/697/175
f 240/704/176 239/703/176 238/702/176 237/701/176
f 234/708/177 240/707/177 237/706/177 233/705/177
f 238/712/178 239/711/178 235/710/178 236/709/178
f 237/716/179 238/715/179 236/714/179 233/713/179
f 235/720/180 239/719/180 240/718/180 234/717/180
o group882643726
g mesh882643726
usemtl mat8
f 244/724/181 243/723/181 242/722/181 241/721/181
f 248/728/182 247/727/182 246/726/182 245/725/182
f 242/732/183 248/731/183 245/730/183 241/729/183
f 246/736/184 247/735/184 243/734/184 244/733/184
f 245/740/185 246/739/185 244/738/185 241/737/185
f 243/744/186 247/743/186 248/742/186 242/741/186
o group1076939474
g mesh1076939474
usemtl mat8
f 252/748/187 251/747/187 250/746/187 249/745/187
f 256/752/188 255/751/188 254/750/188 253/749/188
f 250/756/189 256/755/189 253/754/189 249/753/189
f 254/760/190 255/759/190 251/758/190 252/757/190
f 253/764/191 254/763/191 252/762/191 249/761/191
f 251/768/192 255/767/192 256/766/192 250/765/192
o group723317809
g mesh723317809
usemtl mat8
f 260/772/193 259/771/193 258/770/193 257/769/193
f 264/776/194 263/775/194 262/774/194 261/773/194
f 258/780/195 264/779/195 261/778/195 257/777/195
f 262/784/196 263/783/196 259/782/196 260/781/196
f 261/788/197 262/787/197 260/786/197 257/785/197
f 259/792/198 263/791/198 264/790/198 258/789/198
o group383130934
g mesh383130934
usemtl mat23
f 268/796/199 267/795/199 266/794/199 265/793/199
f 272/800/200 271/799/200 270/798/200 269/797/200
f 266/804/201 272/803/201 269/802/201 265/801/201
f 270/808/202 271/807/202 267/806/202 268/805/202
f 269/812/203 270/811/203 268/810/203 265/809/203
f 267/816/204 271/815/204 272/814/204 266/813/204
o group387490615
g mesh387490615
usemtl mat23
f 276/820/205 275/819/205 274/818/205 273/817/205
f 280/824/206 279/823/206 278/822/206 277/821/206
f 274/828/207 280/827/207 277/826/207 273/825/207
f 278/832/208 279/831/208 275/830/208 276/829/208
f 277/836/209 278/835/209 276/834/209 273/833/209
f 275/840/210 279/839/210 280/838/210 274/837/210
o group598078022
g mesh598078022
usemtl mat8
f 284/844/211 283/843/211 282/842/211 281/841/211
f 288/848/212 287/847/212 286/846/212 285/845/212
f 282/852/213 288/851/213 285/850/213 281/849/213
f 286/856/214 287/855/214 283/854/214 284/853/214
f 285/860/215 286/859/215 284/858/215 281/857/215
f 283/864/216 287/863/216 288/862/216 282/861/216
o group1426681272
g mesh1426681272
usemtl mat8
f 292/868/217 291/867/217 290/866/217 289/865/217
f 296/872/218 295/871/218 294/870/218 293/869/218
f 290/876/219 296/875/219 293/874/219 289/873/219
f 294/880/220 295/879/220 291/878/220 292/877/220
f 293/884/221 294/883/221 292/882/221 289/881/221
f 291/888/222 295/887/222 296/886/222 290/885/222
o group1651436183
g mesh1651436183
usemtl mat8
f 300/892/223 299/891/223 298/890/223 297/889/223
f 304/896/224 303/895/224 302/894/224 301/893/224
f 298/900/225 304/899/225 301/898/225 297/897/225
f 302/904/226 303/903/226 299/902/226 300/901/226
f 301/908/227 302/907/227 300/906/227 297/905/227
f 299/912/228 303/911/228 304/910/228 298/909/228
o group1669999233
g mesh1669999233
usemtl mat23
f 308/916/229 307/915/229 306/914/229 305/913/229
f 312/920/230 311/919/230 310/918/230 309/917/230
f 306/924/231 312/923/231 309/922/231 305/921/231
f 310/928/232 311/927/232 307/926/232 308/925/232
f 309/932/233 310/931/233 308/930/233 305/929/233
f 307/936/234 311/935/234 312/934/234 306/933/234
o group1445521888
g mesh1445521888
usemtl mat23
f 316/940/235 315/939/235 314/938/235 313/937/235
f 320/944/236 319/943/236 318/942/236 317/941/236
f 314/948/237 320/947/237 317/946/237 313/945/237
f 318/952/238 319/951/238 315/950/238 316/949/238
f 317/956/239 318/955/239 316/954/239 313/953/239
f 315/960/240 319/959/240 320/958/240 314/957/240
o group136118437
g mesh136118437
usemtl mat21
f 324/964/241 323/963/241 322/962/241 321/961/241
f 328/968/242 327/967/242 326/966/242 325/965/242
f 322/972/243 328/971/243 325/970/243 321/969/243
f 326/976/244 327/975/244 323/974/244 324/973/244
f 325/980/245 326/979/245 324/978/245 321/977/245
f 323/984/246 327/983/246 328/982/246 322/981/246
o group472853891
g mesh472853891
usemtl mat8
f 332/988/247 331/987/247 330/986/247 329/985/247
f 336/992/248 335/991/248 334/990/248 333/989/248
f 330/996/249 336/995/249 333/994/249 329/993/249
f 334/1000/250 335/999/250 331/998/250 332/997/250
f 333/1004/251 334/1003/251 332/1002/251 329/1001/251
f 331/1008/252 335/1007/252 336/1006/252 330/1005/252
o group6612704
g mesh6612704
usemtl mat8
f 340/1012/253 339/1011/253 338/1010/253 337/1009/253
f 344/1016/254 343/1015/254 342/1014/254 341/1013/254
f 338/1020/255 344/1019/255 341/1018/255 337/1017/255
f 342/1024/256 343/1023/256 339/1022/256 340/1021/256
f 341/1028/257 342/1027/257 340/1026/257 337/1025/257
f 339/1032/258 343/1031/258 344/1030/258 338/1029/258
o group1311576704
g mesh1311576704
usemtl mat23
f 348/1036/259 347/1035/259 346/1034/259 345/1033/259
f 352/1040/260 351/1039/260 350/1038/260 349/1037/260
f 346/1044/261 352/1043/261 349/1042/261 345/1041/261
f 350/1048/262 351/1047/262 347/1046/262 348/1045/262
f 349/1052/263 350/1051/263 348/1050/263 345/1049/263
f 347/1056/264 351/1055/264 352/1054/264 346/1053/264
o group582864641
g mesh582864641
usemtl mat23
f 356/1060/265 355/1059/265 354/1058/265 353/1057/265
f 360/1064/266 359/1063/266 358/1062/266 357/1061/266
f 354/1068/267 360/1067/267 357/1066/267 353/1065/267
f 358/1072/268 359/1071/268 355/1070/268 356/1069/268
f 357/1076/269 358/1075/269 356/1074/269 353/1073/269
f 355/1080/270 359/1079/270 360/1078/270 354/1077/270
o group446055105
g mesh446055105
usemtl mat8
f 364/1084/271 363/1083/271 362/1082/271 361/1081/271
f 368/1088/272 367/1087/272 366/1086/272 365/1085/272
f 362/1092/273 368/1091/273 365/1090/273 361/1089/273
f 366/1096/274 367/1095/274 363/1094/274 364/1093/274
f 365/1100/275 366/1099/275 364/1098/275 361/1097/275
f 363/1104/276 367/1103/276 368/1102/276 362/1101/276
o group619720964
g mesh619720964
usemtl mat8
f 372/1108/277 371/1107/277 370/1106/277 369/1105/277
f 376/1112/278 375/1111/278 374/1110/278 373/1109/278
f 370/1116/279 376/1115/279 373/1114/279 369/1113/279
f 374/1120/280 375/1119/280 371/1118/280 372/1117/280
f 373/1124/281 374/1123/281 372/1122/281 369/1121/281
f 371/1128/282 375/1127/282 376/1126/282 370/1125/282
o group1922470204
g mesh1922470204
usemtl mat23
f 380/1132/283 379/1131/283 378/1130/283 377/1129/283
f 384/1136/284 383/1135/284 382/1134/284 381/1133/284
f 378/1140/285 384/1139/285 381/1138/285 377/1137/285
f 382/1144/286 383/1143/286 379/1142/286 380/1141/286
f 381/1148/287 382/1147/287 380/1146/287 377/1145/287
f 379/1152/288 383/1151/288 384/1150/288 378/1149/288
o group1792298070
g mesh1792298070
usemtl mat23
f 388/1156/289 387/1155/289 386/1154/289 385/1153/289
f 392/1160/290 391/1159/290 390/1158/290 389/1157/290
f 386/1164/291 392/1163/291 389/1162/291 385/1161/291
f 390/1168/292 391/1167/292 387/1166/292 388/1165/292
f 389/1172/293 390/1171/293 388/1170/293 385/1169/293
f 387/1176/294 391/1175/294 392/1174/294 386/1173/294
o group987939535
g mesh987939535
usemtl mat23
f 396/1180/295 395/1179/295 394/1178/295 393/1177/295
f 400/1184/296 399/1183/296 398/1182/296 397/1181/296
f 394/1188/297 400/1187/297 397/1186/297 393/1185/297
f 398/1192/298 399/1191/298 395/1190/298 396/1189/298
f 397/1196/299 398/1195/299 396/1194/299 393/1193/299
f 395/1200/300 399/1199/300 400/1198/300 394/1197/300
o group1162318244
g mesh1162318244
usemtl mat23
f 404/1204/301 403/1203/301 402/1202/301 401/1201/301
f 408/1208/302 407/1207/302 406/1206/302 405/1205/302
f 402/1212/303 408/1211/303 405/1210/303 401/1209/303
f 406/1216/304 407/1215/304 403/1214/304 404/1213/304
f 405/1220/305 406/1219/305 404/1218/305 401/1217/305
f 403/1224/306 407/1223/306 408/1222/306 402/1221/306
o group1571107585
g mesh1571107585
usemtl mat8
f 412/1228/307 411/1227/307 410/1226/307 409/1225/307
f 416/1232/308 415/1231/308 414/1230/308 413/1229/308
f 410/1236/309 416/1235/309 413/1234/309 409/1233/309
f 414/1240/310 415/1239/310 411/1238/310 412/1237/310
f 413/1244/311 414/1243/311 412/1242/311 409/1241/311
f 411/1248/312 415/1247/312 416/1246/312 410/1245/312
o group1062914295
g mesh1062914295
usemtl mat8
f 420/1252/313 419/1251/313 418/1250/313 417/1249/313
f 424/1256/314 423/1255/314 422/1254/314 421/1253/314
f 418/1260/315 424/1259/315 421/1258/315 417/1257/315
f 422/1264/316 423/1263/316 419/1262/316 420/1261/316
f 421/1268/317 422/1267/317 420/1266/317 417/1265/317
f 419/1272/318 423/1271/318 424/1270/318 418/1269/318
o group1016110760
g mesh1016110760
usemtl mat23
f 428/1276/319 427/1275/319 426/1274/319 425/1273/319
f 432/1280/320 431/1279/320 430/1278/320 429/1277/320
f 426/1284/321 432/1283/321 429/1282/321 425/1281/321
f 430/1288/322 431/1287/322 427/1286/322 428/1285/322
f 429/1292/323 430/1291/323 428/1290/323 425/1289/323
f 427/1296/324 431/1295/324 432/1294/324 426/1293/324
o group414949902
g mesh414949902
usemtl mat23
f 436/1300/325 435/1299/325 434/1298/325 433/1297/325
f 440/1304/326 439/1303/326 438/1302/326 437/1301/326
f 434/1308/327 440/1307/327 437/1306/327 433/1305/327
f 438/1312/328 439/1311/328 435/1310/328 436/1309/328
f 437/1316/329 438/1315/329 436/1314/329 433/1313/329
f 435/1320/330 439/1319/330 440/1318/330 434/1317/330
o group1309621455
g mesh1309621455
usemtl mat23
f 444/1324/331 443/1323/331 442/1322/331 441/1321/331
f 448/1328/332 447/1327/332 446/1326/332 445/1325/332
f 442/1332/333 448/1331/333 445/1330/333 441/1329/333
f 446/1336/334 447/1335/334 443/1334/334 444/1333/334
f 445/1340/335 446/1339/335 444/1338/335 441/1337/335
f 443/1344/336 447/1343/336 448/1342/336 442/1341/336
o group1790428065
g mesh1790428065
usemtl mat5
f 452/1348/337 451/1347/337 450/1346/337 449/1345/337
f 456/1352/338 455/1351/338 454/1350/338 453/1349/338
f 450/1356/339 456/1355/339 453/1354/339 449/1353/339
f 454/1360/340 455/1359/340 451/1358/340 452/1357/340
f 453/1364/341 454/1363/341 452/1362/341 449/1361/341
f 451/1368/342 455/1367/342 456/1366/342 450/1365/342
o group1536753499
g mesh1536753499
usemtl mat5
f 460/1372/343 459/1371/343 458/1370/343 457/1369/343
f 464/1376/344 463/1375/344 462/1374/344 461/1373/344
f 458/1380/345 464/1379/345 461/1378/345 457/1377/345
f 462/1384/346 463/1383/346 459/1382/346 460/1381/346
f 461/1388/347 462/1387/347 460/1386/347 457/1385/347
f 459/1392/348 463/1391/348 464/1390/348 458/1389/348
o group1098530730
g mesh1098530730
usemtl mat23
f 468/1396/349 467/1395/349 466/1394/349 465/1393/349
f 472/1400/350 471/1399/350 470/1398/350 469/1397/350
f 466/1404/351 472/1403/351 469/1402/351 465/1401/351
f 470/1408/352 471/1407/352 467/1406/352 468/1405/352
f 469/1412/353 470/1411/353 468/1410/353 465/1409/353
f 467/1416/354 471/1415/354 472/1414/354 466/1413/354
o group1166134574
g mesh1166134574
usemtl mat23
f 476/1420/355 475/1419/355 474/1418/355 473/1417/355
f 480/1424/356 479/1423/356 478/1422/356 477/1421/356
f 474/1428/357 480/1427/357 477/1426/357 473/1425/357
f 478/1432/358 479/1431/358 475/1430/358 476/1429/358
f 477/1436/359 478/1435/359 476/1434/359 473/1433/359
f 475/1440/360 479/1439/360 480/1438/360 474/1437/360
o group1008504999
g mesh1008504999
usemtl mat23
f 484/1444/361 483/1443/361 482/1442/361 481/1441/361
f 488/1448/362 487/1447/362 486/1446/362 485/1445/362
f 482/1452/363 488/1451/363 485/1450/363 481/1449/363
f 486/1456/364 487/1455/364 483/1454/364 484/1453/364
f 485/1460/365 486/1459/365 484/1458/365 481/1457/365
f 483/1464/366 487/1463/366 488/1462/366 482/1461/366
o group1175319493
g mesh1175319493
usemtl mat23
f 492/1468/367 491/1467/367 490/1466/367 489/1465/367
f 496/1472/368 495/1471/368 494/1470/368 493/1469/368
f 490/1476/369 496/1475/369 493/1474/369 489/1473/369
f 494/1480/370 495/1479/370 491/1478/370 492/1477/370
f 493/1484/371 494/1483/371 492/1482/371 489/1481/371
f 491/1488/372 495/1487/372 496/1486/372 490/1485/372
o group1322150046
g mesh1322150046
usemtl mat23
f 500/1492/373 499/1491/373 498/1490/373 497/1489/373
f 504/1496/374 503/1495/374 502/1494/374 501/1493/374
f 498/1500/375 504/1499/375 501/1498/375 497/1497/375
f 502/1504/376 503/1503/376 499/1502/376 500/1501/376
f 501/1508/377 502/1507/377 500/1506/377 497/1505/377
f 499/1512/378 503/1511/378 504/1510/378 498/1509/378
o group1474294698
g mesh1474294698
usemtl mat23
f 508/1516/379 507/1515/379 506/1514/379 505/1513/379
f 512/1520/380 511/1519/380 510/1518/380 509/1517/380
f 506/1524/381 512/1523/381 509/1522/381 505/1521/381
f 510/1528/382 511/1527/382 507/1526/382 508/1525/382
f 509/1532/383 510/1531/383 508/1530/383 505/1529/383
f 507/1536/384 511/1535/384 512/1534/384 506/1533/384
o group449616536
g mesh449616536
usemtl mat21
f 516/1540/385 515/1539/385 514/1538/385 513/1537/385
f 520/1544/386 519/1543/386 518/1542/386 517/1541/386
f 514/1548/387 520/1547/387 517/1546/387 513/1545/387
f 518/1552/388 519/1551/388 515/1550/388 516/1549/388
f 517/1556/389 518/1555/389 516/1554/389 513/1553/389
f 515/1560/390 519/1559/390 520/1558/390 514/1557/390
o group1281427425
g mesh1281427425
usemtl mat21
f 524/1564/391 523/1563/391 522/1562/391 521/1561/391
f 528/1568/392 527/1567/392 526/1566/392 525/1565/392
f 522/1572/393 528/1571/393 525/1570/393 521/1569/393
f 526/1576/394 527/1575/394 523/1574/394 524/1573/394
f 525/1580/395 526/1579/395 524/1578/395 521/1577/395
f 523/1584/396 527/1583/396 528/1582/396 522/1581/396
o group249179616
g mesh249179616
usemtl mat23
f 532/1588/397 531/1587/397 530/1586/397 529/1585/397
f 536/1592/398 535/1591/398 534/1590/398 533/1589/398
f 530/1596/399 536/1595/399 533/1594/399 529/1593/399
f 534/1600/400 535/1599/400 531/1598/400 532/1597/400
f 533/1604/401 534/1603/401 532/1602/401 529/1601/401
f 531/1608/402 535/1607/402 536/1606/402 530/1605/402
o group1735307727
g mesh1735307727
usemtl mat23
f 540/1612/403 539/1611/403 538/1610/403 537/1609/403
f 544/1616/404 543/1615/404 542/1614/404 541/1613/404
f 538/1620/405 544/1619/405 541/1618/405 537/1617/405
f 542/1624/406 543/1623/406 539/1622/406 540/1621/406
f 541/1628/407 542/1627/407 540/1626/407 537/1625/407
f 539/1632/408 543/1631/408 544/1630/408 538/1629/408
o group2112215397
g mesh2112215397
usemtl mat5
f 548/1636/409 547/1635/409 546/1634/409 545/1633/409
f 552/1640/410 551/1639/410 550/1638/410 549/1637/410
f 546/1644/411 552/1643/411 549/1642/411 545/1641/411
f 550/1648/412 551/1647/412 547/1646/412 548/1645/412
f 549/1652/413 550/1651/413 548/1650/413 545/1649/413
f 547/1656/414 551/1655/414 552/1654/414 546/1653/414
o group946234903
g mesh946234903
usemtl mat23
f 556/1660/415 555/1659/415 554/1658/415 553/1657/415
f 560/1664/416 559/1663/416 558/1662/416 557/1661/416
f 554/1668/417 560/1667/417 557/1666/417 553/1665/417
f 558/1672/418 559/1671/418 555/1670/418 556/1669/418
f 557/1676/419 558/1675/419 556/1674/419 553/1673/419
f 555/1680/420 559/1679/420 560/1678/420 554/1677/420
o group1477316141
g mesh1477316141
usemtl mat23
f 564/1684/421 563/1683/421 562/1682/421 561/1681/421
f 568/1688/422 567/1687/422 566/1686/422 565/1685/422
f 562/1692/423 568/1691/423 565/1690/423 561/1689/423
f 566/1696/424 567/1695/424 563/1694/424 564/1693/424
f 565/1700/425 566/1699/425 564/1698/425 561/1697/425
f 563/1704/426 567/1703/426 568/1702/426 562/1701/426
o group1554195894
g mesh1554195894
usemtl mat23
f 572/1708/427 571/1707/427 570/1706/427 569/1705/427
f 576/1712/428 575/1711/428 574/1710/428 573/1709/428
f 570/1716/429 576/1715/429 573/1714/429 569/1713/429
f 574/1720/430 575/1719/430 571/1718/430 572/1717/430
f 573/1724/431 574/1723/431 572/1722/431 569/1721/431
f 571/1728/432 575/1727/432 576/1726/432 570/1725/432
o group498569889
g mesh498569889
usemtl mat23
f 580/1732/433 579/1731/433 578/1730/433 577/1729/433
f 584/1736/434 583/1735/434 582/1734/434 581/1733/434
f 578/1740/435 584/1739/435 581/1738/435 577/1737/435
f 582/1744/436 583/1743/436 579/1742/436 580/1741/436
f 581/1748/437 582/1747/437 580/1746/437 577/1745/437
f 579/1752/438 583/1751/438 584/1750/438 578/1749/438
o group1421319029
g mesh1421319029
usemtl mat23
f 588/1756/439 587/1755/439 586/1754/439 585/1753/439
f 592/1760/440 591/1759/440 590/1758/440 589/1757/440
f 586/1764/441 592/1763/441 589/1762/441 585/1761/441
f 590/1768/442 591/1767/442 587/1766/442 588/1765/442
f 589/1772/443 590/1771/443 588/1770/443 585/1769/443
f 587/1776/444 591/1775/444 592/1774/444 586/1773/444
o group1392697531
g mesh1392697531
usemtl mat21
f 596/1780/445 595/1779/445 594/1778/445 593/1777/445
f 600/1784/446 599/1783/446 598/1782/446 597/1781/446
f 594/1788/447 600/1787/447 597/1786/447 593/1785/447
f 598/1792/448 599/1791/448 595/1790/448 596/1789/448
f 597/1796/449 598/1795/449 596/1794/449 593/1793/449
f 595/1800/450 599/1799/450 600/1798/450 594/1797/450
o group240312679
g mesh240312679
usemtl mat21
f 604/1804/451 603/1803/451 602/1802/451 601/1801/451
f 608/1808/452 607/1807/452 606/1806/452 605/1805/452
f 602/1812/453 608/1811/453 605/1810/453 601/1809/453
f 606/1816/454 607/1815/454 603/1814/454 604/1813/454
f 605/1820/455 606/1819/455 604/1818/455 601/1817/455
f 603/1824/456 607/1823/456 608/1822/456 602/1821/456
o group1177842697
g mesh1177842697
usemtl mat21
f 612/1828/457 611/1827/457 610/1826/457 609/1825/457
f 616/1832/458 615/1831/458 614/1830/458 613/1829/458
f 610/1836/459 616/1835/459 613/1834/459 609/1833/459
f 614/1840/460 615/1839/460 611/1838/460 612/1837/460
f 613/1844/461 614/1843/461 612/1842/461 609/1841/461
f 611/1848/462 615/1847/462 616/1846/462 610/1845/462
o group154968888
g mesh154968888
usemtl mat21
f 620/1852/463 619/1851/463 618/1850/463 617/1849/463
f 624/1856/464 623/1855/464 622/1854/464 621/1853/464
f 618/1860/465 624/1859/465 621/1858/465 617/1857/465
f 622/1864/466 623/1863/466 619/1862/466 620/1861/466
f 621/1868/467 622/1867/467 620/1866/467 617/1865/467
f 619/1872/468 623/1871/468 624/1870/468 618/1869/468
o group1833523260
g mesh1833523260
usemtl mat23
f 628/1876/469 627/1875/469 626/1874/469 625/1873/469
f 632/1880/470 631/1879/470 630/1878/470 629/1877/470
f 626/1884/471 632/1883/471 629/1882/471 625/1881/471
f 630/1888/472 631/1887/472 627/1886/472 628/1885/472
f 629/1892/473 630/1891/473 628/1890/473 625/1889/473
f 627/1896/474 631/1895/474 632/1894/474 626/1893/474
o group1294611741
g mesh1294611741
usemtl mat23
f 636/1900/475 635/1899/475 634/1898/475 633/1897/475
f 640/1904/476 639/1903/476 638/1902/476 637/1901/476
f 634/1908/477 640/1907/477 637/1906/477 633/1905/477
f 638/1912/478 639/1911/478 635/1910/478 636/1909/478
f 637/1916/479 638/1915/479 636/1914/479 633/1913/479
f 635/1920/480 639/1919/480 640/1918/480 634/1917/480
o group1333526372
g mesh1333526372
usemtl mat18
f 644/1924/481 643/1923/481 642/1922/481 641/1921/481
f 648/1928/482 647/1927/482 646/1926/482 645/1925/482
f 642/1932/483 648/1931/483 645/1930/483 641/1929/483
f 646/1936/484 647/1935/484 643/1934/484 644/1933/484
f 645/1940/485 646/1939/485 644/1938/485 641/1937/485
f 643/1944/486 647/1943/486 648/1942/486 642/1941/486
o group1514503585
g mesh1514503585
usemtl mat23
f 652/1948/487 651/1947/487 650/1946/487 649/1945/487
f 656/1952/488 655/1951/488 654/1950/488 653/1949/488
f 650/1956/489 656/1955/489 653/1954/489 649/1953/489
f 654/1960/490 655/1959/490 651/1958/490 652/1957/490
f 653/1964/491 654/1963/491 652/1962/491 649/1961/491
f 651/1968/492 655/1967/492 656/1966/492 650/1965/492
o group1737056670
g mesh1737056670
usemtl mat21
f 660/1972/493 659/1971/493 658/1970/493 657/1969/493
f 664/1976/494 663/1975/494 662/1974/494 661/1973/494
f 658/1980/495 664/1979/495 661/1978/495 657/1977/495
f 662/1984/496 663/1983/496 659/1982/496 660/1981/496
f 661/1988/497 662/1987/497 660/1986/497 657/1985/497
f 659/1992/498 663/1991/498 664/1990/498 658/1989/498
o group251361779
g mesh251361779
usemtl mat23
f 668/1996/499 667/1995/499 666/1994/499 665/1993/499
f 672/2000/500 671/1999/500 670/1998/500 669/1997/500
f 666/2004/501 672/2003/501 669/2002/501 665/2001/501
f 670/2008/502 671/2007/502 667/2006/502 668/2005/502
f 669/2012/503 670/2011/503 668/2010/503 665/2009/503
f 667/2016/504 671/2015/504 672/2014/504 666/2013/504
o group329286137
g mesh329286137
usemtl mat23
f 676/2020/505 675/2019/505 674/2018/505 673/2017/505
f 680/2024/506 679/2023/506 678/2022/506 677/2021/506
f 674/2028/507 680/2027/507 677/2026/507 673/2025/507
f 678/2032/508 679/2031/508 675/2030/508 676/2029/508
f 677/2036/509 678/2035/509 676/2034/509 673/2033/509
f 675/2040/510 679/2039/510 680/2038/510 674/2037/510
o group466279219
g mesh466279219
usemtl mat21
f 684/2044/511 683/2043/511 682/2042/511 681/2041/511
f 688/2048/512 687/2047/512 686/2046/512 685/2045/512
f 682/2052/513 688/2051/513 685/2050/513 681/2049/513
f 686/2056/514 687/2055/514 683/2054/514 684/2053/514
f 685/2060/515 686/2059/515 684/2058/515 681/2057/515
f 683/2064/516 687/2063/516 688/2062/516 682/2061/516
o group1220382697
g mesh1220382697
usemtl mat21
f 692/2068/517 691/2067/517 690/2066/517 689/2065/517
f 696/2072/518 695/2071/518 694/2070/518 693/2069/518
f 690/2076/519 696/2075/519 693/2074/519 689/2073/519
f 694/2080/520 695/2079/520 691/2078/520 692/2077/520
f 693/2084/521 694/2083/521 692/2082/521 689/2081/521
f 691/2088/522 695/2087/522 696/2086/522 690/2085/522
o group164094463
g mesh164094463
usemtl mat23
f 700/2092/523 699/2091/523 698/2090/523 697/2089/523
f 704/2096/524 703/2095/524 702/2094/524 701/2093/524
f 698/2100/525 704/2099/525 701/2098/525 697/2097/525
f 702/2104/526 703/2103/526 699/2102/526 700/2101/526
f 701/2108/527 702/2107/527 700/2106/527 697/2105/527
f 699/2112/528 703/2111/528 704/2110/528 698/2109/528
o group2034422468
g mesh2034422468
usemtl mat18
f 708/2116/529 707/2115/529 706/2114/529 705/2113/529
f 712/2120/530 711/2119/530 710/2118/530 709/2117/530
f 706/2124/531 712/2123/531 709/2122/531 705/2121/531
f 710/2128/532 711/2127/532 707/2126/532 708/2125/532
f 709/2132/533 710/2131/533 708/2130/533 705/2129/533
f 707/2136/534 711/2135/534 712/2134/534 706/2133/534
o group885029811
g mesh885029811
usemtl mat18
f 716/2140/535 715/2139/535 714/2138/535 713/2137/535
f 720/2144/536 719/2143/536 718/2142/536 717/2141/536
f 714/2148/537 720/2147/537 717/2146/537 713/2145/537
f 718/2152/538 719/2151/538 715/2150/538 716/2149/538
f 717/2156/539 718/2155/539 716/2154/539 713/2153/539
f 715/2160/540 719/2159/540 720/2158/540 714/2157/540
o group41880954
g mesh41880954
usemtl mat18
f 724/2164/541 723/2163/541 722/2162/541 721/2161/541
f 728/2168/542 727/2167/542 726/2166/542 725/2165/542
f 722/2172/543 728/2171/543 725/2170/543 721/2169/543
f 726/2176/544 727/2175/544 723/2174/544 724/2173/544
f 725/2180/545 726/2179/545 724/2178/545 721/2177/545
f 723/2184/546 727/2183/546 728/2182/546 722/2181/546
o group365341801
g mesh365341801
usemtl mat18
f 732/2188/547 731/2187/547 730/2186/547 729/2185/547
f 736/2192/548 735/2191/548 734/2190/548 733/2189/548
f 730/2196/549 736/2195/549 733/2194/549 729/2193/549
f 734/2200/550 735/2199/550 731/2198/550 732/2197/550
f 733/2204/551 734/2203/551 732/2202/551 729/2201/551
f 731/2208/552 735/2207/552 736/2206/552 730/2205/552
o group1253032147
g mesh1253032147
usemtl mat18
f 740/2212/553 739/2211/553 738/2210/553 737/2209/553
f 744/2216/554 743/2215/554 742/2214/554 741/2213/554
f 738/2220/555 744/2219/555 741/2218/555 737/2217/555
f 742/2224/556 743/2223/556 739/2222/556 740/2221/556
f 741/2228/557 742/2227/557 740/2226/557 737/2225/557
f 739/2232/558 743/2231/558 744/2230/558 738/2229/558
o group1039342858
g mesh1039342858
usemtl mat23
f 748/2236/559 747/2235/559 746/2234/559 745/2233/559
f 752/2240/560 751/2239/560 750/2238/560 749/2237/560
f 746/2244/561 752/2243/561 749/2242/561 745/2241/561
f 750/2248/562 751/2247/562 747/2246/562 748/2245/562
f 749/2252/563 750/2251/563 748/2250/563 745/2249/563
f 747/2256/564 751/2255/564 752/2254/564 746/2253/564
o group121151075
g mesh121151075
usemtl mat23
f 756/2260/565 755/2259/565 754/2258/565 753/2257/565
f 760/2264/566 759/2263/566 758/2262/566 757/2261/566
f 754/2268/567 760/2267/567 757/2266/567 753/2265/567
f 758/2272/568 759/2271/568 755/2270/568 756/2269/568
f 757/2276/569 758/2275/569 756/2274/569 753/2273/569
f 755/2280/570 759/2279/570 760/2278/570 754/2277/570
o group501151175
g mesh501151175
usemtl mat21
f 764/2284/571 763/2283/571 762/2282/571 761/2281/571
f 768/2288/572 767/2287/572 766/2286/572 765/2285/572
f 762/2292/573 768/2291/573 765/2290/573 761/2289/573
f 766/2296/574 767/2295/574 763/2294/574 764/2293/574
f 765/2300/575 766/2299/575 764/2298/575 761/2297/575
f 763/2304/576 767/2303/576 768/2302/576 762/2301/576
o group399600539
g mesh399600539
usemtl mat21
f 772/2308/577 771/2307/577 770/2306/577 769/2305/577
f 776/2312/578 775/2311/578 774/2310/578 773/2309/578
f 770/2316/579 776/2315/579 773/2314/579 769/2313/579
f 774/2320/580 775/2319/580 771/2318/580 772/2317/580
f 773/2324/581 774/2323/581 772/2322/581 769/2321/581
f 771/2328/582 775/2327/582 776/2326/582 770/2325/582
o group747626856
g mesh747626856
usemtl mat21
f 780/2332/583 779/2331/583 778/2330/583 777/2329/583
f 784/2336/584 783/2335/584 782/2334/584 781/2333/584
f 778/2340/585 784/2339/585 781/2338/585 777/2337/585
f 782/2344/586 783/2343/586 779/2342/586 780/2341/586
f 781/2348/587 782/2347/587 780/2346/587 777/2345/587
f 779/2352/588 783/2351/588 784/2350/588 778/2349/588
o group2131959194
g mesh2131959194
usemtl mat21
f 788/2356/589 787/2355/589 786/2354/589 785/2353/589
f 792/2360/590 791/2359/590 790/2358/590 789/2357/590
f 786/2364/591 792/2363/591 789/2362/591 785/2361/591
f 790/2368/592 791/2367/592 787/2366/592 788/2365/592
f 789/2372/593 790/2371/593 788/2370/593 785/2369/593
f 787/2376/594 791/2375/594 792/2374/594 786/2373/594
o group1416138697
g mesh1416138697
usemtl mat21
f 796/2380/595 795/2379/595 794/2378/595 793/2377/595
f 800/2384/596 799/2383/596 798/2382/596 797/2381/596
f 794/2388/597 800/2387/597 797/2386/597 793/2385/597
f 798/2392/598 799/2391/598 795/2390/598 796/2389/598
f 797/2396/599 798/2395/599 796/2394/599 793/2393/599
f 795/2400/600 799/2399/600 800/2398/600 794/2397/600
o group1376874682
g mesh1376874682
usemtl mat21
f 804/2404/601 803/2403/601 802/2402/601 801/2401/601
f 808/2408/602 807/2407/602 806/2406/602 805/2405/602
f 802/2412/603 808/2411/603 805/2410/603 801/2409/603
f 806/2416/604 807/2415/604 803/2414/604 804/2413/604
f 805/2420/605 806/2419/605 804/2418/605 801/2417/605
f 803/2424/606 807/2423/606 808/2422/606 802/2421/606
o group1868982666
g mesh1868982666
usemtl mat23
f 812/2428/607 811/2427/607 810/2426/607 809/2425/607
f 816/2432/608 815/2431/608 814/2430/608 813/2429/608
f 810/2436/609 816/2435/609 813/2434/609 809/2433/609
f 814/2440/610 815/2439/610 811/2438/610 812/2437/610
f 813/2444/611 814/2443/611 812/2442/611 809/2441/611
f 811/2448/612 815/2447/612 816/2446/612 810/2445/612
o group436541158
g mesh436541158
usemtl mat23
f 820/2452/613 819/2451/613 818/2450/613 817/2449/613
f 824/2456/614 823/2455/614 822/2454/614 821/2453/614
f 818/2460/615 824/2459/615 821/2458/615 817/2457/615
f 822/2464/616 823/2463/616 819/2462/616 820/2461/616
f 821/2468/617 822/2467/617 820/2466/617 817/2465/617
f 819/2472/618 823/2471/618 824/2470/618 818/2469/618
o group2123578730
g mesh2123578730
usemtl mat18
f 828/2476/619 827/2475/619 826/2474/619 825/2473/619
f 832/2480/620 831/2479/620 830/2478/620 829/2477/620
f 826/2484/621 832/2483/621 829/2482/621 825/2481/621
f 830/2488/622 831/2487/622 827/2486/622 828/2485/622
f 829/2492/623 830/2491/623 828/2490/623 825/2489/623
f 827/2496/624 831/2495/624 832/2494/624 826/2493/624
o group1662369199
g mesh1662369199
usemtl mat18
f 836/2500/625 835/2499/625 834/2498/625 833/2497/625
f 840/2504/626 839/2503/626 838/2502/626 837/2501/626
f 834/2508/627 840/2507/627 837/2506/627 833/2505/627
f 838/2512/628 839/2511/628 835/2510/628 836/2509/628
f 837/2516/629 838/2515/629 836/2514/629 833/2513/629
f 835/2520/630 839/2519/630 840/2518/630 834/2517/630
o group275924480
g mesh275924480
usemtl mat18
f 844/2524/631 843/2523/631 842/2522/631 841/2521/631
f 848/2528/632 847/2527/632 846/2526/632 845/2525/632
f 842/2532/633 848/2531/633 845/2530/633 841/2529/633
f 846/2536/634 847/2535/634 843/2534/634 844/2533/634
f 845/2540/635 846/2539/635 844/2538/635 841/2537/635
f 843/2544/636 847/2543/636 848/2542/636 842/2541/636
o group710845299
g mesh710845299
usemtl mat23
f 852/2548/637 851/2547/637 850/2546/637 849/2545/637
f 856/2552/638 855/2551/638 854/2550/638 853/2549/638
f 850/2556/639 856/2555/639 853/2554/639 849/2553/639
f 854/2560/640 855/2559/640 851/2558/640 852/2557/640
f 853/2564/641 854/2563/641 852/2562/641 849/2561/641
f 851/2568/642 855/2567/642 856/2566/642 850/2565/642
o group1285391720
g mesh1285391720
usemtl mat23
f 860/2572/643 859/2571/643 858/2570/643 857/2569/643
f 864/2576/644 863/2575/644 862/2574/644 861/2573/644
f 858/2580/645 864/2579/645 861/2578/645 857/2577/645
f 862/2584/646 863/2583/646 859/2582/646 860/2581/646
f 861/2588/647 862/2587/647 860/2586/647 857/2585/647
f 859/2592/648 863/2591/648 864/2590/648 858/2589/648
o group1406229495
g mesh1406229495
usemtl mat23
f 868/2596/649 867/2595/649 866/2594/649 865/2593/649
f 872/2600/650 871/2599/650 870/2598/650 869/2597/650
f 866/2604/651 872/2603/651 869/2602/651 865/2601/651
f 870/2608/652 871/2607/652 867/2606/652 868/2605/652
f 869/2612/653 870/2611/653 868/2610/653 865/2609/653
f 867/2616/654 871/2615/654 872/2614/654 866/2613/654
o group632251511
g mesh632251511
usemtl mat23
f 876/2620/655 875/2619/655 874/2618/655 873/2617/655
f 880/2624/656 879/2623/656 878/2622/656 877/2621/656
f 874/2628/657 880/2627/657 877/2626/657 873/2625/657
f 878/2632/658 879/2631/658 875/2630/658 876/2629/658
f 877/2636/659 878/2635/659 876/2634/659 873/2633/659
f 875/2640/660 879/2639/660 880/2638/660 874/2637/660
o group316892387
g mesh316892387
usemtl mat23
f 884/2644/661 883/2643/661 882/2642/661 881/2641/661
f 888/2648/662 887/2647/662 886/2646/662 885/2645/662
f 882/2652/663 888/2651/663 885/2650/663 881/2649/663
f 886/2656/664 887/2655/664 883/2654/664 884/2653/664
f 885/2660/665 886/2659/665 884/2658/665 881/2657/665
f 883/2664/666 887/2663/666 888/2662/666 882/2661/666
o group1002040111
g mesh1002040111
usemtl mat23
f 892/2668/667 891/2667/667 890/2666/667 889/2665/667
f 896/2672/668 895/2671/668 894/2670/668 893/2669/668
f 890/2676/669 896/2675/669 893/2674/669 889/2673/669
f 894/2680/670 895/2679/670 891/2678/670 892/2677/670
f 893/2684/671 894/2683/671 892/2682/671 889/2681/671
f 891/2688/672 895/2687/672 896/2686/672 890/2685/672
o group1133531856
g mesh1133531856
usemtl mat23
f 900/2692/673 899/2691/673 898/2690/673 897/2689/673
f 904/2696/674 903/2695/674 902/2694/674 901/2693/674
f 898/2700/675 904/2699/675 901/2698/675 897/2697/675
f 902/2704/676 903/2703/676 899/2702/676 900/2701/676
f 901/2708/677 902/2707/677 900/2706/677 897/2705/677
f 899/2712/678 903/2711/678 904/2710/678 898/2709/678
o group123475188
g mesh123475188
usemtl mat18
f 908/2716/679 907/2715/679 906/2714/679 905/2713/679
f 912/2720/680 911/2719/680 910/2718/680 909/2717/680
f 906/2724/681 912/2723/681 909/2722/681 905/2721/681
f 910/2728/682 911/2727/682 907/2726/682 908/2725/682
f 909/2732/683 910/2731/683 908/2730/683 905/2729/683
f 907/2736/684 911/2735/684 912/2734/684 906/2733/684
o group1133438539
g mesh1133438539
usemtl mat18
f 916/2740/685 915/2739/685 914/2738/685 913/2737/685
f 920/2744/686 919/2743/686 918/2742/686 917/2741/686
f 914/2748/687 920/2747/687 917/2746/687 913/2745/687
f 918/2752/688 919/2751/688 915/2750/688 916/2749/688
f 917/2756/689 918/2755/689 916/2754/689 913/2753/689
f 915/2760/690 919/2759/690 920/2758/690 914/2757/690
o group956808245
g mesh956808245
usemtl mat18
f 924/2764/691 923/2763/691 922/2762/691 921/2761/691
f 928/2768/692 927/2767/692 926/2766/692 925/2765/692
f 922/2772/693 928/2771/693 925/2770/693 921/2769/693
f 926/2776/694 927/2775/694 923/2774/694 924/2773/694
f 925/2780/695 926/2779/695 924/2778/695 921/2777/695
f 923/2784/696 927/2783/696 928/2782/696 922/2781/696
o group221262551
g mesh221262551
usemtl mat23
f 932/2788/697 931/2787/697 930/2786/697 929/2785/697
f 936/2792/698 935/2791/698 934/2790/698 933/2789/698
f 930/2796/699 936/2795/699 933/2794/699 929/2793/699
f 934/2800/700 935/2799/700 931/2798/700 932/2797/700
f 933/2804/701 934/2803/701 932/2802/701 929/2801/701
f 931/2808/702 935/2807/702 936/2806/702 930/2805/702
o group1557757325
g mesh1557757325
usemtl mat23
f 940/2812/703 939/2811/703 938/2810/703 937/2809/703
f 944/2816/704 943/2815/704 942/2814/704 941/2813/704
f 938/2820/705 944/2819/705 941/2818/705 937/2817/705
f 942/2824/706 943/2823/706 939/2822/706 940/2821/706
f 941/2828/707 942/2827/707 940/2826/707 937/2825/707
f 939/2832/708 943/2831/708 944/2830/708 938/2829/708
o group1160276350
g mesh1160276350
usemtl mat21
f 948/2836/709 947/2835/709 946/2834/709 945/2833/709
f 952/2840/710 951/2839/710 950/2838/710 949/2837/710
f 946/2844/711 952/2843/711 949/2842/711 945/2841/711
f 950/2848/712 951/2847/712 947/2846/712 948/2845/712
f 949/2852/713 950/2851/713 948/2850/713 945/2849/713
f 947/2856/714 951/2855/714 952/2854/714 946/2853/714
o group1895512088
g mesh1895512088
usemtl mat21
f 956/2860/715 955/2859/715 954/2858/715 953/2857/715
f 960/2864/716 959/2863/716 958/2862/716 957/2861/716
f 954/2868/717 960/2867/717 957/2866/717 953/2865/717
f 958/2872/718 959/2871/718 955/2870/718 956/2869/718
f 957/2876/719 958/2875/719 956/2874/719 953/2873/719
f 955/2880/720 959/2879/720 960/2878/720 954/2877/720
o group1335707188
g mesh1335707188
usemtl mat23
f 964/2884/721 963/2883/721 962/2882/721 961/2881/721
f 968/2888/722 967/2887/722 966/2886/722 965/2885/722
f 962/2892/723 968/2891/723 965/2890/723 961/2889/723
f 966/2896/724 967/2895/724 963/2894/724 964/2893/724
f 965/2900/725 966/2899/725 964/2898/725 961/2897/725
f 963/2904/726 967/2903/726 968/2902/726 962/2901/726
o group1364588541
g mesh1364588541
usemtl mat23
f 972/2908/727 971/2907/727 970/2906/727 969/2905/727
f 976/2912/728 975/2911/728 974/2910/728 973/2909/728
f 970/2916/729 976/2915/729 973/2914/729 969/2913/729
f 974/2920/730 975/2919/730 971/2918/730 972/2917/730
f 973/2924/731 974/2923/731 972/2922/731 969/2921/731
f 971/2928/732 975/2927/732 976/2926/732 970/2925/732
o group961759356
g mesh961759356
usemtl mat23
f 980/2932/733 979/2931/733 978/2930/733 977/2929/733
f 984/2936/734 983/2935/734 982/2934/734 981/2933/734
f 978/2940/735 984/2939/735 981/2938/735 977/2937/735
f 982/2944/736 983/2943/736 979/2942/736 980/2941/736
f 981/2948/737 982/2947/737 980/2946/737 977/2945/737
f 979/2952/738 983/2951/738 984/2950/738 978/2949/738
o group61177444
g mesh61177444
usemtl mat23
f 988/2956/739 987/2955/739 986/2954/739 985/2953/739
f 992/2960/740 991/2959/740 990/2958/740 989/2957/740
f 986/2964/741 992/2963/741 989/2962/741 985/2961/741
f 990/2968/742 991/2967/742 987/2966/742 988/2965/742
f 989/2972/743 990/2971/743 988/2970/743 985/2969/743
f 987/2976/744 991/2975/744 992/2974/744 986/2973/744
o group177321212
g mesh177321212
usemtl mat23
f 996/2980/745 995/2979/745 994/2978/745 993/2977/745
f 1000/2984/746 999/2983/746 998/2982/746 997/2981/746
f 994/2988/747 1000/2987/747 997/2986/747 993/2985/747
f 998/2992/748 999/2991/748 995/2990/748 996/2989/748
f 997/2996/749 998/2995/749 996/2994/749 993/2993/749
f 995/3000/750 999/2999/750 1000/2998/750 994/2997/750
o group777070870
g mesh777070870
usemtl mat23
f 1004/3004/751 1003/3003/751 1002/3002/751 1001/3001/751
f 1008/3008/752 1007/3007/752 1006/3006/752 1005/3005/752
f 1002/3012/753 1008/3011/753 1005/3010/753 1001/3009/753
f 1006/3016/754 1007/3015/754 1003/3014/754 1004/3013/754
f 1005/3020/755 1006/3019/755 1004/3018/755 1001/3017/755
f 1003/3024/756 1007/3023/756 1008/3022/756 1002/3021/756
o group984777871
g mesh984777871
usemtl mat5
f 1012/3028/757 1011/3027/757 1010/3026/757 1009/3025/757
f 1016/3032/758 1015/3031/758 1014/3030/758 1013/3029/758
f 1010/3036/759 1016/3035/759 1013/3034/759 1009/3033/759
f 1014/3040/760 1015/3039/760 1011/3038/760 1012/3037/760
f 1013/3044/761 1014/3043/761 1012/3042/761 1009/3041/761
f 1011/3048/762 1015/3047/762 1016/3046/762 1010/3045/762
o group1416602448
g mesh1416602448
usemtl mat23
f 1020/3052/763 1019/3051/763 1018/3050/763 1017/3049/763
f 1024/3056/764 1023/3055/764 1022/3054/764 1021/3053/764
f 1018/3060/765 1024/3059/765 1021/3058/765 1017/3057/765
f 1022/3064/766 1023/3063/766 1019/3062/766 1020/3061/766
f 1021/3068/767 1022/3067/767 1020/3066/767 1017/3065/767
f 1019/3072/768 1023/3071/768 1024/3070/768 1018/3069/768
o group725427127
g mesh725427127
usemtl mat23
f 1028/3076/769 1027/3075/769 1026/3074/769 1025/3073/769
f 1032/3080/770 1031/3079/770 1030/3078/770 1029/3077/770
f 1026/3084/771 1032/3083/771 1029/3082/771 1025/3081/771
f 1030/3088/772 1031/3087/772 1027/3086/772 1028/3085/772
f 1029/3092/773 1030/3091/773 1028/3090/773 1025/3089/773
f 1027/3096/774 1031/3095/774 1032/3094/774 1026/3093/774
o group901918217
g mesh901918217
usemtl mat23
f 1036/3100/775 1035/3099/775 1034/3098/775 1033/3097/775
f 1040/3104/776 1039/3103/776 1038/3102/776 1037/3101/776
f 1034/3108/777 1040/3107/777 1037/3106/777 1033/3105/777
f 1038/3112/778 1039/3111/778 1035/3110/778 1036/3109/778
f 1037/3116/779 1038/3115/779 1036/3114/779 1033/3113/779
f 1035/3120/780 1039/3119/780 1040/3118/780 1034/3117/780
o group1591607236
g mesh1591607236
usemtl mat23
f 1044/3124/781 1043/3123/781 1042/3122/781 1041/3121/781
f 1048/3128/782 1047/3127/782 1046/3126/782 1045/3125/782
f 1042/3132/783 1048/3131/783 1045/3130/783 1041/3129/783
f 1046/3136/784 1047/3135/784 1043/3134/784 1044/3133/784
f 1045/3140/785 1046/3139/785 1044/3138/785 1041/3137/785
f 1043/3144/786 1047/3143/786 1048/3142/786 1042/3141/786
o group548131540
g mesh548131540
usemtl mat23
f 1052/3148/787 1051/3147/787 1050/3146/787 1049/3145/787
f 1056/3152/788 1055/3151/788 1054/3150/788 1053/3149/788
f 1050/3156/789 1056/3155/789 1053/3154/789 1049/3153/789
f 1054/3160/790 1055/3159/790 1051/3158/790 1052/3157/790
f 1053/3164/791 1054/3163/791 1052/3162/791 1049/3161/791
f 1051/3168/792 1055/3167/792 1056/3166/792 1050/3165/792
o group2035865893
g mesh2035865893
usemtl mat23
f 1060/3172/793 1059/3171/793 1058/3170/793 1057/3169/793
f 1064/3176/794 1063/3175/794 1062/3174/794 1061/3173/794
f 1058/3180/795 1064/3179/795 1061/3178/795 1057/3177/795
f 1062/3184/796 1063/3183/796 1059/3182/796 1060/3181/796
f 1061/3188/797 1062/3187/797 1060/3186/797 1057/3185/797
f 1059/3192/798 1063/3191/798 1064/3190/798 1058/3189/798
o group1493640880
g mesh1493640880
usemtl mat23
f 1068/3196/799 1067/3195/799 1066/3194/799 1065/3193/799
f 1072/3200/800 1071/3199/800 1070/3198/800 1069/3197/800
f 1066/3204/801 1072/3203/801 1069/3202/801 1065/3201/801
f 1070/3208/802 1071/3207/802 1067/3206/802 1068/3205/802
f 1069/3212/803 1070/3211/803 1068/3210/803 1065/3209/803
f 1067/3216/804 1071/3215/804 1072/3214/804 1066/3213/804
o group1016633985
g mesh1016633985
usemtl mat23
f 1076/3220/805 1075/3219/805 1074/3218/805 1073/3217/805
f 1080/3224/806 1079/3223/806 1078/3222/806 1077/3221/806
f 1074/3228/807 1080/3227/807 1077/3226/807 1073/3225/807
f 1078/3232/808 1079/3231/808 1075/3230/808 1076/3229/808
f 1077/3236/809 1078/3235/809 1076/3234/809 1073/3233/809
f 1075/3240/810 1079/3239/810 1080/3238/810 1074/3237/810
o group362439896
g mesh362439896
usemtl mat23
f 1084/3244/811 1083/3243/811 1082/3242/811 1081/3241/811
f 1088/3248/812 1087/3247/812 1086/3246/812 1085/3245/812
f 1082/3252/813 1088/3251/813 1085/3250/813 1081/3249/813
f 1086/3256/814 1087/3255/814 1083/3254/814 1084/3253/814
f 1085/3260/815 1086/3259/815 1084/3258/815 1081/3257/815
f 1083/3264/816 1087/3263/816 1088/3262/816 1082/3261/816
o group380971729
g mesh380971729
usemtl mat18
f 1092/3268/817 1091/3267/817 1090/3266/817 1089/3265/817
f 1096/3272/818 1095/3271/818 1094/3270/818 1093/3269/818
f 1090/3276/819 1096/3275/819 1093/3274/819 1089/3273/819
f 1094/3280/820 1095/3279/820 1091/3278/820 1092/3277/820
f 1093/3284/821 1094/3283/821 1092/3282/821 1089/3281/821
f 1091/3288/822 1095/3287/822 1096/3286/822 1090/3285/822
o group1613581482
g mesh1613581482
usemtl mat18
f 1100/3292/823 1099/3291/823 1098/3290/823 1097/3289/823
f 1104/3296/824 1103/3295/824 1102/3294/824 1101/3293/824
f 1098/3300/825 1104/3299/825 1101/3298/825 1097/3297/825
f 1102/3304/826 1103/3303/826 1099/3302/826 1100/3301/826
f 1101/3308/827 1102/3307/827 1100/3306/827 1097/3305/827
f 1099/3312/828 1103/3311/828 1104/3310/828 1098/3309/828
o group1265406887
g mesh1265406887
usemtl mat18
f 1108/3316/829 1107/3315/829 1106/3314/829 1105/3313/829
f 1112/3320/830 1111/3319/830 1110/3318/830 1109/3317/830
f 1106/3324/831 1112/3323/831 1109/3322/831 1105/3321/831
f 1110/3328/832 1111/3327/832 1107/3326/832 1108/3325/832
f 1109/3332/833 1110/3331/833 1108/3330/833 1105/3329/833
f 1107/3336/834 1111/3335/834 1112/3334/834 1106/3333/834
o group1519961539
g mesh1519961539
usemtl mat18
f 1116/3340/835 1115/3339/835 1114/3338/835 1113/3337/835
f 1120/3344/836 1119/3343/836 1118/3342/836 1117/3341/836
f 1114/3348/837 1120/3347/837 1117/3346/837 1113/3345/837
f 1118/3352/838 1119/3351/838 1115/3350/838 1116/3349/838
f 1117/3356/839 1118/3355/839 1116/3354/839 1113/3353/839
f 1115/3360/840 1119/3359/840 1120/3358/840 1114/3357/840
o group245016668
g mesh245016668
usemtl mat18
f 1124/3364/841 1123/3363/841 1122/3362/841 1121/3361/841
f 1128/3368/842 1127/3367/842 1126/3366/842 1125/3365/842
f 1122/3372/843 1128/3371/843 1125/3370/843 1121/3369/843
f 1126/3376/844 1127/3375/844 1123/3374/844 1124/3373/844
f 1125/3380/845 1126/3379/845 1124/3378/845 1121/3377/845
f 1123/3384/846 1127/3383/846 1128/3382/846 1122/3381/846
o group1810109019
g mesh1810109019
usemtl mat18
f 1132/3388/847 1131/3387/847 1130/3386/847 1129/3385/847
f 1136/3392/848 1135/3391/848 1134/3390/848 1133/3389/848
f 1130/3396/849 1136/3395/849 1133/3394/849 1129/3393/849
f 1134/3400/850 1135/3399/850 1131/3398/850 1132/3397/850
f 1133/3404/851 1134/3403/851 1132/3402/851 1129/3401/851
f 1131/3408/852 1135/3407/852 1136/3406/852 1130/3405/852
o group1151301760
g mesh1151301760
usemtl mat18
f 1140/3412/853 1139/3411/853 1138/3410/853 1137/3409/853
f 1144/3416/854 1143/3415/854 1142/3414/854 1141/3413/854
f 1138/3420/855 1144/3419/855 1141/3418/855 1137/3417/855
f 1142/3424/856 1143/3423/856 1139/3422/856 1140/3421/856
f 1141/3428/857 1142/3427/857 1140/3426/857 1137/3425/857
f 1139/3432/858 1143/3431/858 1144/3430/858 1138/3429/858
o group138910380
g mesh138910380
usemtl mat23
f 1148/3436/859 1147/3435/859 1146/3434/859 1145/3433/859
f 1152/3440/860 1151/3439/860 1150/3438/860 1149/3437/860
f 1146/3444/861 1152/3443/861 1149/3442/861 1145/3441/861
f 1150/3448/862 1151/3447/862 1147/3446/862 1148/3445/862
f 1149/3452/863 1150/3451/863 1148/3450/863 1145/3449/863
f 1147/3456/864 1151/3455/864 1152/3454/864 1146/3453/864
o group1696806270
g mesh1696806270
usemtl mat23
f 1156/3460/865 1155/3459/865 1154/3458/865 1153/3457/865
f 1160/3464/866 1159/3463/866 1158/3462/866 1157/3461/866
f 1154/3468/867 1160/3467/867 1157/3466/867 1153/3465/867
f 1158/3472/868 1159/3471/868 1155/3470/868 1156/3469/868
f 1157/3476/869 1158/3475/869 1156/3474/869 1153/3473/869
f 1155/3480/870 1159/3479/870 1160/3478/870 1154/3477/870
o group824776060
g mesh824776060
usemtl mat18
f 1164/3484/871 1163/3483/871 1162/3482/871 1161/3481/871
f 1168/3488/872 1167/3487/872 1166/3486/872 1165/3485/872
f 1162/3492/873 1168/3491/873 1165/3490/873 1161/3489/873
f 1166/3496/874 1167/3495/874 1163/3494/874 1164/3493/874
f 1165/3500/875 1166/3499/875 1164/3498/875 1161/3497/875
f 1163/3504/876 1167/3503/876 1168/3502/876 1162/3501/876
o group1191854703
g mesh1191854703
usemtl mat18
f 1172/3508/877 1171/3507/877 1170/3506/877 1169/3505/877
f 1176/3512/878 1175/3511/878 1174/3510/878 1173/3509/878
f 1170/3516/879 1176/3515/879 1173/3514/879 1169/3513/879
f 1174/3520/880 1175/3519/880 1171/3518/880 1172/3517/880
f 1173/3524/881 1174/3523/881 1172/3522/881 1169/3521/881
f 1171/3528/882 1175/3527/882 1176/3526/882 1170/3525/882
o group862021646
g mesh862021646
usemtl mat5
f 1180/3532/883 1179/3531/883 1178/3530/883 1177/3529/883
f 1184/3536/884 1183/3535/884 1182/3534/884 1181/3533/884
f 1178/3540/885 1184/3539/885 1181/3538/885 1177/3537/885
f 1182/3544/886 1183/3543/886 1179/3542/886 1180/3541/886
f 1181/3548/887 1182/3547/887 1180/3546/887 1177/3545/887
f 1179/3552/888 1183/3551/888 1184/3550/888 1178/3549/888
o group1491563852
g mesh1491563852
usemtl mat5
f 1188/3556/889 1187/3555/889 1186/3554/889 1185/3553/889
f 1192/3560/890 1191/3559/890 1190/3558/890 1189/3557/890
f 1186/3564/891 1192/3563/891 1189/3562/891 1185/3561/891
f 1190/3568/892 1191/3567/892 1187/3566/892 1188/3565/892
f 1189/3572/893 1190/3571/893 1188/3570/893 1185/3569/893
f 1187/3576/894 1191/3575/894 1192/3574/894 1186/3573/894
o group1663856951
g mesh1663856951
usemtl mat5
f 1196/3580/895 1195/3579/895 1194/3578/895 1193/3577/895
f 1200/3584/896 1199/3583/896 1198/3582/896 1197/3581/896
f 1194/3588/897 1200/3587/897 1197/3586/897 1193/3585/897
f 1198/3592/898 1199/3591/898 1195/3590/898 1196/3589/898
f 1197/3596/899 1198/3595/899 1196/3594/899 1193/3593/899
f 1195/3600/900 1199/3599/900 1200/3598/900 1194/3597/900
o group1130481738
g mesh1130481738
usemtl mat5
f 1204/3604/901 1203/3603/901 1202/3602/901 1201/3601/901
f 1208/3608/902 1207/3607/902 1206/3606/902 1205/3605/902
f 1202/3612/903 1208/3611/903 1205/3610/903 1201/3609/903
f 1206/3616/904 1207/3615/904 1203/3614/904 1204/3613/904
f 1205/3620/905 1206/3619/905 1204/3618/905 1201/3617/905
f 1203/3624/906 1207/3623/906 1208/3622/906 1202/3621/906
o group22199729
g mesh22199729
usemtl mat5
f 1212/3628/907 1211/3627/907 1210/3626/907 1209/3625/907
f 1216/3632/908 1215/3631/908 1214/3630/908 1213/3629/908
f 1210/3636/909 1216/3635/909 1213/3634/909 1209/3633/909
f 1214/3640/910 1215/3639/910 1211/3638/910 1212/3637/910
f 1213/3644/911 1214/3643/911 1212/3642/911 1209/3641/911
f 1211/3648/912 1215/3647/912 1216/3646/912 1210/3645/912
o group1230040977
g mesh1230040977
usemtl mat5
f 1220/3652/913 1219/3651/913 1218/3650/913 1217/3649/913
f 1224/3656/914 1223/3655/914 1222/3654/914 1221/3653/914
f 1218/3660/915 1224/3659/915 1221/3658/915 1217/3657/915
f 1222/3664/916 1223/3663/916 1219/3662/916 1220/3661/916
f 1221/3668/917 1222/3667/917 1220/3666/917 1217/3665/917
f 1219/3672/918 1223/3671/918 1224/3670/918 1218/3669/918
o group1972015108
g mesh1972015108
usemtl mat23
f 1228/3676/919 1227/3675/919 1226/3674/919 1225/3673/919
f 1232/3680/920 1231/3679/920 1230/3678/920 1229/3677/920
f 1226/3684/921 1232/3683/921 1229/3682/921 1225/3681/921
f 1230/3688/922 1231/3687/922 1227/3686/922 1228/3685/922
f 1229/3692/923 1230/3691/923 1228/3690/923 1225/3689/923
f 1227/3696/924 1231/3695/924 1232/3694/924 1226/3693/924
o group828743142
g mesh828743142
usemtl mat23
f 1236/3700/925 1235/3699/925 1234/3698/925 1233/3697/925
f 1240/3704/926 1239/3703/926 1238/3702/926 1237/3701/926
f 1234/3708/927 1240/3707/927 1237/3706/927 1233/3705/927
f 1238/3712/928 1239/3711/928 1235/3710/928 1236/3709/928
f 1237/3716/929 1238/3715/929 1236/3714/929 1233/3713/929
f 1235/3720/930 1239/3719/930 1240/3718/930 1234/3717/930
o group1980600420
g mesh1980600420
usemtl mat5
f 1244/3724/931 1243/3723/931 1242/3722/931 1241/3721/931
f 1248/3728/932 1247/3727/932 1246/3726/932 1245/3725/932
f 1242/3732/933 1248/3731/933 1245/3730/933 1241/3729/933
f 1246/3736/934 1247/3735/934 1243/3734/934 1244/3733/934
f 1245/3740/935 1246/3739/935 1244/3738/935 1241/3737/935
f 1243/3744/936 1247/3743/936 1248/3742/936 1242/3741/936
o group1090383925
g mesh1090383925
usemtl mat18
f 1252/3748/937 1251/3747/937 1250/3746/937 1249/3745/937
f 1256/3752/938 1255/3751/938 1254/3750/938 1253/3749/938
f 1250/3756/939 1256/3755/939 1253/3754/939 1249/3753/939
f 1254/3760/940 1255/3759/940 1251/3758/940 1252/3757/940
f 1253/3764/941 1254/3763/941 1252/3762/941 1249/3761/941
f 1251/3768/942 1255/3767/942 1256/3766/942 1250/3765/942
o group1106944745
g mesh1106944745
usemtl mat18
f 1260/3772/943 1259/3771/943 1258/3770/943 1257/3769/943
f 1264/3776/944 1263/3775/944 1262/3774/944 1261/3773/944
f 1258/3780/945 1264/3779/945 1261/3778/945 1257/3777/945
f 1262/3784/946 1263/3783/946 1259/3782/946 1260/3781/946
f 1261/3788/947 1262/3787/947 1260/3786/947 1257/3785/947
f 1259/3792/948 1263/3791/948 1264/3790/948 1258/3789/948
o group1299929303
g mesh1299929303
usemtl mat18
f 1268/3796/949 1267/3795/949 1266/3794/949 1265/3793/949
f 1272/3800/950 1271/3799/950 1270/3798/950 1269/3797/950
f 1266/3804/951 1272/3803/951 1269/3802/951 1265/3801/951
f 1270/3808/952 1271/3807/952 1267/3806/952 1268/3805/952
f 1269/3812/953 1270/3811/953 1268/3810/953 1265/3809/953
f 1267/3816/954 1271/3815/954 1272/3814/954 1266/3813/954
o group2042436398
g mesh2042436398
usemtl mat21
f 1276/3820/955 1275/3819/955 1274/3818/955 1273/3817/955
f 1280/3824/956 1279/3823/956 1278/3822/956 1277/3821/956
f 1274/3828/957 1280/3827/957 1277/3826/957 1273/3825/957
f 1278/3832/958 1279/3831/958 1275/3830/958 1276/3829/958
f 1277/3836/959 1278/3835/959 1276/3834/959 1273/3833/959
f 1275/3840/960 1279/3839/960 1280/3838/960 1274/3837/960
o group1244747464
g mesh1244747464
usemtl mat18
f 1284/3844/961 1283/3843/961 1282/3842/961 1281/3841/961
f 1288/3848/962 1287/3847/962 1286/3846/962 1285/3845/962
f 1282/3852/963 1288/3851/963 1285/3850/963 1281/3849/963
f 1286/3856/964 1287/3855/964 1283/3854/964 1284/3853/964
f 1285/3860/965 1286/3859/965 1284/3858/965 1281/3857/965
f 1283/3864/966 1287/3863/966 1288/3862/966 1282/3861/966
o group19984833
g mesh19984833
usemtl mat18
f 1292/3868/967 1291/3867/967 1290/3866/967 1289/3865/967
f 1296/3872/968 1295/3871/968 1294/3870/968 1293/3869/968
f 1290/3876/969 1296/3875/969 1293/3874/969 1289/3873/969
f 1294/3880/970 1295/3879/970 1291/3878/970 1292/3877/970
f 1293/3884/971 1294/3883/971 1292/3882/971 1289/3881/971
f 1291/3888/972 1295/3887/972 1296/3886/972 1290/3885/972
o group2033751603
g mesh2033751603
usemtl mat23
f 1300/3892/973 1299/3891/973 1298/3890/973 1297/3889/973
f 1304/3896/974 1303/3895/974 1302/3894/974 1301/3893/974
f 1298/3900/975 1304/3899/975 1301/3898/975 1297/3897/975
f 1302/3904/976 1303/3903/976 1299/3902/976 1300/3901/976
f 1301/3908/977 1302/3907/977 1300/3906/977 1297/3905/977
f 1299/3912/978 1303/3911/978 1304/3910/978 1298/3909/978
o group387234843
g mesh387234843
usemtl mat23
f 1308/3916/979 1307/3915/979 1306/3914/979 1305/3913/979
f 1312/3920/980 1311/3919/980 1310/3918/980 1309/3917/980
f 1306/3924/981 1312/3923/981 1309/3922/981 1305/3921/981
f 1310/3928/982 1311/3927/982 1307/3926/982 1308/3925/982
f 1309/3932/983 1310/3931/983 1308/3930/983 1305/3929/983
f 1307/3936/984 1311/3935/984 1312/3934/984 1306/3933/984
o group654267015
g mesh654267015
usemtl mat23
f 1316/3940/985 1315/3939/985 1314/3938/985 1313/3937/985
f 1320/3944/986 1319/3943/986 1318/3942/986 1317/3941/986
f 1314/3948/987 1320/3947/987 1317/3946/987 1313/3945/987
f 1318/3952/988 1319/3951/988 1315/3950/988 1316/3949/988
f 1317/3956/989 1318/3955/989 1316/3954/989 1313/3953/989
f 1315/3960/990 1319/3959/990 1320/3958/990 1314/3957/990
o group1998221998
g mesh1998221998
usemtl mat23
f 1324/3964/991 1323/3963/991 1322/3962/991 1321/3961/991
f 1328/3968/992 1327/3967/992 1326/3966/992 1325/3965/992
f 1322/3972/993 1328/3971/993 1325/3970/993 1321/3969/993
f 1326/3976/994 1327/3975/994 1323/3974/994 1324/3973/994
f 1325/3980/995 1326/3979/995 1324/3978/995 1321/3977/995
f 1323/3984/996 1327/3983/996 1328/3982/996 1322/3981/996
o group574152565
g mesh574152565
usemtl mat21
f 1332/3988/997 1331/3987/997 1330/3986/997 1329/3985/997
f 1336/3992/998 1335/3991/998 1334/3990/998 1333/3989/998
f 1330/3996/999 1336/3995/999 1333/3994/999 1329/3993/999
f 1334/4000/1000 1335/3999/1000 1331/3998/1000 1332/3997/1000
f 1333/4004/1001 1334/4003/1001 1332/4002/1001 1329/4001/1001
f 1331/4008/1002 1335/4007/1002 1336/4006/1002 1330/4005/1002
o group308662479
g mesh308662479
usemtl mat23
f 1340/4012/1003 1339/4011/1003 1338/4010/1003 1337/4009/1003
f 1344/4016/1004 1343/4015/1004 1342/4014/1004 1341/4013/1004
f 1338/4020/1005 1344/4019/1005 1341/4018/1005 1337/4017/1005
f 1342/4024/1006 1343/4023/1006 1339/4022/1006 1340/4021/1006
f 1341/4028/1007 1342/4027/1007 1340/4026/1007 1337/4025/1007
f 1339/4032/1008 1343/4031/1008 1344/4030/1008 1338/4029/1008
o group1553225800
g mesh1553225800
usemtl mat23
f 1348/4036/1009 1347/4035/1009 1346/4034/1009 1345/4033/1009
f 1352/4040/1010 1351/4039/1010 1350/4038/1010 1349/4037/1010
f 1346/4044/1011 1352/4043/1011 1349/4042/1011 1345/4041/1011
f 1350/4048/1012 1351/4047/1012 1347/4046/1012 1348/4045/1012
f 1349/4052/1013 1350/4051/1013 1348/4050/1013 1345/4049/1013
f 1347/4056/1014 1351/4055/1014 1352/4054/1014 1346/4053/1014
o group1176891495
g mesh1176891495
usemtl mat23
f 1356/4060/1015 1355/4059/1015 1354/4058/1015 1353/4057/1015
f 1360/4064/1016 1359/4063/1016 1358/4062/1016 1357/4061/1016
f 1354/4068/1017 1360/4067/1017 1357/4066/1017 1353/4065/1017
f 1358/4072/1018 1359/4071/1018 1355/4070/1018 1356/4069/1018
f 1357/4076/1019 1358/4075/1019 1356/4074/1019 1353/4073/1019
f 1355/4080/1020 1359/4079/1020 1360/4078/1020 1354/4077/1020
o group695735679
g mesh695735679
usemtl mat21
f 1364/4084/1021 1363/4083/1021 1362/4082/1021 1361/4081/1021
f 1368/4088/1022 1367/4087/1022 1366/4086/1022 1365/4085/1022
f 1362/4092/1023 1368/4091/1023 1365/4090/1023 1361/4089/1023
f 1366/4096/1024 1367/4095/1024 1363/4094/1024 1364/4093/1024
f 1365/4100/1025 1366/4099/1025 1364/4098/1025 1361/4097/1025
f 1363/4104/1026 1367/4103/1026 1368/4102/1026 1362/4101/1026
o group1816196145
g mesh1816196145
usemtl mat21
f 1372/4108/1027 1371/4107/1027 1370/4106/1027 1369/4105/1027
f 1376/4112/1028 1375/4111/1028 1374/4110/1028 1373/4109/1028
f 1370/4116/1029 1376/4115/1029 1373/4114/1029 1369/4113/1029
f 1374/4120/1030 1375/4119/1030 1371/4118/1030 1372/4117/1030
f 1373/4124/1031 1374/4123/1031 1372/4122/1031 1369/4121/1031
f 1371/4128/1032 1375/4127/1032 1376/4126/1032 1370/4125/1032
o group231655137
g mesh231655137
usemtl mat21
f 1380/4132/1033 1379/4131/1033 1378/4130/1033 1377/4129/1033
f 1384/4136/1034 1383/4135/1034 1382/4134/1034 1381/4133/1034
f 1378/4140/1035 1384/4139/1035 1381/4138/1035 1377/4137/1035
f 1382/4144/1036 1383/4143/1036 1379/4142/1036 1380/4141/1036
f 1381/4148/1037 1382/4147/1037 1380/4146/1037 1377/4145/1037
f 1379/4152/1038 1383/4151/1038 1384/4150/1038 1378/4149/1038
o group205225450
g mesh205225450
usemtl mat5
f 1388/4156/1039 1387/4155/1039 1386/4154/1039 1385/4153/1039
f 1392/4160/1040 1391/4159/1040 1390/4158/1040 1389/4157/1040
f 1386/4164/1041 1392/4163/1041 1389/4162/1041 1385/4161/1041
f 1390/4168/1042 1391/4167/1042 1387/4166/1042 1388/4165/1042
f 1389/4172/1043 1390/4171/1043 1388/4170/1043 1385/4169/1043
f 1387/4176/1044 1391/4175/1044 1392/4174/1044 1386/4173/1044
o group1342388812
g mesh1342388812
usemtl mat5
f 1396/4180/1045 1395/4179/1045 1394/4178/1045 1393/4177/1045
f 1400/4184/1046 1399/4183/1046 1398/4182/1046 1397/4181/1046
f 1394/4188/1047 1400/4187/1047 1397/4186/1047 1393/4185/1047
f 1398/4192/1048 1399/4191/1048 1395/4190/1048 1396/4189/1048
f 1397/4196/1049 1398/4195/1049 1396/4194/1049 1393/4193/1049
f 1395/4200/1050 1399/4199/1050 1400/4198/1050 1394/4197/1050
o group1572981471
g mesh1572981471
usemtl mat5
f 1404/4204/1051 1403/4203/1051 1402/4202/1051 1401/4201/1051
f 1408/4208/1052 1407/4207/1052 1406/4206/1052 1405/4205/1052
f 1402/4212/1053 1408/4211/1053 1405/4210/1053 1401/4209/1053
f 1406/4216/1054 1407/4215/1054 1403/4214/1054 1404/4213/1054
f 1405/4220/1055 1406/4219/1055 1404/4218/1055 1401/4217/1055
f 1403/4224/1056 1407/4223/1056 1408/4222/1056 1402/4221/1056
o group236645983
g mesh236645983
usemtl mat23
f 1412/4228/1057 1411/4227/1057 1410/4226/1057 1409/4225/1057
f 1416/4232/1058 1415/4231/1058 1414/4230/1058 1413/4229/1058
f 1410/4236/1059 1416/4235/1059 1413/4234/1059 1409/4233/1059
f 1414/4240/1060 1415/4239/1060 1411/4238/1060 1412/4237/1060
f 1413/4244/1061 1414/4243/1061 1412/4242/1061 1409/4241/1061
f 1411/4248/1062 1415/4247/1062 1416/4246/1062 1410/4245/1062
o group1496061717
g mesh1496061717
usemtl mat5
f 1420/4252/1063 1419/4251/1063 1418/4250/1063 1417/4249/1063
f 1424/4256/1064 1423/4255/1064 1422/4254/1064 1421/4253/1064
f 1418/4260/1065 1424/4259/1065 1421/4258/1065 1417/4257/1065
f 1422/4264/1066 1423/4263/1066 1419/4262/1066 1420/4261/1066
f 1421/4268/1067 1422/4267/1067 1420/4266/1067 1417/4265/1067
f 1419/4272/1068 1423/4271/1068 1424/4270/1068 1418/4269/1068
o group943954097
g mesh943954097
usemtl mat5
f 1428/4276/1069 1427/4275/1069 1426/4274/1069 1425/4273/1069
f 1432/4280/1070 1431/4279/1070 1430/4278/1070 1429/4277/1070
f 1426/4284/1071 1432/4283/1071 1429/4282/1071 1425/4281/1071
f 1430/4288/1072 1431/4287/1072 1427/4286/1072 1428/4285/1072
f 1429/4292/1073 1430/4291/1073 1428/4290/1073 1425/4289/1073
f 1427/4296/1074 1431/4295/1074 1432/4294/1074 1426/4293/1074
o group2041877593
g mesh2041877593
usemtl mat5
f 1436/4300/1075 1435/4299/1075 1434/4298/1075 1433/4297/1075
f 1440/4304/1076 1439/4303/1076 1438/4302/1076 1437/4301/1076
f 1434/4308/1077 1440/4307/1077 1437/4306/1077 1433/4305/1077
f 1438/4312/1078 1439/4311/1078 1435/4310/1078 1436/4309/1078
f 1437/4316/1079 1438/4315/1079 1436/4314/1079 1433/4313/1079
f 1435/4320/1080 1439/4319/1080 1440/4318/1080 1434/4317/1080
o group309657703
g mesh309657703
usemtl mat5
f 1444/4324/1081 1443/4323/1081 1442/4322/1081 1441/4321/1081
f 1448/4328/1082 1447/4327/1082 1446/4326/1082 1445/4325/1082
f 1442/4332/1083 1448/4331/1083 1445/4330/1083 1441/4329/1083
f 1446/4336/1084 1447/4335/1084 1443/4334/1084 1444/4333/1084
f 1445/4340/1085 1446/4339/1085 1444/4338/1085 1441/4337/1085
f 1443/4344/1086 1447/4343/1086 1448/4342/1086 1442/4341/1086
o group528146707
g mesh528146707
usemtl mat21
f 1452/4348/1087 1451/4347/1087 1450/4346/1087 1449/4345/1087
f 1456/4352/1088 1455/4351/1088 1454/4350/1088 1453/4349/1088
f 1450/4356/1089 1456/4355/1089 1453/4354/1089 1449/4353/1089
f 1454/4360/1090 1455/4359/1090 1451/4358/1090 1452/4357/1090
f 1453/4364/1091 1454/4363/1091 1452/4362/1091 1449/4361/1091
f 1451/4368/1092 1455/4367/1092 1456/4366/1092 1450/4365/1092
o group1106406037
g mesh1106406037
usemtl mat21
f 1460/4372/1093 1459/4371/1093 1458/4370/1093 1457/4369/1093
f 1464/4376/1094 1463/4375/1094 1462/4374/1094 1461/4373/1094
f 1458/4380/1095 1464/4379/1095 1461/4378/1095 1457/4377/1095
f 1462/4384/1096 1463/4383/1096 1459/4382/1096 1460/4381/1096
f 1461/4388/1097 1462/4387/1097 1460/4386/1097 1457/4385/1097
f 1459/4392/1098 1463/4391/1098 1464/4390/1098 1458/4389/1098
o group511701545
g mesh511701545
usemtl mat21
f 1468/4396/1099 1467/4395/1099 1466/4394/1099 1465/4393/1099
f 1472/4400/1100 1471/4399/1100 1470/4398/1100 1469/4397/1100
f 1466/4404/1101 1472/4403/1101 1469/4402/1101 1465/4401/1101
f 1470/4408/1102 1471/4407/1102 1467/4406/1102 1468/4405/1102
f 1469/4412/1103 1470/4411/1103 1468/4410/1103 1465/4409/1103
f 1467/4416/1104 1471/4415/1104 1472/4414/1104 1466/4413/1104
o group1039428917
g mesh1039428917
usemtl mat21
f 1476/4420/1105 1475/4419/1105 1474/4418/1105 1473/4417/1105
f 1480/4424/1106 1479/4423/1106 1478/4422/1106 1477/4421/1106
f 1474/4428/1107 1480/4427/1107 1477/4426/1107 1473/4425/1107
f 1478/4432/1108 1479/4431/1108 1475/4430/1108 1476/4429/1108
f 1477/4436/1109 1478/4435/1109 1476/4434/1109 1473/4433/1109
f 1475/4440/1110 1479/4439/1110 1480/4438/1110 1474/4437/1110
o group2114219386
g mesh2114219386
usemtl mat21
f 1484/4444/1111 1483/4443/1111 1482/4442/1111 1481/4441/1111
f 1488/4448/1112 1487/4447/1112 1486/4446/1112 1485/4445/1112
f 1482/4452/1113 1488/4451/1113 1485/4450/1113 1481/4449/1113
f 1486/4456/1114 1487/4455/1114 1483/4454/1114 1484/4453/1114
f 1485/4460/1115 1486/4459/1115 1484/4458/1115 1481/4457/1115
f 1483/4464/1116 1487/4463/1116 1488/4462/1116 1482/4461/1116
o group1114373340
g mesh1114373340
usemtl mat5
f 1492/4468/1117 1491/4467/1117 1490/4466/1117 1489/4465/1117
f 1496/4472/1118 1495/4471/1118 1494/4470/1118 1493/4469/1118
f 1490/4476/1119 1496/4475/1119 1493/4474/1119 1489/4473/1119
f 1494/4480/1120 1495/4479/1120 1491/4478/1120 1492/4477/1120
f 1493/4484/1121 1494/4483/1121 1492/4482/1121 1489/4481/1121
f 1491/4488/1122 1495/4487/1122 1496/4486/1122 1490/4485/1122
o group1482589262
g mesh1482589262
usemtl mat23
f 1500/4492/1123 1499/4491/1123 1498/4490/1123 1497/4489/1123
f 1504/4496/1124 1503/4495/1124 1502/4494/1124 1501/4493/1124
f 1498/4500/1125 1504/4499/1125 1501/4498/1125 1497/4497/1125
f 1502/4504/1126 1503/4503/1126 1499/4502/1126 1500/4501/1126
f 1501/4508/1127 1502/4507/1127 1500/4506/1127 1497/4505/1127
f 1499/4512/1128 1503/4511/1128 1504/4510/1128 1498/4509/1128
o group2054738890
g mesh2054738890
usemtl mat23
f 1508/4516/1129 1507/4515/1129 1506/4514/1129 1505/4513/1129
f 1512/4520/1130 1511/4519/1130 1510/4518/1130 1509/4517/1130
f 1506/4524/1131 1512/4523/1131 1509/4522/1131 1505/4521/1131
f 1510/4528/1132 1511/4527/1132 1507/4526/1132 1508/4525/1132
f 1509/4532/1133 1510/4531/1133 1508/4530/1133 1505/4529/1133
f 1507/4536/1134 1511/4535/1134 1512/4534/1134 1506/4533/1134
o group1491580820
g mesh1491580820
usemtl mat21
f 1516/4540/1135 1515/4539/1135 1514/4538/1135 1513/4537/1135
f 1520/4544/1136 1519/4543/1136 1518/4542/1136 1517/4541/1136
f 1514/4548/1137 1520/4547/1137 1517/4546/1137 1513/4545/1137
f 1518/4552/1138 1519/4551/1138 1515/4550/1138 1516/4549/1138
f 1517/4556/1139 1518/4555/1139 1516/4554/1139 1513/4553/1139
f 1515/4560/1140 1519/4559/1140 1520/4558/1140 1514/4557/1140
o group1629870895
g mesh1629870895
usemtl mat5
f 1524/4564/1141 1523/4563/1141 1522/4562/1141 1521/4561/1141
f 1528/4568/1142 1527/4567/1142 1526/4566/1142 1525/4565/1142
f 1522/4572/1143 1528/4571/1143 1525/4570/1143 1521/4569/1143
f 1526/4576/1144 1527/4575/1144 1523/4574/1144 1524/4573/1144
f 1525/4580/1145 1526/4579/1145 1524/4578/1145 1521/4577/1145
f 1523/4584/1146 1527/4583/1146 1528/4582/1146 1522/4581/1146
o group1819347713
g mesh1819347713
usemtl mat21
f 1532/4588/1147 1531/4587/1147 1530/4586/1147 1529/4585/1147
f 1536/4592/1148 1535/4591/1148 1534/4590/1148 1533/4589/1148
f 1530/4596/1149 1536/4595/1149 1533/4594/1149 1529/4593/1149
f 1534/4600/1150 1535/4599/1150 1531/4598/1150 1532/4597/1150
f 1533/4604/1151 1534/4603/1151 1532/4602/1151 1529/4601/1151
f 1531/4608/1152 1535/4607/1152 1536/4606/1152 1530/4605/1152
o group955208720
g mesh955208720
usemtl mat5
f 1540/4612/1153 1539/4611/1153 1538/4610/1153 1537/4609/1153
f 1544/4616/1154 1543/4615/1154 1542/4614/1154 1541/4613/1154
f 1538/4620/1155 1544/4619/1155 1541/4618/1155 1537/4617/1155
f 1542/4624/1156 1543/4623/1156 1539/4622/1156 1540/4621/1156
f 1541/4628/1157 1542/4627/1157 1540/4626/1157 1537/4625/1157
f 1539/4632/1158 1543/4631/1158 1544/4630/1158 1538/4629/1158
o group1513443576
g mesh1513443576
usemtl mat5
f 1548/4636/1159 1547/4635/1159 1546/4634/1159 1545/4633/1159
f 1552/4640/1160 1551/4639/1160 1550/4638/1160 1549/4637/1160
f 1546/4644/1161 1552/4643/1161 1549/4642/1161 1545/4641/1161
f 1550/4648/1162 1551/4647/1162 1547/4646/1162 1548/4645/1162
f 1549/4652/1163 1550/4651/1163 1548/4650/1163 1545/4649/1163
f 1547/4656/1164 1551/4655/1164 1552/4654/1164 1546/4653/1164
o group547609755
g mesh547609755
usemtl mat5
f 1556/4660/1165 1555/4659/1165 1554/4658/1165 1553/4657/1165
f 1560/4664/1166 1559/4663/1166 1558/4662/1166 1557/4661/1166
f 1554/4668/1167 1560/4667/1167 1557/4666/1167 1553/4665/1167
f 1558/4672/1168 1559/4671/1168 1555/4670/1168 1556/4669/1168
f 1557/4676/1169 1558/4675/1169 1556/4674/1169 1553/4673/1169
f 1555/4680/1170 1559/4679/1170 1560/4678/1170 1554/4677/1170
o group1769463005
g mesh1769463005
usemtl mat23
f 1564/4684/1171 1563/4683/1171 1562/4682/1171 1561/4681/1171
f 1568/4688/1172 1567/4687/1172 1566/4686/1172 1565/4685/1172
f 1562/4692/1173 1568/4691/1173 1565/4690/1173 1561/4689/1173
f 1566/4696/1174 1567/4695/1174 1563/4694/1174 1564/4693/1174
f 1565/4700/1175 1566/4699/1175 1564/4698/1175 1561/4697/1175
f 1563/4704/1176 1567/4703/1176 1568/4702/1176 1562/4701/1176
o group820824035
g mesh820824035
usemtl mat5
f 1572/4708/1177 1571/4707/1177 1570/4706/1177 1569/4705/1177
f 1576/4712/1178 1575/4711/1178 1574/4710/1178 1573/4709/1178
f 1570/4716/1179 1576/4715/1179 1573/4714/1179 1569/4713/1179
f 1574/4720/1180 1575/4719/1180 1571/4718/1180 1572/4717/1180
f 1573/4724/1181 1574/4723/1181 1572/4722/1181 1569/4721/1181
f 1571/4728/1182 1575/4727/1182 1576/4726/1182 1570/4725/1182
o group596701905
g mesh596701905
usemtl mat5
f 1580/4732/1183 1579/4731/1183 1578/4730/1183 1577/4729/1183
f 1584/4736/1184 1583/4735/1184 1582/4734/1184 1581/4733/1184
f 1578/4740/1185 1584/4739/1185 1581/4738/1185 1577/4737/1185
f 1582/4744/1186 1583/4743/1186 1579/4742/1186 1580/4741/1186
f 1581/4748/1187 1582/4747/1187 1580/4746/1187 1577/4745/1187
f 1579/4752/1188 1583/4751/1188 1584/4750/1188 1578/4749/1188
o group223075511
g mesh223075511
usemtl mat5
f 1588/4756/1189 1587/4755/1189 1586/4754/1189 1585/4753/1189
f 1592/4760/1190 1591/4759/1190 1590/4758/1190 1589/4757/1190
f 1586/4764/1191 1592/4763/1191 1589/4762/1191 1585/4761/1191
f 1590/4768/1192 1591/4767/1192 1587/4766/1192 1588/4765/1192
f 1589/4772/1193 1590/4771/1193 1588/4770/1193 1585/4769/1193
f 1587/4776/1194 1591/4775/1194 1592/4774/1194 1586/4773/1194
o group1625155336
g mesh1625155336
usemtl mat5
f 1596/4780/1195 1595/4779/1195 1594/4778/1195 1593/4777/1195
f 1600/4784/1196 1599/4783/1196 1598/4782/1196 1597/4781/1196
f 1594/4788/1197 1600/4787/1197 1597/4786/1197 1593/4785/1197
f 1598/4792/1198 1599/4791/1198 1595/4790/1198 1596/4789/1198
f 1597/4796/1199 1598/4795/1199 1596/4794/1199 1593/4793/1199
f 1595/4800/1200 1599/4799/1200 1600/4798/1200 1594/4797/1200
o group300596435
g mesh300596435
usemtl mat5
f 1604/4804/1201 1603/4803/1201 1602/4802/1201 1601/4801/1201
f 1608/4808/1202 1607/4807/1202 1606/4806/1202 1605/4805/1202
f 1602/4812/1203 1608/4811/1203 1605/4810/1203 1601/4809/1203
f 1606/4816/1204 1607/4815/1204 1603/4814/1204 1604/4813/1204
f 1605/4820/1205 1606/4819/1205 1604/4818/1205 1601/4817/1205
f 1603/4824/1206 1607/4823/1206 1608/4822/1206 1602/4821/1206
o group1978486130
g mesh1978486130
usemtl mat23
f 1612/4828/1207 1611/4827/1207 1610/4826/1207 1609/4825/1207
f 1616/4832/1208 1615/4831/1208 1614/4830/1208 1613/4829/1208
f 1610/4836/1209 1616/4835/1209 1613/4834/1209 1609/4833/1209
f 1614/4840/1210 1615/4839/1210 1611/4838/1210 1612/4837/1210
f 1613/4844/1211 1614/4843/1211 1612/4842/1211 1609/4841/1211
f 1611/4848/1212 1615/4847/1212 1616/4846/1212 1610/4845/1212
o group2131461535
g mesh2131461535
usemtl mat23
f 1620/4852/1213 1619/4851/1213 1618/4850/1213 1617/4849/1213
f 1624/4856/1214 1623/4855/1214 1622/4854/1214 1621/4853/1214
f 1618/4860/1215 1624/4859/1215 1621/4858/1215 1617/4857/1215
f 1622/4864/1216 1623/4863/1216 1619/4862/1216 1620/4861/1216
f 1621/4868/1217 1622/4867/1217 1620/4866/1217 1617/4865/1217
f 1619/4872/1218 1623/4871/1218 1624/4870/1218 1618/4869/1218
o group744577775
g mesh744577775
usemtl mat23
f 1628/4876/1219 1627/4875/1219 1626/4874/1219 1625/4873/1219
f 1632/4880/1220 1631/4879/1220 1630/4878/1220 1629/4877/1220
f 1626/4884/1221 1632/4883/1221 1629/4882/1221 1625/4881/1221
f 1630/4888/1222 1631/4887/1222 1627/4886/1222 1628/4885/1222
f 1629/4892/1223 1630/4891/1223 1628/4890/1223 1625/4889/1223
f 1627/4896/1224 1631/4895/1224 1632/4894/1224 1626/4893/1224
o group788227758
g mesh788227758
usemtl mat23
f 1636/4900/1225 1635/4899/1225 1634/4898/1225 1633/4897/1225
f 1640/4904/1226 1639/4903/1226 1638/4902/1226 1637/4901/1226
f 1634/4908/1227 1640/4907/1227 1637/4906/1227 1633/4905/1227
f 1638/4912/1228 1639/4911/1228 1635/4910/1228 1636/4909/1228
f 1637/4916/1229 1638/4915/1229 1636/4914/1229 1633/4913/1229
f 1635/4920/1230 1639/4919/1230 1640/4918/1230 1634/4917/1230
o group508602498
g mesh508602498
usemtl mat23
f 1644/4924/1231 1643/4923/1231 1642/4922/1231 1641/4921/1231
f 1648/4928/1232 1647/4927/1232 1646/4926/1232 1645/4925/1232
f 1642/4932/1233 1648/4931/1233 1645/4930/1233 1641/4929/1233
f 1646/4936/1234 1647/4935/1234 1643/4934/1234 1644/4933/1234
f 1645/4940/1235 1646/4939/1235 1644/4938/1235 1641/4937/1235
f 1643/4944/1236 1647/4943/1236 1648/4942/1236 1642/4941/1236
o group205318547
g mesh205318547
usemtl mat23
f 1652/4948/1237 1651/4947/1237 1650/4946/1237 1649/4945/1237
f 1656/4952/1238 1655/4951/1238 1654/4950/1238 1653/4949/1238
f 1650/4956/1239 1656/4955/1239 1653/4954/1239 1649/4953/1239
f 1654/4960/1240 1655/4959/1240 1651/4958/1240 1652/4957/1240
f 1653/4964/1241 1654/4963/1241 1652/4962/1241 1649/4961/1241
f 1651/4968/1242 1655/4967/1242 1656/4966/1242 1650/4965/1242
o group2067015864
g mesh2067015864
usemtl mat5
f 1660/4972/1243 1659/4971/1243 1658/4970/1243 1657/4969/1243
f 1664/4976/1244 1663/4975/1244 1662/4974/1244 1661/4973/1244
f 1658/4980/1245 1664/4979/1245 1661/4978/1245 1657/4977/1245
f 1662/4984/1246 1663/4983/1246 1659/4982/1246 1660/4981/1246
f 1661/4988/1247 1662/4987/1247 1660/4986/1247 1657/4985/1247
f 1659/4992/1248 1663/4991/1248 1664/4990/1248 1658/4989/1248
o group1319109670
g mesh1319109670
usemtl mat5
f 1668/4996/1249 1667/4995/1249 1666/4994/1249 1665/4993/1249
f 1672/5000/1250 1671/4999/1250 1670/4998/1250 1669/4997/1250
f 1666/5004/1251 1672/5003/1251 1669/5002/1251 1665/5001/1251
f 1670/5008/1252 1671/5007/1252 1667/5006/1252 1668/5005/1252
f 1669/5012/1253 1670/5011/1253 1668/5010/1253 1665/5009/1253
f 1667/5016/1254 1671/5015/1254 1672/5014/1254 1666/5013/1254
o group1687377322
g mesh1687377322
usemtl mat5
f 1676/5020/1255 1675/5019/1255 1674/5018/1255 1673/5017/1255
f 1680/5024/1256 1679/5023/1256 1678/5022/1256 1677/5021/1256
f 1674/5028/1257 1680/5027/1257 1677/5026/1257 1673/5025/1257
f 1678/5032/1258 1679/5031/1258 1675/5030/1258 1676/5029/1258
f 1677/5036/1259 1678/5035/1259 1676/5034/1259 1673/5033/1259
f 1675/5040/1260 1679/5039/1260 1680/5038/1260 1674/5037/1260
o group515632736
g mesh515632736
usemtl mat5
f 1684/5044/1261 1683/5043/1261 1682/5042/1261 1681/5041/1261
f 1688/5048/1262 1687/5047/1262 1686/5046/1262 1685/5045/1262
f 1682/5052/1263 1688/5051/1263 1685/5050/1263 1681/5049/1263
f 1686/5056/1264 1687/5055/1264 1683/5054/1264 1684/5053/1264
f 1685/5060/1265 1686/5059/1265 1684/5058/1265 1681/5057/1265
f 1683/5064/1266 1687/5063/1266 1688/5062/1266 1682/5061/1266
o group1087366233
g mesh1087366233
usemtl mat23
f 1692/5068/1267 1691/5067/1267 1690/5066/1267 1689/5065/1267
f 1696/5072/1268 1695/5071/1268 1694/5070/1268 1693/5069/1268
f 1690/5076/1269 1696/5075/1269 1693/5074/1269 1689/5073/1269
f 1694/5080/1270 1695/5079/1270 1691/5078/1270 1692/5077/1270
f 1693/5084/1271 1694/5083/1271 1692/5082/1271 1689/5081/1271
f 1691/5088/1272 1695/5087/1272 1696/5086/1272 1690/5085/1272
o group1230055392
g mesh1230055392
usemtl mat5
f 1700/5092/1273 1699/5091/1273 1698/5090/1273 1697/5089/1273
f 1704/5096/1274 1703/5095/1274 1702/5094/1274 1701/5093/1274
f 1698/5100/1275 1704/5099/1275 1701/5098/1275 1697/5097/1275
f 1702/5104/1276 1703/5103/1276 1699/5102/1276 1700/5101/1276
f 1701/5108/1277 1702/5107/1277 1700/5106/1277 1697/5105/1277
f 1699/5112/1278 1703/5111/1278 1704/5110/1278 1698/5109/1278
o group826275231
g mesh826275231
usemtl mat5
f 1708/5116/1279 1707/5115/1279 1706/5114/1279 1705/5113/1279
f 1712/5120/1280 1711/5119/1280 1710/5118/1280 1709/5117/1280
f 1706/5124/1281 1712/5123/1281 1709/5122/1281 1705/5121/1281
f 1710/5128/1282 1711/5127/1282 1707/5126/1282 1708/5125/1282
f 1709/5132/1283 1710/5131/1283 1708/5130/1283 1705/5129/1283
f 1707/5136/1284 1711/5135/1284 1712/5134/1284 1706/5133/1284
o group1881361734
g mesh1881361734
usemtl mat5
f 1716/5140/1285 1715/5139/1285 1714/5138/1285 1713/5137/1285
f 1720/5144/1286 1719/5143/1286 1718/5142/1286 1717/5141/1286
f 1714/5148/1287 1720/5147/1287 1717/5146/1287 1713/5145/1287
f 1718/5152/1288 1719/5151/1288 1715/5150/1288 1716/5149/1288
f 1717/5156/1289 1718/5155/1289 1716/5154/1289 1713/5153/1289
f 1715/5160/1290 1719/5159/1290 1720/5158/1290 1714/5157/1290
o group221682775
g mesh221682775
usemtl mat5
f 1724/5164/1291 1723/5163/1291 1722/5162/1291 1721/5161/1291
f 1728/5168/1292 1727/5167/1292 1726/5166/1292 1725/5165/1292
f 1722/5172/1293 1728/5171/1293 1725/5170/1293 1721/5169/1293
f 1726/5176/1294 1727/5175/1294 1723/5174/1294 1724/5173/1294
f 1725/5180/1295 1726/5179/1295 1724/5178/1295 1721/5177/1295
f 1723/5184/1296 1727/5183/1296 1728/5182/1296 1722/5181/1296
o group1329775750
g mesh1329775750
usemtl mat5
f 1732/5188/1297 1731/5187/1297 1730/5186/1297 1729/5185/1297
f 1736/5192/1298 1735/5191/1298 1734/5190/1298 1733/5189/1298
f 1730/5196/1299 1736/5195/1299 1733/5194/1299 1729/5193/1299
f 1734/5200/1300 1735/5199/1300 1731/5198/1300 1732/5197/1300
f 1733/5204/1301 1734/5203/1301 1732/5202/1301 1729/5201/1301
f 1731/5208/1302 1735/5207/1302 1736/5206/1302 1730/5205/1302
o group1268586390
g mesh1268586390
usemtl mat21
f 1740/5212/1303 1739/5211/1303 1738/5210/1303 1737/5209/1303
f 1744/5216/1304 1743/5215/1304 1742/5214/1304 1741/5213/1304
f 1738/5220/1305 1744/5219/1305 1741/5218/1305 1737/5217/1305
f 1742/5224/1306 1743/5223/1306 1739/5222/1306 1740/5221/1306
f 1741/5228/1307 1742/5227/1307 1740/5226/1307 1737/5225/1307
f 1739/5232/1308 1743/5231/1308 1744/5230/1308 1738/5229/1308
o group609675779
g mesh609675779
usemtl mat21
f 1748/5236/1309 1747/5235/1309 1746/5234/1309 1745/5233/1309
f 1752/5240/1310 1751/5239/1310 1750/5238/1310 1749/5237/1310
f 1746/5244/1311 1752/5243/1311 1749/5242/1311 1745/5241/1311
f 1750/5248/1312 1751/5247/1312 1747/5246/1312 1748/5245/1312
f 1749/5252/1313 1750/5251/1313 1748/5250/1313 1745/5249/1313
f 1747/5256/1314 1751/5255/1314 1752/5254/1314 1746/5253/1314
o group1531885062
g mesh1531885062
usemtl mat21
f 1756/5260/1315 1755/5259/1315 1754/5258/1315 1753/5257/1315
f 1760/5264/1316 1759/5263/1316 1758/5262/1316 1757/5261/1316
f 1754/5268/1317 1760/5267/1317 1757/5266/1317 1753/5265/1317
f 1758/5272/1318 1759/5271/1318 1755/5270/1318 1756/5269/1318
f 1757/5276/1319 1758/5275/1319 1756/5274/1319 1753/5273/1319
f 1755/5280/1320 1759/5279/1320 1760/5278/1320 1754/5277/1320
o group745686907
g mesh745686907
usemtl mat21
f 1764/5284/1321 1763/5283/1321 1762/5282/1321 1761/5281/1321
f 1768/5288/1322 1767/5287/1322 1766/5286/1322 1765/5285/1322
f 1762/5292/1323 1768/5291/1323 1765/5290/1323 1761/5289/1323
f 1766/5296/1324 1767/5295/1324 1763/5294/1324 1764/5293/1324
f 1765/5300/1325 1766/5299/1325 1764/5298/1325 1761/5297/1325
f 1763/5304/1326 1767/5303/1326 1768/5302/1326 1762/5301/1326
o group1656126515
g mesh1656126515
usemtl mat23
f 1772/5308/1327 1771/5307/1327 1770/5306/1327 1769/5305/1327
f 1776/5312/1328 1775/5311/1328 1774/5310/1328 1773/5309/1328
f 1770/5316/1329 1776/5315/1329 1773/5314/1329 1769/5313/1329
f 1774/5320/1330 1775/5319/1330 1771/5318/1330 1772/5317/1330
f 1773/5324/1331 1774/5323/1331 1772/5322/1331 1769/5321/1331
f 1771/5328/1332 1775/5327/1332 1776/5326/1332 1770/5325/1332
o group758974294
g mesh758974294
usemtl mat5
f 1780/5332/1333 1779/5331/1333 1778/5330/1333 1777/5329/1333
f 1784/5336/1334 1783/5335/1334 1782/5334/1334 1781/5333/1334
f 1778/5340/1335 1784/5339/1335 1781/5338/1335 1777/5337/1335
f 1782/5344/1336 1783/5343/1336 1779/5342/1336 1780/5341/1336
f 1781/5348/1337 1782/5347/1337 1780/5346/1337 1777/5345/1337
f 1779/5352/1338 1783/5351/1338 1784/5350/1338 1778/5349/1338
o group784753713
g mesh784753713
usemtl mat5
f 1788/5356/1339 1787/5355/1339 1786/5354/1339 1785/5353/1339
f 1792/5360/1340 1791/5359/1340 1790/5358/1340 1789/5357/1340
f 1786/5364/1341 1792/5363/1341 1789/5362/1341 1785/5361/1341
f 1790/5368/1342 1791/5367/1342 1787/5366/1342 1788/5365/1342
f 1789/5372/1343 1790/5371/1343 1788/5370/1343 1785/5369/1343
f 1787/5376/1344 1791/5375/1344 1792/5374/1344 1786/5373/1344
o group1112951614
g mesh1112951614
usemtl mat21
f 1796/5380/1345 1795/5379/1345 1794/5378/1345 1793/5377/1345
f 1800/5384/1346 1799/5383/1346 1798/5382/1346 1797/5381/1346
f 1794/5388/1347 1800/5387/1347 1797/5386/1347 1793/5385/1347
f 1798/5392/1348 1799/5391/1348 1795/5390/1348 1796/5389/1348
f 1797/5396/1349 1798/5395/1349 1796/5394/1349 1793/5393/1349
f 1795/5400/1350 1799/5399/1350 1800/5398/1350 1794/5397/1350
o group2057899705
g mesh2057899705
usemtl mat23
f 1804/5404/1351 1803/5403/1351 1802/5402/1351 1801/5401/1351
f 1808/5408/1352 1807/5407/1352 1806/5406/1352 1805/5405/1352
f 1802/5412/1353 1808/5411/1353 1805/5410/1353 1801/5409/1353
f 1806/5416/1354 1807/5415/1354 1803/5414/1354 1804/5413/1354
f 1805/5420/1355 1806/5419/1355 1804/5418/1355 1801/5417/1355
f 1803/5424/1356 1807/5423/1356 1808/5422/1356 1802/5421/1356
o group1712563575
g mesh1712563575
usemtl mat5
f 1812/5428/1357 1811/5427/1357 1810/5426/1357 1809/5425/1357
f 1816/5432/1358 1815/5431/1358 1814/5430/1358 1813/5429/1358
f 1810/5436/1359 1816/5435/1359 1813/5434/1359 1809/5433/1359
f 1814/5440/1360 1815/5439/1360 1811/5438/1360 1812/5437/1360
f 1813/5444/1361 1814/5443/1361 1812/5442/1361 1809/5441/1361
f 1811/5448/1362 1815/5447/1362 1816/5446/1362 1810/5445/1362
o group498362968
g mesh498362968
usemtl mat23
f 1820/5452/1363 1819/5451/1363 1818/5450/1363 1817/5449/1363
f 1824/5456/1364 1823/5455/1364 1822/5454/1364 1821/5453/1364
f 1818/5460/1365 1824/5459/1365 1821/5458/1365 1817/5457/1365
f 1822/5464/1366 1823/5463/1366 1819/5462/1366 1820/5461/1366
f 1821/5468/1367 1822/5467/1367 1820/5466/1367 1817/5465/1367
f 1819/5472/1368 1823/5471/1368 1824/5470/1368 1818/5469/1368
o group141541225
g mesh141541225
usemtl mat23
f 1828/5476/1369 1827/5475/1369 1826/5474/1369 1825/5473/1369
f 1832/5480/1370 1831/5479/1370 1830/5478/1370 1829/5477/1370
f 1826/5484/1371 1832/5483/1371 1829/5482/1371 1825/5481/1371
f 1830/5488/1372 1831/5487/1372 1827/5486/1372 1828/5485/1372
f 1829/5492/1373 1830/5491/1373 1828/5490/1373 1825/5489/1373
f 1827/5496/1374 1831/5495/1374 1832/5494/1374 1826/5493/1374
o group1464906282
g mesh1464906282
usemtl mat23
f 1836/5500/1375 1835/5499/1375 1834/5498/1375 1833/5497/1375
f 1840/5504/1376 1839/5503/1376 1838/5502/1376 1837/5501/1376
f 1834/5508/1377 1840/5507/1377 1837/5506/1377 1833/5505/1377
f 1838/5512/1378 1839/5511/1378 1835/5510/1378 1836/5509/1378
f 1837/5516/1379 1838/5515/1379 1836/5514/1379 1833/5513/1379
f 1835/5520/1380 1839/5519/1380 1840/5518/1380 1834/5517/1380
o group82582073
g mesh82582073
usemtl mat23
f 1844/5524/1381 1843/5523/1381 1842/5522/1381 1841/5521/1381
f 1848/5528/1382 1847/5527/1382 1846/5526/1382 1845/5525/1382
f 1842/5532/1383 1848/5531/1383 1845/5530/1383 1841/5529/1383
f 1846/5536/1384 1847/5535/1384 1843/5534/1384 1844/5533/1384
f 1845/5540/1385 1846/5539/1385 1844/5538/1385 1841/5537/1385
f 1843/5544/1386 1847/5543/1386 1848/5542/1386 1842/5541/1386
o group1934780014
g mesh1934780014
usemtl mat23
f 1852/5548/1387 1851/5547/1387 1850/5546/1387 1849/5545/1387
f 1856/5552/1388 1855/5551/1388 1854/5550/1388 1853/5549/1388
f 1850/5556/1389 1856/5555/1389 1853/5554/1389 1849/5553/1389
f 1854/5560/1390 1855/5559/1390 1851/5558/1390 1852/5557/1390
f 1853/5564/1391 1854/5563/1391 1852/5562/1391 1849/5561/1391
f 1851/5568/1392 1855/5567/1392 1856/5566/1392 1850/5565/1392
o group822473295
g mesh822473295
usemtl mat23
f 1860/5572/1393 1859/5571/1393 1858/5570/1393 1857/5569/1393
f 1864/5576/1394 1863/5575/1394 1862/5574/1394 1861/5573/1394
f 1858/5580/1395 1864/5579/1395 1861/5578/1395 1857/5577/1395
f 1862/5584/1396 1863/5583/1396 1859/5582/1396 1860/5581/1396
f 1861/5588/1397 1862/5587/1397 1860/5586/1397 1857/5585/1397
f 1859/5592/1398 1863/5591/1398 1864/5590/1398 1858/5589/1398
o group2143552456
g mesh2143552456
usemtl mat23
f 1868/5596/1399 1867/5595/1399 1866/5594/1399 1865/5593/1399
f 1872/5600/1400 1871/5599/1400 1870/5598/1400 1869/5597/1400
f 1866/5604/1401 1872/5603/1401 1869/5602/1401 1865/5601/1401
f 1870/5608/1402 1871/5607/1402 1867/5606/1402 1868/5605/1402
f 1869/5612/1403 1870/5611/1403 1868/5610/1403 1865/5609/1403
f 1867/5616/1404 1871/5615/1404 1872/5614/1404 1866/5613/1404
o group446467667
g mesh446467667
usemtl mat23
f 1876/5620/1405 1875/5619/1405 1874/5618/1405 1873/5617/1405
f 1880/5624/1406 1879/5623/1406 1878/5622/1406 1877/5621/1406
f 1874/5628/1407 1880/5627/1407 1877/5626/1407 1873/5625/1407
f 1878/5632/1408 1879/5631/1408 1875/5630/1408 1876/5629/1408
f 1877/5636/1409 1878/5635/1409 1876/5634/1409 1873/5633/1409
f 1875/5640/1410 1879/5639/1410 1880/5638/1410 1874/5637/1410
o group1956857172
g mesh1956857172
usemtl mat23
f 1884/5644/1411 1883/5643/1411 1882/5642/1411 1881/5641/1411
f 1888/5648/1412 1887/5647/1412 1886/5646/1412 1885/5645/1412
f 1882/5652/1413 1888/5651/1413 1885/5650/1413 1881/5649/1413
f 1886/5656/1414 1887/5655/1414 1883/5654/1414 1884/5653/1414
f 1885/5660/1415 1886/5659/1415 1884/5658/1415 1881/5657/1415
f 1883/5664/1416 1887/5663/1416 1888/5662/1416 1882/5661/1416
o group130469177
g mesh130469177
usemtl mat23
f 1892/5668/1417 1891/5667/1417 1890/5666/1417 1889/5665/1417
f 1896/5672/1418 1895/5671/1418 1894/5670/1418 1893/5669/1418
f 1890/5676/1419 1896/5675/1419 1893/5674/1419 1889/5673/1419
f 1894/5680/1420 1895/5679/1420 1891/5678/1420 1892/5677/1420
f 1893/5684/1421 1894/5683/1421 1892/5682/1421 1889/5681/1421
f 1891/5688/1422 1895/5687/1422 1896/5686/1422 1890/5685/1422
o group232857652
g mesh232857652
usemtl mat23
f 1900/5692/1423 1899/5691/1423 1898/5690/1423 1897/5689/1423
f 1904/5696/1424 1903/5695/1424 1902/5694/1424 1901/5693/1424
f 1898/5700/1425 1904/5699/1425 1901/5698/1425 1897/5697/1425
f 1902/5704/1426 1903/5703/1426 1899/5702/1426 1900/5701/1426
f 1901/5708/1427 1902/5707/1427 1900/5706/1427 1897/5705/1427
f 1899/5712/1428 1903/5711/1428 1904/5710/1428 1898/5709/1428
o group993926045
g mesh993926045
usemtl mat23
f 1908/5716/1429 1907/5715/1429 1906/5714/1429 1905/5713/1429
f 1912/5720/1430 1911/5719/1430 1910/5718/1430 1909/5717/1430
f 1906/5724/1431 1912/5723/1431 1909/5722/1431 1905/5721/1431
f 1910/5728/1432 1911/5727/1432 1907/5726/1432 1908/5725/1432
f 1909/5732/1433 1910/5731/1433 1908/5730/1433 1905/5729/1433
f 1907/5736/1434 1911/5735/1434 1912/5734/1434 1906/5733/1434
o group1932081237
g mesh1932081237
usemtl mat23
f 1916/5740/1435 1915/5739/1435 1914/5738/1435 1913/5737/1435
f 1920/5744/1436 1919/5743/1436 1918/5742/1436 1917/5741/1436
f 1914/5748/1437 1920/5747/1437 1917/5746/1437 1913/5745/1437
f 1918/5752/1438 1919/5751/1438 1915/5750/1438 1916/5749/1438
f 1917/5756/1439 1918/5755/1439 1916/5754/1439 1913/5753/1439
f 1915/5760/1440 1919/5759/1440 1920/5758/1440 1914/5757/1440
o group214002872
g mesh214002872
usemtl mat23
f 1924/5764/1441 1923/5763/1441 1922/5762/1441 1921/5761/1441
f 1928/5768/1442 1927/5767/1442 1926/5766/1442 1925/5765/1442
f 1922/5772/1443 1928/5771/1443 1925/5770/1443 1921/5769/1443
f 1926/5776/1444 1927/5775/1444 1923/5774/1444 1924/5773/1444
f 1925/5780/1445 1926/5779/1445 1924/5778/1445 1921/5777/1445
f 1923/5784/1446 1927/5783/1446 1928/5782/1446 1922/5781/1446
o group1445063111
g mesh1445063111
usemtl mat23
f 1932/5788/1447 1931/5787/1447 1930/5786/1447 1929/5785/1447
f 1936/5792/1448 1935/5791/1448 1934/5790/1448 1933/5789/1448
f 1930/5796/1449 1936/5795/1449 1933/5794/1449 1929/5793/1449
f 1934/5800/1450 1935/5799/1450 1931/5798/1450 1932/5797/1450
f 1933/5804/1451 1934/5803/1451 1932/5802/1451 1929/5801/1451
f 1931/5808/1452 1935/5807/1452 1936/5806/1452 1930/5805/1452
o group884183988
g mesh884183988
usemtl mat23
f 1940/5812/1453 1939/5811/1453 1938/5810/1453 1937/5809/1453
f 1944/5816/1454 1943/5815/1454 1942/5814/1454 1941/5813/1454
f 1938/5820/1455 1944/5819/1455 1941/5818/1455 1937/5817/1455
f 1942/5824/1456 1943/5823/1456 1939/5822/1456 1940/5821/1456
f 1941/5828/1457 1942/5827/1457 1940/5826/1457 1937/5825/1457
f 1939/5832/1458 1943/5831/1458 1944/5830/1458 1938/5829/1458
o group163221198
g mesh163221198
usemtl mat5
f 1948/5836/1459 1947/5835/1459 1946/5834/1459 1945/5833/1459
f 1952/5840/1460 1951/5839/1460 1950/5838/1460 1949/5837/1460
f 1946/5844/1461 1952/5843/1461 1949/5842/1461 1945/5841/1461
f 1950/5848/1462 1951/5847/1462 1947/5846/1462 1948/5845/1462
f 1949/5852/1463 1950/5851/1463 1948/5850/1463 1945/5849/1463
f 1947/5856/1464 1951/5855/1464 1952/5854/1464 1946/5853/1464
o group196234426
g mesh196234426
usemtl mat23
f 1956/5860/1465 1955/5859/1465 1954/5858/1465 1953/5857/1465
f 1960/5864/1466 1959/5863/1466 1958/5862/1466 1957/5861/1466
f 1954/5868/1467 1960/5867/1467 1957/5866/1467 1953/5865/1467
f 1958/5872/1468 1959/5871/1468 1955/5870/1468 1956/5869/1468
f 1957/5876/1469 1958/5875/1469 1956/5874/1469 1953/5873/1469
f 1955/5880/1470 1959/5879/1470 1960/5878/1470 1954/5877/1470
o group317978294
g mesh317978294
usemtl mat23
f 1964/5884/1471 1963/5883/1471 1962/5882/1471 1961/5881/1471
f 1968/5888/1472 1967/5887/1472 1966/5886/1472 1965/5885/1472
f 1962/5892/1473 1968/5891/1473 1965/5890/1473 1961/5889/1473
f 1966/5896/1474 1967/5895/1474 1963/5894/1474 1964/5893/1474
f 1965/5900/1475 1966/5899/1475 1964/5898/1475 1961/5897/1475
f 1963/5904/1476 1967/5903/1476 1968/5902/1476 1962/5901/1476
o group1582141788
g mesh1582141788
usemtl mat23
f 1972/5908/1477 1971/5907/1477 1970/5906/1477 1969/5905/1477
f 1976/5912/1478 1975/5911/1478 1974/5910/1478 1973/5909/1478
f 1970/5916/1479 1976/5915/1479 1973/5914/1479 1969/5913/1479
f 1974/5920/1480 1975/5919/1480 1971/5918/1480 1972/5917/1480
f 1973/5924/1481 1974/5923/1481 1972/5922/1481 1969/5921/1481
f 1971/5928/1482 1975/5927/1482 1976/5926/1482 1970/5925/1482
o group1859046947
g mesh1859046947
usemtl mat18
f 1980/5932/1483 1979/5931/1483 1978/5930/1483 1977/5929/1483
f 1984/5936/1484 1983/5935/1484 1982/5934/1484 1981/5933/1484
f 1978/5940/1485 1984/5939/1485 1981/5938/1485 1977/5937/1485
f 1982/5944/1486 1983/5943/1486 1979/5942/1486 1980/5941/1486
f 1981/5948/1487 1982/5947/1487 1980/5946/1487 1977/5945/1487
f 1979/5952/1488 1983/5951/1488 1984/5950/1488 1978/5949/1488
o group1255744107
g mesh1255744107
usemtl mat18
f 1988/5956/1489 1987/5955/1489 1986/5954/1489 1985/5953/1489
f 1992/5960/1490 1991/5959/1490 1990/5958/1490 1989/5957/1490
f 1986/5964/1491 1992/5963/1491 1989/5962/1491 1985/5961/1491
f 1990/5968/1492 1991/5967/1492 1987/5966/1492 1988/5965/1492
f 1989/5972/1493 1990/5971/1493 1988/5970/1493 1985/5969/1493
f 1987/5976/1494 1991/5975/1494 1992/5974/1494 1986/5973/1494
o group1959431839
g mesh1959431839
usemtl mat18
f 1996/5980/1495 1995/5979/1495 1994/5978/1495 1993/5977/1495
f 2000/5984/1496 1999/5983/1496 1998/5982/1496 1997/5981/1496
f 1994/5988/1497 2000/5987/1497 1997/5986/1497 1993/5985/1497
f 1998/5992/1498 1999/5991/1498 1995/5990/1498 1996/5989/1498
f 1997/5996/1499 1998/5995/1499 1996/5994/1499 1993/5993/1499
f 1995/6000/1500 1999/5999/1500 2000/5998/1500 1994/5997/1500
o group983173800
g mesh983173800
usemtl mat5
f 2004/6004/1501 2003/6003/1501 2002/6002/1501 2001/6001/1501
f 2008/6008/1502 2007/6007/1502 2006/6006/1502 2005/6005/1502
f 2002/6012/1503 2008/6011/1503 2005/6010/1503 2001/6009/1503
f 2006/6016/1504 2007/6015/1504 2003/6014/1504 2004/6013/1504
f 2005/6020/1505 2006/6019/1505 2004/6018/1505 2001/6017/1505
f 2003/6024/1506 2007/6023/1506 2008/6022/1506 2002/6021/1506
o group1483614111
g mesh1483614111
usemtl mat18
f 2012/6028/1507 2011/6027/1507 2010/6026/1507 2009/6025/1507
f 2016/6032/1508 2015/6031/1508 2014/6030/1508 2013/6029/1508
f 2010/6036/1509 2016/6035/1509 2013/6034/1509 2009/6033/1509
f 2014/6040/1510 2015/6039/1510 2011/6038/1510 2012/6037/1510
f 2013/6044/1511 2014/6043/1511 2012/6042/1511 2009/6041/1511
f 2011/6048/1512 2015/6047/1512 2016/6046/1512 2010/6045/1512
o group1895904057
g mesh1895904057
usemtl mat5
f 2020/6052/1513 2019/6051/1513 2018/6050/1513 2017/6049/1513
f 2024/6056/1514 2023/6055/1514 2022/6054/1514 2021/6053/1514
f 2018/6060/1515 2024/6059/1515 2021/6058/1515 2017/6057/1515
f 2022/6064/1516 2023/6063/1516 2019/6062/1516 2020/6061/1516
f 2021/6068/1517 2022/6067/1517 2020/6066/1517 2017/6065/1517
f 2019/6072/1518 2023/6071/1518 2024/6070/1518 2018/6069/1518
o group196681521
g mesh196681521
usemtl mat5
f 2028/6076/1519 2027/6075/1519 2026/6074/1519 2025/6073/1519
f 2032/6080/1520 2031/6079/1520 2030/6078/1520 2029/6077/1520
f 2026/6084/1521 2032/6083/1521 2029/6082/1521 2025/6081/1521
f 2030/6088/1522 2031/6087/1522 2027/6086/1522 2028/6085/1522
f 2029/6092/1523 2030/6091/1523 2028/6090/1523 2025/6089/1523
f 2027/6096/1524 2031/6095/1524 2032/6094/1524 2026/6093/1524
o group2069588127
g mesh2069588127
usemtl mat5
f 2036/6100/1525 2035/6099/1525 2034/6098/1525 2033/6097/1525
f 2040/6104/1526 2039/6103/1526 2038/6102/1526 2037/6101/1526
f 2034/6108/1527 2040/6107/1527 2037/6106/1527 2033/6105/1527
f 2038/6112/1528 2039/6111/1528 2035/6110/1528 2036/6109/1528
f 2037/6116/1529 2038/6115/1529 2036/6114/1529 2033/6113/1529
f 2035/6120/1530 2039/6119/1530 2040/6118/1530 2034/6117/1530
o group792158949
g mesh792158949
usemtl mat5
f 2044/6124/1531 2043/6123/1531 2042/6122/1531 2041/6121/1531
f 2048/6128/1532 2047/6127/1532 2046/6126/1532 2045/6125/1532
f 2042/6132/1533 2048/6131/1533 2045/6130/1533 2041/6129/1533
f 2046/6136/1534 2047/6135/1534 2043/6134/1534 2044/6133/1534
f 2045/6140/1535 2046/6139/1535 2044/6138/1535 2041/6137/1535
f 2043/6144/1536 2047/6143/1536 2048/6142/1536 2042/6141/1536
o group62134831
g mesh62134831
usemtl mat5
f 2052/6148/1537 2051/6147/1537 2050/6146/1537 2049/6145/1537
f 2056/6152/1538 2055/6151/1538 2054/6150/1538 2053/6149/1538
f 2050/6156/1539 2056/6155/1539 2053/6154/1539 2049/6153/1539
f 2054/6160/1540 2055/6159/1540 2051/6158/1540 2052/6157/1540
f 2053/6164/1541 2054/6163/1541 2052/6162/1541 2049/6161/1541
f 2051/6168/1542 2055/6167/1542 2056/6166/1542 2050/6165/1542
o group395945022
g mesh395945022
usemtl mat5
f 2060/6172/1543 2059/6171/1543 2058/6170/1543 2057/6169/1543
f 2064/6176/1544 2063/6175/1544 2062/6174/1544 2061/6173/1544
f 2058/6180/1545 2064/6179/1545 2061/6178/1545 2057/6177/1545
f 2062/6184/1546 2063/6183/1546 2059/6182/1546 2060/6181/1546
f 2061/6188/1547 2062/6187/1547 2060/6186/1547 2057/6185/1547
f 2059/6192/1548 2063/6191/1548 2064/6190/1548 2058/6189/1548
o group1080254895
g mesh1080254895
usemtl mat5
f 2068/6196/1549 2067/6195/1549 2066/6194/1549 2065/6193/1549
f 2072/6200/1550 2071/6199/1550 2070/6198/1550 2069/6197/1550
f 2066/6204/1551 2072/6203/1551 2069/6202/1551 2065/6201/1551
f 2070/6208/1552 2071/6207/1552 2067/6206/1552 2068/6205/1552
f 2069/6212/1553 2070/6211/1553 2068/6210/1553 2065/6209/1553
f 2067/6216/1554 2071/6215/1554 2072/6214/1554 2066/6213/1554
o group1834158212
g mesh1834158212
usemtl mat23
f 2076/6220/1555 2075/6219/1555 2074/6218/1555 2073/6217/1555
f 2080/6224/1556 2079/6223/1556 2078/6222/1556 2077/6221/1556
f 2074/6228/1557 2080/6227/1557 2077/6226/1557 2073/6225/1557
f 2078/6232/1558 2079/6231/1558 2075/6230/1558 2076/6229/1558
f 2077/6236/1559 2078/6235/1559 2076/6234/1559 2073/6233/1559
f 2075/6240/1560 2079/6239/1560 2080/6238/1560 2074/6237/1560
o group325183625
g mesh325183625
usemtl mat23
f 2084/6244/1561 2083/6243/1561 2082/6242/1561 2081/6241/1561
f 2088/6248/1562 2087/6247/1562 2086/6246/1562 2085/6245/1562
f 2082/6252/1563 2088/6251/1563 2085/6250/1563 2081/6249/1563
f 2086/6256/1564 2087/6255/1564 2083/6254/1564 2084/6253/1564
f 2085/6260/1565 2086/6259/1565 2084/6258/1565 2081/6257/1565
f 2083/6264/1566 2087/6263/1566 2088/6262/1566 2082/6261/1566
o group1902779732
g mesh1902779732
usemtl mat23
f 2092/6268/1567 2091/6267/1567 2090/6266/1567 2089/6265/1567
f 2096/6272/1568 2095/6271/1568 2094/6270/1568 2093/6269/1568
f 2090/6276/1569 2096/6275/1569 2093/6274/1569 2089/6273/1569
f 2094/6280/1570 2095/6279/1570 2091/6278/1570 2092/6277/1570
f 2093/6284/1571 2094/6283/1571 2092/6282/1571 2089/6281/1571
f 2091/6288/1572 2095/6287/1572 2096/6286/1572 2090/6285/1572
o group301629864
g mesh301629864
usemtl mat23
f 2100/6292/1573 2099/6291/1573 2098/6290/1573 2097/6289/1573
f 2104/6296/1574 2103/6295/1574 2102/6294/1574 2101/6293/1574
f 2098/6300/1575 2104/6299/1575 2101/6298/1575 2097/6297/1575
f 2102/6304/1576 2103/6303/1576 2099/6302/1576 2100/6301/1576
f 2101/6308/1577 2102/6307/1577 2100/6306/1577 2097/6305/1577
f 2099/6312/1578 2103/6311/1578 2104/6310/1578 2098/6309/1578
o group1789786769
g mesh1789786769
usemtl mat23
f 2108/6316/1579 2107/6315/1579 2106/6314/1579 2105/6313/1579
f 2112/6320/1580 2111/6319/1580 2110/6318/1580 2109/6317/1580
f 2106/6324/1581 2112/6323/1581 2109/6322/1581 2105/6321/1581
f 2110/6328/1582 2111/6327/1582 2107/6326/1582 2108/6325/1582
f 2109/6332/1583 2110/6331/1583 2108/6330/1583 2105/6329/1583
f 2107/6336/1584 2111/6335/1584 2112/6334/1584 2106/6333/1584
o group1270359634
g mesh1270359634
usemtl mat23
f 2116/6340/1585 2115/6339/1585 2114/6338/1585 2113/6337/1585
f 2120/6344/1586 2119/6343/1586 2118/6342/1586 2117/6341/1586
f 2114/6348/1587 2120/6347/1587 2117/6346/1587 2113/6345/1587
f 2118/6352/1588 2119/6351/1588 2115/6350/1588 2116/6349/1588
f 2117/6356/1589 2118/6355/1589 2116/6354/1589 2113/6353/1589
f 2115/6360/1590 2119/6359/1590 2120/6358/1590 2114/6357/1590
o group2089574890
g mesh2089574890
usemtl mat5
f 2124/6364/1591 2123/6363/1591 2122/6362/1591 2121/6361/1591
f 2128/6368/1592 2127/6367/1592 2126/6366/1592 2125/6365/1592
f 2122/6372/1593 2128/6371/1593 2125/6370/1593 2121/6369/1593
f 2126/6376/1594 2127/6375/1594 2123/6374/1594 2124/6373/1594
f 2125/6380/1595 2126/6379/1595 2124/6378/1595 2121/6377/1595
f 2123/6384/1596 2127/6383/1596 2128/6382/1596 2122/6381/1596
o group1718140536
g mesh1718140536
usemtl mat5
f 2132/6388/1597 2131/6387/1597 2130/6386/1597 2129/6385/1597
f 2136/6392/1598 2135/6391/1598 2134/6390/1598 2133/6389/1598
f 2130/6396/1599 2136/6395/1599 2133/6394/1599 2129/6393/1599
f 2134/6400/1600 2135/6399/1600 2131/6398/1600 2132/6397/1600
f 2133/6404/1601 2134/6403/1601 2132/6402/1601 2129/6401/1601
f 2131/6408/1602 2135/6407/1602 2136/6406/1602 2130/6405/1602
o group25448349
g mesh25448349
usemtl mat5
f 2140/6412/1603 2139/6411/1603 2138/6410/1603 2137/6409/1603
f 2144/6416/1604 2143/6415/1604 2142/6414/1604 2141/6413/1604
f 2138/6420/1605 2144/6419/1605 2141/6418/1605 2137/6417/1605
f 2142/6424/1606 2143/6423/1606 2139/6422/1606 2140/6421/1606
f 2141/6428/1607 2142/6427/1607 2140/6426/1607 2137/6425/1607
f 2139/6432/1608 2143/6431/1608 2144/6430/1608 2138/6429/1608
o group1011797456
g mesh1011797456
usemtl mat23
f 2148/6436/1609 2147/6435/1609 2146/6434/1609 2145/6433/1609
f 2152/6440/1610 2151/6439/1610 2150/6438/1610 2149/6437/1610
f 2146/6444/1611 2152/6443/1611 2149/6442/1611 2145/6441/1611
f 2150/6448/1612 2151/6447/1612 2147/6446/1612 2148/6445/1612
f 2149/6452/1613 2150/6451/1613 2148/6450/1613 2145/6449/1613
f 2147/6456/1614 2151/6455/1614 2152/6454/1614 2146/6453/1614
o group1833928249
g mesh1833928249
usemtl mat5
f 2156/6460/1615 2155/6459/1615 2154/6458/1615 2153/6457/1615
f 2160/6464/1616 2159/6463/1616 2158/6462/1616 2157/6461/1616
f 2154/6468/1617 2160/6467/1617 2157/6466/1617 2153/6465/1617
f 2158/6472/1618 2159/6471/1618 2155/6470/1618 2156/6469/1618
f 2157/6476/1619 2158/6475/1619 2156/6474/1619 2153/6473/1619
f 2155/6480/1620 2159/6479/1620 2160/6478/1620 2154/6477/1620
o group898112479
g mesh898112479
usemtl mat5
f 2164/6484/1621 2163/6483/1621 2162/6482/1621 2161/6481/1621
f 2168/6488/1622 2167/6487/1622 2166/6486/1622 2165/6485/1622
f 2162/6492/1623 2168/6491/1623 2165/6490/1623 2161/6489/1623
f 2166/6496/1624 2167/6495/1624 2163/6494/1624 2164/6493/1624
f 2165/6500/1625 2166/6499/1625 2164/6498/1625 2161/6497/1625
f 2163/6504/1626 2167/6503/1626 2168/6502/1626 2162/6501/1626
o group276140955
g mesh276140955
usemtl mat23
f 2172/6508/1627 2171/6507/1627 2170/6506/1627 2169/6505/1627
f 2176/6512/1628 2175/6511/1628 2174/6510/1628 2173/6509/1628
f 2170/6516/1629 2176/6515/1629 2173/6514/1629 2169/6513/1629
f 2174/6520/1630 2175/6519/1630 2171/6518/1630 2172/6517/1630
f 2173/6524/1631 2174/6523/1631 2172/6522/1631 2169/6521/1631
f 2171/6528/1632 2175/6527/1632 2176/6526/1632 2170/6525/1632
o group933738715
g mesh933738715
usemtl mat23
f 2180/6532/1633 2179/6531/1633 2178/6530/1633 2177/6529/1633
f 2184/6536/1634 2183/6535/1634 2182/6534/1634 2181/6533/1634
f 2178/6540/1635 2184/6539/1635 2181/6538/1635 2177/6537/1635
f 2182/6544/1636 2183/6543/1636 2179/6542/1636 2180/6541/1636
f 2181/6548/1637 2182/6547/1637 2180/6546/1637 2177/6545/1637
f 2179/6552/1638 2183/6551/1638 2184/6550/1638 2178/6549/1638
o group1931413972
g mesh1931413972
usemtl mat23
f 2188/6556/1639 2187/6555/1639 2186/6554/1639 2185/6553/1639
f 2192/6560/1640 2191/6559/1640 2190/6558/1640 2189/6557/1640
f 2186/6564/1641 2192/6563/1641 2189/6562/1641 2185/6561/1641
f 2190/6568/1642 2191/6567/1642 2187/6566/1642 2188/6565/1642
f 2189/6572/1643 2190/6571/1643 2188/6570/1643 2185/6569/1643
f 2187/6576/1644 2191/6575/1644 2192/6574/1644 2186/6573/1644
o group1422843830
g mesh1422843830
usemtl mat23
f 2196/6580/1645 2195/6579/1645 2194/6578/1645 2193/6577/1645
f 2200/6584/1646 2199/6583/1646 2198/6582/1646 2197/6581/1646
f 2194/6588/1647 2200/6587/1647 2197/6586/1647 2193/6585/1647
f 2198/6592/1648 2199/6591/1648 2195/6590/1648 2196/6589/1648
f 2197/6596/1649 2198/6595/1649 2196/6594/1649 2193/6593/1649
f 2195/6600/1650 2199/6599/1650 2200/6598/1650 2194/6597/1650
o group212291482
g mesh212291482
usemtl mat18
f 2204/6604/1651 2203/6603/1651 2202/6602/1651 2201/6601/1651
f 2208/6608/1652 2207/6607/1652 2206/6606/1652 2205/6605/1652
f 2202/6612/1653 2208/6611/1653 2205/6610/1653 2201/6609/1653
f 2206/6616/1654 2207/6615/1654 2203/6614/1654 2204/6613/1654
f 2205/6620/1655 2206/6619/1655 2204/6618/1655 2201/6617/1655
f 2203/6624/1656 2207/6623/1656 2208/6622/1656 2202/6621/1656
o group1364531204
g mesh1364531204
usemtl mat18
f 2212/6628/1657 2211/6627/1657 2210/6626/1657 2209/6625/1657
f 2216/6632/1658 2215/6631/1658 2214/6630/1658 2213/6629/1658
f 2210/6636/1659 2216/6635/1659 2213/6634/1659 2209/6633/1659
f 2214/6640/1660 2215/6639/1660 2211/6638/1660 2212/6637/1660
f 2213/6644/1661 2214/6643/1661 2212/6642/1661 2209/6641/1661
f 2211/6648/1662 2215/6647/1662 2216/6646/1662 2210/6645/1662
o group1861218184
g mesh1861218184
usemtl mat5
f 2220/6652/1663 2219/6651/1663 2218/6650/1663 2217/6649/1663
f 2224/6656/1664 2223/6655/1664 2222/6654/1664 2221/6653/1664
f 2218/6660/1665 2224/6659/1665 2221/6658/1665 2217/6657/1665
f 2222/6664/1666 2223/6663/1666 2219/6662/1666 2220/6661/1666
f 2221/6668/1667 2222/6667/1667 2220/6666/1667 2217/6665/1667
f 2219/6672/1668 2223/6671/1668 2224/6670/1668 2218/6669/1668
o group1790459095
g mesh1790459095
usemtl mat5
f 2228/6676/1669 2227/6675/1669 2226/6674/1669 2225/6673/1669
f 2232/6680/1670 2231/6679/1670 2230/6678/1670 2229/6677/1670
f 2226/6684/1671 2232/6683/1671 2229/6682/1671 2225/6681/1671
f 2230/6688/1672 2231/6687/1672 2227/6686/1672 2228/6685/1672
f 2229/6692/1673 2230/6691/1673 2228/6690/1673 2225/6689/1673
f 2227/6696/1674 2231/6695/1674 2232/6694/1674 2226/6693/1674
o group2140078411
g mesh2140078411
usemtl mat5
f 2236/6700/1675 2235/6699/1675 2234/6698/1675 2233/6697/1675
f 2240/6704/1676 2239/6703/1676 2238/6702/1676 2237/6701/1676
f 2234/6708/1677 2240/6707/1677 2237/6706/1677 2233/6705/1677
f 2238/6712/1678 2239/6711/1678 2235/6710/1678 2236/6709/1678
f 2237/6716/1679 2238/6715/1679 2236/6714/1679 2233/6713/1679
f 2235/6720/1680 2239/6719/1680 2240/6718/1680 2234/6717/1680
o group436228137
g mesh436228137
usemtl mat5
f 2244/6724/1681 2243/6723/1681 2242/6722/1681 2241/6721/1681
f 2248/6728/1682 2247/6727/1682 2246/6726/1682 2245/6725/1682
f 2242/6732/1683 2248/6731/1683 2245/6730/1683 2241/6729/1683
f 2246/6736/1684 2247/6735/1684 2243/6734/1684 2244/6733/1684
f 2245/6740/1685 2246/6739/1685 2244/6738/1685 2241/6737/1685
f 2243/6744/1686 2247/6743/1686 2248/6742/1686 2242/6741/1686
o group1893079850
g mesh1893079850
usemtl mat18
f 2252/6748/1687 2251/6747/1687 2250/6746/1687 2249/6745/1687
f 2256/6752/1688 2255/6751/1688 2254/6750/1688 2253/6749/1688
f 2250/6756/1689 2256/6755/1689 2253/6754/1689 2249/6753/1689
f 2254/6760/1690 2255/6759/1690 2251/6758/1690 2252/6757/1690
f 2253/6764/1691 2254/6763/1691 2252/6762/1691 2249/6761/1691
f 2251/6768/1692 2255/6767/1692 2256/6766/1692 2250/6765/1692
o group384651387
g mesh384651387
usemtl mat21
f 2260/6772/1693 2259/6771/1693 2258/6770/1693 2257/6769/1693
f 2264/6776/1694 2263/6775/1694 2262/6774/1694 2261/6773/1694
f 2258/6780/1695 2264/6779/1695 2261/6778/1695 2257/6777/1695
f 2262/6784/1696 2263/6783/1696 2259/6782/1696 2260/6781/1696
f 2261/6788/1697 2262/6787/1697 2260/6786/1697 2257/6785/1697
f 2259/6792/1698 2263/6791/1698 2264/6790/1698 2258/6789/1698
o group395907508
g mesh395907508
usemtl mat21
f 2268/6796/1699 2267/6795/1699 2266/6794/1699 2265/6793/1699
f 2272/6800/1700 2271/6799/1700 2270/6798/1700 2269/6797/1700
f 2266/6804/1701 2272/6803/1701 2269/6802/1701 2265/6801/1701
f 2270/6808/1702 2271/6807/1702 2267/6806/1702 2268/6805/1702
f 2269/6812/1703 2270/6811/1703 2268/6810/1703 2265/6809/1703
f 2267/6816/1704 2271/6815/1704 2272/6814/1704 2266/6813/1704
o group1609596389
g mesh1609596389
usemtl mat23
f 2276/6820/1705 2275/6819/1705 2274/6818/1705 2273/6817/1705
f 2280/6824/1706 2279/6823/1706 2278/6822/1706 2277/6821/1706
f 2274/6828/1707 2280/6827/1707 2277/6826/1707 2273/6825/1707
f 2278/6832/1708 2279/6831/1708 2275/6830/1708 2276/6829/1708
f 2277/6836/1709 2278/6835/1709 2276/6834/1709 2273/6833/1709
f 2275/6840/1710 2279/6839/1710 2280/6838/1710 2274/6837/1710
o group1067177210
g mesh1067177210
usemtl mat5
f 2284/6844/1711 2283/6843/1711 2282/6842/1711 2281/6841/1711
f 2288/6848/1712 2287/6847/1712 2286/6846/1712 2285/6845/1712
f 2282/6852/1713 2288/6851/1713 2285/6850/1713 2281/6849/1713
f 2286/6856/1714 2287/6855/1714 2283/6854/1714 2284/6853/1714
f 2285/6860/1715 2286/6859/1715 2284/6858/1715 2281/6857/1715
f 2283/6864/1716 2287/6863/1716 2288/6862/1716 2282/6861/1716
o group1841922592
g mesh1841922592
usemtl mat5
f 2292/6868/1717 2291/6867/1717 2290/6866/1717 2289/6865/1717
f 2296/6872/1718 2295/6871/1718 2294/6870/1718 2293/6869/1718
f 2290/6876/1719 2296/6875/1719 2293/6874/1719 2289/6873/1719
f 2294/6880/1720 2295/6879/1720 2291/6878/1720 2292/6877/1720
f 2293/6884/1721 2294/6883/1721 2292/6882/1721 2289/6881/1721
f 2291/6888/1722 2295/6887/1722 2296/6886/1722 2290/6885/1722
o group804164545
g mesh804164545
usemtl mat23
f 2300/6892/1723 2299/6891/1723 2298/6890/1723 2297/6889/1723
f 2304/6896/1724 2303/6895/1724 2302/6894/1724 2301/6893/1724
f 2298/6900/1725 2304/6899/1725 2301/6898/1725 2297/6897/1725
f 2302/6904/1726 2303/6903/1726 2299/6902/1726 2300/6901/1726
f 2301/6908/1727 2302/6907/1727 2300/6906/1727 2297/6905/1727
f 2299/6912/1728 2303/6911/1728 2304/6910/1728 2298/6909/1728
o group686497538
g mesh686497538
usemtl mat23
f 2308/6916/1729 2307/6915/1729 2306/6914/1729 2305/6913/1729
f 2312/6920/1730 2311/6919/1730 2310/6918/1730 2309/6917/1730
f 2306/6924/1731 2312/6923/1731 2309/6922/1731 2305/6921/1731
f 2310/6928/1732 2311/6927/1732 2307/6926/1732 2308/6925/1732
f 2309/6932/1733 2310/6931/1733 2308/6930/1733 2305/6929/1733
f 2307/6936/1734 2311/6935/1734 2312/6934/1734 2306/6933/1734
o group188377934
g mesh188377934
usemtl mat23
f 2316/6940/1735 2315/6939/1735 2314/6938/1735 2313/6937/1735
f 2320/6944/1736 2319/6943/1736 2318/6942/1736 2317/6941/1736
f 2314/6948/1737 2320/6947/1737 2317/6946/1737 2313/6945/1737
f 2318/6952/1738 2319/6951/1738 2315/6950/1738 2316/6949/1738
f 2317/6956/1739 2318/6955/1739 2316/6954/1739 2313/6953/1739
f 2315/6960/1740 2319/6959/1740 2320/6958/1740 2314/6957/1740
o group662200763
g mesh662200763
usemtl mat23
f 2324/6964/1741 2323/6963/1741 2322/6962/1741 2321/6961/1741
f 2328/6968/1742 2327/6967/1742 2326/6966/1742 2325/6965/1742
f 2322/6972/1743 2328/6971/1743 2325/6970/1743 2321/6969/1743
f 2326/6976/1744 2327/6975/1744 2323/6974/1744 2324/6973/1744
f 2325/6980/1745 2326/6979/1745 2324/6978/1745 2321/6977/1745
f 2323/6984/1746 2327/6983/1746 2328/6982/1746 2322/6981/1746
o group968477696
g mesh968477696
usemtl mat23
f 2332/6988/1747 2331/6987/1747 2330/6986/1747 2329/6985/1747
f 2336/6992/1748 2335/6991/1748 2334/6990/1748 2333/6989/1748
f 2330/6996/1749 2336/6995/1749 2333/6994/1749 2329/6993/1749
f 2334/7000/1750 2335/6999/1750 2331/6998/1750 2332/6997/1750
f 2333/7004/1751 2334/7003/1751 2332/7002/1751 2329/7001/1751
f 2331/7008/1752 2335/7007/1752 2336/7006/1752 2330/7005/1752
o group920283781
g mesh920283781
usemtl mat5
f 2340/7012/1753 2339/7011/1753 2338/7010/1753 2337/7009/1753
f 2344/7016/1754 2343/7015/1754 2342/7014/1754 2341/7013/1754
f 2338/7020/1755 2344/7019/1755 2341/7018/1755 2337/7017/1755
f 2342/7024/1756 2343/7023/1756 2339/7022/1756 2340/7021/1756
f 2341/7028/1757 2342/7027/1757 2340/7026/1757 2337/7025/1757
f 2339/7032/1758 2343/7031/1758 2344/7030/1758 2338/7029/1758
o group527558270
g mesh527558270
usemtl mat23
f 2348/7036/1759 2347/7035/1759 2346/7034/1759 2345/7033/1759
f 2352/7040/1760 2351/7039/1760 2350/7038/1760 2349/7037/1760
f 2346/7044/1761 2352/7043/1761 2349/7042/1761 2345/7041/1761
f 2350/7048/1762 2351/7047/1762 2347/7046/1762 2348/7045/1762
f 2349/7052/1763 2350/7051/1763 2348/7050/1763 2345/7049/1763
f 2347/7056/1764 2351/7055/1764 2352/7054/1764 2346/7053/1764
o group546950632
g mesh546950632
usemtl mat21
f 2356/7060/1765 2355/7059/1765 2354/7058/1765 2353/7057/1765
f 2360/7064/1766 2359/7063/1766 2358/7062/1766 2357/7061/1766
f 2354/7068/1767 2360/7067/1767 2357/7066/1767 2353/7065/1767
f 2358/7072/1768 2359/7071/1768 2355/7070/1768 2356/7069/1768
f 2357/7076/1769 2358/7075/1769 2356/7074/1769 2353/7073/1769
f 2355/7080/1770 2359/7079/1770 2360/7078/1770 2354/7077/1770
o group1831038450
g mesh1831038450
usemtl mat23
f 2364/7084/1771 2363/7083/1771 2362/7082/1771 2361/7081/1771
f 2368/7088/1772 2367/7087/1772 2366/7086/1772 2365/7085/1772
f 2362/7092/1773 2368/7091/1773 2365/7090/1773 2361/7089/1773
f 2366/7096/1774 2367/7095/1774 2363/7094/1774 2364/7093/1774
f 2365/7100/1775 2366/7099/1775 2364/7098/1775 2361/7097/1775
f 2363/7104/1776 2367/7103/1776 2368/7102/1776 2362/7101/1776
o group2097928920
g mesh2097928920
usemtl mat21
f 2372/7108/1777 2371/7107/1777 2370/7106/1777 2369/7105/1777
f 2376/7112/1778 2375/7111/1778 2374/7110/1778 2373/7109/1778
f 2370/7116/1779 2376/7115/1779 2373/7114/1779 2369/7113/1779
f 2374/7120/1780 2375/7119/1780 2371/7118/1780 2372/7117/1780
f 2373/7124/1781 2374/7123/1781 2372/7122/1781 2369/7121/1781
f 2371/7128/1782 2375/7127/1782 2376/7126/1782 2370/7125/1782
o group379290873
g mesh379290873
usemtl mat23
f 2380/7132/1783 2379/7131/1783 2378/7130/1783 2377/7129/1783
f 2384/7136/1784 2383/7135/1784 2382/7134/1784 2381/7133/1784
f 2378/7140/1785 2384/7139/1785 2381/7138/1785 2377/7137/1785
f 2382/7144/1786 2383/7143/1786 2379/7142/1786 2380/7141/1786
f 2381/7148/1787 2382/7147/1787 2380/7146/1787 2377/7145/1787
f 2379/7152/1788 2383/7151/1788 2384/7150/1788 2378/7149/1788
o group920874243
g mesh920874243
usemtl mat21
f 2388/7156/1789 2387/7155/1789 2386/7154/1789 2385/7153/1789
f 2392/7160/1790 2391/7159/1790 2390/7158/1790 2389/7157/1790
f 2386/7164/1791 2392/7163/1791 2389/7162/1791 2385/7161/1791
f 2390/7168/1792 2391/7167/1792 2387/7166/1792 2388/7165/1792
f 2389/7172/1793 2390/7171/1793 2388/7170/1793 2385/7169/1793
f 2387/7176/1794 2391/7175/1794 2392/7174/1794 2386/7173/1794
o group105686812
g mesh105686812
usemtl mat21
f 2396/7180/1795 2395/7179/1795 2394/7178/1795 2393/7177/1795
f 2400/7184/1796 2399/7183/1796 2398/7182/1796 2397/7181/1796
f 2394/7188/1797 2400/7187/1797 2397/7186/1797 2393/7185/1797
f 2398/7192/1798 2399/7191/1798 2395/7190/1798 2396/7189/1798
f 2397/7196/1799 2398/7195/1799 2396/7194/1799 2393/7193/1799
f 2395/7200/1800 2399/7199/1800 2400/7198/1800 2394/7197/1800
o group217610584
g mesh217610584
usemtl mat23
f 2404/7204/1801 2403/7203/1801 2402/7202/1801 2401/7201/1801
f 2408/7208/1802 2407/7207/1802 2406/7206/1802 2405/7205/1802
f 2402/7212/1803 2408/7211/1803 2405/7210/1803 2401/7209/1803
f 2406/7216/1804 2407/7215/1804 2403/7214/1804 2404/7213/1804
f 2405/7220/1805 2406/7219/1805 2404/7218/1805 2401/7217/1805
f 2403/7224/1806 2407/7223/1806 2408/7222/1806 2402/7221/1806
o group2145312410
g mesh2145312410
usemtl mat21
f 2412/7228/1807 2411/7227/1807 2410/7226/1807 2409/7225/1807
f 2416/7232/1808 2415/7231/1808 2414/7230/1808 2413/7229/1808
f 2410/7236/1809 2416/7235/1809 2413/7234/1809 2409/7233/1809
f 2414/7240/1810 2415/7239/1810 2411/7238/1810 2412/7237/1810
f 2413/7244/1811 2414/7243/1811 2412/7242/1811 2409/7241/1811
f 2411/7248/1812 2415/7247/1812 2416/7246/1812 2410/7245/1812
o group1612768659
g mesh1612768659
usemtl mat5
f 2420/7252/1813 2419/7251/1813 2418/7250/1813 2417/7249/1813
f 2424/7256/1814 2423/7255/1814 2422/7254/1814 2421/7253/1814
f 2418/7260/1815 2424/7259/1815 2421/7258/1815 2417/7257/1815
f 2422/7264/1816 2423/7263/1816 2419/7262/1816 2420/7261/1816
f 2421/7268/1817 2422/7267/1817 2420/7266/1817 2417/7265/1817
f 2419/7272/1818 2423/7271/1818 2424/7270/1818 2418/7269/1818
o group1966837075
g mesh1966837075
usemtl mat5
f 2428/7276/1819 2427/7275/1819 2426/7274/1819 2425/7273/1819
f 2432/7280/1820 2431/7279/1820 2430/7278/1820 2429/7277/1820
f 2426/7284/1821 2432/7283/1821 2429/7282/1821 2425/7281/1821
f 2430/7288/1822 2431/7287/1822 2427/7286/1822 2428/7285/1822
f 2429/7292/1823 2430/7291/1823 2428/7290/1823 2425/7289/1823
f 2427/7296/1824 2431/7295/1824 2432/7294/1824 2426/7293/1824
o group1435968053
g mesh1435968053
usemtl mat21
f 2436/7300/1825 2435/7299/1825 2434/7298/1825 2433/7297/1825
f 2440/7304/1826 2439/7303/1826 2438/7302/1826 2437/7301/1826
f 2434/7308/1827 2440/7307/1827 2437/7306/1827 2433/7305/1827
f 2438/7312/1828 2439/7311/1828 2435/7310/1828 2436/7309/1828
f 2437/7316/1829 2438/7315/1829 2436/7314/1829 2433/7313/1829
f 2435/7320/1830 2439/7319/1830 2440/7318/1830 2434/7317/1830
o group1738017908
g mesh1738017908
usemtl mat21
f 2444/7324/1831 2443/7323/1831 2442/7322/1831 2441/7321/1831
f 2448/7328/1832 2447/7327/1832 2446/7326/1832 2445/7325/1832
f 2442/7332/1833 2448/7331/1833 2445/7330/1833 2441/7329/1833
f 2446/7336/1834 2447/7335/1834 2443/7334/1834 2444/7333/1834
f 2445/7340/1835 2446/7339/1835 2444/7338/1835 2441/7337/1835
f 2443/7344/1836 2447/7343/1836 2448/7342/1836 2442/7341/1836
o group598522413
g mesh598522413
usemtl mat23
f 2452/7348/1837 2451/7347/1837 2450/7346/1837 2449/7345/1837
f 2456/7352/1838 2455/7351/1838 2454/7350/1838 2453/7349/1838
f 2450/7356/1839 2456/7355/1839 2453/7354/1839 2449/7353/1839
f 2454/7360/1840 2455/7359/1840 2451/7358/1840 2452/7357/1840
f 2453/7364/1841 2454/7363/1841 2452/7362/1841 2449/7361/1841
f 2451/7368/1842 2455/7367/1842 2456/7366/1842 2450/7365/1842
o group1499996549
g mesh1499996549
usemtl mat5
f 2460/7372/1843 2459/7371/1843 2458/7370/1843 2457/7369/1843
f 2464/7376/1844 2463/7375/1844 2462/7374/1844 2461/7373/1844
f 2458/7380/1845 2464/7379/1845 2461/7378/1845 2457/7377/1845
f 2462/7384/1846 2463/7383/1846 2459/7382/1846 2460/7381/1846
f 2461/7388/1847 2462/7387/1847 2460/7386/1847 2457/7385/1847
f 2459/7392/1848 2463/7391/1848 2464/7390/1848 2458/7389/1848
o group734568779
g mesh734568779
usemtl mat21
f 2468/7396/1849 2467/7395/1849 2466/7394/1849 2465/7393/1849
f 2472/7400/1850 2471/7399/1850 2470/7398/1850 2469/7397/1850
f 2466/7404/1851 2472/7403/1851 2469/7402/1851 2465/7401/1851
f 2470/7408/1852 2471/7407/1852 2467/7406/1852 2468/7405/1852
f 2469/7412/1853 2470/7411/1853 2468/7410/1853 2465/7409/1853
f 2467/7416/1854 2471/7415/1854 2472/7414/1854 2466/7413/1854
o group1002410917
g mesh1002410917
usemtl mat21
f 2476/7420/1855 2475/7419/1855 2474/7418/1855 2473/7417/1855
f 2480/7424/1856 2479/7423/1856 2478/7422/1856 2477/7421/1856
f 2474/7428/1857 2480/7427/1857 2477/7426/1857 2473/7425/1857
f 2478/7432/1858 2479/7431/1858 2475/7430/1858 2476/7429/1858
f 2477/7436/1859 2478/7435/1859 2476/7434/1859 2473/7433/1859
f 2475/7440/1860 2479/7439/1860 2480/7438/1860 2474/7437/1860
o group1097720004
g mesh1097720004
usemtl mat18
f 2484/7444/1861 2483/7443/1861 2482/7442/1861 2481/7441/1861
f 2488/7448/1862 2487/7447/1862 2486/7446/1862 2485/7445/1862
f 2482/7452/1863 2488/7451/1863 2485/7450/1863 2481/7449/1863
f 2486/7456/1864 2487/7455/1864 2483/7454/1864 2484/7453/1864
f 2485/7460/1865 2486/7459/1865 2484/7458/1865 2481/7457/1865
f 2483/7464/1866 2487/7463/1866 2488/7462/1866 2482/7461/1866
o group1405453933
g mesh1405453933
usemtl mat5
f 2492/7468/1867 2491/7467/1867 2490/7466/1867 2489/7465/1867
f 2496/7472/1868 2495/7471/1868 2494/7470/1868 2493/7469/1868
f 2490/7476/1869 2496/7475/1869 2493/7474/1869 2489/7473/1869
f 2494/7480/1870 2495/7479/1870 2491/7478/1870 2492/7477/1870
f 2493/7484/1871 2494/7483/1871 2492/7482/1871 2489/7481/1871
f 2491/7488/1872 2495/7487/1872 2496/7486/1872 2490/7485/1872
o group1856931131
g mesh1856931131
usemtl mat5
f 2500/7492/1873 2499/7491/1873 2498/7490/1873 2497/7489/1873
f 2504/7496/1874 2503/7495/1874 2502/7494/1874 2501/7493/1874
f 2498/7500/1875 2504/7499/1875 2501/7498/1875 2497/7497/1875
f 2502/7504/1876 2503/7503/1876 2499/7502/1876 2500/7501/1876
f 2501/7508/1877 2502/7507/1877 2500/7506/1877 2497/7505/1877
f 2499/7512/1878 2503/7511/1878 2504/7510/1878 2498/7509/1878
o group891876961
g mesh891876961
usemtl mat5
f 2508/7516/1879 2507/7515/1879 2506/7514/1879 2505/7513/1879
f 2512/7520/1880 2511/7519/1880 2510/7518/1880 2509/7517/1880
f 2506/7524/1881 2512/7523/1881 2509/7522/1881 2505/7521/1881
f 2510/7528/1882 2511/7527/1882 2507/7526/1882 2508/7525/1882
f 2509/7532/1883 2510/7531/1883 2508/7530/1883 2505/7529/1883
f 2507/7536/1884 2511/7535/1884 2512/7534/1884 2506/7533/1884
o group1171957449
g mesh1171957449
usemtl mat5
f 2516/7540/1885 2515/7539/1885 2514/7538/1885 2513/7537/1885
f 2520/7544/1886 2519/7543/1886 2518/7542/1886 2517/7541/1886
f 2514/7548/1887 2520/7547/1887 2517/7546/1887 2513/7545/1887
f 2518/7552/1888 2519/7551/1888 2515/7550/1888 2516/7549/1888
f 2517/7556/1889 2518/7555/1889 2516/7554/1889 2513/7553/1889
f 2515/7560/1890 2519/7559/1890 2520/7558/1890 2514/7557/1890
o group1504189576
g mesh1504189576
usemtl mat23
f 2524/7564/1891 2523/7563/1891 2522/7562/1891 2521/7561/1891
f 2528/7568/1892 2527/7567/1892 2526/7566/1892 2525/7565/1892
f 2522/7572/1893 2528/7571/1893 2525/7570/1893 2521/7569/1893
f 2526/7576/1894 2527/7575/1894 2523/7574/1894 2524/7573/1894
f 2525/7580/1895 2526/7579/1895 2524/7578/1895 2521/7577/1895
f 2523/7584/1896 2527/7583/1896 2528/7582/1896 2522/7581/1896
o group982495951
g mesh982495951
usemtl mat23
f 2532/7588/1897 2531/7587/1897 2530/7586/1897 2529/7585/1897
f 2536/7592/1898 2535/7591/1898 2534/7590/1898 2533/7589/1898
f 2530/7596/1899 2536/7595/1899 2533/7594/1899 2529/7593/1899
f 2534/7600/1900 2535/7599/1900 2531/7598/1900 2532/7597/1900
f 2533/7604/1901 2534/7603/1901 2532/7602/1901 2529/7601/1901
f 2531/7608/1902 2535/7607/1902 2536/7606/1902 2530/7605/1902
o group1921555241
g mesh1921555241
usemtl mat5
f 2540/7612/1903 2539/7611/1903 2538/7610/1903 2537/7609/1903
f 2544/7616/1904 2543/7615/1904 2542/7614/1904 2541/7613/1904
f 2538/7620/1905 2544/7619/1905 2541/7618/1905 2537/7617/1905
f 2542/7624/1906 2543/7623/1906 2539/7622/1906 2540/7621/1906
f 2541/7628/1907 2542/7627/1907 2540/7626/1907 2537/7625/1907
f 2539/7632/1908 2543/7631/1908 2544/7630/1908 2538/7629/1908
o group1242836137
g mesh1242836137
usemtl mat5
f 2548/7636/1909 2547/7635/1909 2546/7634/1909 2545/7633/1909
f 2552/7640/1910 2551/7639/1910 2550/7638/1910 2549/7637/1910
f 2546/7644/1911 2552/7643/1911 2549/7642/1911 2545/7641/1911
f 2550/7648/1912 2551/7647/1912 2547/7646/1912 2548/7645/1912
f 2549/7652/1913 2550/7651/1913 2548/7650/1913 2545/7649/1913
f 2547/7656/1914 2551/7655/1914 2552/7654/1914 2546/7653/1914
o group1586804831
g mesh1586804831
usemtl mat23
f 2556/7660/1915 2555/7659/1915 2554/7658/1915 2553/7657/1915
f 2560/7664/1916 2559/7663/1916 2558/7662/1916 2557/7661/1916
f 2554/7668/1917 2560/7667/1917 2557/7666/1917 2553/7665/1917
f 2558/7672/1918 2559/7671/1918 2555/7670/1918 2556/7669/1918
f 2557/7676/1919 2558/7675/1919 2556/7674/1919 2553/7673/1919
f 2555/7680/1920 2559/7679/1920 2560/7678/1920 2554/7677/1920
o group2139129617
g mesh2139129617
usemtl mat5
f 2564/7684/1921 2563/7683/1921 2562/7682/1921 2561/7681/1921
f 2568/7688/1922 2567/7687/1922 2566/7686/1922 2565/7685/1922
f 2562/7692/1923 2568/7691/1923 2565/7690/1923 2561/7689/1923
f 2566/7696/1924 2567/7695/1924 2563/7694/1924 2564/7693/1924
f 2565/7700/1925 2566/7699/1925 2564/7698/1925 2561/7697/1925
f 2563/7704/1926 2567/7703/1926 2568/7702/1926 2562/7701/1926
o group1338849663
g mesh1338849663
usemtl mat23
f 2572/7708/1927 2571/7707/1927 2570/7706/1927 2569/7705/1927
f 2576/7712/1928 2575/7711/1928 2574/7710/1928 2573/7709/1928
f 2570/7716/1929 2576/7715/1929 2573/7714/1929 2569/7713/1929
f 2574/7720/1930 2575/7719/1930 2571/7718/1930 2572/7717/1930
f 2573/7724/1931 2574/7723/1931 2572/7722/1931 2569/7721/1931
f 2571/7728/1932 2575/7727/1932 2576/7726/1932 2570/7725/1932
o group1252057753
g mesh1252057753
usemtl mat5
f 2580/7732/1933 2579/7731/1933 2578/7730/1933 2577/7729/1933
f 2584/7736/1934 2583/7735/1934 2582/7734/1934 2581/7733/1934
f 2578/7740/1935 2584/7739/1935 2581/7738/1935 2577/7737/1935
f 2582/7744/1936 2583/7743/1936 2579/7742/1936 2580/7741/1936
f 2581/7748/1937 2582/7747/1937 2580/7746/1937 2577/7745/1937
f 2579/7752/1938 2583/7751/1938 2584/7750/1938 2578/7749/1938
o group906110644
g mesh906110644
usemtl mat23
f 2588/7756/1939 2587/7755/1939 2586/7754/1939 2585/7753/1939
f 2592/7760/1940 2591/7759/1940 2590/7758/1940 2589/7757/1940
f 2586/7764/1941 2592/7763/1941 2589/7762/1941 2585/7761/1941
f 2590/7768/1942 2591/7767/1942 2587/7766/1942 2588/7765/1942
f 2589/7772/1943 2590/7771/1943 2588/7770/1943 2585/7769/1943
f 2587/7776/1944 2591/7775/1944 2592/7774/1944 2586/7773/1944
o group1616317665
g mesh1616317665
usemtl mat23
f 2596/7780/1945 2595/7779/1945 2594/7778/1945 2593/7777/1945
f 2600/7784/1946 2599/7783/1946 2598/7782/1946 2597/7781/1946
f 2594/7788/1947 2600/7787/1947 2597/7786/1947 2593/7785/1947
f 2598/7792/1948 2599/7791/1948 2595/7790/1948 2596/7789/1948
f 2597/7796/1949 2598/7795/1949 2596/7794/1949 2593/7793/1949
f 2595/7800/1950 2599/7799/1950 2600/7798/1950 2594/7797/1950
o group900283716
g mesh900283716
usemtl mat5
f 2604/7804/1951 2603/7803/1951 2602/7802/1951 2601/7801/1951
f 2608/7808/1952 2607/7807/1952 2606/7806/1952 2605/7805/1952
f 2602/7812/1953 2608/7811/1953 2605/7810/1953 2601/7809/1953
f 2606/7816/1954 2607/7815/1954 2603/7814/1954 2604/7813/1954
f 2605/7820/1955 2606/7819/1955 2604/7818/1955 2601/7817/1955
f 2603/7824/1956 2607/7823/1956 2608/7822/1956 2602/7821/1956
o group810855943
g mesh810855943
usemtl mat5
f 2612/7828/1957 2611/7827/1957 2610/7826/1957 2609/7825/1957
f 2616/7832/1958 2615/7831/1958 2614/7830/1958 2613/7829/1958
f 2610/7836/1959 2616/7835/1959 2613/7834/1959 2609/7833/1959
f 2614/7840/1960 2615/7839/1960 2611/7838/1960 2612/7837/1960
f 2613/7844/1961 2614/7843/1961 2612/7842/1961 2609/7841/1961
f 2611/7848/1962 2615/7847/1962 2616/7846/1962 2610/7845/1962
o group1114385287
g mesh1114385287
usemtl mat5
f 2620/7852/1963 2619/7851/1963 2618/7850/1963 2617/7849/1963
f 2624/7856/1964 2623/7855/1964 2622/7854/1964 2621/7853/1964
f 2618/7860/1965 2624/7859/1965 2621/7858/1965 2617/7857/1965
f 2622/7864/1966 2623/7863/1966 2619/7862/1966 2620/7861/1966
f 2621/7868/1967 2622/7867/1967 2620/7866/1967 2617/7865/1967
f 2619/7872/1968 2623/7871/1968 2624/7870/1968 2618/7869/1968
o group495445919
g mesh495445919
usemtl mat23
f 2628/7876/1969 2627/7875/1969 2626/7874/1969 2625/7873/1969
f 2632/7880/1970 2631/7879/1970 2630/7878/1970 2629/7877/1970
f 2626/7884/1971 2632/7883/1971 2629/7882/1971 2625/7881/1971
f 2630/7888/1972 2631/7887/1972 2627/7886/1972 2628/7885/1972
f 2629/7892/1973 2630/7891/1973 2628/7890/1973 2625/7889/1973
f 2627/7896/1974 2631/7895/1974 2632/7894/1974 2626/7893/1974
o group1832309569
g mesh1832309569
usemtl mat5
f 2636/7900/1975 2635/7899/1975 2634/7898/1975 2633/7897/1975
f 2640/7904/1976 2639/7903/1976 2638/7902/1976 2637/7901/1976
f 2634/7908/1977 2640/7907/1977 2637/7906/1977 2633/7905/1977
f 2638/7912/1978 2639/7911/1978 2635/7910/1978 2636/7909/1978
f 2637/7916/1979 2638/7915/1979 2636/7914/1979 2633/7913/1979
f 2635/7920/1980 2639/7919/1980 2640/7918/1980 2634/7917/1980
o group1761252716
g mesh1761252716
usemtl mat5
f 2644/7924/1981 2643/7923/1981 2642/7922/1981 2641/7921/1981
f 2648/7928/1982 2647/7927/1982 2646/7926/1982 2645/7925/1982
f 2642/7932/1983 2648/7931/1983 2645/7930/1983 2641/7929/1983
f 2646/7936/1984 2647/7935/1984 2643/7934/1984 2644/7933/1984
f 2645/7940/1985 2646/7939/1985 2644/7938/1985 2641/7937/1985
f 2643/7944/1986 2647/7943/1986 2648/7942/1986 2642/7941/1986
o group2012018302
g mesh2012018302
usemtl mat5
f 2652/7948/1987 2651/7947/1987 2650/7946/1987 2649/7945/1987
f 2656/7952/1988 2655/7951/1988 2654/7950/1988 2653/7949/1988
f 2650/7956/1989 2656/7955/1989 2653/7954/1989 2649/7953/1989
f 2654/7960/1990 2655/7959/1990 2651/7958/1990 2652/7957/1990
f 2653/7964/1991 2654/7963/1991 2652/7962/1991 2649/7961/1991
f 2651/7968/1992 2655/7967/1992 2656/7966/1992 2650/7965/1992
o group1126649405
g mesh1126649405
usemtl mat5
f 2660/7972/1993 2659/7971/1993 2658/7970/1993 2657/7969/1993
f 2664/7976/1994 2663/7975/1994 2662/7974/1994 2661/7973/1994
f 2658/7980/1995 2664/7979/1995 2661/7978/1995 2657/7977/1995
f 2662/7984/1996 2663/7983/1996 2659/7982/1996 2660/7981/1996
f 2661/7988/1997 2662/7987/1997 2660/7986/1997 2657/7985/1997
f 2659/7992/1998 2663/7991/1998 2664/7990/1998 2658/7989/1998
o group788048178
g mesh788048178
usemtl mat23
f 2668/7996/1999 2667/7995/1999 2666/7994/1999 2665/7993/1999
f 2672/8000/2000 2671/7999/2000 2670/7998/2000 2669/7997/2000
f 2666/8004/2001 2672/8003/2001 2669/8002/2001 2665/8001/2001
f 2670/8008/2002 2671/8007/2002 2667/8006/2002 2668/8005/2002
f 2669/8012/2003 2670/8011/2003 2668/8010/2003 2665/8009/2003
f 2667/8016/2004 2671/8015/2004 2672/8014/2004 2666/8013/2004
o group1042358407
g mesh1042358407
usemtl mat23
f 2676/8020/2005 2675/8019/2005 2674/8018/2005 2673/8017/2005
f 2680/8024/2006 2679/8023/2006 2678/8022/2006 2677/8021/2006
f 2674/8028/2007 2680/8027/2007 2677/8026/2007 2673/8025/2007
f 2678/8032/2008 2679/8031/2008 2675/8030/2008 2676/8029/2008
f 2677/8036/2009 2678/8035/2009 2676/8034/2009 2673/8033/2009
f 2675/8040/2010 2679/8039/2010 2680/8038/2010 2674/8037/2010
o group1178257851
g mesh1178257851
usemtl mat23
f 2684/8044/2011 2683/8043/2011 2682/8042/2011 2681/8041/2011
f 2688/8048/2012 2687/8047/2012 2686/8046/2012 2685/8045/2012
f 2682/8052/2013 2688/8051/2013 2685/8050/2013 2681/8049/2013
f 2686/8056/2014 2687/8055/2014 2683/8054/2014 2684/8053/2014
f 2685/8060/2015 2686/8059/2015 2684/8058/2015 2681/8057/2015
f 2683/8064/2016 2687/8063/2016 2688/8062/2016 2682/8061/2016
o group36148719
g mesh36148719
usemtl mat5
f 2692/8068/2017 2691/8067/2017 2690/8066/2017 2689/8065/2017
f 2696/8072/2018 2695/8071/2018 2694/8070/2018 2693/8069/2018
f 2690/8076/2019 2696/8075/2019 2693/8074/2019 2689/8073/2019
f 2694/8080/2020 2695/8079/2020 2691/8078/2020 2692/8077/2020
f 2693/8084/2021 2694/8083/2021 2692/8082/2021 2689/8081/2021
f 2691/8088/2022 2695/8087/2022 2696/8086/2022 2690/8085/2022
o group1640258073
g mesh1640258073
usemtl mat5
f 2700/8092/2023 2699/8091/2023 2698/8090/2023 2697/8089/2023
f 2704/8096/2024 2703/8095/2024 2702/8094/2024 2701/8093/2024
f 2698/8100/2025 2704/8099/2025 2701/8098/2025 2697/8097/2025
f 2702/8104/2026 2703/8103/2026 2699/8102/2026 2700/8101/2026
f 2701/8108/2027 2702/8107/2027 2700/8106/2027 2697/8105/2027
f 2699/8112/2028 2703/8111/2028 2704/8110/2028 2698/8109/2028
o group1371433706
g mesh1371433706
usemtl mat21
f 2708/8116/2029 2707/8115/2029 2706/8114/2029 2705/8113/2029
f 2712/8120/2030 2711/8119/2030 2710/8118/2030 2709/8117/2030
f 2706/8124/2031 2712/8123/2031 2709/8122/2031 2705/8121/2031
f 2710/8128/2032 2711/8127/2032 2707/8126/2032 2708/8125/2032
f 2709/8132/2033 2710/8131/2033 2708/8130/2033 2705/8129/2033
f 2707/8136/2034 2711/8135/2034 2712/8134/2034 2706/8133/2034
o group105406813
g mesh105406813
usemtl mat21
f 2716/8140/2035 2715/8139/2035 2714/8138/2035 2713/8137/2035
f 2720/8144/2036 2719/8143/2036 2718/8142/2036 2717/8141/2036
f 2714/8148/2037 2720/8147/2037 2717/8146/2037 2713/8145/2037
f 2718/8152/2038 2719/8151/2038 2715/8150/2038 2716/8149/2038
f 2717/8156/2039 2718/8155/2039 2716/8154/2039 2713/8153/2039
f 2715/8160/2040 2719/8159/2040 2720/8158/2040 2714/8157/2040
o group84681259
g mesh84681259
usemtl mat5
f 2724/8164/2041 2723/8163/2041 2722/8162/2041 2721/8161/2041
f 2728/8168/2042 2727/8167/2042 2726/8166/2042 2725/8165/2042
f 2722/8172/2043 2728/8171/2043 2725/8170/2043 2721/8169/2043
f 2726/8176/2044 2727/8175/2044 2723/8174/2044 2724/8173/2044
f 2725/8180/2045 2726/8179/2045 2724/8178/2045 2721/8177/2045
f 2723/8184/2046 2727/8183/2046 2728/8182/2046 2722/8181/2046
o group2067850998
g mesh2067850998
usemtl mat5
f 2732/8188/2047 2731/8187/2047 2730/8186/2047 2729/8185/2047
f 2736/8192/2048 2735/8191/2048 2734/8190/2048 2733/8189/2048
f 2730/8196/2049 2736/8195/2049 2733/8194/2049 2729/8193/2049
f 2734/8200/2050 2735/8199/2050 2731/8198/2050 2732/8197/2050
f 2733/8204/2051 2734/8203/2051 2732/8202/2051 2729/8201/2051
f 2731/8208/2052 2735/8207/2052 2736/8206/2052 2730/8205/2052
o group1708812055
g mesh1708812055
usemtl mat21
f 2740/8212/2053 2739/8211/2053 2738/8210/2053 2737/8209/2053
f 2744/8216/2054 2743/8215/2054 2742/8214/2054 2741/8213/2054
f 2738/8220/2055 2744/8219/2055 2741/8218/2055 2737/8217/2055
f 2742/8224/2056 2743/8223/2056 2739/8222/2056 2740/8221/2056
f 2741/8228/2057 2742/8227/2057 2740/8226/2057 2737/8225/2057
f 2739/8232/2058 2743/8231/2058 2744/8230/2058 2738/8229/2058
o group1247176354
g mesh1247176354
usemtl mat21
f 2748/8236/2059 2747/8235/2059 2746/8234/2059 2745/8233/2059
f 2752/8240/2060 2751/8239/2060 2750/8238/2060 2749/8237/2060
f 2746/8244/2061 2752/8243/2061 2749/8242/2061 2745/8241/2061
f 2750/8248/2062 2751/8247/2062 2747/8246/2062 2748/8245/2062
f 2749/8252/2063 2750/8251/2063 2748/8250/2063 2745/8249/2063
f 2747/8256/2064 2751/8255/2064 2752/8254/2064 2746/8253/2064
o group196731964
g mesh196731964
usemtl mat21
f 2756/8260/2065 2755/8259/2065 2754/8258/2065 2753/8257/2065
f 2760/8264/2066 2759/8263/2066 2758/8262/2066 2757/8261/2066
f 2754/8268/2067 2760/8267/2067 2757/8266/2067 2753/8265/2067
f 2758/8272/2068 2759/8271/2068 2755/8270/2068 2756/8269/2068
f 2757/8276/2069 2758/8275/2069 2756/8274/2069 2753/8273/2069
f 2755/8280/2070 2759/8279/2070 2760/8278/2070 2754/8277/2070
o group1470834747
g mesh1470834747
usemtl mat5
f 2764/8284/2071 2763/8283/2071 2762/8282/2071 2761/8281/2071
f 2768/8288/2072 2767/8287/2072 2766/8286/2072 2765/8285/2072
f 2762/8292/2073 2768/8291/2073 2765/8290/2073 2761/8289/2073
f 2766/8296/2074 2767/8295/2074 2763/8294/2074 2764/8293/2074
f 2765/8300/2075 2766/8299/2075 2764/8298/2075 2761/8297/2075
f 2763/8304/2076 2767/8303/2076 2768/8302/2076 2762/8301/2076
o group1863903590
g mesh1863903590
usemtl mat23
f 2772/8308/2077 2771/8307/2077 2770/8306/2077 2769/8305/2077
f 2776/8312/2078 2775/8311/2078 2774/8310/2078 2773/8309/2078
f 2770/8316/2079 2776/8315/2079 2773/8314/2079 2769/8313/2079
f 2774/8320/2080 2775/8319/2080 2771/8318/2080 2772/8317/2080
f 2773/8324/2081 2774/8323/2081 2772/8322/2081 2769/8321/2081
f 2771/8328/2082 2775/8327/2082 2776/8326/2082 2770/8325/2082
o group14173137
g mesh14173137
usemtl mat23
f 2780/8332/2083 2779/8331/2083 2778/8330/2083 2777/8329/2083
f 2784/8336/2084 2783/8335/2084 2782/8334/2084 2781/8333/2084
f 2778/8340/2085 2784/8339/2085 2781/8338/2085 2777/8337/2085
f 2782/8344/2086 2783/8343/2086 2779/8342/2086 2780/8341/2086
f 2781/8348/2087 2782/8347/2087 2780/8346/2087 2777/8345/2087
f 2779/8352/2088 2783/8351/2088 2784/8350/2088 2778/8349/2088
o group1058724252
g mesh1058724252
usemtl mat23
f 2788/8356/2089 2787/8355/2089 2786/8354/2089 2785/8353/2089
f 2792/8360/2090 2791/8359/2090 2790/8358/2090 2789/8357/2090
f 2786/8364/2091 2792/8363/2091 2789/8362/2091 2785/8361/2091
f 2790/8368/2092 2791/8367/2092 2787/8366/2092 2788/8365/2092
f 2789/8372/2093 2790/8371/2093 2788/8370/2093 2785/8369/2093
f 2787/8376/2094 2791/8375/2094 2792/8374/2094 2786/8373/2094
o group1794150563
g mesh1794150563
usemtl mat23
f 2796/8380/2095 2795/8379/2095 2794/8378/2095 2793/8377/2095
f 2800/8384/2096 2799/8383/2096 2798/8382/2096 2797/8381/2096
f 2794/8388/2097 2800/8387/2097 2797/8386/2097 2793/8385/2097
f 2798/8392/2098 2799/8391/2098 2795/8390/2098 2796/8389/2098
f 2797/8396/2099 2798/8395/2099 2796/8394/2099 2793/8393/2099
f 2795/8400/2100 2799/8399/2100 2800/8398/2100 2794/8397/2100
o group1020182507
g mesh1020182507
usemtl mat5
f 2804/8404/2101 2803/8403/2101 2802/8402/2101 2801/8401/2101
f 2808/8408/2102 2807/8407/2102 2806/8406/2102 2805/8405/2102
f 2802/8412/2103 2808/8411/2103 2805/8410/2103 2801/8409/2103
f 2806/8416/2104 2807/8415/2104 2803/8414/2104 2804/8413/2104
f 2805/8420/2105 2806/8419/2105 2804/8418/2105 2801/8417/2105
f 2803/8424/2106 2807/8423/2106 2808/8422/2106 2802/8421/2106
o group983543633
g mesh983543633
usemtl mat23
f 2812/8428/2107 2811/8427/2107 2810/8426/2107 2809/8425/2107
f 2816/8432/2108 2815/8431/2108 2814/8430/2108 2813/8429/2108
f 2810/8436/2109 2816/8435/2109 2813/8434/2109 2809/8433/2109
f 2814/8440/2110 2815/8439/2110 2811/8438/2110 2812/8437/2110
f 2813/8444/2111 2814/8443/2111 2812/8442/2111 2809/8441/2111
f 2811/8448/2112 2815/8447/2112 2816/8446/2112 2810/8445/2112
o group2031328601
g mesh2031328601
usemtl mat23
f 2820/8452/2113 2819/8451/2113 2818/8450/2113 2817/8449/2113
f 2824/8456/2114 2823/8455/2114 2822/8454/2114 2821/8453/2114
f 2818/8460/2115 2824/8459/2115 2821/8458/2115 2817/8457/2115
f 2822/8464/2116 2823/8463/2116 2819/8462/2116 2820/8461/2116
f 2821/8468/2117 2822/8467/2117 2820/8466/2117 2817/8465/2117
f 2819/8472/2118 2823/8471/2118 2824/8470/2118 2818/8469/2118
o group1236048321
g mesh1236048321
usemtl mat5
f 2828/8476/2119 2827/8475/2119 2826/8474/2119 2825/8473/2119
f 2832/8480/2120 2831/8479/2120 2830/8478/2120 2829/8477/2120
f 2826/8484/2121 2832/8483/2121 2829/8482/2121 2825/8481/2121
f 2830/8488/2122 2831/8487/2122 2827/8486/2122 2828/8485/2122
f 2829/8492/2123 2830/8491/2123 2828/8490/2123 2825/8489/2123
f 2827/8496/2124 2831/8495/2124 2832/8494/2124 2826/8493/2124
o group491917743
g mesh491917743
usemtl mat5
f 2836/8500/2125 2835/8499/2125 2834/8498/2125 2833/8497/2125
f 2840/8504/2126 2839/8503/2126 2838/8502/2126 2837/8501/2126
f 2834/8508/2127 2840/8507/2127 2837/8506/2127 2833/8505/2127
f 2838/8512/2128 2839/8511/2128 2835/8510/2128 2836/8509/2128
f 2837/8516/2129 2838/8515/2129 2836/8514/2129 2833/8513/2129
f 2835/8520/2130 2839/8519/2130 2840/8518/2130 2834/8517/2130
o group353075929
g mesh353075929
usemtl mat5
f 2844/8524/2131 2843/8523/2131 2842/8522/2131 2841/8521/2131
f 2848/8528/2132 2847/8527/2132 2846/8526/2132 2845/8525/2132
f 2842/8532/2133 2848/8531/2133 2845/8530/2133 2841/8529/2133
f 2846/8536/2134 2847/8535/2134 2843/8534/2134 2844/8533/2134
f 2845/8540/2135 2846/8539/2135 2844/8538/2135 2841/8537/2135
f 2843/8544/2136 2847/8543/2136 2848/8542/2136 2842/8541/2136
o group1018663005
g mesh1018663005
usemtl mat18
f 2852/8548/2137 2851/8547/2137 2850/8546/2137 2849/8545/2137
f 2856/8552/2138 2855/8551/2138 2854/8550/2138 2853/8549/2138
f 2850/8556/2139 2856/8555/2139 2853/8554/2139 2849/8553/2139
f 2854/8560/2140 2855/8559/2140 2851/8558/2140 2852/8557/2140
f 2853/8564/2141 2854/8563/2141 2852/8562/2141 2849/8561/2141
f 2851/8568/2142 2855/8567/2142 2856/8566/2142 2850/8565/2142
o group824720481
g mesh824720481
usemtl mat23
f 2860/8572/2143 2859/8571/2143 2858/8570/2143 2857/8569/2143
f 2864/8576/2144 2863/8575/2144 2862/8574/2144 2861/8573/2144
f 2858/8580/2145 2864/8579/2145 2861/8578/2145 2857/8577/2145
f 2862/8584/2146 2863/8583/2146 2859/8582/2146 2860/8581/2146
f 2861/8588/2147 2862/8587/2147 2860/8586/2147 2857/8585/2147
f 2859/8592/2148 2863/8591/2148 2864/8590/2148 2858/8589/2148
o group924478668
g mesh924478668
usemtl mat23
f 2868/8596/2149 2867/8595/2149 2866/8594/2149 2865/8593/2149
f 2872/8600/2150 2871/8599/2150 2870/8598/2150 2869/8597/2150
f 2866/8604/2151 2872/8603/2151 2869/8602/2151 2865/8601/2151
f 2870/8608/2152 2871/8607/2152 2867/8606/2152 2868/8605/2152
f 2869/8612/2153 2870/8611/2153 2868/8610/2153 2865/8609/2153
f 2867/8616/2154 2871/8615/2154 2872/8614/2154 2866/8613/2154
o group257710202
g mesh257710202
usemtl mat18
f 2876/8620/2155 2875/8619/2155 2874/8618/2155 2873/8617/2155
f 2880/8624/2156 2879/8623/2156 2878/8622/2156 2877/8621/2156
f 2874/8628/2157 2880/8627/2157 2877/8626/2157 2873/8625/2157
f 2878/8632/2158 2879/8631/2158 2875/8630/2158 2876/8629/2158
f 2877/8636/2159 2878/8635/2159 2876/8634/2159 2873/8633/2159
f 2875/8640/2160 2879/8639/2160 2880/8638/2160 2874/8637/2160
o group1701869189
g mesh1701869189
usemtl mat18
f 2884/8644/2161 2883/8643/2161 2882/8642/2161 2881/8641/2161
f 2888/8648/2162 2887/8647/2162 2886/8646/2162 2885/8645/2162
f 2882/8652/2163 2888/8651/2163 2885/8650/2163 2881/8649/2163
f 2886/8656/2164 2887/8655/2164 2883/8654/2164 2884/8653/2164
f 2885/8660/2165 2886/8659/2165 2884/8658/2165 2881/8657/2165
f 2883/8664/2166 2887/8663/2166 2888/8662/2166 2882/8661/2166
o group1105747987
g mesh1105747987
usemtl mat18
f 2892/8668/2167 2891/8667/2167 2890/8666/2167 2889/8665/2167
f 2896/8672/2168 2895/8671/2168 2894/8670/2168 2893/8669/2168
f 2890/8676/2169 2896/8675/2169 2893/8674/2169 2889/8673/2169
f 2894/8680/2170 2895/8679/2170 2891/8678/2170 2892/8677/2170
f 2893/8684/2171 2894/8683/2171 2892/8682/2171 2889/8681/2171
f 2891/8688/2172 2895/8687/2172 2896/8686/2172 2890/8685/2172
o group128562843
g mesh128562843
usemtl mat21
f 2900/8692/2173 2899/8691/2173 2898/8690/2173 2897/8689/2173
f 2904/8696/2174 2903/8695/2174 2902/8694/2174 2901/8693/2174
f 2898/8700/2175 2904/8699/2175 2901/8698/2175 2897/8697/2175
f 2902/8704/2176 2903/8703/2176 2899/8702/2176 2900/8701/2176
f 2901/8708/2177 2902/8707/2177 2900/8706/2177 2897/8705/2177
f 2899/8712/2178 2903/8711/2178 2904/8710/2178 2898/8709/2178
o group629161966
g mesh629161966
usemtl mat23
f 2908/8716/2179 2907/8715/2179 2906/8714/2179 2905/8713/2179
f 2912/8720/2180 2911/8719/2180 2910/8718/2180 2909/8717/2180
f 2906/8724/2181 2912/8723/2181 2909/8722/2181 2905/8721/2181
f 2910/8728/2182 2911/8727/2182 2907/8726/2182 2908/8725/2182
f 2909/8732/2183 2910/8731/2183 2908/8730/2183 2905/8729/2183
f 2907/8736/2184 2911/8735/2184 2912/8734/2184 2906/8733/2184
o group917729658
g mesh917729658
usemtl mat18
f 2916/8740/2185 2915/8739/2185 2914/8738/2185 2913/8737/2185
f 2920/8744/2186 2919/8743/2186 2918/8742/2186 2917/8741/2186
f 2914/8748/2187 2920/8747/2187 2917/8746/2187 2913/8745/2187
f 2918/8752/2188 2919/8751/2188 2915/8750/2188 2916/8749/2188
f 2917/8756/2189 2918/8755/2189 2916/8754/2189 2913/8753/2189
f 2915/8760/2190 2919/8759/2190 2920/8758/2190 2914/8757/2190
o group1177352653
g mesh1177352653
usemtl mat23
f 2924/8764/2191 2923/8763/2191 2922/8762/2191 2921/8761/2191
f 2928/8768/2192 2927/8767/2192 2926/8766/2192 2925/8765/2192
f 2922/8772/2193 2928/8771/2193 2925/8770/2193 2921/8769/2193
f 2926/8776/2194 2927/8775/2194 2923/8774/2194 2924/8773/2194
f 2925/8780/2195 2926/8779/2195 2924/8778/2195 2921/8777/2195
f 2923/8784/2196 2927/8783/2196 2928/8782/2196 2922/8781/2196
o group1844125525
g mesh1844125525
usemtl mat23
f 2932/8788/2197 2931/8787/2197 2930/8786/2197 2929/8785/2197
f 2936/8792/2198 2935/8791/2198 2934/8790/2198 2933/8789/2198
f 2930/8796/2199 2936/8795/2199 2933/8794/2199 2929/8793/2199
f 2934/8800/2200 2935/8799/2200 2931/8798/2200 2932/8797/2200
f 2933/8804/2201 2934/8803/2201 2932/8802/2201 2929/8801/2201
f 2931/8808/2202 2935/8807/2202 2936/8806/2202 2930/8805/2202
o group609754777
g mesh609754777
usemtl mat23
f 2940/8812/2203 2939/8811/2203 2938/8810/2203 2937/8809/2203
f 2944/8816/2204 2943/8815/2204 2942/8814/2204 2941/8813/2204
f 2938/8820/2205 2944/8819/2205 2941/8818/2205 2937/8817/2205
f 2942/8824/2206 2943/8823/2206 2939/8822/2206 2940/8821/2206
f 2941/8828/2207 2942/8827/2207 2940/8826/2207 2937/8825/2207
f 2939/8832/2208 2943/8831/2208 2944/8830/2208 2938/8829/2208
o group695144997
g mesh695144997
usemtl mat23
f 2948/8836/2209 2947/8835/2209 2946/8834/2209 2945/8833/2209
f 2952/8840/2210 2951/8839/2210 2950/8838/2210 2949/8837/2210
f 2946/8844/2211 2952/8843/2211 2949/8842/2211 2945/8841/2211
f 2950/8848/2212 2951/8847/2212 2947/8846/2212 2948/8845/2212
f 2949/8852/2213 2950/8851/2213 2948/8850/2213 2945/8849/2213
f 2947/8856/2214 2951/8855/2214 2952/8854/2214 2946/8853/2214
o group1848606349
g mesh1848606349
usemtl mat18
f 2956/8860/2215 2955/8859/2215 2954/8858/2215 2953/8857/2215
f 2960/8864/2216 2959/8863/2216 2958/8862/2216 2957/8861/2216
f 2954/8868/2217 2960/8867/2217 2957/8866/2217 2953/8865/2217
f 2958/8872/2218 2959/8871/2218 2955/8870/2218 2956/8869/2218
f 2957/8876/2219 2958/8875/2219 2956/8874/2219 2953/8873/2219
f 2955/8880/2220 2959/8879/2220 2960/8878/2220 2954/8877/2220
o group1787769633
g mesh1787769633
usemtl mat18
f 2964/8884/2221 2963/8883/2221 2962/8882/2221 2961/8881/2221
f 2968/8888/2222 2967/8887/2222 2966/8886/2222 2965/8885/2222
f 2962/8892/2223 2968/8891/2223 2965/8890/2223 2961/8889/2223
f 2966/8896/2224 2967/8895/2224 2963/8894/2224 2964/8893/2224
f 2965/8900/2225 2966/8899/2225 2964/8898/2225 2961/8897/2225
f 2963/8904/2226 2967/8903/2226 2968/8902/2226 2962/8901/2226
o group968322814
g mesh968322814
usemtl mat23
f 2972/8908/2227 2971/8907/2227 2970/8906/2227 2969/8905/2227
f 2976/8912/2228 2975/8911/2228 2974/8910/2228 2973/8909/2228
f 2970/8916/2229 2976/8915/2229 2973/8914/2229 2969/8913/2229
f 2974/8920/2230 2975/8919/2230 2971/8918/2230 2972/8917/2230
f 2973/8924/2231 2974/8923/2231 2972/8922/2231 2969/8921/2231
f 2971/8928/2232 2975/8927/2232 2976/8926/2232 2970/8925/2232
o group862830989
g mesh862830989
usemtl mat23
f 2980/8932/2233 2979/8931/2233 2978/8930/2233 2977/8929/2233
f 2984/8936/2234 2983/8935/2234 2982/8934/2234 2981/8933/2234
f 2978/8940/2235 2984/8939/2235 2981/8938/2235 2977/8937/2235
f 2982/8944/2236 2983/8943/2236 2979/8942/2236 2980/8941/2236
f 2981/8948/2237 2982/8947/2237 2980/8946/2237 2977/8945/2237
f 2979/8952/2238 2983/8951/2238 2984/8950/2238 2978/8949/2238
o group1596169221
g mesh1596169221
usemtl mat23
f 2988/8956/2239 2987/8955/2239 2986/8954/2239 2985/8953/2239
f 2992/8960/2240 2991/8959/2240 2990/8958/2240 2989/8957/2240
f 2986/8964/2241 2992/8963/2241 2989/8962/2241 2985/8961/2241
f 2990/8968/2242 2991/8967/2242 2987/8966/2242 2988/8965/2242
f 2989/8972/2243 2990/8971/2243 2988/8970/2243 2985/8969/2243
f 2987/8976/2244 2991/8975/2244 2992/8974/2244 2986/8973/2244
o group566622324
g mesh566622324
usemtl mat18
f 2996/8980/2245 2995/8979/2245 2994/8978/2245 2993/8977/2245
f 3000/8984/2246 2999/8983/2246 2998/8982/2246 2997/8981/2246
f 2994/8988/2247 3000/8987/2247 2997/8986/2247 2993/8985/2247
f 2998/8992/2248 2999/8991/2248 2995/8990/2248 2996/8989/2248
f 2997/8996/2249 2998/8995/2249 2996/8994/2249 2993/8993/2249
f 2995/9000/2250 2999/8999/2250 3000/8998/2250 2994/8997/2250
o group1155585984
g mesh1155585984
usemtl mat18
f 3004/9004/2251 3003/9003/2251 3002/9002/2251 3001/9001/2251
f 3008/9008/2252 3007/9007/2252 3006/9006/2252 3005/9005/2252
f 3002/9012/2253 3008/9011/2253 3005/9010/2253 3001/9009/2253
f 3006/9016/2254 3007/9015/2254 3003/9014/2254 3004/9013/2254
f 3005/9020/2255 3006/9019/2255 3004/9018/2255 3001/9017/2255
f 3003/9024/2256 3007/9023/2256 3008/9022/2256 3002/9021/2256
o group1455004709
g mesh1455004709
usemtl mat18
f 3012/9028/2257 3011/9027/2257 3010/9026/2257 3009/9025/2257
f 3016/9032/2258 3015/9031/2258 3014/9030/2258 3013/9029/2258
f 3010/9036/2259 3016/9035/2259 3013/9034/2259 3009/9033/2259
f 3014/9040/2260 3015/9039/2260 3011/9038/2260 3012/9037/2260
f 3013/9044/2261 3014/9043/2261 3012/9042/2261 3009/9041/2261
f 3011/9048/2262 3015/9047/2262 3016/9046/2262 3010/9045/2262
o group16009432
g mesh16009432
usemtl mat18
f 3020/9052/2263 3019/9051/2263 3018/9050/2263 3017/9049/2263
f 3024/9056/2264 3023/9055/2264 3022/9054/2264 3021/9053/2264
f 3018/9060/2265 3024/9059/2265 3021/9058/2265 3017/9057/2265
f 3022/9064/2266 3023/9063/2266 3019/9062/2266 3020/9061/2266
f 3021/9068/2267 3022/9067/2267 3020/9066/2267 3017/9065/2267
f 3019/9072/2268 3023/9071/2268 3024/9070/2268 3018/9069/2268
o group414192901
g mesh414192901
usemtl mat18
f 3028/9076/2269 3027/9075/2269 3026/9074/2269 3025/9073/2269
f 3032/9080/2270 3031/9079/2270 3030/9078/2270 3029/9077/2270
f 3026/9084/2271 3032/9083/2271 3029/9082/2271 3025/9081/2271
f 3030/9088/2272 3031/9087/2272 3027/9086/2272 3028/9085/2272
f 3029/9092/2273 3030/9091/2273 3028/9090/2273 3025/9089/2273
f 3027/9096/2274 3031/9095/2274 3032/9094/2274 3026/9093/2274
o group1263241736
g mesh1263241736
usemtl mat18
f 3036/9100/2275 3035/9099/2275 3034/9098/2275 3033/9097/2275
f 3040/9104/2276 3039/9103/2276 3038/9102/2276 3037/9101/2276
f 3034/9108/2277 3040/9107/2277 3037/9106/2277 3033/9105/2277
f 3038/9112/2278 3039/9111/2278 3035/9110/2278 3036/9109/2278
f 3037/9116/2279 3038/9115/2279 3036/9114/2279 3033/9113/2279
f 3035/9120/2280 3039/9119/2280 3040/9118/2280 3034/9117/2280
o group2029104358
g mesh2029104358
usemtl mat18
f 3044/9124/2281 3043/9123/2281 3042/9122/2281 3041/9121/2281
f 3048/9128/2282 3047/9127/2282 3046/9126/2282 3045/9125/2282
f 3042/9132/2283 3048/9131/2283 3045/9130/2283 3041/9129/2283
f 3046/9136/2284 3047/9135/2284 3043/9134/2284 3044/9133/2284
f 3045/9140/2285 3046/9139/2285 3044/9138/2285 3041/9137/2285
f 3043/9144/2286 3047/9143/2286 3048/9142/2286 3042/9141/2286
o group2133619109
g mesh2133619109
usemtl mat5
f 3052/9148/2287 3051/9147/2287 3050/9146/2287 3049/9145/2287
f 3056/9152/2288 3055/9151/2288 3054/9150/2288 3053/9149/2288
f 3050/9156/2289 3056/9155/2289 3053/9154/2289 3049/9153/2289
f 3054/9160/2290 3055/9159/2290 3051/9158/2290 3052/9157/2290
f 3053/9164/2291 3054/9163/2291 3052/9162/2291 3049/9161/2291
f 3051/9168/2292 3055/9167/2292 3056/9166/2292 3050/9165/2292
o group189906619
g mesh189906619
usemtl mat18
f 3060/9172/2293 3059/9171/2293 3058/9170/2293 3057/9169/2293
f 3064/9176/2294 3063/9175/2294 3062/9174/2294 3061/9173/2294
f 3058/9180/2295 3064/9179/2295 3061/9178/2295 3057/9177/2295
f 3062/9184/2296 3063/9183/2296 3059/9182/2296 3060/9181/2296
f 3061/9188/2297 3062/9187/2297 3060/9186/2297 3057/9185/2297
f 3059/9192/2298 3063/9191/2298 3064/9190/2298 3058/9189/2298
o group237735717
g mesh237735717
usemtl mat23
f 3068/9196/2299 3067/9195/2299 3066/9194/2299 3065/9193/2299
f 3072/9200/2300 3071/9199/2300 3070/9198/2300 3069/9197/2300
f 3066/9204/2301 3072/9203/2301 3069/9202/2301 3065/9201/2301
f 3070/9208/2302 3071/9207/2302 3067/9206/2302 3068/9205/2302
f 3069/9212/2303 3070/9211/2303 3068/9210/2303 3065/9209/2303
f 3067/9216/2304 3071/9215/2304 3072/9214/2304 3066/9213/2304
o group130440380
g mesh130440380
usemtl mat5
f 3076/9220/2305 3075/9219/2305 3074/9218/2305 3073/9217/2305
f 3080/9224/2306 3079/9223/2306 3078/9222/2306 3077/9221/2306
f 3074/9228/2307 3080/9227/2307 3077/9226/2307 3073/9225/2307
f 3078/9232/2308 3079/9231/2308 3075/9230/2308 3076/9229/2308
f 3077/9236/2309 3078/9235/2309 3076/9234/2309 3073/9233/2309
f 3075/9240/2310 3079/9239/2310 3080/9238/2310 3074/9237/2310
o group655504729
g mesh655504729
usemtl mat18
f 3084/9244/2311 3083/9243/2311 3082/9242/2311 3081/9241/2311
f 3088/9248/2312 3087/9247/2312 3086/9246/2312 3085/9245/2312
f 3082/9252/2313 3088/9251/2313 3085/9250/2313 3081/9249/2313
f 3086/9256/2314 3087/9255/2314 3083/9254/2314 3084/9253/2314
f 3085/9260/2315 3086/9259/2315 3084/9258/2315 3081/9257/2315
f 3083/9264/2316 3087/9263/2316 3088/9262/2316 3082/9261/2316
o group1883455459
g mesh1883455459
usemtl mat23
f 3092/9268/2317 3091/9267/2317 3090/9266/2317 3089/9265/2317
f 3096/9272/2318 3095/9271/2318 3094/9270/2318 3093/9269/2318
f 3090/9276/2319 3096/9275/2319 3093/9274/2319 3089/9273/2319
f 3094/9280/2320 3095/9279/2320 3091/9278/2320 3092/9277/2320
f 3093/9284/2321 3094/9283/2321 3092/9282/2321 3089/9281/2321
f 3091/9288/2322 3095/9287/2322 3096/9286/2322 3090/9285/2322
o group497487439
g mesh497487439
usemtl mat23
f 3100/9292/2323 3099/9291/2323 3098/9290/2323 3097/9289/2323
f 3104/9296/2324 3103/9295/2324 3102/9294/2324 3101/9293/2324
f 3098/9300/2325 3104/9299/2325 3101/9298/2325 3097/9297/2325
f 3102/9304/2326 3103/9303/2326 3099/9302/2326 3100/9301/2326
f 3101/9308/2327 3102/9307/2327 3100/9306/2327 3097/9305/2327
f 3099/9312/2328 3103/9311/2328 3104/9310/2328 3098/9309/2328
o group2017802167
g mesh2017802167
usemtl mat23
f 3108/9316/2329 3107/9315/2329 3106/9314/2329 3105/9313/2329
f 3112/9320/2330 3111/9319/2330 3110/9318/2330 3109/9317/2330
f 3106/9324/2331 3112/9323/2331 3109/9322/2331 3105/9321/2331
f 3110/9328/2332 3111/9327/2332 3107/9326/2332 3108/9325/2332
f 3109/9332/2333 3110/9331/2333 3108/9330/2333 3105/9329/2333
f 3107/9336/2334 3111/9335/2334 3112/9334/2334 3106/9333/2334
o group2012489401
g mesh2012489401
usemtl mat5
f 3116/9340/2335 3115/9339/2335 3114/9338/2335 3113/9337/2335
f 3120/9344/2336 3119/9343/2336 3118/9342/2336 3117/9341/2336
f 3114/9348/2337 3120/9347/2337 3117/9346/2337 3113/9345/2337
f 3118/9352/2338 3119/9351/2338 3115/9350/2338 3116/9349/2338
f 3117/9356/2339 3118/9355/2339 3116/9354/2339 3113/9353/2339
f 3115/9360/2340 3119/9359/2340 3120/9358/2340 3114/9357/2340
o group1481615973
g mesh1481615973
usemtl mat23
f 3124/9364/2341 3123/9363/2341 3122/9362/2341 3121/9361/2341
f 3128/9368/2342 3127/9367/2342 3126/9366/2342 3125/9365/2342
f 3122/9372/2343 3128/9371/2343 3125/9370/2343 3121/9369/2343
f 3126/9376/2344 3127/9375/2344 3123/9374/2344 3124/9373/2344
f 3125/9380/2345 3126/9379/2345 3124/9378/2345 3121/9377/2345
f 3123/9384/2346 3127/9383/2346 3128/9382/2346 3122/9381/2346
o group1573877589
g mesh1573877589
usemtl mat5
f 3132/9388/2347 3131/9387/2347 3130/9386/2347 3129/9385/2347
f 3136/9392/2348 3135/9391/2348 3134/9390/2348 3133/9389/2348
f 3130/9396/2349 3136/9395/2349 3133/9394/2349 3129/9393/2349
f 3134/9400/2350 3135/9399/2350 3131/9398/2350 3132/9397/2350
f 3133/9404/2351 3134/9403/2351 3132/9402/2351 3129/9401/2351
f 3131/9408/2352 3135/9407/2352 3136/9406/2352 3130/9405/2352
o group945113076
g mesh945113076
usemtl mat23
f 3140/9412/2353 3139/9411/2353 3138/9410/2353 3137/9409/2353
f 3144/9416/2354 3143/9415/2354 3142/9414/2354 3141/9413/2354
f 3138/9420/2355 3144/9419/2355 3141/9418/2355 3137/9417/2355
f 3142/9424/2356 3143/9423/2356 3139/9422/2356 3140/9421/2356
f 3141/9428/2357 3142/9427/2357 3140/9426/2357 3137/9425/2357
f 3139/9432/2358 3143/9431/2358 3144/9430/2358 3138/9429/2358
o group1670311004
g mesh1670311004
usemtl mat23
f 3148/9436/2359 3147/9435/2359 3146/9434/2359 3145/9433/2359
f 3152/9440/2360 3151/9439/2360 3150/9438/2360 3149/9437/2360
f 3146/9444/2361 3152/9443/2361 3149/9442/2361 3145/9441/2361
f 3150/9448/2362 3151/9447/2362 3147/9446/2362 3148/9445/2362
f 3149/9452/2363 3150/9451/2363 3148/9450/2363 3145/9449/2363
f 3147/9456/2364 3151/9455/2364 3152/9454/2364 3146/9453/2364
o group465120827
g mesh465120827
usemtl mat5
f 3156/9460/2365 3155/9459/2365 3154/9458/2365 3153/9457/2365
f 3160/9464/2366 3159/9463/2366 3158/9462/2366 3157/9461/2366
f 3154/9468/2367 3160/9467/2367 3157/9466/2367 3153/9465/2367
f 3158/9472/2368 3159/9471/2368 3155/9470/2368 3156/9469/2368
f 3157/9476/2369 3158/9475/2369 3156/9474/2369 3153/9473/2369
f 3155/9480/2370 3159/9479/2370 3160/9478/2370 3154/9477/2370
o group1263842092
g mesh1263842092
usemtl mat5
f 3164/9484/2371 3163/9483/2371 3162/9482/2371 3161/9481/2371
f 3168/9488/2372 3167/9487/2372 3166/9486/2372 3165/9485/2372
f 3162/9492/2373 3168/9491/2373 3165/9490/2373 3161/9489/2373
f 3166/9496/2374 3167/9495/2374 3163/9494/2374 3164/9493/2374
f 3165/9500/2375 3166/9499/2375 3164/9498/2375 3161/9497/2375
f 3163/9504/2376 3167/9503/2376 3168/9502/2376 3162/9501/2376
o group1205020009
g mesh1205020009
usemtl mat23
f 3172/9508/2377 3171/9507/2377 3170/9506/2377 3169/9505/2377
f 3176/9512/2378 3175/9511/2378 3174/9510/2378 3173/9509/2378
f 3170/9516/2379 3176/9515/2379 3173/9514/2379 3169/9513/2379
f 3174/9520/2380 3175/9519/2380 3171/9518/2380 3172/9517/2380
f 3173/9524/2381 3174/9523/2381 3172/9522/2381 3169/9521/2381
f 3171/9528/2382 3175/9527/2382 3176/9526/2382 3170/9525/2382
o group112642834
g mesh112642834
usemtl mat5
f 3180/9532/2383 3179/9531/2383 3178/9530/2383 3177/9529/2383
f 3184/9536/2384 3183/9535/2384 3182/9534/2384 3181/9533/2384
f 3178/9540/2385 3184/9539/2385 3181/9538/2385 3177/9537/2385
f 3182/9544/2386 3183/9543/2386 3179/9542/2386 3180/9541/2386
f 3181/9548/2387 3182/9547/2387 3180/9546/2387 3177/9545/2387
f 3179/9552/2388 3183/9551/2388 3184/9550/2388 3178/9549/2388
o group680554030
g mesh680554030
usemtl mat23
f 3188/9556/2389 3187/9555/2389 3186/9554/2389 3185/9553/2389
f 3192/9560/2390 3191/9559/2390 3190/9558/2390 3189/9557/2390
f 3186/9564/2391 3192/9563/2391 3189/9562/2391 3185/9561/2391
f 3190/9568/2392 3191/9567/2392 3187/9566/2392 3188/9565/2392
f 3189/9572/2393 3190/9571/2393 3188/9570/2393 3185/9569/2393
f 3187/9576/2394 3191/9575/2394 3192/9574/2394 3186/9573/2394
o group1188629627
g mesh1188629627
usemtl mat23
f 3196/9580/2395 3195/9579/2395 3194/9578/2395 3193/9577/2395
f 3200/9584/2396 3199/9583/2396 3198/9582/2396 3197/9581/2396
f 3194/9588/2397 3200/9587/2397 3197/9586/2397 3193/9585/2397
f 3198/9592/2398 3199/9591/2398 3195/9590/2398 3196/9589/2398
f 3197/9596/2399 3198/9595/2399 3196/9594/2399 3193/9593/2399
f 3195/9600/2400 3199/9599/2400 3200/9598/2400 3194/9597/2400
o group15830038
g mesh15830038
usemtl mat23
f 3204/9604/2401 3203/9603/2401 3202/9602/2401 3201/9601/2401
f 3208/9608/2402 3207/9607/2402 3206/9606/2402 3205/9605/2402
f 3202/9612/2403 3208/9611/2403 3205/9610/2403 3201/9609/2403
f 3206/9616/2404 3207/9615/2404 3203/9614/2404 3204/9613/2404
f 3205/9620/2405 3206/9619/2405 3204/9618/2405 3201/9617/2405
f 3203/9624/2406 3207/9623/2406 3208/9622/2406 3202/9621/2406
o group1847894158
g mesh1847894158
usemtl mat23
f 3212/9628/2407 3211/9627/2407 3210/9626/2407 3209/9625/2407
f 3216/9632/2408 3215/9631/2408 3214/9630/2408 3213/9629/2408
f 3210/9636/2409 3216/9635/2409 3213/9634/2409 3209/9633/2409
f 3214/9640/2410 3215/9639/2410 3211/9638/2410 3212/9637/2410
f 3213/9644/2411 3214/9643/2411 3212/9642/2411 3209/9641/2411
f 3211/9648/2412 3215/9647/2412 3216/9646/2412 3210/9645/2412
o group1747463883
g mesh1747463883
usemtl mat23
f 3220/9652/2413 3219/9651/2413 3218/9650/2413 3217/9649/2413
f 3224/9656/2414 3223/9655/2414 3222/9654/2414 3221/9653/2414
f 3218/9660/2415 3224/9659/2415 3221/9658/2415 3217/9657/2415
f 3222/9664/2416 3223/9663/2416 3219/9662/2416 3220/9661/2416
f 3221/9668/2417 3222/9667/2417 3220/9666/2417 3217/9665/2417
f 3219/9672/2418 3223/9671/2418 3224/9670/2418 3218/9669/2418
o group1942966163
g mesh1942966163
usemtl mat23
f 3228/9676/2419 3227/9675/2419 3226/9674/2419 3225/9673/2419
f 3232/9680/2420 3231/9679/2420 3230/9678/2420 3229/9677/2420
f 3226/9684/2421 3232/9683/2421 3229/9682/2421 3225/9681/2421
f 3230/9688/2422 3231/9687/2422 3227/9686/2422 3228/9685/2422
f 3229/9692/2423 3230/9691/2423 3228/9690/2423 3225/9689/2423
f 3227/9696/2424 3231/9695/2424 3232/9694/2424 3226/9693/2424
o group1912529852
g mesh1912529852
usemtl mat23
f 3236/9700/2425 3235/9699/2425 3234/9698/2425 3233/9697/2425
f 3240/9704/2426 3239/9703/2426 3238/9702/2426 3237/9701/2426
f 3234/9708/2427 3240/9707/2427 3237/9706/2427 3233/9705/2427
f 3238/9712/2428 3239/9711/2428 3235/9710/2428 3236/9709/2428
f 3237/9716/2429 3238/9715/2429 3236/9714/2429 3233/9713/2429
f 3235/9720/2430 3239/9719/2430 3240/9718/2430 3234/9717/2430
o group1034047045
g mesh1034047045
usemtl mat18
f 3244/9724/2431 3243/9723/2431 3242/9722/2431 3241/9721/2431
f 3248/9728/2432 3247/9727/2432 3246/9726/2432 3245/9725/2432
f 3242/9732/2433 3248/9731/2433 3245/9730/2433 3241/9729/2433
f 3246/9736/2434 3247/9735/2434 3243/9734/2434 3244/9733/2434
f 3245/9740/2435 3246/9739/2435 3244/9738/2435 3241/9737/2435
f 3243/9744/2436 3247/9743/2436 3248/9742/2436 3242/9741/2436
o group793637014
g mesh793637014
usemtl mat23
f 3252/9748/2437 3251/9747/2437 3250/9746/2437 3249/9745/2437
f 3256/9752/2438 3255/9751/2438 3254/9750/2438 3253/9749/2438
f 3250/9756/2439 3256/9755/2439 3253/9754/2439 3249/9753/2439
f 3254/9760/2440 3255/9759/2440 3251/9758/2440 3252/9757/2440
f 3253/9764/2441 3254/9763/2441 3252/9762/2441 3249/9761/2441
f 3251/9768/2442 3255/9767/2442 3256/9766/2442 3250/9765/2442
o group1793592884
g mesh1793592884
usemtl mat18
f 3260/9772/2443 3259/9771/2443 3258/9770/2443 3257/9769/2443
f 3264/9776/2444 3263/9775/2444 3262/9774/2444 3261/9773/2444
f 3258/9780/2445 3264/9779/2445 3261/9778/2445 3257/9777/2445
f 3262/9784/2446 3263/9783/2446 3259/9782/2446 3260/9781/2446
f 3261/9788/2447 3262/9787/2447 3260/9786/2447 3257/9785/2447
f 3259/9792/2448 3263/9791/2448 3264/9790/2448 3258/9789/2448
o group1105607941
g mesh1105607941
usemtl mat21
f 3268/9796/2449 3267/9795/2449 3266/9794/2449 3265/9793/2449
f 3272/9800/2450 3271/9799/2450 3270/9798/2450 3269/9797/2450
f 3266/9804/2451 3272/9803/2451 3269/9802/2451 3265/9801/2451
f 3270/9808/2452 3271/9807/2452 3267/9806/2452 3268/9805/2452
f 3269/9812/2453 3270/9811/2453 3268/9810/2453 3265/9809/2453
f 3267/9816/2454 3271/9815/2454 3272/9814/2454 3266/9813/2454
o group1983896661
g mesh1983896661
usemtl mat21
f 3276/9820/2455 3275/9819/2455 3274/9818/2455 3273/9817/2455
f 3280/9824/2456 3279/9823/2456 3278/9822/2456 3277/9821/2456
f 3274/9828/2457 3280/9827/2457 3277/9826/2457 3273/9825/2457
f 3278/9832/2458 3279/9831/2458 3275/9830/2458 3276/9829/2458
f 3277/9836/2459 3278/9835/2459 3276/9834/2459 3273/9833/2459
f 3275/9840/2460 3279/9839/2460 3280/9838/2460 3274/9837/2460
o group617104117
g mesh617104117
usemtl mat23
f 3284/9844/2461 3283/9843/2461 3282/9842/2461 3281/9841/2461
f 3288/9848/2462 3287/9847/2462 3286/9846/2462 3285/9845/2462
f 3282/9852/2463 3288/9851/2463 3285/9850/2463 3281/9849/2463
f 3286/9856/2464 3287/9855/2464 3283/9854/2464 3284/9853/2464
f 3285/9860/2465 3286/9859/2465 3284/9858/2465 3281/9857/2465
f 3283/9864/2466 3287/9863/2466 3288/9862/2466 3282/9861/2466
o group521175566
g mesh521175566
usemtl mat21
f 3292/9868/2467 3291/9867/2467 3290/9866/2467 3289/9865/2467
f 3296/9872/2468 3295/9871/2468 3294/9870/2468 3293/9869/2468
f 3290/9876/2469 3296/9875/2469 3293/9874/2469 3289/9873/2469
f 3294/9880/2470 3295/9879/2470 3291/9878/2470 3292/9877/2470
f 3293/9884/2471 3294/9883/2471 3292/9882/2471 3289/9881/2471
f 3291/9888/2472 3295/9887/2472 3296/9886/2472 3290/9885/2472
o group954401961
g mesh954401961
usemtl mat23
f 3300/9892/2473 3299/9891/2473 3298/9890/2473 3297/9889/2473
f 3304/9896/2474 3303/9895/2474 3302/9894/2474 3301/9893/2474
f 3298/9900/2475 3304/9899/2475 3301/9898/2475 3297/9897/2475
f 3302/9904/2476 3303/9903/2476 3299/9902/2476 3300/9901/2476
f 3301/9908/2477 3302/9907/2477 3300/9906/2477 3297/9905/2477
f 3299/9912/2478 3303/9911/2478 3304/9910/2478 3298/9909/2478
o group1059472914
g mesh1059472914
usemtl mat23
f 3308/9916/2479 3307/9915/2479 3306/9914/2479 3305/9913/2479
f 3312/9920/2480 3311/9919/2480 3310/9918/2480 3309/9917/2480
f 3306/9924/2481 3312/9923/2481 3309/9922/2481 3305/9921/2481
f 3310/9928/2482 3311/9927/2482 3307/9926/2482 3308/9925/2482
f 3309/9932/2483 3310/9931/2483 3308/9930/2483 3305/9929/2483
f 3307/9936/2484 3311/9935/2484 3312/9934/2484 3306/9933/2484
o group923577876
g mesh923577876
usemtl mat18
f 3316/9940/2485 3315/9939/2485 3314/9938/2485 3313/9937/2485
f 3320/9944/2486 3319/9943/2486 3318/9942/2486 3317/9941/2486
f 3314/9948/2487 3320/9947/2487 3317/9946/2487 3313/9945/2487
f 3318/9952/2488 3319/9951/2488 3315/9950/2488 3316/9949/2488
f 3317/9956/2489 3318/9955/2489 3316/9954/2489 3313/9953/2489
f 3315/9960/2490 3319/9959/2490 3320/9958/2490 3314/9957/2490
o group127991600
g mesh127991600
usemtl mat18
f 3324/9964/2491 3323/9963/2491 3322/9962/2491 3321/9961/2491
f 3328/9968/2492 3327/9967/2492 3326/9966/2492 3325/9965/2492
f 3322/9972/2493 3328/9971/2493 3325/9970/2493 3321/9969/2493
f 3326/9976/2494 3327/9975/2494 3323/9974/2494 3324/9973/2494
f 3325/9980/2495 3326/9979/2495 3324/9978/2495 3321/9977/2495
f 3323/9984/2496 3327/9983/2496 3328/9982/2496 3322/9981/2496
o group160634911
g mesh160634911
usemtl mat23
f 3332/9988/2497 3331/9987/2497 3330/9986/2497 3329/9985/2497
f 3336/9992/2498 3335/9991/2498 3334/9990/2498 3333/9989/2498
f 3330/9996/2499 3336/9995/2499 3333/9994/2499 3329/9993/2499
f 3334/10000/2500 3335/9999/2500 3331/9998/2500 3332/9997/2500
f 3333/10004/2501 3334/10003/2501 3332/10002/2501 3329/10001/2501
f 3331/10008/2502 3335/10007/2502 3336/10006/2502 3330/10005/2502
o group605735486
g mesh605735486
usemtl mat23
f 3340/10012/2503 3339/10011/2503 3338/10010/2503 3337/10009/2503
f 3344/10016/2504 3343/10015/2504 3342/10014/2504 3341/10013/2504
f 3338/10020/2505 3344/10019/2505 3341/10018/2505 3337/10017/2505
f 3342/10024/2506 3343/10023/2506 3339/10022/2506 3340/10021/2506
f 3341/10028/2507 3342/10027/2507 3340/10026/2507 3337/10025/2507
f 3339/10032/2508 3343/10031/2508 3344/10030/2508 3338/10029/2508
o group164041139
g mesh164041139
usemtl mat23
f 3348/10036/2509 3347/10035/2509 3346/10034/2509 3345/10033/2509
f 3352/10040/2510 3351/10039/2510 3350/10038/2510 3349/10037/2510
f 3346/10044/2511 3352/10043/2511 3349/10042/2511 3345/10041/2511
f 3350/10048/2512 3351/10047/2512 3347/10046/2512 3348/10045/2512
f 3349/10052/2513 3350/10051/2513 3348/10050/2513 3345/10049/2513
f 3347/10056/2514 3351/10055/2514 3352/10054/2514 3346/10053/2514
o group1801371213
g mesh1801371213
usemtl mat21
f 3356/10060/2515 3355/10059/2515 3354/10058/2515 3353/10057/2515
f 3360/10064/2516 3359/10063/2516 3358/10062/2516 3357/10061/2516
f 3354/10068/2517 3360/10067/2517 3357/10066/2517 3353/10065/2517
f 3358/10072/2518 3359/10071/2518 3355/10070/2518 3356/10069/2518
f 3357/10076/2519 3358/10075/2519 3356/10074/2519 3353/10073/2519
f 3355/10080/2520 3359/10079/2520 3360/10078/2520 3354/10077/2520
o group2119816291
g mesh2119816291
usemtl mat21
f 3364/10084/2521 3363/10083/2521 3362/10082/2521 3361/10081/2521
f 3368/10088/2522 3367/10087/2522 3366/10086/2522 3365/10085/2522
f 3362/10092/2523 3368/10091/2523 3365/10090/2523 3361/10089/2523
f 3366/10096/2524 3367/10095/2524 3363/10094/2524 3364/10093/2524
f 3365/10100/2525 3366/10099/2525 3364/10098/2525 3361/10097/2525
f 3363/10104/2526 3367/10103/2526 3368/10102/2526 3362/10101/2526
o group1731482691
g mesh1731482691
usemtl mat23
f 3372/10108/2527 3371/10107/2527 3370/10106/2527 3369/10105/2527
f 3376/10112/2528 3375/10111/2528 3374/10110/2528 3373/10109/2528
f 3370/10116/2529 3376/10115/2529 3373/10114/2529 3369/10113/2529
f 3374/10120/2530 3375/10119/2530 3371/10118/2530 3372/10117/2530
f 3373/10124/2531 3374/10123/2531 3372/10122/2531 3369/10121/2531
f 3371/10128/2532 3375/10127/2532 3376/10126/2532 3370/10125/2532
o group2076684394
g mesh2076684394
usemtl mat21
f 3380/10132/2533 3379/10131/2533 3378/10130/2533 3377/10129/2533
f 3384/10136/2534 3383/10135/2534 3382/10134/2534 3381/10133/2534
f 3378/10140/2535 3384/10139/2535 3381/10138/2535 3377/10137/2535
f 3382/10144/2536 3383/10143/2536 3379/10142/2536 3380/10141/2536
f 3381/10148/2537 3382/10147/2537 3380/10146/2537 3377/10145/2537
f 3379/10152/2538 3383/10151/2538 3384/10150/2538 3378/10149/2538
o group1653999017
g mesh1653999017
usemtl mat21
f 3388/10156/2539 3387/10155/2539 3386/10154/2539 3385/10153/2539
f 3392/10160/2540 3391/10159/2540 3390/10158/2540 3389/10157/2540
f 3386/10164/2541 3392/10163/2541 3389/10162/2541 3385/10161/2541
f 3390/10168/2542 3391/10167/2542 3387/10166/2542 3388/10165/2542
f 3389/10172/2543 3390/10171/2543 3388/10170/2543 3385/10169/2543
f 3387/10176/2544 3391/10175/2544 3392/10174/2544 3386/10173/2544
o group1832776311
g mesh1832776311
usemtl mat21
f 3396/10180/2545 3395/10179/2545 3394/10178/2545 3393/10177/2545
f 3400/10184/2546 3399/10183/2546 3398/10182/2546 3397/10181/2546
f 3394/10188/2547 3400/10187/2547 3397/10186/2547 3393/10185/2547
f 3398/10192/2548 3399/10191/2548 3395/10190/2548 3396/10189/2548
f 3397/10196/2549 3398/10195/2549 3396/10194/2549 3393/10193/2549
f 3395/10200/2550 3399/10199/2550 3400/10198/2550 3394/10197/2550
o group2087359122
g mesh2087359122
usemtl mat23
f 3404/10204/2551 3403/10203/2551 3402/10202/2551 3401/10201/2551
f 3408/10208/2552 3407/10207/2552 3406/10206/2552 3405/10205/2552
f 3402/10212/2553 3408/10211/2553 3405/10210/2553 3401/10209/2553
f 3406/10216/2554 3407/10215/2554 3403/10214/2554 3404/10213/2554
f 3405/10220/2555 3406/10219/2555 3404/10218/2555 3401/10217/2555
f 3403/10224/2556 3407/10223/2556 3408/10222/2556 3402/10221/2556
o group1368342578
g mesh1368342578
usemtl mat23
f 3412/10228/2557 3411/10227/2557 3410/10226/2557 3409/10225/2557
f 3416/10232/2558 3415/10231/2558 3414/10230/2558 3413/10229/2558
f 3410/10236/2559 3416/10235/2559 3413/10234/2559 3409/10233/2559
f 3414/10240/2560 3415/10239/2560 3411/10238/2560 3412/10237/2560
f 3413/10244/2561 3414/10243/2561 3412/10242/2561 3409/10241/2561
f 3411/10248/2562 3415/10247/2562 3416/10246/2562 3410/10245/2562
o group1067348473
g mesh1067348473
usemtl mat23
f 3420/10252/2563 3419/10251/2563 3418/10250/2563 3417/10249/2563
f 3424/10256/2564 3423/10255/2564 3422/10254/2564 3421/10253/2564
f 3418/10260/2565 3424/10259/2565 3421/10258/2565 3417/10257/2565
f 3422/10264/2566 3423/10263/2566 3419/10262/2566 3420/10261/2566
f 3421/10268/2567 3422/10267/2567 3420/10266/2567 3417/10265/2567
f 3419/10272/2568 3423/10271/2568 3424/10270/2568 3418/10269/2568
o group1831123016
g mesh1831123016
usemtl mat23
f 3428/10276/2569 3427/10275/2569 3426/10274/2569 3425/10273/2569
f 3432/10280/2570 3431/10279/2570 3430/10278/2570 3429/10277/2570
f 3426/10284/2571 3432/10283/2571 3429/10282/2571 3425/10281/2571
f 3430/10288/2572 3431/10287/2572 3427/10286/2572 3428/10285/2572
f 3429/10292/2573 3430/10291/2573 3428/10290/2573 3425/10289/2573
f 3427/10296/2574 3431/10295/2574 3432/10294/2574 3426/10293/2574
o group1680058926
g mesh1680058926
usemtl mat18
f 3436/10300/2575 3435/10299/2575 3434/10298/2575 3433/10297/2575
f 3440/10304/2576 3439/10303/2576 3438/10302/2576 3437/10301/2576
f 3434/10308/2577 3440/10307/2577 3437/10306/2577 3433/10305/2577
f 3438/10312/2578 3439/10311/2578 3435/10310/2578 3436/10309/2578
f 3437/10316/2579 3438/10315/2579 3436/10314/2579 3433/10313/2579
f 3435/10320/2580 3439/10319/2580 3440/10318/2580 3434/10317/2580
o group361948970
g mesh361948970
usemtl mat23
f 3444/10324/2581 3443/10323/2581 3442/10322/2581 3441/10321/2581
f 3448/10328/2582 3447/10327/2582 3446/10326/2582 3445/10325/2582
f 3442/10332/2583 3448/10331/2583 3445/10330/2583 3441/10329/2583
f 3446/10336/2584 3447/10335/2584 3443/10334/2584 3444/10333/2584
f 3445/10340/2585 3446/10339/2585 3444/10338/2585 3441/10337/2585
f 3443/10344/2586 3447/10343/2586 3448/10342/2586 3442/10341/2586
o group1808895472
g mesh1808895472
usemtl mat23
f 3452/10348/2587 3451/10347/2587 3450/10346/2587 3449/10345/2587
f 3456/10352/2588 3455/10351/2588 3454/10350/2588 3453/10349/2588
f 3450/10356/2589 3456/10355/2589 3453/10354/2589 3449/10353/2589
f 3454/10360/2590 3455/10359/2590 3451/10358/2590 3452/10357/2590
f 3453/10364/2591 3454/10363/2591 3452/10362/2591 3449/10361/2591
f 3451/10368/2592 3455/10367/2592 3456/10366/2592 3450/10365/2592
o group1057885138
g mesh1057885138
usemtl mat21
f 3460/10372/2593 3459/10371/2593 3458/10370/2593 3457/10369/2593
f 3464/10376/2594 3463/10375/2594 3462/10374/2594 3461/10373/2594
f 3458/10380/2595 3464/10379/2595 3461/10378/2595 3457/10377/2595
f 3462/10384/2596 3463/10383/2596 3459/10382/2596 3460/10381/2596
f 3461/10388/2597 3462/10387/2597 3460/10386/2597 3457/10385/2597
f 3459/10392/2598 3463/10391/2598 3464/10390/2598 3458/10389/2598
o group577779887
g mesh577779887
usemtl mat21
f 3468/10396/2599 3467/10395/2599 3466/10394/2599 3465/10393/2599
f 3472/10400/2600 3471/10399/2600 3470/10398/2600 3469/10397/2600
f 3466/10404/2601 3472/10403/2601 3469/10402/2601 3465/10401/2601
f 3470/10408/2602 3471/10407/2602 3467/10406/2602 3468/10405/2602
f 3469/10412/2603 3470/10411/2603 3468/10410/2603 3465/10409/2603
f 3467/10416/2604 3471/10415/2604 3472/10414/2604 3466/10413/2604
o group646137619
g mesh646137619
usemtl mat23
f 3476/10420/2605 3475/10419/2605 3474/10418/2605 3473/10417/2605
f 3480/10424/2606 3479/10423/2606 3478/10422/2606 3477/10421/2606
f 3474/10428/2607 3480/10427/2607 3477/10426/2607 3473/10425/2607
f 3478/10432/2608 3479/10431/2608 3475/10430/2608 3476/10429/2608
f 3477/10436/2609 3478/10435/2609 3476/10434/2609 3473/10433/2609
f 3475/10440/2610 3479/10439/2610 3480/10438/2610 3474/10437/2610
o group1507928792
g mesh1507928792
usemtl mat18
f 3484/10444/2611 3483/10443/2611 3482/10442/2611 3481/10441/2611
f 3488/10448/2612 3487/10447/2612 3486/10446/2612 3485/10445/2612
f 3482/10452/2613 3488/10451/2613 3485/10450/2613 3481/10449/2613
f 3486/10456/2614 3487/10455/2614 3483/10454/2614 3484/10453/2614
f 3485/10460/2615 3486/10459/2615 3484/10458/2615 3481/10457/2615
f 3483/10464/2616 3487/10463/2616 3488/10462/2616 3482/10461/2616
o group1179217148
g mesh1179217148
usemtl mat18
f 3492/10468/2617 3491/10467/2617 3490/10466/2617 3489/10465/2617
f 3496/10472/2618 3495/10471/2618 3494/10470/2618 3493/10469/2618
f 3490/10476/2619 3496/10475/2619 3493/10474/2619 3489/10473/2619
f 3494/10480/2620 3495/10479/2620 3491/10478/2620 3492/10477/2620
f 3493/10484/2621 3494/10483/2621 3492/10482/2621 3489/10481/2621
f 3491/10488/2622 3495/10487/2622 3496/10486/2622 3490/10485/2622
o group1277917352
g mesh1277917352
usemtl mat18
f 3500/10492/2623 3499/10491/2623 3498/10490/2623 3497/10489/2623
f 3504/10496/2624 3503/10495/2624 3502/10494/2624 3501/10493/2624
f 3498/10500/2625 3504/10499/2625 3501/10498/2625 3497/10497/2625
f 3502/10504/2626 3503/10503/2626 3499/10502/2626 3500/10501/2626
f 3501/10508/2627 3502/10507/2627 3500/10506/2627 3497/10505/2627
f 3499/10512/2628 3503/10511/2628 3504/10510/2628 3498/10509/2628
o group1461641488
g mesh1461641488
usemtl mat23
f 3508/10516/2629 3507/10515/2629 3506/10514/2629 3505/10513/2629
f 3512/10520/2630 3511/10519/2630 3510/10518/2630 3509/10517/2630
f 3506/10524/2631 3512/10523/2631 3509/10522/2631 3505/10521/2631
f 3510/10528/2632 3511/10527/2632 3507/10526/2632 3508/10525/2632
f 3509/10532/2633 3510/10531/2633 3508/10530/2633 3505/10529/2633
f 3507/10536/2634 3511/10535/2634 3512/10534/2634 3506/10533/2634
o group2448780
g mesh2448780
usemtl mat21
f 3516/10540/2635 3515/10539/2635 3514/10538/2635 3513/10537/2635
f 3520/10544/2636 3519/10543/2636 3518/10542/2636 3517/10541/2636
f 3514/10548/2637 3520/10547/2637 3517/10546/2637 3513/10545/2637
f 3518/10552/2638 3519/10551/2638 3515/10550/2638 3516/10549/2638
f 3517/10556/2639 3518/10555/2639 3516/10554/2639 3513/10553/2639
f 3515/10560/2640 3519/10559/2640 3520/10558/2640 3514/10557/2640
o group494869818
g mesh494869818
usemtl mat21
f 3524/10564/2641 3523/10563/2641 3522/10562/2641 3521/10561/2641
f 3528/10568/2642 3527/10567/2642 3526/10566/2642 3525/10565/2642
f 3522/10572/2643 3528/10571/2643 3525/10570/2643 3521/10569/2643
f 3526/10576/2644 3527/10575/2644 3523/10574/2644 3524/10573/2644
f 3525/10580/2645 3526/10579/2645 3524/10578/2645 3521/10577/2645
f 3523/10584/2646 3527/10583/2646 3528/10582/2646 3522/10581/2646
o group1277719973
g mesh1277719973
usemtl mat21
f 3532/10588/2647 3531/10587/2647 3530/10586/2647 3529/10585/2647
f 3536/10592/2648 3535/10591/2648 3534/10590/2648 3533/10589/2648
f 3530/10596/2649 3536/10595/2649 3533/10594/2649 3529/10593/2649
f 3534/10600/2650 3535/10599/2650 3531/10598/2650 3532/10597/2650
f 3533/10604/2651 3534/10603/2651 3532/10602/2651 3529/10601/2651
f 3531/10608/2652 3535/10607/2652 3536/10606/2652 3530/10605/2652
o group333446300
g mesh333446300
usemtl mat21
f 3540/10612/2653 3539/10611/2653 3538/10610/2653 3537/10609/2653
f 3544/10616/2654 3543/10615/2654 3542/10614/2654 3541/10613/2654
f 3538/10620/2655 3544/10619/2655 3541/10618/2655 3537/10617/2655
f 3542/10624/2656 3543/10623/2656 3539/10622/2656 3540/10621/2656
f 3541/10628/2657 3542/10627/2657 3540/10626/2657 3537/10625/2657
f 3539/10632/2658 3543/10631/2658 3544/10630/2658 3538/10629/2658
o group216430954
g mesh216430954
usemtl mat23
f 3548/10636/2659 3547/10635/2659 3546/10634/2659 3545/10633/2659
f 3552/10640/2660 3551/10639/2660 3550/10638/2660 3549/10637/2660
f 3546/10644/2661 3552/10643/2661 3549/10642/2661 3545/10641/2661
f 3550/10648/2662 3551/10647/2662 3547/10646/2662 3548/10645/2662
f 3549/10652/2663 3550/10651/2663 3548/10650/2663 3545/10649/2663
f 3547/10656/2664 3551/10655/2664 3552/10654/2664 3546/10653/2664
o group2040156757
g mesh2040156757
usemtl mat5
f 3556/10660/2665 3555/10659/2665 3554/10658/2665 3553/10657/2665
f 3560/10664/2666 3559/10663/2666 3558/10662/2666 3557/10661/2666
f 3554/10668/2667 3560/10667/2667 3557/10666/2667 3553/10665/2667
f 3558/10672/2668 3559/10671/2668 3555/10670/2668 3556/10669/2668
f 3557/10676/2669 3558/10675/2669 3556/10674/2669 3553/10673/2669
f 3555/10680/2670 3559/10679/2670 3560/10678/2670 3554/10677/2670
o group1897616929
g mesh1897616929
usemtl mat23
f 3564/10684/2671 3563/10683/2671 3562/10682/2671 3561/10681/2671
f 3568/10688/2672 3567/10687/2672 3566/10686/2672 3565/10685/2672
f 3562/10692/2673 3568/10691/2673 3565/10690/2673 3561/10689/2673
f 3566/10696/2674 3567/10695/2674 3563/10694/2674 3564/10693/2674
f 3565/10700/2675 3566/10699/2675 3564/10698/2675 3561/10697/2675
f 3563/10704/2676 3567/10703/2676 3568/10702/2676 3562/10701/2676
o group1644676842
g mesh1644676842
usemtl mat23
f 3572/10708/2677 3571/10707/2677 3570/10706/2677 3569/10705/2677
f 3576/10712/2678 3575/10711/2678 3574/10710/2678 3573/10709/2678
f 3570/10716/2679 3576/10715/2679 3573/10714/2679 3569/10713/2679
f 3574/10720/2680 3575/10719/2680 3571/10718/2680 3572/10717/2680
f 3573/10724/2681 3574/10723/2681 3572/10722/2681 3569/10721/2681
f 3571/10728/2682 3575/10727/2682 3576/10726/2682 3570/10725/2682
o group1438597706
g mesh1438597706
usemtl mat21
f 3580/10732/2683 3579/10731/2683 3578/10730/2683 3577/10729/2683
f 3584/10736/2684 3583/10735/2684 3582/10734/2684 3581/10733/2684
f 3578/10740/2685 3584/10739/2685 3581/10738/2685 3577/10737/2685
f 3582/10744/2686 3583/10743/2686 3579/10742/2686 3580/10741/2686
f 3581/10748/2687 3582/10747/2687 3580/10746/2687 3577/10745/2687
f 3579/10752/2688 3583/10751/2688 3584/10750/2688 3578/10749/2688
o group1985018340
g mesh1985018340
usemtl mat23
f 3588/10756/2689 3587/10755/2689 3586/10754/2689 3585/10753/2689
f 3592/10760/2690 3591/10759/2690 3590/10758/2690 3589/10757/2690
f 3586/10764/2691 3592/10763/2691 3589/10762/2691 3585/10761/2691
f 3590/10768/2692 3591/10767/2692 3587/10766/2692 3588/10765/2692
f 3589/10772/2693 3590/10771/2693 3588/10770/2693 3585/10769/2693
f 3587/10776/2694 3591/10775/2694 3592/10774/2694 3586/10773/2694
o group525245352
g mesh525245352
usemtl mat21
f 3596/10780/2695 3595/10779/2695 3594/10778/2695 3593/10777/2695
f 3600/10784/2696 3599/10783/2696 3598/10782/2696 3597/10781/2696
f 3594/10788/2697 3600/10787/2697 3597/10786/2697 3593/10785/2697
f 3598/10792/2698 3599/10791/2698 3595/10790/2698 3596/10789/2698
f 3597/10796/2699 3598/10795/2699 3596/10794/2699 3593/10793/2699
f 3595/10800/2700 3599/10799/2700 3600/10798/2700 3594/10797/2700
o group2042983161
g mesh2042983161
usemtl mat21
f 3604/10804/2701 3603/10803/2701 3602/10802/2701 3601/10801/2701
f 3608/10808/2702 3607/10807/2702 3606/10806/2702 3605/10805/2702
f 3602/10812/2703 3608/10811/2703 3605/10810/2703 3601/10809/2703
f 3606/10816/2704 3607/10815/2704 3603/10814/2704 3604/10813/2704
f 3605/10820/2705 3606/10819/2705 3604/10818/2705 3601/10817/2705
f 3603/10824/2706 3607/10823/2706 3608/10822/2706 3602/10821/2706
o group137671536
g mesh137671536
usemtl mat23
f 3612/10828/2707 3611/10827/2707 3610/10826/2707 3609/10825/2707
f 3616/10832/2708 3615/10831/2708 3614/10830/2708 3613/10829/2708
f 3610/10836/2709 3616/10835/2709 3613/10834/2709 3609/10833/2709
f 3614/10840/2710 3615/10839/2710 3611/10838/2710 3612/10837/2710
f 3613/10844/2711 3614/10843/2711 3612/10842/2711 3609/10841/2711
f 3611/10848/2712 3615/10847/2712 3616/10846/2712 3610/10845/2712
o group429003465
g mesh429003465
usemtl mat23
f 3620/10852/2713 3619/10851/2713 3618/10850/2713 3617/10849/2713
f 3624/10856/2714 3623/10855/2714 3622/10854/2714 3621/10853/2714
f 3618/10860/2715 3624/10859/2715 3621/10858/2715 3617/10857/2715
f 3622/10864/2716 3623/10863/2716 3619/10862/2716 3620/10861/2716
f 3621/10868/2717 3622/10867/2717 3620/10866/2717 3617/10865/2717
f 3619/10872/2718 3623/10871/2718 3624/10870/2718 3618/10869/2718
o group1147978751
g mesh1147978751
usemtl mat23
f 3628/10876/2719 3627/10875/2719 3626/10874/2719 3625/10873/2719
f 3632/10880/2720 3631/10879/2720 3630/10878/2720 3629/10877/2720
f 3626/10884/2721 3632/10883/2721 3629/10882/2721 3625/10881/2721
f 3630/10888/2722 3631/10887/2722 3627/10886/2722 3628/10885/2722
f 3629/10892/2723 3630/10891/2723 3628/10890/2723 3625/10889/2723
f 3627/10896/2724 3631/10895/2724 3632/10894/2724 3626/10893/2724
o group826680657
g mesh826680657
usemtl mat5
f 3636/10900/2725 3635/10899/2725 3634/10898/2725 3633/10897/2725
f 3640/10904/2726 3639/10903/2726 3638/10902/2726 3637/10901/2726
f 3634/10908/2727 3640/10907/2727 3637/10906/2727 3633/10905/2727
f 3638/10912/2728 3639/10911/2728 3635/10910/2728 3636/10909/2728
f 3637/10916/2729 3638/10915/2729 3636/10914/2729 3633/10913/2729
f 3635/10920/2730 3639/10919/2730 3640/10918/2730 3634/10917/2730
o group354418213
g mesh354418213
usemtl mat23
f 3644/10924/2731 3643/10923/2731 3642/10922/2731 3641/10921/2731
f 3648/10928/2732 3647/10927/2732 3646/10926/2732 3645/10925/2732
f 3642/10932/2733 3648/10931/2733 3645/10930/2733 3641/10929/2733
f 3646/10936/2734 3647/10935/2734 3643/10934/2734 3644/10933/2734
f 3645/10940/2735 3646/10939/2735 3644/10938/2735 3641/10937/2735
f 3643/10944/2736 3647/10943/2736 3648/10942/2736 3642/10941/2736
o group790009020
g mesh790009020
usemtl mat23
f 3652/10948/2737 3651/10947/2737 3650/10946/2737 3649/10945/2737
f 3656/10952/2738 3655/10951/2738 3654/10950/2738 3653/10949/2738
f 3650/10956/2739 3656/10955/2739 3653/10954/2739 3649/10953/2739
f 3654/10960/2740 3655/10959/2740 3651/10958/2740 3652/10957/2740
f 3653/10964/2741 3654/10963/2741 3652/10962/2741 3649/10961/2741
f 3651/10968/2742 3655/10967/2742 3656/10966/2742 3650/10965/2742
o group1169683996
g mesh1169683996
usemtl mat8
f 3660/10972/2743 3659/10971/2743 3658/10970/2743 3657/10969/2743
f 3664/10976/2744 3663/10975/2744 3662/10974/2744 3661/10973/2744
f 3658/10980/2745 3664/10979/2745 3661/10978/2745 3657/10977/2745
f 3662/10984/2746 3663/10983/2746 3659/10982/2746 3660/10981/2746
f 3661/10988/2747 3662/10987/2747 3660/10986/2747 3657/10985/2747
f 3659/10992/2748 3663/10991/2748 3664/10990/2748 3658/10989/2748
o group1296828544
g mesh1296828544
usemtl mat23
f 3668/10996/2749 3667/10995/2749 3666/10994/2749 3665/10993/2749
f 3672/11000/2750 3671/10999/2750 3670/10998/2750 3669/10997/2750
f 3666/11004/2751 3672/11003/2751 3669/11002/2751 3665/11001/2751
f 3670/11008/2752 3671/11007/2752 3667/11006/2752 3668/11005/2752
f 3669/11012/2753 3670/11011/2753 3668/11010/2753 3665/11009/2753
f 3667/11016/2754 3671/11015/2754 3672/11014/2754 3666/11013/2754
o group404601060
g mesh404601060
usemtl mat23
f 3676/11020/2755 3675/11019/2755 3674/11018/2755 3673/11017/2755
f 3680/11024/2756 3679/11023/2756 3678/11022/2756 3677/11021/2756
f 3674/11028/2757 3680/11027/2757 3677/11026/2757 3673/11025/2757
f 3678/11032/2758 3679/11031/2758 3675/11030/2758 3676/11029/2758
f 3677/11036/2759 3678/11035/2759 3676/11034/2759 3673/11033/2759
f 3675/11040/2760 3679/11039/2760 3680/11038/2760 3674/11037/2760
o group2002313544
g mesh2002313544
usemtl mat23
f 3684/11044/2761 3683/11043/2761 3682/11042/2761 3681/11041/2761
f 3688/11048/2762 3687/11047/2762 3686/11046/2762 3685/11045/2762
f 3682/11052/2763 3688/11051/2763 3685/11050/2763 3681/11049/2763
f 3686/11056/2764 3687/11055/2764 3683/11054/2764 3684/11053/2764
f 3685/11060/2765 3686/11059/2765 3684/11058/2765 3681/11057/2765
f 3683/11064/2766 3687/11063/2766 3688/11062/2766 3682/11061/2766
o group1663203309
g mesh1663203309
usemtl mat8
f 3692/11068/2767 3691/11067/2767 3690/11066/2767 3689/11065/2767
f 3696/11072/2768 3695/11071/2768 3694/11070/2768 3693/11069/2768
f 3690/11076/2769 3696/11075/2769 3693/11074/2769 3689/11073/2769
f 3694/11080/2770 3695/11079/2770 3691/11078/2770 3692/11077/2770
f 3693/11084/2771 3694/11083/2771 3692/11082/2771 3689/11081/2771
f 3691/11088/2772 3695/11087/2772 3696/11086/2772 3690/11085/2772
o group331951396
g mesh331951396
usemtl mat23
f 3700/11092/2773 3699/11091/2773 3698/11090/2773 3697/11089/2773
f 3704/11096/2774 3703/11095/2774 3702/11094/2774 3701/11093/2774
f 3698/11100/2775 3704/11099/2775 3701/11098/2775 3697/11097/2775
f 3702/11104/2776 3703/11103/2776 3699/11102/2776 3700/11101/2776
f 3701/11108/2777 3702/11107/2777 3700/11106/2777 3697/11105/2777
f 3699/11112/2778 3703/11111/2778 3704/11110/2778 3698/11109/2778
o group1103159161
g mesh1103159161
usemtl mat23
f 3708/11116/2779 3707/11115/2779 3706/11114/2779 3705/11113/2779
f 3712/11120/2780 3711/11119/2780 3710/11118/2780 3709/11117/2780
f 3706/11124/2781 3712/11123/2781 3709/11122/2781 3705/11121/2781
f 3710/11128/2782 3711/11127/2782 3707/11126/2782 3708/11125/2782
f 3709/11132/2783 3710/11131/2783 3708/11130/2783 3705/11129/2783
f 3707/11136/2784 3711/11135/2784 3712/11134/2784 3706/11133/2784
o group1489026843
g mesh1489026843
usemtl mat8
f 3716/11140/2785 3715/11139/2785 3714/11138/2785 3713/11137/2785
f 3720/11144/2786 3719/11143/2786 3718/11142/2786 3717/11141/2786
f 3714/11148/2787 3720/11147/2787 3717/11146/2787 3713/11145/2787
f 3718/11152/2788 3719/11151/2788 3715/11150/2788 3716/11149/2788
f 3717/11156/2789 3718/11155/2789 3716/11154/2789 3713/11153/2789
f 3715/11160/2790 3719/11159/2790 3720/11158/2790 3714/11157/2790
o group1486867791
g mesh1486867791
usemtl mat23
f 3724/11164/2791 3723/11163/2791 3722/11162/2791 3721/11161/2791
f 3728/11168/2792 3727/11167/2792 3726/11166/2792 3725/11165/2792
f 3722/11172/2793 3728/11171/2793 3725/11170/2793 3721/11169/2793
f 3726/11176/2794 3727/11175/2794 3723/11174/2794 3724/11173/2794
f 3725/11180/2795 3726/11179/2795 3724/11178/2795 3721/11177/2795
f 3723/11184/2796 3727/11183/2796 3728/11182/2796 3722/11181/2796
o group187729266
g mesh187729266
usemtl mat8
f 3732/11188/2797 3731/11187/2797 3730/11186/2797 3729/11185/2797
f 3736/11192/2798 3735/11191/2798 3734/11190/2798 3733/11189/2798
f 3730/11196/2799 3736/11195/2799 3733/11194/2799 3729/11193/2799
f 3734/11200/2800 3735/11199/2800 3731/11198/2800 3732/11197/2800
f 3733/11204/2801 3734/11203/2801 3732/11202/2801 3729/11201/2801
f 3731/11208/2802 3735/11207/2802 3736/11206/2802 3730/11205/2802
o group737971007
g mesh737971007
usemtl mat5
f 3740/11212/2803 3739/11211/2803 3738/11210/2803 3737/11209/2803
f 3744/11216/2804 3743/11215/2804 3742/11214/2804 3741/11213/2804
f 3738/11220/2805 3744/11219/2805 3741/11218/2805 3737/11217/2805
f 3742/11224/2806 3743/11223/2806 3739/11222/2806 3740/11221/2806
f 3741/11228/2807 3742/11227/2807 3740/11226/2807 3737/11225/2807
f 3739/11232/2808 3743/11231/2808 3744/11230/2808 3738/11229/2808
o group1166799804
g mesh1166799804
usemtl mat8
f 3748/11236/2809 3747/11235/2809 3746/11234/2809 3745/11233/2809
f 3752/11240/2810 3751/11239/2810 3750/11238/2810 3749/11237/2810
f 3746/11244/2811 3752/11243/2811 3749/11242/2811 3745/11241/2811
f 3750/11248/2812 3751/11247/2812 3747/11246/2812 3748/11245/2812
f 3749/11252/2813 3750/11251/2813 3748/11250/2813 3745/11249/2813
f 3747/11256/2814 3751/11255/2814 3752/11254/2814 3746/11253/2814
o group1173444594
g mesh1173444594
usemtl mat21
f 3756/11260/2815 3755/11259/2815 3754/11258/2815 3753/11257/2815
f 3760/11264/2816 3759/11263/2816 3758/11262/2816 3757/11261/2816
f 3754/11268/2817 3760/11267/2817 3757/11266/2817 3753/11265/2817
f 3758/11272/2818 3759/11271/2818 3755/11270/2818 3756/11269/2818
f 3757/11276/2819 3758/11275/2819 3756/11274/2819 3753/11273/2819
f 3755/11280/2820 3759/11279/2820 3760/11278/2820 3754/11277/2820
o group630798405
g mesh630798405
usemtl mat23
f 3764/11284/2821 3763/11283/2821 3762/11282/2821 3761/11281/2821
f 3768/11288/2822 3767/11287/2822 3766/11286/2822 3765/11285/2822
f 3762/11292/2823 3768/11291/2823 3765/11290/2823 3761/11289/2823
f 3766/11296/2824 3767/11295/2824 3763/11294/2824 3764/11293/2824
f 3765/11300/2825 3766/11299/2825 3764/11298/2825 3761/11297/2825
f 3763/11304/2826 3767/11303/2826 3768/11302/2826 3762/11301/2826
o group869520852
g mesh869520852
usemtl mat8
f 3772/11308/2827 3771/11307/2827 3770/11306/2827 3769/11305/2827
f 3776/11312/2828 3775/11311/2828 3774/11310/2828 3773/11309/2828
f 3770/11316/2829 3776/11315/2829 3773/11314/2829 3769/11313/2829
f 3774/11320/2830 3775/11319/2830 3771/11318/2830 3772/11317/2830
f 3773/11324/2831 3774/11323/2831 3772/11322/2831 3769/11321/2831
f 3771/11328/2832 3775/11327/2832 3776/11326/2832 3770/11325/2832
o group768200793
g mesh768200793
usemtl mat23
f 3780/11332/2833 3779/11331/2833 3778/11330/2833 3777/11329/2833
f 3784/11336/2834 3783/11335/2834 3782/11334/2834 3781/11333/2834
f 3778/11340/2835 3784/11339/2835 3781/11338/2835 3777/11337/2835
f 3782/11344/2836 3783/11343/2836 3779/11342/2836 3780/11341/2836
f 3781/11348/2837 3782/11347/2837 3780/11346/2837 3777/11345/2837
f 3779/11352/2838 3783/11351/2838 3784/11350/2838 3778/11349/2838
o group1786279434
g mesh1786279434
usemtl mat23
f 3788/11356/2839 3787/11355/2839 3786/11354/2839 3785/11353/2839
f 3792/11360/2840 3791/11359/2840 3790/11358/2840 3789/11357/2840
f 3786/11364/2841 3792/11363/2841 3789/11362/2841 3785/11361/2841
f 3790/11368/2842 3791/11367/2842 3787/11366/2842 3788/11365/2842
f 3789/11372/2843 3790/11371/2843 3788/11370/2843 3785/11369/2843
f 3787/11376/2844 3791/11375/2844 3792/11374/2844 3786/11373/2844
o group1905871699
g mesh1905871699
usemtl mat23
f 3796/11380/2845 3795/11379/2845 3794/11378/2845 3793/11377/2845
f 3800/11384/2846 3799/11383/2846 3798/11382/2846 3797/11381/2846
f 3794/11388/2847 3800/11387/2847 3797/11386/2847 3793/11385/2847
f 3798/11392/2848 3799/11391/2848 3795/11390/2848 3796/11389/2848
f 3797/11396/2849 3798/11395/2849 3796/11394/2849 3793/11393/2849
f 3795/11400/2850 3799/11399/2850 3800/11398/2850 3794/11397/2850
o group1982144755
g mesh1982144755
usemtl mat23
f 3804/11404/2851 3803/11403/2851 3802/11402/2851 3801/11401/2851
f 3808/11408/2852 3807/11407/2852 3806/11406/2852 3805/11405/2852
f 3802/11412/2853 3808/11411/2853 3805/11410/2853 3801/11409/2853
f 3806/11416/2854 3807/11415/2854 3803/11414/2854 3804/11413/2854
f 3805/11420/2855 3806/11419/2855 3804/11418/2855 3801/11417/2855
f 3803/11424/2856 3807/11423/2856 3808/11422/2856 3802/11421/2856
o group1302479226
g mesh1302479226
usemtl mat21
f 3812/11428/2857 3811/11427/2857 3810/11426/2857 3809/11425/2857
f 3816/11432/2858 3815/11431/2858 3814/11430/2858 3813/11429/2858
f 3810/11436/2859 3816/11435/2859 3813/11434/2859 3809/11433/2859
f 3814/11440/2860 3815/11439/2860 3811/11438/2860 3812/11437/2860
f 3813/11444/2861 3814/11443/2861 3812/11442/2861 3809/11441/2861
f 3811/11448/2862 3815/11447/2862 3816/11446/2862 3810/11445/2862
o group928705643
g mesh928705643
usemtl mat8
f 3820/11452/2863 3819/11451/2863 3818/11450/2863 3817/11449/2863
f 3824/11456/2864 3823/11455/2864 3822/11454/2864 3821/11453/2864
f 3818/11460/2865 3824/11459/2865 3821/11458/2865 3817/11457/2865
f 3822/11464/2866 3823/11463/2866 3819/11462/2866 3820/11461/2866
f 3821/11468/2867 3822/11467/2867 3820/11466/2867 3817/11465/2867
f 3819/11472/2868 3823/11471/2868 3824/11470/2868 3818/11469/2868
o group827318360
g mesh827318360
usemtl mat8
f 3828/11476/2869 3827/11475/2869 3826/11474/2869 3825/11473/2869
f 3832/11480/2870 3831/11479/2870 3830/11478/2870 3829/11477/2870
f 3826/11484/2871 3832/11483/2871 3829/11482/2871 3825/11481/2871
f 3830/11488/2872 3831/11487/2872 3827/11486/2872 3828/11485/2872
f 3829/11492/2873 3830/11491/2873 3828/11490/2873 3825/11489/2873
f 3827/11496/2874 3831/11495/2874 3832/11494/2874 3826/11493/2874
o group1478358098
g mesh1478358098
usemtl mat8
f 3836/11500/2875 3835/11499/2875 3834/11498/2875 3833/11497/2875
f 3840/11504/2876 3839/11503/2876 3838/11502/2876 3837/11501/2876
f 3834/11508/2877 3840/11507/2877 3837/11506/2877 3833/11505/2877
f 3838/11512/2878 3839/11511/2878 3835/11510/2878 3836/11509/2878
f 3837/11516/2879 3838/11515/2879 3836/11514/2879 3833/11513/2879
f 3835/11520/2880 3839/11519/2880 3840/11518/2880 3834/11517/2880
o group1297350102
g mesh1297350102
usemtl mat23
f 3844/11524/2881 3843/11523/2881 3842/11522/2881 3841/11521/2881
f 3848/11528/2882 3847/11527/2882 3846/11526/2882 3845/11525/2882
f 3842/11532/2883 3848/11531/2883 3845/11530/2883 3841/11529/2883
f 3846/11536/2884 3847/11535/2884 3843/11534/2884 3844/11533/2884
f 3845/11540/2885 3846/11539/2885 3844/11538/2885 3841/11537/2885
f 3843/11544/2886 3847/11543/2886 3848/11542/2886 3842/11541/2886
o group198658582
g mesh198658582
usemtl mat23
f 3852/11548/2887 3851/11547/2887 3850/11546/2887 3849/11545/2887
f 3856/11552/2888 3855/11551/2888 3854/11550/2888 3853/11549/2888
f 3850/11556/2889 3856/11555/2889 3853/11554/2889 3849/11553/2889
f 3854/11560/2890 3855/11559/2890 3851/11558/2890 3852/11557/2890
f 3853/11564/2891 3854/11563/2891 3852/11562/2891 3849/11561/2891
f 3851/11568/2892 3855/11567/2892 3856/11566/2892 3850/11565/2892
o group1918003576
g mesh1918003576
usemtl mat23
f 3860/11572/2893 3859/11571/2893 3858/11570/2893 3857/11569/2893
f 3864/11576/2894 3863/11575/2894 3862/11574/2894 3861/11573/2894
f 3858/11580/2895 3864/11579/2895 3861/11578/2895 3857/11577/2895
f 3862/11584/2896 3863/11583/2896 3859/11582/2896 3860/11581/2896
f 3861/11588/2897 3862/11587/2897 3860/11586/2897 3857/11585/2897
f 3859/11592/2898 3863/11591/2898 3864/11590/2898 3858/11589/2898
o group1426521956
g mesh1426521956
usemtl mat8
f 3868/11596/2899 3867/11595/2899 3866/11594/2899 3865/11593/2899
f 3872/11600/2900 3871/11599/2900 3870/11598/2900 3869/11597/2900
f 3866/11604/2901 3872/11603/2901 3869/11602/2901 3865/11601/2901
f 3870/11608/2902 3871/11607/2902 3867/11606/2902 3868/11605/2902
f 3869/11612/2903 3870/11611/2903 3868/11610/2903 3865/11609/2903
f 3867/11616/2904 3871/11615/2904 3872/11614/2904 3866/11613/2904
o group1825229029
g mesh1825229029
usemtl mat23
f 3876/11620/2905 3875/11619/2905 3874/11618/2905 3873/11617/2905
f 3880/11624/2906 3879/11623/2906 3878/11622/2906 3877/11621/2906
f 3874/11628/2907 3880/11627/2907 3877/11626/2907 3873/11625/2907
f 3878/11632/2908 3879/11631/2908 3875/11630/2908 3876/11629/2908
f 3877/11636/2909 3878/11635/2909 3876/11634/2909 3873/11633/2909
f 3875/11640/2910 3879/11639/2910 3880/11638/2910 3874/11637/2910
o group846229308
g mesh846229308
usemtl mat23
f 3884/11644/2911 3883/11643/2911 3882/11642/2911 3881/11641/2911
f 3888/11648/2912 3887/11647/2912 3886/11646/2912 3885/11645/2912
f 3882/11652/2913 3888/11651/2913 3885/11650/2913 3881/11649/2913
f 3886/11656/2914 3887/11655/2914 3883/11654/2914 3884/11653/2914
f 3885/11660/2915 3886/11659/2915 3884/11658/2915 3881/11657/2915
f 3883/11664/2916 3887/11663/2916 3888/11662/2916 3882/11661/2916
o group1476944076
g mesh1476944076
usemtl mat23
f 3892/11668/2917 3891/11667/2917 3890/11666/2917 3889/11665/2917
f 3896/11672/2918 3895/11671/2918 3894/11670/2918 3893/11669/2918
f 3890/11676/2919 3896/11675/2919 3893/11674/2919 3889/11673/2919
f 3894/11680/2920 3895/11679/2920 3891/11678/2920 3892/11677/2920
f 3893/11684/2921 3894/11683/2921 3892/11682/2921 3889/11681/2921
f 3891/11688/2922 3895/11687/2922 3896/11686/2922 3890/11685/2922
o group2102209624
g mesh2102209624
usemtl mat8
f 3900/11692/2923 3899/11691/2923 3898/11690/2923 3897/11689/2923
f 3904/11696/2924 3903/11695/2924 3902/11694/2924 3901/11693/2924
f 3898/11700/2925 3904/11699/2925 3901/11698/2925 3897/11697/2925
f 3902/11704/2926 3903/11703/2926 3899/11702/2926 3900/11701/2926
f 3901/11708/2927 3902/11707/2927 3900/11706/2927 3897/11705/2927
f 3899/11712/2928 3903/11711/2928 3904/11710/2928 3898/11709/2928
o group1236236691
g mesh1236236691
usemtl mat8
f 3908/11716/2929 3907/11715/2929 3906/11714/2929 3905/11713/2929
f 3912/11720/2930 3911/11719/2930 3910/11718/2930 3909/11717/2930
f 3906/11724/2931 3912/11723/2931 3909/11722/2931 3905/11721/2931
f 3910/11728/2932 3911/11727/2932 3907/11726/2932 3908/11725/2932
f 3909/11732/2933 3910/11731/2933 3908/11730/2933 3905/11729/2933
f 3907/11736/2934 3911/11735/2934 3912/11734/2934 3906/11733/2934
o group1306753475
g mesh1306753475
usemtl mat8
f 3916/11740/2935 3915/11739/2935 3914/11738/2935 3913/11737/2935
f 3920/11744/2936 3919/11743/2936 3918/11742/2936 3917/11741/2936
f 3914/11748/2937 3920/11747/2937 3917/11746/2937 3913/11745/2937
f 3918/11752/2938 3919/11751/2938 3915/11750/2938 3916/11749/2938
f 3917/11756/2939 3918/11755/2939 3916/11754/2939 3913/11753/2939
f 3915/11760/2940 3919/11759/2940 3920/11758/2940 3914/11757/2940
o group1320199526
g mesh1320199526
usemtl mat23
f 3924/11764/2941 3923/11763/2941 3922/11762/2941 3921/11761/2941
f 3928/11768/2942 3927/11767/2942 3926/11766/2942 3925/11765/2942
f 3922/11772/2943 3928/11771/2943 3925/11770/2943 3921/11769/2943
f 3926/11776/2944 3927/11775/2944 3923/11774/2944 3924/11773/2944
f 3925/11780/2945 3926/11779/2945 3924/11778/2945 3921/11777/2945
f 3923/11784/2946 3927/11783/2946 3928/11782/2946 3922/11781/2946
o group441246141
g mesh441246141
usemtl mat8
f 3932/11788/2947 3931/11787/2947 3930/11786/2947 3929/11785/2947
f 3936/11792/2948 3935/11791/2948 3934/11790/2948 3933/11789/2948
f 3930/11796/2949 3936/11795/2949 3933/11794/2949 3929/11793/2949
f 3934/11800/2950 3935/11799/2950 3931/11798/2950 3932/11797/2950
f 3933/11804/2951 3934/11803/2951 3932/11802/2951 3929/11801/2951
f 3931/11808/2952 3935/11807/2952 3936/11806/2952 3930/11805/2952
o group111117548
g mesh111117548
usemtl mat23
f 3940/11812/2953 3939/11811/2953 3938/11810/2953 3937/11809/2953
f 3944/11816/2954 3943/11815/2954 3942/11814/2954 3941/11813/2954
f 3938/11820/2955 3944/11819/2955 3941/11818/2955 3937/11817/2955
f 3942/11824/2956 3943/11823/2956 3939/11822/2956 3940/11821/2956
f 3941/11828/2957 3942/11827/2957 3940/11826/2957 3937/11825/2957
f 3939/11832/2958 3943/11831/2958 3944/11830/2958 3938/11829/2958
o group288196894
g mesh288196894
usemtl mat23
f 3948/11836/2959 3947/11835/2959 3946/11834/2959 3945/11833/2959
f 3952/11840/2960 3951/11839/2960 3950/11838/2960 3949/11837/2960
f 3946/11844/2961 3952/11843/2961 3949/11842/2961 3945/11841/2961
f 3950/11848/2962 3951/11847/2962 3947/11846/2962 3948/11845/2962
f 3949/11852/2963 3950/11851/2963 3948/11850/2963 3945/11849/2963
f 3947/11856/2964 3951/11855/2964 3952/11854/2964 3946/11853/2964
o group1519134022
g mesh1519134022
usemtl mat8
f 3956/11860/2965 3955/11859/2965 3954/11858/2965 3953/11857/2965
f 3960/11864/2966 3959/11863/2966 3958/11862/2966 3957/11861/2966
f 3954/11868/2967 3960/11867/2967 3957/11866/2967 3953/11865/2967
f 3958/11872/2968 3959/11871/2968 3955/11870/2968 3956/11869/2968
f 3957/11876/2969 3958/11875/2969 3956/11874/2969 3953/11873/2969
f 3955/11880/2970 3959/11879/2970 3960/11878/2970 3954/11877/2970
o group1772832613
g mesh1772832613
usemtl mat23
f 3964/11884/2971 3963/11883/2971 3962/11882/2971 3961/11881/2971
f 3968/11888/2972 3967/11887/2972 3966/11886/2972 3965/11885/2972
f 3962/11892/2973 3968/11891/2973 3965/11890/2973 3961/11889/2973
f 3966/11896/2974 3967/11895/2974 3963/11894/2974 3964/11893/2974
f 3965/11900/2975 3966/11899/2975 3964/11898/2975 3961/11897/2975
f 3963/11904/2976 3967/11903/2976 3968/11902/2976 3962/11901/2976
o group509519180
g mesh509519180
usemtl mat23
f 3972/11908/2977 3971/11907/2977 3970/11906/2977 3969/11905/2977
f 3976/11912/2978 3975/11911/2978 3974/11910/2978 3973/11909/2978
f 3970/11916/2979 3976/11915/2979 3973/11914/2979 3969/11913/2979
f 3974/11920/2980 3975/11919/2980 3971/11918/2980 3972/11917/2980
f 3973/11924/2981 3974/11923/2981 3972/11922/2981 3969/11921/2981
f 3971/11928/2982 3975/11927/2982 3976/11926/2982 3970/11925/2982
o group694650513
g mesh694650513
usemtl mat8
f 3980/11932/2983 3979/11931/2983 3978/11930/2983 3977/11929/2983
f 3984/11936/2984 3983/11935/2984 3982/11934/2984 3981/11933/2984
f 3978/11940/2985 3984/11939/2985 3981/11938/2985 3977/11937/2985
f 3982/11944/2986 3983/11943/2986 3979/11942/2986 3980/11941/2986
f 3981/11948/2987 3982/11947/2987 3980/11946/2987 3977/11945/2987
f 3979/11952/2988 3983/11951/2988 3984/11950/2988 3978/11949/2988
o group458042902
g mesh458042902
usemtl mat8
f 3988/11956/2989 3987/11955/2989 3986/11954/2989 3985/11953/2989
f 3992/11960/2990 3991/11959/2990 3990/11958/2990 3989/11957/2990
f 3986/11964/2991 3992/11963/2991 3989/11962/2991 3985/11961/2991
f 3990/11968/2992 3991/11967/2992 3987/11966/2992 3988/11965/2992
f 3989/11972/2993 3990/11971/2993 3988/11970/2993 3985/11969/2993
f 3987/11976/2994 3991/11975/2994 3992/11974/2994 3986/11973/2994
o group58012002
g mesh58012002
usemtl mat8
f 3996/11980/2995 3995/11979/2995 3994/11978/2995 3993/11977/2995
f 4000/11984/2996 3999/11983/2996 3998/11982/2996 3997/11981/2996
f 3994/11988/2997 4000/11987/2997 3997/11986/2997 3993/11985/2997
f 3998/11992/2998 3999/11991/2998 3995/11990/2998 3996/11989/2998
f 3997/11996/2999 3998/11995/2999 3996/11994/2999 3993/11993/2999
f 3995/12000/3000 3999/11999/3000 4000/11998/3000 3994/11997/3000
o group595137703
g mesh595137703
usemtl mat23
f 4004/12004/3001 4003/12003/3001 4002/12002/3001 4001/12001/3001
f 4008/12008/3002 4007/12007/3002 4006/12006/3002 4005/12005/3002
f 4002/12012/3003 4008/12011/3003 4005/12010/3003 4001/12009/3003
f 4006/12016/3004 4007/12015/3004 4003/12014/3004 4004/12013/3004
f 4005/12020/3005 4006/12019/3005 4004/12018/3005 4001/12017/3005
f 4003/12024/3006 4007/12023/3006 4008/12022/3006 4002/12021/3006
o group715971199
g mesh715971199
usemtl mat8
f 4012/12028/3007 4011/12027/3007 4010/12026/3007 4009/12025/3007
f 4016/12032/3008 4015/12031/3008 4014/12030/3008 4013/12029/3008
f 4010/12036/3009 4016/12035/3009 4013/12034/3009 4009/12033/3009
f 4014/12040/3010 4015/12039/3010 4011/12038/3010 4012/12037/3010
f 4013/12044/3011 4014/12043/3011 4012/12042/3011 4009/12041/3011
f 4011/12048/3012 4015/12047/3012 4016/12046/3012 4010/12045/3012
o group611279346
g mesh611279346
usemtl mat23
f 4020/12052/3013 4019/12051/3013 4018/12050/3013 4017/12049/3013
f 4024/12056/3014 4023/12055/3014 4022/12054/3014 4021/12053/3014
f 4018/12060/3015 4024/12059/3015 4021/12058/3015 4017/12057/3015
f 4022/12064/3016 4023/12063/3016 4019/12062/3016 4020/12061/3016
f 4021/12068/3017 4022/12067/3017 4020/12066/3017 4017/12065/3017
f 4019/12072/3018 4023/12071/3018 4024/12070/3018 4018/12069/3018
o group506660242
g mesh506660242
usemtl mat23
f 4028/12076/3019 4027/12075/3019 4026/12074/3019 4025/12073/3019
f 4032/12080/3020 4031/12079/3020 4030/12078/3020 4029/12077/3020
f 4026/12084/3021 4032/12083/3021 4029/12082/3021 4025/12081/3021
f 4030/12088/3022 4031/12087/3022 4027/12086/3022 4028/12085/3022
f 4029/12092/3023 4030/12091/3023 4028/12090/3023 4025/12089/3023
f 4027/12096/3024 4031/12095/3024 4032/12094/3024 4026/12093/3024
o group1375378897
g mesh1375378897
usemtl mat23
f 4036/12100/3025 4035/12099/3025 4034/12098/3025 4033/12097/3025
f 4040/12104/3026 4039/12103/3026 4038/12102/3026 4037/12101/3026
f 4034/12108/3027 4040/12107/3027 4037/12106/3027 4033/12105/3027
f 4038/12112/3028 4039/12111/3028 4035/12110/3028 4036/12109/3028
f 4037/12116/3029 4038/12115/3029 4036/12114/3029 4033/12113/3029
f 4035/12120/3030 4039/12119/3030 4040/12118/3030 4034/12117/3030
o group1844324579
g mesh1844324579
usemtl mat8
f 4044/12124/3031 4043/12123/3031 4042/12122/3031 4041/12121/3031
f 4048/12128/3032 4047/12127/3032 4046/12126/3032 4045/12125/3032
f 4042/12132/3033 4048/12131/3033 4045/12130/3033 4041/12129/3033
f 4046/12136/3034 4047/12135/3034 4043/12134/3034 4044/12133/3034
f 4045/12140/3035 4046/12139/3035 4044/12138/3035 4041/12137/3035
f 4043/12144/3036 4047/12143/3036 4048/12142/3036 4042/12141/3036
o group367151607
g mesh367151607
usemtl mat21
f 4052/12148/3037 4051/12147/3037 4050/12146/3037 4049/12145/3037
f 4056/12152/3038 4055/12151/3038 4054/12150/3038 4053/12149/3038
f 4050/12156/3039 4056/12155/3039 4053/12154/3039 4049/12153/3039
f 4054/12160/3040 4055/12159/3040 4051/12158/3040 4052/12157/3040
f 4053/12164/3041 4054/12163/3041 4052/12162/3041 4049/12161/3041
f 4051/12168/3042 4055/12167/3042 4056/12166/3042 4050/12165/3042
o group1149965156
g mesh1149965156
usemtl mat23
f 4060/12172/3043 4059/12171/3043 4058/12170/3043 4057/12169/3043
f 4064/12176/3044 4063/12175/3044 4062/12174/3044 4061/12173/3044
f 4058/12180/3045 4064/12179/3045 4061/12178/3045 4057/12177/3045
f 4062/12184/3046 4063/12183/3046 4059/12182/3046 4060/12181/3046
f 4061/12188/3047 4062/12187/3047 4060/12186/3047 4057/12185/3047
f 4059/12192/3048 4063/12191/3048 4064/12190/3048 4058/12189/3048
o group1470233369
g mesh1470233369
usemtl mat23
f 4068/12196/3049 4067/12195/3049 4066/12194/3049 4065/12193/3049
f 4072/12200/3050 4071/12199/3050 4070/12198/3050 4069/12197/3050
f 4066/12204/3051 4072/12203/3051 4069/12202/3051 4065/12201/3051
f 4070/12208/3052 4071/12207/3052 4067/12206/3052 4068/12205/3052
f 4069/12212/3053 4070/12211/3053 4068/12210/3053 4065/12209/3053
f 4067/12216/3054 4071/12215/3054 4072/12214/3054 4066/12213/3054
o group2127934996
g mesh2127934996
usemtl mat8
f 4076/12220/3055 4075/12219/3055 4074/12218/3055 4073/12217/3055
f 4080/12224/3056 4079/12223/3056 4078/12222/3056 4077/12221/3056
f 4074/12228/3057 4080/12227/3057 4077/12226/3057 4073/12225/3057
f 4078/12232/3058 4079/12231/3058 4075/12230/3058 4076/12229/3058
f 4077/12236/3059 4078/12235/3059 4076/12234/3059 4073/12233/3059
f 4075/12240/3060 4079/12239/3060 4080/12238/3060 4074/12237/3060
o group1024957784
g mesh1024957784
usemtl mat8
f 4084/12244/3061 4083/12243/3061 4082/12242/3061 4081/12241/3061
f 4088/12248/3062 4087/12247/3062 4086/12246/3062 4085/12245/3062
f 4082/12252/3063 4088/12251/3063 4085/12250/3063 4081/12249/3063
f 4086/12256/3064 4087/12255/3064 4083/12254/3064 4084/12253/3064
f 4085/12260/3065 4086/12259/3065 4084/12258/3065 4081/12257/3065
f 4083/12264/3066 4087/12263/3066 4088/12262/3066 4082/12261/3066
o group835283043
g mesh835283043
usemtl mat23
f 4092/12268/3067 4091/12267/3067 4090/12266/3067 4089/12265/3067
f 4096/12272/3068 4095/12271/3068 4094/12270/3068 4093/12269/3068
f 4090/12276/3069 4096/12275/3069 4093/12274/3069 4089/12273/3069
f 4094/12280/3070 4095/12279/3070 4091/12278/3070 4092/12277/3070
f 4093/12284/3071 4094/12283/3071 4092/12282/3071 4089/12281/3071
f 4091/12288/3072 4095/12287/3072 4096/12286/3072 4090/12285/3072
o group2080930952
g mesh2080930952
usemtl mat23
f 4100/12292/3073 4099/12291/3073 4098/12290/3073 4097/12289/3073
f 4104/12296/3074 4103/12295/3074 4102/12294/3074 4101/12293/3074
f 4098/12300/3075 4104/12299/3075 4101/12298/3075 4097/12297/3075
f 4102/12304/3076 4103/12303/3076 4099/12302/3076 4100/12301/3076
f 4101/12308/3077 4102/12307/3077 4100/12306/3077 4097/12305/3077
f 4099/12312/3078 4103/12311/3078 4104/12310/3078 4098/12309/3078
o group2137558716
g mesh2137558716
usemtl mat23
f 4108/12316/3079 4107/12315/3079 4106/12314/3079 4105/12313/3079
f 4112/12320/3080 4111/12319/3080 4110/12318/3080 4109/12317/3080
f 4106/12324/3081 4112/12323/3081 4109/12322/3081 4105/12321/3081
f 4110/12328/3082 4111/12327/3082 4107/12326/3082 4108/12325/3082
f 4109/12332/3083 4110/12331/3083 4108/12330/3083 4105/12329/3083
f 4107/12336/3084 4111/12335/3084 4112/12334/3084 4106/12333/3084
o group1231885181
g mesh1231885181
usemtl mat23
f 4116/12340/3085 4115/12339/3085 4114/12338/3085 4113/12337/3085
f 4120/12344/3086 4119/12343/3086 4118/12342/3086 4117/12341/3086
f 4114/12348/3087 4120/12347/3087 4117/12346/3087 4113/12345/3087
f 4118/12352/3088 4119/12351/3088 4115/12350/3088 4116/12349/3088
f 4117/12356/3089 4118/12355/3089 4116/12354/3089 4113/12353/3089
f 4115/12360/3090 4119/12359/3090 4120/12358/3090 4114/12357/3090
o group1561067403
g mesh1561067403
usemtl mat23
f 4124/12364/3091 4123/12363/3091 4122/12362/3091 4121/12361/3091
f 4128/12368/3092 4127/12367/3092 4126/12366/3092 4125/12365/3092
f 4122/12372/3093 4128/12371/3093 4125/12370/3093 4121/12369/3093
f 4126/12376/3094 4127/12375/3094 4123/12374/3094 4124/12373/3094
f 4125/12380/3095 4126/12379/3095 4124/12378/3095 4121/12377/3095
f 4123/12384/3096 4127/12383/3096 4128/12382/3096 4122/12381/3096
o group1552085761
g mesh1552085761
usemtl mat18
f 4132/12388/3097 4131/12387/3097 4130/12386/3097 4129/12385/3097
f 4136/12392/3098 4135/12391/3098 4134/12390/3098 4133/12389/3098
f 4130/12396/3099 4136/12395/3099 4133/12394/3099 4129/12393/3099
f 4134/12400/3100 4135/12399/3100 4131/12398/3100 4132/12397/3100
f 4133/12404/3101 4134/12403/3101 4132/12402/3101 4129/12401/3101
f 4131/12408/3102 4135/12407/3102 4136/12406/3102 4130/12405/3102
o group43754502
g mesh43754502
usemtl mat18
f 4140/12412/3103 4139/12411/3103 4138/12410/3103 4137/12409/3103
f 4144/12416/3104 4143/12415/3104 4142/12414/3104 4141/12413/3104
f 4138/12420/3105 4144/12419/3105 4141/12418/3105 4137/12417/3105
f 4142/12424/3106 4143/12423/3106 4139/12422/3106 4140/12421/3106
f 4141/12428/3107 4142/12427/3107 4140/12426/3107 4137/12425/3107
f 4139/12432/3108 4143/12431/3108 4144/12430/3108 4138/12429/3108
